COVID-19 Vaccinations in the United States,,,,,,,,,,,,,,,,,,,,,,,,,,,,,,,,,,,,,,,,,,,,,,,,,,,,,,,,,,,,,,,,,,,,,,,,,,,,,,,,,,,,,,,,,,,,,,,,,,,,,,,,,,,,,,,,,,,,,,,,,,,,
Date generated: Sun Feb 27 2022 15:48:07 GMT-0800 (Pacific Standard Time),,,,,,,,,,,,,,,,,,,,,,,,,,,,,,,,,,,,,,,,,,,,,,,,,,,,,,,,,,,,,,,,,,,,,,,,,,,,,,,,,,,,,,,,,,,,,,,,,,,,,,,,,,,,,,,,,,,,,,,,,,,,
'Other' includes doses of vaccine administered or delivered that are not from Pfizer-BioNTech Moderna or J&J.,,,,,,,,,,,,,,,,,,,,,,,,,,,,,,,,,,,,,,,,,,,,,,,,,,,,,,,,,,,,,,,,,,,,,,,,,,,,,,,,,,,,,,,,,,,,,,,,,,,,,,,,,,,,,,,,,,,,,,,,,,,,
,,,,,,,,,,,,,,,,,,,,,,,,,,,,,,,,,,,,,,,,,,,,,,,,,,,,,,,,,,,,,,,,,,,,,,,,,,,,,,,,,,,,,,,,,,,,,,,,,,,,,,,,,,,,,,,,,,,,,,,,,,,,
State/Territory/Federal Entity,Total Doses Delivered,Doses Delivered per 100K,18+ Doses Delivered per 100K,Total Doses Administered by State where Administered,Doses Administered per 100k by State where Administered,18+ Doses Administered by State where Administered,18+ Doses Administered per 100K by State where Administered,People with at least One Dose by State of Residence,Percent of Total Pop with at least One Dose by State of Residence,People 18+ with at least One Dose by State of Residence,Percent of 18+ Pop with at least One Dose by State of Residence,People Fully Vaccinated by State of Residence,Percent of Total Pop Fully Vaccinated by State of Residence,People 18+ Fully Vaccinated by State of Residence,Percent of 18+ Pop Fully Vaccinated by State of Residence,Total Number of Pfizer doses delivered,Total Number of Moderna doses delivered,Total Number of Janssen doses delivered,Total Number of doses from Other manufacturer delivered,Total Number of Janssen doses administered,Total Number of Moderna doses administered,Total Number of Pfizer doses adminstered,Total Number of doses from Other manufacturer administered,People Fully Vaccinated Moderna Resident,People Fully Vaccinated Pfizer Resident,People Fully Vaccinated Janssen Resident,People Fully Vaccinated Other 2-dose manufacturer Resident,People 18+ Fully Vaccinated Moderna Resident,People 18+ Fully Vaccinated Pfizer Resident,People 18+ Fully Vaccinated Janssen Resident,People 18+ Fully Vaccinated Other 2-dose manufacturer Resident,People with 2 Doses by State of Residence,Percent of Total Pop with 1+ Doses by State of Residence,People 18+ with 1+ Doses by State of Residence,Percent of 18+ Pop with 1+ Doses by State of Residence,Percent of Total Pop with 2 Doses by State of Residence,People 18+ with 2 Doses by State of Residence,Percent of 18+ Pop with 2 Doses by State of Residence,People with 1+ Doses by State of Residence,People 65+ with at least One Dose by State of Residence,Percent of 65+ Pop with at least One Dose by State of Residence,People 65+ Fully Vaccinated by State of Residence,Percent of 65+ Pop Fully Vaccinated by State of Residence,People 65+ Fully Vaccinated_Moderna_Resident,People 65+ Fully Vaccinated_Pfizer_Resident,People 65+ Fully Vaccinated_Janssen_Resident,People 65+ Fully Vaccinated_Other 2-dose Manuf_Resident,65+ Doses Administered by State where Administered,Doses Administered per 100k of 65+ pop by State where Administered,Doses Delivered per 100k of 65+ pop,People 12+ with at least One Dose by State of Residence,Percent of 12+ Pop with at least One Dose by State of Residence,People 12+ Fully Vaccinated by State of Residence,Percent of 12+ Pop Fully Vaccinated by State of Residence,People 12+ Fully Vaccinated_Moderna_Resident,People 12+ Fully Vaccinated_Pfizer_Resident,People 12+ Fully Vaccinated_Janssen_Resident,People 12+ Fully Vaccinated_Other 2-dose Manuf_Resident,12+ Doses Administered by State where Administered,Doses Administered per 100k of 12+ pop by State where Administered,Doses Delivered per 100k of 12+ pop,People 5+ with at least One Dose by State of Residence,Percent of 5+ Pop with at least One Dose by State of Residence,People 5+ Fully Vaccinated by State of Residence,Percent of 5+ Pop Fully Vaccinated by State of Residence,People 5+ Fully Vaccinated_Moderna_Resident,People 5+ Fully Vaccinated_Pfizer_Resident,People 5+ Fully Vaccinated_Janssen_Resident,People 5+ Fully Vaccinated_Other 2-dose Manuf_Resident,5+ Doses Administered by State where Administered,Doses Administered per 100k of 5+ pop  by State where Administered,Doses Delivered per 100k of 5+ pop,People who have received a booster dose,Percent of fully vaccinated people with booster doses,People 12+ who have received a booster dose,Percent of fully vaccinated people 12+ with booster doses,People 18+ who have received a booster dose,Percent of fully vaccinated people 18+ with booster doses,People 65+ who have received a booster dose,Percent of fully vaccinated people 65+ with booster doses,People with Moderna booster dose,People with Pfizer booster dose,People with Janssen booster dose,People with booster dose of an Other manufacturer,Total Count People w/Booster Primary Pfizer Minus TX,Total Count People w/Booster Primary Moderna Minus TX,Total Count People w/Booster Primary J&J Minus TX,Total Count People w/Booster Primary Other Minus TX,Total Count People w/Booster Booster Pfizer Minus TX,Total Count People w/Booster Booster Moderna Minus TX,Total Count People w/Booster Booster J&J Minus TX,Total Count People w/Booster Booster Other Minus TX,Count People Primary Pfizer Booster Pfizer,Count People Primary Pfizer Booster Moderna,Count People Primary Pfizer Booster J&J,Count People Primary Pfizer Booster Uknown,Count People Primary Moderna Booster Pfizer,Count People Primary Moderna Booster Moderna,Count People Primary Moderna Booster J&J,Count People Primary Moderna Booster Uknown,Count People Primary J&J Booster Pfizer,Count People Primary J&J Booster Moderna,Count People Primary J&J Booster J&J,Count People Primary J&J Booster Other,Count People Primary Other Booster Pfizer,Count People Primary Other Booster Moderna,Count People Primary Other Booster J&J,Count People Primary Other Booster Other,Percent People Primary Pfizer Booster Pfizer,Percent People Primary Pfizer Booster Moderna,Percent People Primary Pfizer Booster J&J,Percent People Primary Pfizer Booster Other,Percent People Primary Moderna Booster Pfizer,Percent People Primary Moderna Booster Moderna,Percent People Primary Moderna Booster J&J,Percent People Primary Moderna Booster Other,Percent People Primary J&J Booster Pfizer,Percent People Primary J&J Booster Moderna,Percent People Primary J&J Booster J&J,Percent People Primary J&J Booster Other,Percent People Primary Other Booster Pfizer,Percent People Primary Other Booster Moderna,Percent People Primary Other Booster J&J,Percent People Primary Other Booster Uknown
United States,689797945,207765,267095,552526931,166419,500683736,193868,253395029,76.3,226790728,87.8,215457016,64.9,193521945,74.9,404137625,255332520,30327800,0,18429439,208170728,325425139,501625,75324848,123239596,16749616,142956,75238706,101428414,16718706,136119,N/A,76.3,N/A,87.8,61.5,182386473,70.6,253395029,56105184,95,48622222,88.7,23183723,23029836,2346475,62188,136961988,249967,1258940,243877865,86,208069214,73.4,75318749,115864402,16744625,141438,535532259,188887,243298,253321873,81.1,215435515,69,75321690,123224406,16746571,142848,552434244,176912,220901,94007111,43.6,93990174,45.2,90926069,47,32185962,66.2,40744769,51813757,1424874,23711,47146052,35313081,5168771,N/A,48376537,37979320,1328898,23513,43814486,3289338,32477,9751,2757108,32515130,32731,8112,1763648,2140262,1263411,1450,41295,34590,279,4200,92.9,7,0.1,0,7.8,92.1,0.1,0,34.1,41.4,24.4,0,51.4,43,0.3,5.2
Alaska,1443865,197372,261777,1093935,149538,983376,178289,500935,68.5,444787,80.6,445584,60.9,398063,72.2,801045,559120,83700,0,45739,422035,625199,962,158942,245487,41044,111,158511,198566,40881,105,N/A,68.5,N/A,80.6,56.3,364545,66.1,500935,85831,93.7,78140,85.3,42844,31584,3669,43,212098,231578,1576480,480286,78.9,429933,70.6,158935,229850,41037,111,1057123,173618,237136,500751,73.6,445527,65.5,158937,245440,41039,111,1093699,160728,212188,181943,40.8,181891,42.3,175522,44.1,55200,70.6,81018,98182,2720,23,N/A,N/A,N/A,N/A,N/A,N/A,N/A,N/A,N/A,N/A,N/A,N/A,N/A,N/A,N/A,N/A,N/A,N/A,N/A,N/A,N/A,N/A,N/A,N/A,N/A,N/A,N/A,N/A,N/A,N/A,N/A,N/A,N/A,N/A,N/A,N/A,N/A,N/A,N/A,N/A
Alabama,9252240,188699,242530,6094167,124290,5695106,149287,3033599,61.9,2811362,73.7,2461775,50.2,2297582,60.2,4844080,4013260,394900,0,174789,2657863,3261046,469,1017552,1279959,163610,654,1017054,1116365,163513,650,N/A,61.9,N/A,73.7,47.8,2178835,57.1,3033599,808873,95,689289,81.1,365991,286064,36818,416,1831799,215547,1088710,2972670,71,2424043,57.9,1017533,1242257,163599,654,5992971,143137,220982,3033183,65.8,2461712,53.4,1017548,1279909,163601,654,6093697,132218,200750,842213,34.2,842123,34.7,829471,36.1,390529,56.7,415950,411076,15108,79,N/A,N/A,N/A,N/A,N/A,N/A,N/A,N/A,N/A,N/A,N/A,N/A,N/A,N/A,N/A,N/A,N/A,N/A,N/A,N/A,N/A,N/A,N/A,N/A,N/A,N/A,N/A,N/A,N/A,N/A,N/A,N/A,N/A,N/A,N/A,N/A,N/A,N/A,N/A,N/A
Arkansas,5858220,194122,252766,4085165,135369,3730583,160964,1982981,65.7,1788860,77.2,1613620,53.5,1464896,63.2,3162660,2444560,251000,0,121696,1745930,2213667,3872,657283,843357,111797,1183,656116,696688,111248,844,N/A,65.7,N/A,77.2,50.8,1384149,59.7,1982981,495241,94.5,416407,79.5,233872,166341,15724,470,1152221,219939,1118230,1921047,75.1,1571974,61.5,657262,802161,111668,883,3981925,155711,229083,1981144,70,1613310,57,657270,843182,111676,1182,4083127,144314,207053,608469,37.7,608358,38.7,594648,40.6,259080,62.2,298164,300186,9681,438,N/A,N/A,N/A,N/A,N/A,N/A,N/A,N/A,N/A,N/A,N/A,N/A,N/A,N/A,N/A,N/A,N/A,N/A,N/A,N/A,N/A,N/A,N/A,N/A,N/A,N/A,N/A,N/A,N/A,N/A,N/A,N/A,N/A,N/A,N/A,N/A,N/A,N/A,N/A,N/A
American Samoa,92810,195835,296186,87449,184523,63896,203913,42783,90.3,30515,95,38310,80.8,27363,87.3,70710,21500,600,0,560,21489,65331,69,9101,28603,572,34,9082,17676,571,34,N/A,90.3,N/A,95,79.8,26890,85.8,42783,3034,92.6,2785,85,1163,1592,26,4,6901,210525,2831300,37027,95,33288,90.2,9100,23582,572,34,76607,207511,251402,42776,95,38310,88.9,9101,28603,572,34,87442,202835,215286,6985,18.2,6983,21,6739,24.6,1212,43.5,2272,4713,0,0,N/A,N/A,N/A,N/A,N/A,N/A,N/A,N/A,N/A,N/A,N/A,N/A,N/A,N/A,N/A,N/A,N/A,N/A,N/A,N/A,N/A,N/A,N/A,N/A,N/A,N/A,N/A,N/A,N/A,N/A,N/A,N/A,N/A,N/A,N/A,N/A,N/A,N/A,N/A,N/A
Arizona,14082020,193468,249748,11531490,158428,10417414,184756,5197990,71.4,4611255,81.8,4371501,60.1,3927401,69.7,8084800,5393520,603700,0,361823,4542693,6602292,24682,1614769,2421961,328103,6668,1614038,1979171,327639,6553,N/A,71.4,N/A,81.8,56.8,3687231,65.4,5197990,1281356,95,1110941,84.9,541248,515812,50341,3540,3245323,247993,1076090,4993005,80.5,4236604,68.3,1614716,2287383,327858,6647,11182436,180186,226908,5197064,75.9,4371202,63.8,1614752,2421915,327867,6668,11530409,168353,205609,1724742,39.5,1724255,40.7,1666777,42.4,653112,58.8,760807,940518,22345,1072,N/A,N/A,N/A,N/A,N/A,N/A,N/A,N/A,N/A,N/A,N/A,N/A,N/A,N/A,N/A,N/A,N/A,N/A,N/A,N/A,N/A,N/A,N/A,N/A,N/A,N/A,N/A,N/A,N/A,N/A,N/A,N/A,N/A,N/A,N/A,N/A,N/A,N/A,N/A,N/A
Bureau of Prisons,330430,N/A,N/A,296769,N/A,296767,N/A,140222,N/A,140220,N/A,130706,N/A,130705,N/A,167610,146720,16100,0,14157,131448,151132,32,51195,66034,13477,0,51195,66034,13476,0,N/A,N/A,N/A,N/A,0,119942,0,140222,3863,0,3615,0,1733,1687,195,0,9449,0,0,140220,0,130705,0,51195,66034,13476,0,296767,0,0,140220,0,130705,0,51195,66034,13476,0,296767,0,0,38516,29.5,38516,29.5,38516,29.5,2138,59.1,22928,14924,642,22,N/A,N/A,N/A,N/A,N/A,N/A,N/A,N/A,N/A,N/A,N/A,N/A,N/A,N/A,N/A,N/A,N/A,N/A,N/A,N/A,N/A,N/A,N/A,N/A,N/A,N/A,N/A,N/A,N/A,N/A,N/A,N/A,N/A,N/A,N/A,N/A,N/A,N/A,N/A,N/A
California,85834025,217234,280342,71450284,180831,63819165,208440,32329286,81.8,28461304,93,27808243,70.4,24548807,80.2,51466205,30682620,3685200,0,2275004,26711144,42448809,15327,9572480,16161674,2069219,4870,9545777,12937195,2061336,4499,N/A,81.8,N/A,93,67.2,23319187,76.2,32329286,5979482,95,5184834,88.8,2620089,2362100,201187,1458,14680173,251454,1470240,30925934,91.9,26696294,79.3,9571703,15051174,2068607,4810,68934456,204880,255107,32313974,87,27802376,74.9,9572174,16156487,2068846,4869,71429397,192384,231181,13329685,47.9,13328043,49.9,12807990,52.2,3666059,70.7,5802309,7316528,210330,518,N/A,N/A,N/A,N/A,N/A,N/A,N/A,N/A,N/A,N/A,N/A,N/A,N/A,N/A,N/A,N/A,N/A,N/A,N/A,N/A,N/A,N/A,N/A,N/A,N/A,N/A,N/A,N/A,N/A,N/A,N/A,N/A,N/A,N/A,N/A,N/A,N/A,N/A,N/A,N/A
Colorado,11862375,205989,263654,10311920,179066,9304323,206799,4510554,78.3,4005913,89,3984311,69.2,3553176,79,7007235,4368940,486200,0,337689,3994058,5970991,9182,1422536,2249693,309548,2534,1421912,1819623,309200,2441,N/A,78.3,N/A,89,65.9,3365769,74.8,4510554,852009,95,775039,92,369458,375943,28769,869,2218895,263398,1408140,4317242,87.5,3830257,77.6,1422466,2095744,309523,2524,9963542,201852,240321,4509307,83.1,3984238,73.4,1422522,2249653,309529,2534,10310617,190004,218599,1986511,49.9,1986180,51.9,1914395,53.9,571236,73.7,886319,1074565,25182,445,N/A,N/A,N/A,N/A,N/A,N/A,N/A,N/A,N/A,N/A,N/A,N/A,N/A,N/A,N/A,N/A,N/A,N/A,N/A,N/A,N/A,N/A,N/A,N/A,N/A,N/A,N/A,N/A,N/A,N/A,N/A,N/A,N/A,N/A,N/A,N/A,N/A,N/A,N/A,N/A
Connecticut,8294835,232655,292293,7283126,204279,6540801,230485,3346125,93.9,2971616,95,2772211,77.8,2461252,86.7,4762375,3193960,338500,0,246716,2751649,4283543,1218,937932,1604500,229332,447,937396,1294371,229143,342,N/A,93.9,N/A,95,73.7,2315923,81.6,3346125,729131,95,600838,95,236226,341844,22667,101,1768795,280652,1316130,3211305,95,2663955,85.8,937602,1496661,229248,444,7038459,226612,267063,3344680,95,2771767,81.9,937724,1604345,229252,446,7281263,215194,245150,1367566,49.3,1367430,51.3,1315269,53.4,440812,73.4,627998,722817,16731,20,N/A,N/A,N/A,N/A,N/A,N/A,N/A,N/A,N/A,N/A,N/A,N/A,N/A,N/A,N/A,N/A,N/A,N/A,N/A,N/A,N/A,N/A,N/A,N/A,N/A,N/A,N/A,N/A,N/A,N/A,N/A,N/A,N/A,N/A,N/A,N/A,N/A,N/A,N/A,N/A
District of Columbia,1780205,252243,308217,1416162,200661,1323882,229211,671354,95,614070,95,504318,71.5,465491,80.6,1078025,632280,69900,0,36030,510854,868469,809,173166,291875,38859,418,173087,253201,38816,387,N/A,95,N/A,95,67.7,438788,76,671354,98629,95,79552,91.1,42199,34394,2855,104,248559,284578,2038180,646111,95,488934,80.2,173157,276529,38838,410,1381907,226634,291955,671191,95,504288,76.4,173160,291854,38856,418,1415979,214418,269572,174817,34.7,174773,35.7,169629,36.4,43897,55.2,73804,99633,1336,44,N/A,N/A,N/A,N/A,N/A,N/A,N/A,N/A,N/A,N/A,N/A,N/A,N/A,N/A,N/A,N/A,N/A,N/A,N/A,N/A,N/A,N/A,N/A,N/A,N/A,N/A,N/A,N/A,N/A,N/A,N/A,N/A,N/A,N/A,N/A,N/A,N/A,N/A,N/A,N/A
Dept of Defense,6631010,N/A,N/A,7238067,N/A,6762742,N/A,4090246,N/A,3816346,N/A,3096268,N/A,2899416,N/A,4260870,2160140,210000,0,319625,2399321,4496472,22649,960651,1849421,286030,166,960415,1653039,285802,160,N/A,N/A,N/A,N/A,0,2614489,0,4090246,355245,0,191010,0,66545,114910,9555,0,573085,0,0,4023282,0,3061177,0,960625,1814384,286002,166,7135796,0,0,4090029,0,3096202,0,960632,1849394,286010,166,7237797,0,0,1721,0.1,1721,0.1,1717,0.1,58,0,518,1170,33,0,N/A,N/A,N/A,N/A,N/A,N/A,N/A,N/A,N/A,N/A,N/A,N/A,N/A,N/A,N/A,N/A,N/A,N/A,N/A,N/A,N/A,N/A,N/A,N/A,N/A,N/A,N/A,N/A,N/A,N/A,N/A,N/A,N/A,N/A,N/A,N/A,N/A,N/A,N/A,N/A
Delaware,2219555,227936,288182,1731951,177861,1578953,205008,795691,81.7,719959,93.5,657871,67.6,596655,77.5,1264355,858600,96600,0,61359,665547,1002971,2074,231369,369252,56583,667,231227,308254,56522,652,N/A,81.7,N/A,93.5,63.9,561164,72.9,795691,208599,95,177852,94.1,73348,94197,9963,344,509003,269448,1174950,769045,91.6,638150,76,231356,349556,56572,666,1684659,200601,264293,795527,86.6,657841,71.6,231358,369237,56579,667,1731763,188431,241507,287547,43.7,287488,45.1,278246,46.6,117302,66,124175,158366,4968,38,N/A,N/A,N/A,N/A,N/A,N/A,N/A,N/A,N/A,N/A,N/A,N/A,N/A,N/A,N/A,N/A,N/A,N/A,N/A,N/A,N/A,N/A,N/A,N/A,N/A,N/A,N/A,N/A,N/A,N/A,N/A,N/A,N/A,N/A,N/A,N/A,N/A,N/A,N/A,N/A
Florida,45619445,212403,264494,36093122,168049,33546241,194496,16757645,78,15422500,89.4,14155716,65.9,13080339,75.8,26421565,16858780,2339100,0,1455487,13336954,21168322,132359,4820697,7954174,1342874,37971,4818534,6883432,1341117,37256,N/A,78,N/A,89.4,61.3,12082600,70.1,16757645,4735940,95,4048782,90,1947313,1866499,213815,21155,11644810,258927,1014370,16367463,87.5,13863776,74.2,4819860,7664130,1342017,37769,35397603,189332,244006,16749386,82.4,14153977,69.6,4819960,7954015,1342060,37942,36083751,177420,224307,5422571,38.3,5421915,39.1,5318839,40.7,2415704,59.7,2344047,2972638,99891,5995,N/A,N/A,N/A,N/A,N/A,N/A,N/A,N/A,N/A,N/A,N/A,N/A,N/A,N/A,N/A,N/A,N/A,N/A,N/A,N/A,N/A,N/A,N/A,N/A,N/A,N/A,N/A,N/A,N/A,N/A,N/A,N/A,N/A,N/A,N/A,N/A,N/A,N/A,N/A,N/A
Federated States of Micronesia,151100,147674,226455,103551,101203,87338,130894,59362,58,48489,72.7,48201,47.1,43163,64.7,51360,86940,12800,0,13076,73786,16664,25,30640,5347,12201,13,30634,342,12174,13,N/A,58,N/A,72.7,37.1,32981,49.4,59362,3755,78,3469,72.1,2359,20,1089,1,6913,143662,3140070,53869,68.1,45911,58,30639,3066,12193,13,95666,120879,190923,59349,63.9,48197,51.9,30640,5347,12197,13,103538,111546,162786,7592,15.8,7584,16.5,7569,17.5,744,21.4,7171,64,357,0,N/A,N/A,N/A,N/A,N/A,N/A,N/A,N/A,N/A,N/A,N/A,N/A,N/A,N/A,N/A,N/A,N/A,N/A,N/A,N/A,N/A,N/A,N/A,N/A,N/A,N/A,N/A,N/A,N/A,N/A,N/A,N/A,N/A,N/A,N/A,N/A,N/A,N/A,N/A,N/A
Georgia,20646995,194463,254476,14344364,135102,13139610,161947,6829250,64.3,6178131,76.1,5691136,53.6,5195288,64,11788555,8041940,816500,0,334317,5582242,8389619,38186,2113344,3251803,314670,11319,2112293,2758707,314178,10110,N/A,64.3,N/A,76.1,51.4,4964895,61.2,6829250,1431266,94.4,1247450,82.2,679443,530361,35112,2534,3422098,225590,1361080,6633736,73.8,5557844,61.8,2113265,3118818,314534,11227,14005877,155827,229715,6827470,68.5,5690861,57.1,2113298,3251678,314571,11314,14342390,143988,207281,1990506,35,1990033,35.8,1942444,37.4,679667,54.5,887809,1077786,23523,1388,N/A,N/A,N/A,N/A,N/A,N/A,N/A,N/A,N/A,N/A,N/A,N/A,N/A,N/A,N/A,N/A,N/A,N/A,N/A,N/A,N/A,N/A,N/A,N/A,N/A,N/A,N/A,N/A,N/A,N/A,N/A,N/A,N/A,N/A,N/A,N/A,N/A,N/A,N/A,N/A
Guam,317160,188238,276889,331102,196513,286594,250204,149766,88.9,126654,95,135043,80.1,116329,95,209180,84780,23200,0,12822,105338,212782,160,39885,84374,10726,58,39868,65687,10716,58,N/A,88.9,N/A,95,74.7,107212,93.6,149766,17344,95,16260,95,6654,8979,607,20,44550,277380,1974720,142245,95,130030,95,39884,79363,10725,58,318295,242389,241524,149737,95,135042,88.4,39884,84374,10726,58,331072,216725,207618,52827,39.1,52813,40.6,50474,43.4,11168,68.7,19336,32370,1121,0,N/A,N/A,N/A,N/A,N/A,N/A,N/A,N/A,N/A,N/A,N/A,N/A,N/A,N/A,N/A,N/A,N/A,N/A,N/A,N/A,N/A,N/A,N/A,N/A,N/A,N/A,N/A,N/A,N/A,N/A,N/A,N/A,N/A,N/A,N/A,N/A,N/A,N/A,N/A,N/A
Hawaii,3317380,234299,297255,2801978,197898,2515089,225366,1220347,86.2,1077302,95,1092692,77.2,967568,86.7,1964360,1228620,124400,0,70184,1018462,1713040,292,361307,666780,64591,14,360425,542748,64381,14,N/A,86.2,N/A,95,74.3,927416,83.1,1220347,267825,95,244687,91.1,107329,125659,11695,4,692948,258131,1235760,1164041,95,1046260,86.4,361250,620434,64562,14,2700857,223007,273913,1218961,91.6,1092379,82.1,361259,666542,64564,14,2800967,210496,249305,538987,49.3,538914,51.5,517687,53.5,188008,76.8,241146,291915,5925,1,N/A,N/A,N/A,N/A,N/A,N/A,N/A,N/A,N/A,N/A,N/A,N/A,N/A,N/A,N/A,N/A,N/A,N/A,N/A,N/A,N/A,N/A,N/A,N/A,N/A,N/A,N/A,N/A,N/A,N/A,N/A,N/A,N/A,N/A,N/A,N/A,N/A,N/A,N/A,N/A
Iowa,6236555,197668,256836,4923151,156039,4503353,185458,2121951,67.3,1913614,78.8,1927407,61.1,1743368,71.8,3558335,2390020,288200,0,176609,1956112,2789926,504,707837,1057478,161748,344,707611,873770,161652,335,N/A,67.3,N/A,78.8,57.7,1637540,67.4,2121951,546507,95,508836,92,267376,226804,14526,130,1450474,262314,1127860,2046708,76.5,1862886,69.6,707821,992980,161743,342,4782215,178689,233031,2121804,71.7,1927396,65.1,707832,1057474,161746,344,4923005,166350,210735,993820,51.6,993720,53.3,968865,55.6,397101,78,455650,524617,13524,29,N/A,N/A,N/A,N/A,N/A,N/A,N/A,N/A,N/A,N/A,N/A,N/A,N/A,N/A,N/A,N/A,N/A,N/A,N/A,N/A,N/A,N/A,N/A,N/A,N/A,N/A,N/A,N/A,N/A,N/A,N/A,N/A,N/A,N/A,N/A,N/A,N/A,N/A,N/A,N/A
Idaho,3212390,179758,239934,2363615,132262,2167598,161898,1077265,60.3,975337,72.8,948611,53.1,860657,64.3,1809510,1247180,155700,0,86042,892645,1381641,3287,326166,541655,80010,780,326006,453949,79940,762,N/A,60.3,N/A,72.8,49.8,801054,59.8,1077265,274247,94.3,249271,85.8,114527,122244,12185,315,685032,235673,1105170,1043934,69.8,920884,61.6,326156,513965,79991,772,2304155,154082,214817,1077181,64.5,948570,56.8,326158,541638,79994,780,2363504,141454,192259,386470,40.7,386467,42,386305,44.9,164716,66.1,169965,210563,5855,87,N/A,N/A,N/A,N/A,N/A,N/A,N/A,N/A,N/A,N/A,N/A,N/A,N/A,N/A,N/A,N/A,N/A,N/A,N/A,N/A,N/A,N/A,N/A,N/A,N/A,N/A,N/A,N/A,N/A,N/A,N/A,N/A,N/A,N/A,N/A,N/A,N/A,N/A,N/A,N/A
Indian Health Svc,2781195,133531,N/A,2166291,104008,1915618,N/A,1076835,51.7,941770,N/A,853809,41,748586,N/A,1436715,1239780,104700,0,39735,1018480,1107905,171,388520,427496,37787,6,388178,322684,37718,6,N/A,51.7,N/A,N/A,39.4,716307,0,1076835,176378,0,138169,0,77955,56758,3455,1,384102,0,0,1032968,0,822474,0,388435,396271,37762,6,2090994,0,0,1076473,0,853657,0,388449,427439,37763,6,2165749,0,0,251120,29.4,251075,30.5,241127,32.2,66661,48.2,121665,127532,1804,119,N/A,N/A,N/A,N/A,N/A,N/A,N/A,N/A,N/A,N/A,N/A,N/A,N/A,N/A,N/A,N/A,N/A,N/A,N/A,N/A,N/A,N/A,N/A,N/A,N/A,N/A,N/A,N/A,N/A,N/A,N/A,N/A,N/A,N/A,N/A,N/A,N/A,N/A,N/A,N/A
Illinois,26157795,206425,265455,21740905,171569,19438503,197266,9616522,75.9,8464104,85.9,8537156,67.4,7535229,76.5,15924055,9074440,1159300,0,673129,7699219,13339713,28844,2780404,5127756,620001,8995,2772685,4136412,617367,8765,N/A,75.9,N/A,85.9,64.4,7156471,72.6,9616522,1962598,95,1785097,87.4,794222,903212,83903,3760,5028482,246104,1280220,9158155,84.5,8156000,75.3,2780287,4746782,619944,8987,20896996,192816,241357,9612293,80.6,8535332,71.6,2780306,5126089,619947,8990,21734849,182265,219355,4188477,49.1,4187921,51.3,4032724,53.5,1345784,75.4,1719366,2416464,51214,1433,N/A,N/A,N/A,N/A,N/A,N/A,N/A,N/A,N/A,N/A,N/A,N/A,N/A,N/A,N/A,N/A,N/A,N/A,N/A,N/A,N/A,N/A,N/A,N/A,N/A,N/A,N/A,N/A,N/A,N/A,N/A,N/A,N/A,N/A,N/A,N/A,N/A,N/A,N/A,N/A
Indiana,12613880,187366,244254,9193356,136558,8444940,163527,4082576,60.6,3690810,71.5,3636535,54,3328302,64.4,7576380,4444300,593200,0,302152,3319346,5542364,29494,1241561,2107630,279132,8212,1241176,1800246,278827,8053,N/A,60.6,N/A,71.5,51.2,3136387,60.7,4082576,1001002,92.2,936268,86.2,457828,443661,30931,3848,2605294,239955,1161770,3945204,69.2,3545372,62.1,1241517,2016576,279104,8175,8967122,157179,221101,4082196,64.7,3636462,57.6,1241552,2107584,279115,8211,9192967,145599,199780,1598505,44,1596418,45,1550876,46.6,625528,66.8,627032,949778,20654,1041,N/A,N/A,N/A,N/A,N/A,N/A,N/A,N/A,N/A,N/A,N/A,N/A,N/A,N/A,N/A,N/A,N/A,N/A,N/A,N/A,N/A,N/A,N/A,N/A,N/A,N/A,N/A,N/A,N/A,N/A,N/A,N/A,N/A,N/A,N/A,N/A,N/A,N/A,N/A,N/A
Kansas,5747915,197298,259727,4431610,152116,4001447,180810,2137749,73.4,1913315,86.5,1750316,60.1,1568654,70.9,3295775,2197740,254400,0,136524,1681298,2609911,3877,623496,1001014,125102,704,623087,819998,124969,600,N/A,73.4,N/A,86.5,57.1,1480619,66.9,2137749,524262,95,424471,89.3,201668,203967,18562,274,1195642,251456,1208850,2058206,84,1690472,69,623463,941240,125081,688,4292623,175088,234446,2137585,78.4,1750294,64.2,623488,1001006,125097,703,4431428,162443,210702,719656,41.1,719544,42.6,696131,44.4,273978,64.5,312283,396836,10346,191,N/A,N/A,N/A,N/A,N/A,N/A,N/A,N/A,N/A,N/A,N/A,N/A,N/A,N/A,N/A,N/A,N/A,N/A,N/A,N/A,N/A,N/A,N/A,N/A,N/A,N/A,N/A,N/A,N/A,N/A,N/A,N/A,N/A,N/A,N/A,N/A,N/A,N/A,N/A,N/A
Kentucky,8394875,187903,242290,6313225,141309,5818032,167918,2916168,65.3,2659033,76.7,2520643,56.4,2306073,66.6,4554275,3462000,378600,0,233163,2596333,3481344,2385,966004,1344312,208588,1739,965617,1130390,208431,1635,N/A,65.3,N/A,76.7,53.2,2161128,62.4,2916168,721810,95,640099,85.3,292454,308117,38709,819,1748706,232986,1118480,2830164,74.4,2453388,64.5,965882,1277224,208555,1727,6158973,161816,220560,2915729,69.5,2520591,60.1,965991,1344297,208565,1738,6312068,150464,200113,1075789,42.7,1075672,43.8,1050927,45.6,427352,66.8,487231,565617,22773,168,N/A,N/A,N/A,N/A,N/A,N/A,N/A,N/A,N/A,N/A,N/A,N/A,N/A,N/A,N/A,N/A,N/A,N/A,N/A,N/A,N/A,N/A,N/A,N/A,N/A,N/A,N/A,N/A,N/A,N/A,N/A,N/A,N/A,N/A,N/A,N/A,N/A,N/A,N/A,N/A
Louisiana,7899590,169928,221826,6051749,130179,5634509,158221,2794805,60.1,2564853,72,2441968,52.5,2265720,63.6,4359070,3220620,319900,0,195947,2484238,3368517,3047,951723,1311252,177917,1076,951165,1135790,177709,1056,N/A,60.1,N/A,72,49.7,2134328,59.9,2794805,674034,91,634368,85.6,301831,309949,22376,212,1713169,231190,1066040,2732699,69.7,2402208,61.2,951689,1271564,177885,1070,5950894,151680,201350,2794536,64.3,2441887,56.2,951708,1311208,177896,1075,6051399,139198,181712,923778,37.8,923615,38.4,909755,40.2,398860,62.9,412156,498663,12882,77,N/A,N/A,N/A,N/A,N/A,N/A,N/A,N/A,N/A,N/A,N/A,N/A,N/A,N/A,N/A,N/A,N/A,N/A,N/A,N/A,N/A,N/A,N/A,N/A,N/A,N/A,N/A,N/A,N/A,N/A,N/A,N/A,N/A,N/A,N/A,N/A,N/A,N/A,N/A,N/A
Massachusetts,16167190,234562,291842,14262579,206929,12798438,231031,6628576,95,5883430,95,5346931,77.6,4737235,85.5,9433590,6125200,608400,0,399960,5583004,8279175,440,1882977,3084109,379644,201,1877595,2481091,378373,176,N/A,95,N/A,95,74.3,4515222,81.5,6628576,1380712,95,1094855,93.6,495178,525391,74212,74,3169153,271023,1382600,6326742,95,5105574,84.9,1882938,2842825,379614,197,13717262,227985,268703,6625926,95,5345900,81.8,1882968,3083094,379638,200,14258932,218189,247389,2640264,49.4,2639964,51.7,2530189,53.4,760363,69.4,1243573,1370876,25796,19,N/A,N/A,N/A,N/A,N/A,N/A,N/A,N/A,N/A,N/A,N/A,N/A,N/A,N/A,N/A,N/A,N/A,N/A,N/A,N/A,N/A,N/A,N/A,N/A,N/A,N/A,N/A,N/A,N/A,N/A,N/A,N/A,N/A,N/A,N/A,N/A,N/A,N/A,N/A,N/A
Maryland,14996010,248045,318320,11500379,190225,10242547,217418,5129734,84.8,4507715,95,4474283,74,3937917,83.6,9291910,5103200,600900,0,360559,4163904,6959405,16511,1496861,2650213,322999,4210,1496199,2115243,322626,3849,N/A,84.8,N/A,95,71.1,3764097,79.9,5129734,994486,95,895667,93.4,427877,411703,54937,1150,2518901,262551,1563070,4891961,94.8,4276728,82.8,1496766,2452991,322832,4139,11063640,214292,290458,5128947,90.2,4474158,78.7,1496826,2650163,322961,4208,11499481,202322,263840,2171894,48.5,2171316,50.8,2078697,52.8,659587,73.6,917392,1219622,34236,644,N/A,N/A,N/A,N/A,N/A,N/A,N/A,N/A,N/A,N/A,N/A,N/A,N/A,N/A,N/A,N/A,N/A,N/A,N/A,N/A,N/A,N/A,N/A,N/A,N/A,N/A,N/A,N/A,N/A,N/A,N/A,N/A,N/A,N/A,N/A,N/A,N/A,N/A,N/A,N/A
Maine,3187450,237124,290993,2702926,201079,2471141,225599,1197813,89.1,1086234,95,1053005,78.3,952999,87,1779530,1256020,151900,0,142671,1100298,1456650,3307,379114,541909,131233,749,379033,442133,131153,680,N/A,89.1,N/A,95,72.3,872503,79.7,1197813,322645,95,280450,95,127738,127846,24609,257,798027,279749,1117370,1153339,95,1013976,85.6,379093,502927,131211,745,2619267,221047,268998,1197669,93.5,1052971,82.2,379107,541901,131214,749,2702768,211042,248888,565142,53.7,565077,55.7,546711,57.4,211093,75.3,261021,292981,10558,582,N/A,N/A,N/A,N/A,N/A,N/A,N/A,N/A,N/A,N/A,N/A,N/A,N/A,N/A,N/A,N/A,N/A,N/A,N/A,N/A,N/A,N/A,N/A,N/A,N/A,N/A,N/A,N/A,N/A,N/A,N/A,N/A,N/A,N/A,N/A,N/A,N/A,N/A,N/A,N/A
Marshall Islands,86380,111113,181742,52349,67338,47334,99590,27873,35.9,24782,52.1,23655,30.4,21894,46.1,17380,56400,12600,0,2650,44572,5125,2,19208,1823,2622,2,19172,107,2613,2,N/A,35.9,N/A,52.1,27.2,19355,40.7,27873,1415,37.9,1243,33.3,1127,1,115,0,2851,76393,2314580,26902,46.9,23409,40.8,19200,1588,2619,2,51126,89118,150569,27859,40.3,23647,34.2,19203,1821,2621,2,52328,75621,124830,3099,13.1,3099,13.2,3096,14.1,300,24.1,3062,20,17,0,N/A,N/A,N/A,N/A,N/A,N/A,N/A,N/A,N/A,N/A,N/A,N/A,N/A,N/A,N/A,N/A,N/A,N/A,N/A,N/A,N/A,N/A,N/A,N/A,N/A,N/A,N/A,N/A,N/A,N/A,N/A,N/A,N/A,N/A,N/A,N/A,N/A,N/A,N/A,N/A
Michigan,20007330,200337,255100,15205838,152258,13952397,177898,6601842,66.1,5986125,76.3,5914981,59.2,5371970,68.5,11195490,7882940,928900,0,461084,5957004,8785627,2123,2147107,3349232,417550,1092,2146300,2807457,417220,993,N/A,66.1,N/A,76.3,56.7,5119256,65.3,6601842,1690634,95,1539984,87.2,769574,698859,70955,596,4308831,244071,1133300,6372564,74.1,5720116,66.6,2147039,3154473,417521,1083,14778579,171944,232779,6601320,70.1,5914919,62.8,2147085,3349207,417536,1091,15205283,161408,212383,3053028,51.6,3052731,53.4,2968258,55.3,1146913,74.5,1353306,1653024,46582,116,N/A,N/A,N/A,N/A,N/A,N/A,N/A,N/A,N/A,N/A,N/A,N/A,N/A,N/A,N/A,N/A,N/A,N/A,N/A,N/A,N/A,N/A,N/A,N/A,N/A,N/A,N/A,N/A,N/A,N/A,N/A,N/A,N/A,N/A,N/A,N/A,N/A,N/A,N/A,N/A
Minnesota,11972970,212301,276099,9894302,175442,8853047,204153,4190788,74.3,3684648,85,3844130,68.2,3388406,78.1,7232310,4240060,500600,0,354081,3591905,5944213,4103,1289727,2226610,326313,1480,1287382,1773832,325772,1420,N/A,74.3,N/A,85,65.4,3231970,74.5,4190788,937581,95,877205,95,369253,457103,50494,355,2491592,270713,1300870,3973056,83.2,3659191,76.6,1289672,2041761,326294,1464,9493120,198680,250581,4188485,79.2,3843146,72.7,1289719,2225653,326298,1476,9891023,187046,226417,2143104,55.8,2142835,58.6,2064204,60.9,710633,81,862472,1252063,28250,319,N/A,N/A,N/A,N/A,N/A,N/A,N/A,N/A,N/A,N/A,N/A,N/A,N/A,N/A,N/A,N/A,N/A,N/A,N/A,N/A,N/A,N/A,N/A,N/A,N/A,N/A,N/A,N/A,N/A,N/A,N/A,N/A,N/A,N/A,N/A,N/A,N/A,N/A,N/A,N/A
Missouri,11060305,180211,232026,8651232,140959,7949741,166772,4009616,65.3,3641347,76.4,3381690,55.1,3083778,64.7,6451405,4186800,422100,0,248228,3126519,5274164,2321,1151523,1994243,235229,695,1151024,1697323,234960,471,N/A,65.3,N/A,76.4,52.5,2923436,61.3,4009616,1011860,95,883612,83.2,402541,440932,39973,166,2466533,232245,1041420,3880426,74.1,3286221,62.8,1151503,1898856,235197,665,8426708,160947,211247,4009248,69.5,3381647,58.6,1151510,1994232,235213,692,8650860,149945,191708,1380034,40.8,1379883,42,1344532,43.6,567606,64.2,565509,797520,16942,63,N/A,N/A,N/A,N/A,N/A,N/A,N/A,N/A,N/A,N/A,N/A,N/A,N/A,N/A,N/A,N/A,N/A,N/A,N/A,N/A,N/A,N/A,N/A,N/A,N/A,N/A,N/A,N/A,N/A,N/A,N/A,N/A,N/A,N/A,N/A,N/A,N/A,N/A,N/A,N/A
Northern Mariana Islands,121430,234190,336604,105693,203840,85945,238240,45043,86.9,35293,95,42784,82.5,33808,93.7,92810,25020,3600,0,1327,14494,89872,0,5172,36473,1138,1,5171,27498,1138,1,N/A,86.9,N/A,95,81,33017,91.5,45043,3195,85.1,3089,82.3,498,2473,118,0,8381,223255,3234680,40648,95,38903,92,5172,32592,1138,1,97413,230345,287136,45039,93.6,42784,88.9,5172,36473,1138,1,105689,219719,252443,18984,44.4,18983,48.8,17956,53.1,2217,71.8,3774,15019,191,0,N/A,N/A,N/A,N/A,N/A,N/A,N/A,N/A,N/A,N/A,N/A,N/A,N/A,N/A,N/A,N/A,N/A,N/A,N/A,N/A,N/A,N/A,N/A,N/A,N/A,N/A,N/A,N/A,N/A,N/A,N/A,N/A,N/A,N/A,N/A,N/A,N/A,N/A,N/A,N/A
Mississippi,5296635,177969,232557,3759238,126312,3484356,152986,1749104,58.8,1600271,70.3,1514831,50.9,1395459,61.3,2937755,2135480,223400,0,91429,1510842,2154352,2615,578499,850793,84512,1027,578143,731909,84414,993,N/A,58.8,N/A,70.3,48.8,1334395,58.6,1749104,443406,91.1,405261,83.3,205622,181503,17663,473,1099058,225822,1088290,1710094,67.8,1486199,58.9,578484,822193,84496,1026,3691246,146395,210065,1748946,62.6,1514800,54.2,578491,850781,84501,1027,3759064,134605,189662,541874,35.8,541806,36.5,533375,38.2,245705,60.6,253407,280089,7883,495,N/A,N/A,N/A,N/A,N/A,N/A,N/A,N/A,N/A,N/A,N/A,N/A,N/A,N/A,N/A,N/A,N/A,N/A,N/A,N/A,N/A,N/A,N/A,N/A,N/A,N/A,N/A,N/A,N/A,N/A,N/A,N/A,N/A,N/A,N/A,N/A,N/A,N/A,N/A,N/A
Montana,1879695,175873,223723,1534565,143581,1416139,168550,689118,64.5,627406,74.7,597771,55.9,547327,65.1,1002195,773300,104200,0,60150,646168,826181,2066,234632,308284,54374,481,234490,258068,54298,471,N/A,64.5,N/A,74.7,52.3,509005,60.6,689118,195269,94.6,175641,85.1,84360,81014,10041,226,490189,237452,910542,666595,72.6,580681,63.3,234609,291225,54367,480,1494874,162912,204850,688989,68.4,597742,59.3,234616,308276,54369,481,1534398,152279,186548,276106,46.2,276067,47.5,270305,49.4,120268,68.5,130158,140697,4916,335,N/A,N/A,N/A,N/A,N/A,N/A,N/A,N/A,N/A,N/A,N/A,N/A,N/A,N/A,N/A,N/A,N/A,N/A,N/A,N/A,N/A,N/A,N/A,N/A,N/A,N/A,N/A,N/A,N/A,N/A,N/A,N/A,N/A,N/A,N/A,N/A,N/A,N/A,N/A,N/A
North Carolina,20867200,198961,254871,16108097,153585,14680473,179306,8625308,82.2,7844533,95,6220430,59.3,5634259,68.8,12092440,7857260,917500,0,509875,5991058,9606232,932,2156465,3585857,477961,147,2153323,3004293,476501,142,N/A,82.2,N/A,95,55.6,5247227,64.1,8625308,2158701,95,1500270,85.7,721007,724780,54417,66,4249329,242667,1191670,8355595,93,6024905,67.1,2156350,3390476,477933,146,15634760,174000,232231,8623093,87.3,6219687,63,2156422,3585175,477944,146,16105177,163036,211243,1564108,25.1,1563976,26,1518205,26.9,583475,38.9,688677,848071,27338,22,N/A,N/A,N/A,N/A,N/A,N/A,N/A,N/A,N/A,N/A,N/A,N/A,N/A,N/A,N/A,N/A,N/A,N/A,N/A,N/A,N/A,N/A,N/A,N/A,N/A,N/A,N/A,N/A,N/A,N/A,N/A,N/A,N/A,N/A,N/A,N/A,N/A,N/A,N/A,N/A
North Dakota,1312500,172230,225558,1063814,139597,978148,168098,491168,64.5,447610,76.9,414879,54.4,379167,65.2,759880,500220,52400,0,39494,402744,621253,323,144599,233896,36375,9,144386,198548,36224,9,N/A,64.5,N/A,76.9,51.1,353710,60.8,491168,120499,95,102057,85.2,48086,49598,4370,3,291172,242957,1095170,474123,74.4,401590,63,144593,220619,36369,9,1030294,161679,205964,490956,69.3,414826,58.6,144595,233851,36371,9,1063540,150226,185392,166829,40.2,166816,41.5,165076,43.5,69173,67.8,76067,88270,2485,7,N/A,N/A,N/A,N/A,N/A,N/A,N/A,N/A,N/A,N/A,N/A,N/A,N/A,N/A,N/A,N/A,N/A,N/A,N/A,N/A,N/A,N/A,N/A,N/A,N/A,N/A,N/A,N/A,N/A,N/A,N/A,N/A,N/A,N/A,N/A,N/A,N/A,N/A,N/A,N/A
Nebraska,3766810,194727,258295,3080117,159228,2779451,190591,1341744,69.4,1191764,81.7,1208386,62.5,1077816,73.9,2289830,1327580,149400,0,93332,1108928,1871791,6066,411677,707726,87418,1565,411467,577544,87327,1478,N/A,69.4,N/A,81.7,59.8,1026413,70.4,1341744,306753,95,284751,91.1,138431,138471,6938,911,818041,261808,1205540,1286609,79.5,1162964,71.9,411638,662382,87394,1550,2979167,184194,232892,1341464,74.4,1208326,67,411655,707704,87403,1564,3079766,170763,208858,582476,48.2,582377,50.1,563102,52.2,211161,74.2,228368,347371,6409,328,N/A,N/A,N/A,N/A,N/A,N/A,N/A,N/A,N/A,N/A,N/A,N/A,N/A,N/A,N/A,N/A,N/A,N/A,N/A,N/A,N/A,N/A,N/A,N/A,N/A,N/A,N/A,N/A,N/A,N/A,N/A,N/A,N/A,N/A,N/A,N/A,N/A,N/A,N/A,N/A
New Hampshire,3274330,240811,296465,2418478,177867,2216007,200642,1331870,95,1225984,95,922969,67.9,847747,76.8,1939990,1159040,175300,0,112837,954004,1351555,82,340047,499537,83286,99,339782,424646,83226,93,N/A,95,N/A,95,62.9,779673,70.6,1331870,378685,95,235940,92.9,98041,120582,17275,42,650435,256214,1289800,1293574,95,898877,75,339940,475580,83258,99,2357306,196677,273187,1330870,95,922738,71.2,339942,499437,83260,99,2417225,186501,252631,196833,21.3,196814,21.9,189255,22.3,56601,24,91826,100345,4650,12,N/A,N/A,N/A,N/A,N/A,N/A,N/A,N/A,N/A,N/A,N/A,N/A,N/A,N/A,N/A,N/A,N/A,N/A,N/A,N/A,N/A,N/A,N/A,N/A,N/A,N/A,N/A,N/A,N/A,N/A,N/A,N/A,N/A,N/A,N/A,N/A,N/A,N/A,N/A,N/A
New Jersey,20931935,235662,301456,16537217,186184,14868511,214132,7899280,88.9,7041098,95,6590596,74.2,5866421,84.5,12491075,7497160,943700,0,564625,6235366,9734822,2404,2278644,3801100,509743,1109,2277860,3078124,509381,1056,N/A,88.9,N/A,95,70.5,5537182,79.7,7899280,1595788,95,1342921,91,624301,625583,92803,234,3680130,249410,1418600,7590566,95,6342457,83.3,2278560,3553163,509645,1089,15988458,209867,274756,7898062,94.4,6590464,78.8,2278611,3801063,509682,1108,16535987,197622,250158,2962801,45,2962284,46.7,2850655,48.6,886520,66,1271322,1629708,61716,55,N/A,N/A,N/A,N/A,N/A,N/A,N/A,N/A,N/A,N/A,N/A,N/A,N/A,N/A,N/A,N/A,N/A,N/A,N/A,N/A,N/A,N/A,N/A,N/A,N/A,N/A,N/A,N/A,N/A,N/A,N/A,N/A,N/A,N/A,N/A,N/A,N/A,N/A,N/A,N/A
New Mexico,4245645,202479,261917,3763932,179506,3381153,208586,1801854,85.9,1589526,95,1459545,69.6,1292804,79.8,2403945,1655500,186200,0,117371,1529556,2108586,8419,554051,795062,108270,2162,553594,628973,108111,2126,N/A,85.9,N/A,95,66.3,1223291,75.5,1801854,418754,95,349070,92.4,163777,162978,21240,1075,965173,255603,1124360,1724518,95,1404234,78.6,554006,739817,108252,2159,3638884,203582,237528,1801631,91.2,1459491,73.9,554035,795034,108261,2161,3763688,190485,214878,698048,47.8,697905,49.7,669490,51.8,236148,67.7,293702,393876,10295,175,N/A,N/A,N/A,N/A,N/A,N/A,N/A,N/A,N/A,N/A,N/A,N/A,N/A,N/A,N/A,N/A,N/A,N/A,N/A,N/A,N/A,N/A,N/A,N/A,N/A,N/A,N/A,N/A,N/A,N/A,N/A,N/A,N/A,N/A,N/A,N/A,N/A,N/A,N/A,N/A
Nevada,5671810,184140,237561,4707786,152842,4314810,180724,2278903,74,2067152,86.6,1837615,59.7,1676237,70.2,3463010,1950700,258100,0,183965,1619009,2904286,526,597579,1068984,170993,59,597469,907767,170945,56,N/A,74,N/A,86.6,55.5,1547367,64.8,2278903,497249,95,410370,82.7,188757,195534,26047,32,1149735,231814,1143580,2217292,84.6,1792314,68.4,597573,1023693,170989,59,4599845,175446,216333,2278819,78.7,1837601,63.5,597574,1068978,170990,59,4707693,162638,195946,680720,37,680688,38,664271,39.6,251119,61.2,280933,388015,11771,1,N/A,N/A,N/A,N/A,N/A,N/A,N/A,N/A,N/A,N/A,N/A,N/A,N/A,N/A,N/A,N/A,N/A,N/A,N/A,N/A,N/A,N/A,N/A,N/A,N/A,N/A,N/A,N/A,N/A,N/A,N/A,N/A,N/A,N/A,N/A,N/A,N/A,N/A,N/A,N/A
New York State,43882545,225576,284485,37814842,194385,34387477,222930,17293693,88.9,15557852,95,14682550,75.5,13199082,85.6,26576645,15446600,1859300,0,1416049,13675498,22703784,19511,4931450,8503253,1242483,5364,4928592,7024457,1241336,4697,N/A,88.9,N/A,95,71.2,12376176,80.2,17293693,3442391,95,2961945,89.9,1396902,1376640,186599,1804,8321883,252473,1331330,16653565,95,14159401,84.4,4930784,7981205,1242278,5134,36650843,218508,261623,17291430,94.4,14682085,80.1,4931325,8503054,1242372,5334,37812010,206324,239448,6429188,43.8,6427917,45.4,6219945,47.1,1965340,66.4,2760756,3556368,111657,407,N/A,N/A,N/A,N/A,N/A,N/A,N/A,N/A,N/A,N/A,N/A,N/A,N/A,N/A,N/A,N/A,N/A,N/A,N/A,N/A,N/A,N/A,N/A,N/A,N/A,N/A,N/A,N/A,N/A,N/A,N/A,N/A,N/A,N/A,N/A,N/A,N/A,N/A,N/A,N/A
Ohio,21958655,187856,241010,17216600,147288,15834048,173789,7348255,62.9,6668261,73.2,6730764,57.6,6130820,67.3,12727715,8260640,970300,0,618150,6547673,10030729,20048,2369041,3809500,546995,5228,2368407,3210580,546731,5102,N/A,62.9,N/A,73.2,54.7,5793051,63.6,7348255,1887939,92.3,1780727,87,803585,883471,91154,2517,4984877,243602,1073080,7099465,71,6518874,65.2,2369019,3597654,546981,5220,16750194,167490,219571,7347868,66.8,6730728,61.2,2369033,3809479,546988,5228,17216205,156536,199656,3389401,50.4,3388734,52,3298187,53.8,1305166,73.3,1448059,1883451,57215,676,N/A,N/A,N/A,N/A,N/A,N/A,N/A,N/A,N/A,N/A,N/A,N/A,N/A,N/A,N/A,N/A,N/A,N/A,N/A,N/A,N/A,N/A,N/A,N/A,N/A,N/A,N/A,N/A,N/A,N/A,N/A,N/A,N/A,N/A,N/A,N/A,N/A,N/A,N/A,N/A
Oklahoma,6978330,176355,232245,5716682,144471,5261367,175103,2768272,70,2525645,84.1,2215624,56,2020891,67.3,3756750,2900280,321300,0,151547,2309044,3254684,1407,840275,1233273,141820,256,839979,1038975,141726,211,N/A,70,N/A,84.1,53.2,1911955,63.6,2768272,673398,95,542858,85.5,275316,246860,20628,54,1540545,242555,1098720,2696817,81.1,2161681,65,840251,1179382,141802,246,5591012,168139,209861,2767989,74.8,2215575,59.9,840257,1233257,141805,256,5716362,154436,188530,801132,36.2,801085,37.1,784359,38.8,333924,61.5,368961,420836,11298,37,N/A,N/A,N/A,N/A,N/A,N/A,N/A,N/A,N/A,N/A,N/A,N/A,N/A,N/A,N/A,N/A,N/A,N/A,N/A,N/A,N/A,N/A,N/A,N/A,N/A,N/A,N/A,N/A,N/A,N/A,N/A,N/A,N/A,N/A,N/A,N/A,N/A,N/A,N/A,N/A
Oregon,9522385,225770,284151,7435528,176292,6751987,201481,3244019,76.9,2906323,86.7,2895260,68.6,2608547,77.8,5488225,3573860,460300,0,272283,2766876,4381083,15286,991809,1652990,245225,5236,988881,1370341,244379,4946,N/A,76.9,N/A,86.7,64.9,2452131,73.2,3244019,749318,95,689420,90,311334,324331,52409,1346,1912510,249649,1243000,3112391,85.3,2793237,76.6,991805,1550989,245222,5221,7199247,197360,261047,3242848,81.3,2894844,72.6,991808,1652577,245224,5235,7433939,186318,238661,1480699,51.1,1480548,53,1426217,54.7,513299,74.5,631014,826220,22962,503,N/A,N/A,N/A,N/A,N/A,N/A,N/A,N/A,N/A,N/A,N/A,N/A,N/A,N/A,N/A,N/A,N/A,N/A,N/A,N/A,N/A,N/A,N/A,N/A,N/A,N/A,N/A,N/A,N/A,N/A,N/A,N/A,N/A,N/A,N/A,N/A,N/A,N/A,N/A,N/A
Pennsylvania,28770325,224733,282967,22079755,172471,20169845,198378,10662966,83.3,9680066,95,8569355,66.9,7774057,76.5,16344165,10922060,1504100,0,763807,8509953,12804550,1445,3074223,4782439,712047,646,3071783,3990190,711488,596,N/A,83.3,N/A,95,62.9,7252030,71.3,10662966,2681993,95,2207056,92.2,1037407,1079649,89712,288,6191663,258701,1202090,10299106,92.9,8280428,74.7,3073935,4493896,711953,644,21415102,193250,259624,10660668,88.1,8568707,70.8,3074098,4781971,711993,645,22076842,182392,237691,3523332,41.1,3522789,42.5,3415256,43.9,1376612,62.4,1548637,1916393,58245,57,N/A,N/A,N/A,N/A,N/A,N/A,N/A,N/A,N/A,N/A,N/A,N/A,N/A,N/A,N/A,N/A,N/A,N/A,N/A,N/A,N/A,N/A,N/A,N/A,N/A,N/A,N/A,N/A,N/A,N/A,N/A,N/A,N/A,N/A,N/A,N/A,N/A,N/A,N/A,N/A
Puerto Rico,7275590,227811,277592,6926361,216876,6111611,233182,3042248,95,2653779,95,2600182,81.4,2273400,86.7,4506330,2555360,213900,0,151444,2662198,4112095,624,949257,1511482,139304,139,948810,1185388,139118,84,N/A,95,N/A,95,79.2,2201247,84,3042248,704096,95,598125,88,297028,277387,23692,18,1673870,246282,1070480,2881041,95,2471858,86.8,949180,1383305,139247,126,6634137,232916,255437,3041312,95,2599969,84.5,949201,1511369,139260,139,6925245,225122,236511,1362098,52.4,1361715,55.1,1265730,55.7,379861,63.5,545642,805873,10566,17,N/A,N/A,N/A,N/A,N/A,N/A,N/A,N/A,N/A,N/A,N/A,N/A,N/A,N/A,N/A,N/A,N/A,N/A,N/A,N/A,N/A,N/A,N/A,N/A,N/A,N/A,N/A,N/A,N/A,N/A,N/A,N/A,N/A,N/A,N/A,N/A,N/A,N/A,N/A,N/A
Republic of Palau,43990,204301,265272,46418,215577,40699,245426,20229,93.9,17387,95,17833,82.8,15523,93.6,11690,28500,3800,0,2346,35803,8191,78,12555,2889,2351,38,12555,579,2351,38,N/A,93.9,N/A,95,78.2,14524,87.6,20229,1857,93.2,1779,89.3,1517,33,227,2,4839,242922,2208330,18898,95,16937,90.8,12555,1993,2351,38,44193,237023,235935,20227,95,17832,87.5,12555,2888,2351,38,46415,227826,215923,11013,61.8,11012,65,10436,67.2,1488,83.6,10259,754,0,0,N/A,N/A,N/A,N/A,N/A,N/A,N/A,N/A,N/A,N/A,N/A,N/A,N/A,N/A,N/A,N/A,N/A,N/A,N/A,N/A,N/A,N/A,N/A,N/A,N/A,N/A,N/A,N/A,N/A,N/A,N/A,N/A,N/A,N/A,N/A,N/A,N/A,N/A,N/A,N/A
Rhode Island,2494525,235474,291803,2129178,200987,1934186,226256,1019541,95,910122,95,854220,80.6,760555,89,1457425,949500,87600,0,64780,810381,1252453,1564,287480,506313,60048,379,287350,412809,60020,376,N/A,95,N/A,95,77.7,729070,85.3,1019541,215083,95,185364,95,83070,95392,6765,137,527226,281870,1333640,976373,95,818246,88.2,287468,470353,60047,378,2063197,222449,268954,1019422,95,854204,85,287476,506303,60047,378,2129069,211881,248251,438331,51.3,438202,53.6,422908,55.6,141068,76.1,188849,244517,4925,40,N/A,N/A,N/A,N/A,N/A,N/A,N/A,N/A,N/A,N/A,N/A,N/A,N/A,N/A,N/A,N/A,N/A,N/A,N/A,N/A,N/A,N/A,N/A,N/A,N/A,N/A,N/A,N/A,N/A,N/A,N/A,N/A,N/A,N/A,N/A,N/A,N/A,N/A,N/A,N/A
South Carolina,9990175,194032,247433,7270556,141211,6737050,166861,3425037,66.5,3138520,77.7,2875618,55.9,2643401,65.5,5412635,4128140,449400,0,228959,2831569,4207862,2166,1032031,1637585,205627,375,1029888,1408140,205007,366,N/A,66.5,N/A,77.7,53,2499418,61.9,3425037,946763,95,806858,86.1,344654,430783,31208,213,2237258,238762,1066160,3334224,75.4,2808031,63.5,1031878,1570201,205579,373,7115207,160978,226023,3423307,70.5,2874855,59.2,1031956,1636944,205582,373,7268029,149663,205718,1101390,38.3,1101277,39.2,1078722,40.8,497037,61.6,472206,607003,21691,490,N/A,N/A,N/A,N/A,N/A,N/A,N/A,N/A,N/A,N/A,N/A,N/A,N/A,N/A,N/A,N/A,N/A,N/A,N/A,N/A,N/A,N/A,N/A,N/A,N/A,N/A,N/A,N/A,N/A,N/A,N/A,N/A,N/A,N/A,N/A,N/A,N/A,N/A,N/A,N/A
South Dakota,1762665,199248,264047,1354512,153111,1228945,184096,662576,74.9,594760,89.1,529523,59.9,477198,71.5,969665,704200,88800,0,40452,529263,784664,133,194305,296733,38450,35,194232,244513,38418,35,N/A,74.9,N/A,89.1,56.6,448259,67.1,662576,173304,95,140521,92.5,69942,65571,4987,21,387025,254838,1160630,637970,86.4,510621,69.2,194302,277839,38445,35,1310716,177579,238811,662526,80.5,529512,64.3,194303,296728,38446,35,1354457,164477,214048,211573,40,211548,41.4,206636,43.3,88629,63.1,95954,113044,2566,9,N/A,N/A,N/A,N/A,N/A,N/A,N/A,N/A,N/A,N/A,N/A,N/A,N/A,N/A,N/A,N/A,N/A,N/A,N/A,N/A,N/A,N/A,N/A,N/A,N/A,N/A,N/A,N/A,N/A,N/A,N/A,N/A,N/A,N/A,N/A,N/A,N/A,N/A,N/A,N/A
Tennessee,12256230,179469,230418,9589139,140414,8944991,168167,4188143,61.3,3856149,72.5,3657407,53.6,3382462,63.6,7079590,4671240,505400,0,260573,3666412,5607702,54452,1301900,2111360,232603,11544,1301273,1837514,232304,11371,N/A,61.3,N/A,72.5,51.2,3223807,60.6,4188143,1048140,91.7,957080,83.7,475192,440180,35727,5981,2785008,243574,1071920,4085685,70,3576399,61.3,1301846,2030526,232549,11478,9403574,161142,210026,4187448,65.2,3657265,57,1301883,2111276,232564,11542,9588280,149337,190890,1544106,42.2,1543804,43.2,1515610,44.8,636005,66.5,654503,865118,21173,3312,N/A,N/A,N/A,N/A,N/A,N/A,N/A,N/A,N/A,N/A,N/A,N/A,N/A,N/A,N/A,N/A,N/A,N/A,N/A,N/A,N/A,N/A,N/A,N/A,N/A,N/A,N/A,N/A,N/A,N/A,N/A,N/A,N/A,N/A,N/A,N/A,N/A,N/A,N/A,N/A
Texas,58819795,202856,272363,44356747,152976,39356938,182241,20589096,71,17963299,83.2,17406845,60,15411344,71.4,35102055,21114440,2603300,0,1532694,16298969,26520721,4363,6024005,10044573,1337391,876,6019126,8056004,1335396,818,N/A,71,N/A,83.2,56.7,14435018,66.8,20589096,3618897,95,3207127,85.9,1523833,1505652,177325,317,8952503,239742,1575150,19715463,81.8,16813236,69.8,6023201,9452265,1336925,845,42819263,177665,244054,20583791,76.2,17405501,64.5,6023488,10044023,1337115,875,44350159,164229,217811,6214345,35.7,6213921,37,6015411,39,1938610,60.4,2733407,3385679,95058,201,N/A,N/A,N/A,N/A,N/A,N/A,N/A,N/A,N/A,N/A,N/A,N/A,N/A,N/A,N/A,N/A,N/A,N/A,N/A,N/A,N/A,N/A,N/A,N/A,N/A,N/A,N/A,N/A,N/A,N/A,N/A,N/A,N/A,N/A,N/A,N/A,N/A,N/A,N/A,N/A
Utah,5992350,186913,263426,5062180,157899,4409368,193838,2281878,71.2,1947980,85.6,2027976,63.3,1747573,76.8,3704790,2046260,241300,0,182083,1771026,3108756,315,662371,1197290,168301,14,661895,917567,168100,11,N/A,71.2,N/A,85.6,59.9,1640437,72.1,2281878,374068,95,341007,93.2,146575,177547,16882,3,961987,262930,1637830,2158858,83.3,1932762,74.6,662304,1102187,168258,13,4843183,186833,231163,2281341,77.1,2027865,68.6,662349,1197232,168270,14,5061545,171105,202571,866400,42.7,866169,44.8,832060,47.6,248930,73,336349,518005,12042,4,N/A,N/A,N/A,N/A,N/A,N/A,N/A,N/A,N/A,N/A,N/A,N/A,N/A,N/A,N/A,N/A,N/A,N/A,N/A,N/A,N/A,N/A,N/A,N/A,N/A,N/A,N/A,N/A,N/A,N/A,N/A,N/A,N/A,N/A,N/A,N/A,N/A,N/A,N/A,N/A
Virginia,18742405,219581,280799,15866920,185893,14171124,212312,7206880,84.4,6364083,95,6140686,71.9,5416660,81.2,11362185,6607620,772600,0,499240,5612557,9745986,9137,1993706,3692914,450655,3411,1987809,2977596,448260,2995,N/A,84.4,N/A,95,68.7,5142219,77,7206880,1443751,95,1240255,91.3,576330,590185,72772,968,3554295,261556,1379230,6879937,94.2,5872179,80.4,1993448,3425719,449744,3268,15262161,208871,256500,7203175,89.7,6139209,76.5,1993570,3691679,450551,3409,15861705,197530,233404,2799320,45.6,2798113,47.7,2682662,49.5,893675,72.1,1171451,1584605,42625,639,N/A,N/A,N/A,N/A,N/A,N/A,N/A,N/A,N/A,N/A,N/A,N/A,N/A,N/A,N/A,N/A,N/A,N/A,N/A,N/A,N/A,N/A,N/A,N/A,N/A,N/A,N/A,N/A,N/A,N/A,N/A,N/A,N/A,N/A,N/A,N/A,N/A,N/A,N/A,N/A
Veterans Health,7777820,N/A,N/A,7210625,N/A,7207128,N/A,3405497,N/A,3403491,N/A,2930736,N/A,2929268,N/A,3368040,3783880,625900,0,254615,3717191,3238536,283,1436677,1261049,232998,12,1436616,1259684,232956,12,N/A,N/A,N/A,N/A,0,2746122,0,3405497,1665138,0,1493119,0,815574,601012,76532,1,3806364,0,0,3405377,0,2930661,0,1436655,1261003,232991,12,7210431,0,0,3405393,0,2930666,0,1436655,1261007,232992,12,7210452,0,0,1093127,37.3,1093121,37.3,1093072,37.3,717308,48,577717,494772,20638,0,N/A,N/A,N/A,N/A,N/A,N/A,N/A,N/A,N/A,N/A,N/A,N/A,N/A,N/A,N/A,N/A,N/A,N/A,N/A,N/A,N/A,N/A,N/A,N/A,N/A,N/A,N/A,N/A,N/A,N/A,N/A,N/A,N/A,N/A,N/A,N/A,N/A,N/A,N/A,N/A
Virgin Islands,145460,136852,178463,139908,131629,131073,160812,67481,63.5,62697,76.9,55949,52.6,52153,64,104820,37840,2800,0,2263,41795,95850,0,15587,38298,2059,5,15557,34539,2052,5,N/A,63.5,N/A,76.9,50.9,50333,61.8,67481,18023,88,15193,74.2,6026,8601,562,4,39332,192070,710323,66199,74,55051,61.6,15579,37411,2056,5,137746,154035,162661,67414,67.7,55924,56.1,15580,38283,2056,5,139815,140343,146009,15807,28.3,15806,28.7,15533,29.8,6806,44.8,5432,10234,139,2,N/A,N/A,N/A,N/A,N/A,N/A,N/A,N/A,N/A,N/A,N/A,N/A,N/A,N/A,N/A,N/A,N/A,N/A,N/A,N/A,N/A,N/A,N/A,N/A,N/A,N/A,N/A,N/A,N/A,N/A,N/A,N/A,N/A,N/A,N/A,N/A,N/A,N/A,N/A,N/A
Vermont,1697650,272064,332883,1345762,215671,1207850,236841,577604,92.6,512379,95,499644,80.1,442303,86.7,962770,663680,71200,0,52792,524586,767504,880,176626,275580,47172,266,176557,218404,47093,249,N/A,92.6,N/A,95,76.2,418033,82,577604,141498,95,125621,95,60659,62164,2643,155,374561,299555,1357700,549149,95,475000,86.2,176608,250970,47156,266,1292137,234529,308131,577400,95,499633,84,176625,275574,47168,266,1345568,226166,285345,292156,58.5,292106,61.5,277440,62.7,98640,78.5,125729,161993,4418,16,N/A,N/A,N/A,N/A,N/A,N/A,N/A,N/A,N/A,N/A,N/A,N/A,N/A,N/A,N/A,N/A,N/A,N/A,N/A,N/A,N/A,N/A,N/A,N/A,N/A,N/A,N/A,N/A,N/A,N/A,N/A,N/A,N/A,N/A,N/A,N/A,N/A,N/A,N/A,N/A
Washington,16837495,221113,282896,13839196,181739,12491888,209883,6069678,79.7,5409433,90.9,5437090,71.4,4859640,81.6,10010695,6080400,746400,0,481223,5175317,8171682,10974,1880939,3104225,448121,3805,1880098,2528094,447757,3691,N/A,79.7,N/A,90.9,67.6,4572469,76.8,6069678,1229205,95,1125750,93.1,510696,554581,58775,1698,3167977,261876,1391850,5815130,89.5,5227068,80.4,1880847,2894351,448082,3788,13374015,205725,259002,6068628,84.8,5436946,76,1880914,3104134,448095,3803,13838007,193311,235213,2713907,49.9,2712912,51.9,2606932,53.6,840311,74.6,1184581,1492692,35825,809,N/A,N/A,N/A,N/A,N/A,N/A,N/A,N/A,N/A,N/A,N/A,N/A,N/A,N/A,N/A,N/A,N/A,N/A,N/A,N/A,N/A,N/A,N/A,N/A,N/A,N/A,N/A,N/A,N/A,N/A,N/A,N/A,N/A,N/A,N/A,N/A,N/A,N/A,N/A,N/A
Wisconsin,11082845,190347,243267,9858587,169321,8998372,197513,4136395,71,3715919,81.6,3758625,64.6,3387197,74.3,6499445,4133000,450400,0,332369,3768642,5755289,2287,1322548,2136793,298495,789,1322154,1766030,298268,745,N/A,71,N/A,81.6,61.7,3219974,70.7,4136395,1034072,95,962305,94.6,460618,470830,30550,307,2816176,276844,1089500,3978204,79.6,3622387,72.5,1322503,2000635,298466,783,9562385,191256,221666,4135915,75.3,3758562,68.4,1322537,2136761,298479,785,9858098,179501,201802,2041064,54.3,2040806,56.3,1981882,58.5,763665,79.4,855184,1159207,26575,98,N/A,N/A,N/A,N/A,N/A,N/A,N/A,N/A,N/A,N/A,N/A,N/A,N/A,N/A,N/A,N/A,N/A,N/A,N/A,N/A,N/A,N/A,N/A,N/A,N/A,N/A,N/A,N/A,N/A,N/A,N/A,N/A,N/A,N/A,N/A,N/A,N/A,N/A,N/A,N/A
West Virginia,3849485,214797,268710,2634424,146998,2465598,172109,1150072,64.2,1063456,74.2,1017207,56.8,944366,65.9,2154125,1534460,160900,0,66406,1136167,1430160,1691,417659,538764,60317,467,417195,466506,60240,425,N/A,64.2,N/A,74.2,54.3,900414,62.9,1150072,338432,92.2,306587,83.5,156784,140034,9575,194,854373,232792,1048880,1124072,72.2,997516,64,417561,519200,60298,457,2589129,166200,247104,1149660,67.7,1016971,59.9,417582,538623,60300,466,2633709,155004,226557,448923,44.1,448845,45,440183,46.6,199780,65.2,212683,231314,4853,73,N/A,N/A,N/A,N/A,N/A,N/A,N/A,N/A,N/A,N/A,N/A,N/A,N/A,N/A,N/A,N/A,N/A,N/A,N/A,N/A,N/A,N/A,N/A,N/A,N/A,N/A,N/A,N/A,N/A,N/A,N/A,N/A,N/A,N/A,N/A,N/A,N/A,N/A,N/A,N/A
Wyoming,934385,161446,209962,730635,126242,677714,152287,335542,58,308017,69.2,292787,50.6,269743,60.6,475945,410440,48000,0,28698,319212,382081,644,118168,147998,26489,132,118141,125008,26464,130,N/A,58,N/A,69.2,47.1,249364,56,335542,91577,92.3,82596,83.3,42078,36537,3920,61,222009,223847,942120,326684,66.6,285858,58.3,118166,141075,26485,132,714910,145686,190411,335507,61.7,292780,53.8,118167,147995,26486,132,730594,134343,171816,121755,41.6,121742,42.6,119303,44.2,54910,66.5,56522,63449,1738,46,N/A,N/A,N/A,N/A,N/A,N/A,N/A,N/A,N/A,N/A,N/A,N/A,N/A,N/A,N/A,N/A,N/A,N/A,N/A,N/A,N/A,N/A,N/A,N/A,N/A,N/A,N/A,N/A,N/A,N/A,N/A,N/A,N/A,N/A,N/A,N/A,N/A,N/A,N/A,N/A
