comments,score,subreddit,time_created
"You keep forgetting that it's an experimental vaccine, trials not officially ending until 2023. Hell, the companies who make them refuse to take responsibility for the effects and you're going to mandate that people take them? Maybe those nurses know better than you do?

And before you say that mRNA is safe, that's not even the main issue. We don't know all the side effects for the non-mRNA COVID vaccines either, it's the same problem. Testing long-term is king to vaccine approval.

Take them if you want, take them if you have reason to believe COVID might be a problem for you, hell take them for science or if you just hate having a 2 week long downtime because of a non-lethal COVID. But don't force it on others, it's gotta be voluntary.",-13.0,Libertarian,2021-08-18 19:16:35
"Yes, a vaccinated person got COVID. That was always portrayed as a possibility. *Especially* when you hold massive congregations where masks are frowned upon, attended by manipulated individuals who subscribe to the same narrative (ironically at Abott’s suggestion). You realize you’re criticizing vaccines in support of a person who’s been vaccinated while simultaneously avidly protesting them, right? You don’t see the irony? 

The normal vaccinated person is intelligent enough to not attend such events. No one said the vaccine is bullet proof. If we were both in a gun fight, you’d be the dumb ass refusing a ballistic vest because “you can still get shot in the head?!?.” Great point. Super convincing. 

But what do they know, the scientists and genetic engineers who’ve dedicated 10+ years to their relevant field? I’d bet a grand you’d hate if someone assumed they knew more than you about your profession having literally no correlation to said field. 

Your statement is not only uniformed, ignorant, and unintellectual, but it’s also massively hypocritical. Congrats, you’ve changed 0 opinions and merely painted yourself as an idiot.",0.0,Libertarian,2021-08-19 02:41:45
"Yeah people live to makeup bullshit numbers to support their claims. But as soon as you reference actual data, they either change the argument or disappear. As a libertarian, I hate agreeing with anything the government says, but that doesn't mean they're wrong about everything. I'm free to get the vaccine or not, and I think it should stay that way. But with liberty comes responsibility, and it's the responsible and smart choice to get vaccinated.",3.0,Libertarian,2021-08-19 16:01:07
"Mainly to get people thinking.  Hope they start soon.  

I hate the idea of people getting pressured to take the jab by clowns like you that parrot what they heard on the evening news. 


https://principia-scientific.com/professor-dolores-cahill-people-will-start-dying-after-covid-vaccine/

https://europerenaissance.com/2021/08/17/dr-reiner-fuellmich-nuremberg-trials-2021/",1.0,Libertarian,2021-08-19 19:33:32
"Here's the problem, the US a massive populous and centralized state facing a multiple crises and reckonings. We have police abuses bringing racial inequality up to the forefront, COVID-19 threatening our medical system and economy, climate change and all of the droughts, fires and storms that come with it. Not to mention to frustrated younger generations struggling to afford housing or enter careers with the kind of pay and benefits their parents' generation enjoyed.

The Trumpist and right-wing Republicans (most of the party) are downplaying these crises and reckonings or denying they exist. I honestly don't think the federal government can or should fix or address all of these things, but there is a strong public desire for government to do so and a precedent that has been set for federal government to try and fix crises and sources of public frustration.

Honestly, the federal government was right to do something about COVID. Not eviction moratoriums, checks to cut to individuals and states and encouragement for months long shut-downs. But controlling/quarantining international travel, tracking spread, studying the virus, offering information/guidance to individuals and pushing through a vaccine and offering it to people at no cost were all appropriate 'big government' actions.

I hate to say it, but the same will probably be true of climate change. I'm not saying the Feds should ban gas cars or coal mining, but I do think some level or regulation and logistical support from the central government will be necessary as climate change progresses.

All that being said, we have to be really careful. I predict the Republicans won't be able to win a presidential election in ten years or less, and climate change is going to lead to more fear and instability. There are going to be continued misguided pleas for and attempts by the Democrats to fix problems like poverty and inequality through social control and economic manipulation at the federal level.

Republicans will likely try to change the rules of elections while contesting Democratic wins (as we have already seen), and those further to the right will likely become increasingly violent and vocal. All of this will be used to justify greater surveillance, social control and censorship. 

I don't want to say this is inevitable. Maybe a third party, like the LP, will emerge as a more competent counterbalance to the Democrats as the Republicans lose federal control. Maybe the Democrats will stick to a more limited and less authoritarian federal strategy in time and let states deal with problems like housing and inequality. Either way, the Democrats move towards authoritarianism makes sense as a reaction to the events of the last couple years. I'm very worried about it largely because there are reasonable-sounding justifications.",1.0,Libertarian,2021-08-19 23:52:24
Russian roulette vaccine style!! I hate the fact that normies refuse to adress the unknown of the vaccines. This whole situation could lead to massive long term health issues and the collapse of our country but who cares. Maybe we’ll all be fine but wow what a risk we’re taking.,1.0,Libertarian,2021-08-20 15:15:11
"Umm, I hate to break it to you genius, but your first sentence was “it is probably the cost effective thing to do”

No, no where is it more cost effective for people to ignore a $30 vaccine because DeSantis said he would give them a $6,000 treatment on the taxpayer dime. 

If they all just got the $30 vaccine, they wouldn’t need FL to pay $6K a person to give them more experimental drugs. 

And this isn’t a binary question. Get the vaccine and reopen the economy. Pretty fucking simple…except for Florida.",4.0,Libertarian,2021-08-21 11:37:37
"&gt; Firstly, we know that hundreds od thousands of people have suffered injuries as a potential consequence of the vaccine...

Your first premise is incorrect.  You have been scammed.  VAERS numbers are not 'vaccine injuries'.  They are merely reports.  From VAERS...

&gt; When evaluating data from VAERS, it is important to note that for any reported event, no cause-and-effect relationship has been established. Reports of all possible associations between vaccines and adverse events (possible side effects) are filed in VAERS. Therefore, VAERS collects data on any adverse event following vaccination, be it coincidental or truly caused by a vaccine. The report of an adverse event to VAERS is not documentation that a vaccine caused the event.

So you need to stop using this information.  It's wrong.  The people you heard it from are wrong.

&gt; Second, we know that manufacturer has 0 liability and are 100% immune. 

Yep.  I'm not in favor of that.  But, in these circumstances (explained later), there are arguments for this.

&gt; And if anyone mandates it, they must immediately assume personal and criminal liability.

We're not talking about mandates.  I don't support them.  However, the level of lies going around is a damn effective argument for mandates, and I hate that.  Libertarianism assumes that people make reasonable choices, and that is being proven false.

&gt; Furthermore, covid deaths are massively overcounted. According to the CDC, George Floyd died of covid. 

Another piece of false information, or technically, irrelevant information.  There were about 600,000 unexpected deaths.  They are widely assumed to be from covid, based on data forming an international consensus.  Your claim that this number of dead bodies came from other causes is a scam that you have fallen for,

And this is an important point:  because the danger of the pandemic increases the expected benefit of the vaccine.  And that danger is actually high enough that encouraging the fast development of the vaccine would save more lives.  Therefore, government taking on this liability, in order to prevent even more massive loss of life from the pandemic, results in the government protection and waiver of liability in their role as protector of American lives, which is one of those rare things that Libertarians generally support government action.  I'm not convinced it's necessary, but given that we are talking about hundreds of thousands of dead bodies, and that's without material deaths from lack of hospital availability, I think that's a decision that the majority of the people would support financially on their own, anyways.

So, since you have avoided my question twice, and attempted to distract with big paragraphs of scam misinformation, answer my original question:

&gt; how anti-vaxx people can be held responsible and pay compensation when their choice gets someone else sick, and they die.

Because ""Well, it's OK to harm people because they can't prove it"" isn't Libertarian thought.  It's not the NAP.  The Trump-fueled scam you are spreading is a lot closer to ""Human lives are OK to sacrifice if greater economic goals are met.""  Which is pretty much textbook Stalin more than anything Libertarian.",1.0,Libertarian,2021-08-23 01:18:13
"Yeah in theory I hate the idea of more id, more laws and less choices for business owners. The following questions led me to decide this mandate was temporarily ok. Not a big fan but I understand.


What do you think of ID checks at these venues for alcohol? The vaccine police argument thins out a bit no?

employees have a right to work in a safe environment. Isn’t this an example of protecting employees? I know they could quit and find other work .  Who does that help? We already have so much unemployment.

If this was not a law, I get sick from a private business allowing non vaxx, do you think I should sue the business?


I live in San Francisco where this is also a thing. People love being safe here so there’s very little push back, I think most people understand their market. That’s huge for me. Why the fuck is a New York restaurant owner not catering to his market? Seems like a weird hill to die on.",0.0,Libertarian,2021-08-23 13:13:01
"Why such hate towards people choosing what they want with their own body. In my personal experience, I have been around over 10 people who have had COVID, one individual was 94. Only one of the people I know were hospitalized and put in a comma, and that was a double vaccinated Pfizer recipient. Most of the others didn’t even know they had COVID.

I have been around and talked with over 30 people who had the vaccine and 3 out of 4 got sick from the second dose of Pfizer.",-18.0,Libertarian,2021-08-23 14:41:27
"Why didnt they do this with common colds or the flu? they spread like wildfire every year.... Well i guess until covid came around. Theres probably like 75-80 percent of the population with one form of immunity??? Once everyone has immunity then the only people that should be getting boosters are probably people that are like 60+ years old or have some immune disorder? I hate that you guys are using this to enact laws and then pretending its private business that wants to do this... 

If they'll shut your restaurant down for not requiring every person in the building to have a covid vaccine then isnt that the government forcing a business to then require it on employees and patrons? Or am i just looking at this completely wrong? I guess with your attitude you can just shut down your business.... How does any of this add up in your head like these are just private businesses making a private choice?",0.0,Libertarian,2021-08-23 16:24:59
"fleming is the same doctor who made the quack claims that the vaccine is a ""bioweapon."" He is one of the leading misinformation hacks. A once respectable individual, he went full on alt-right / and hate speech, with completely erroneous claims about mRNA vaccines - with little to no evidence, especially peer reviewed literature.

He's also the same guy that plead guilty to insurance fraud. Not someone I'd turn to for reliability.

\- if i'm required to watch a video on ""how to use this site"" it's not a good source of information (also, i'm not going to watch that video).

Simply look at who is quoting and hosting his asinine stuff. Do a google search for his name, and you'll see the only ones promoting/hosting him are extremist sites.",2.0,Libertarian,2021-08-23 19:30:28
"&gt; Yet, why does Greece have a say in Italy's monetary policy?

Because that's the EU. That's how it works.

&gt; That's just your American talking. Lol US doesn't say UK you take 15k, Italy you take 6k. Lol. Small brain on you.

America is the defacto world power. Until China takes over, America is still the defacto world power. I'm sorry if this offensive to you but this is the timeline you're living in.

&gt; Then in the same token....why are private businesses getting fined for not following govt mandates or accepting vaxports?

I believe in the vaccine passports. Businesses should have the ability to choose if they want antivaxxers or normal people to enter their establishment. The vaccine passport helps reduce fraud and is a secure and reliable proof of vaccination status. What they choose to do with the information is on them.

&gt; NIMBY. Like evey other soycialist and progressive. You advocate for policies that you know will never be innyur backyard. Makes you feel good though. Lol

Paying taxes towards this makes this in my backyard. Do you need some ivermectin from the brain worms? I hear you can get some from the farm supply store.

&gt; Thisbis what you have been doing this whole thread. It was I'm a racist. I'm a traitor. I'm white. Blah blah. Lol. This is your whole thing.

You're white? You said you were black. I never accused you of being white. Oh I see. So you were lying before. Hmmm... yeah I should have known. My bad. I'm usually sharper than this and can smell the bullshit.

&gt; You were telling me how MY healthcare works and you don't even know where I live.

You were dreaming about American healthcare and you didn't even have the opportunity to experience it first hand. I'm soooo sorry you're offended you dumbass.

&gt; You're why the world doesn't like Americans. Your also why reasonable people don't take people like you seriously.

You're*

You hate Americans but earlier you were wishing for privatization of your healthcare system. You're just jealous. Come on over and you can bankrupt yourself for some basic medical services. If you don't pay up the cops will deal with your deadbeat ass.

Welcome to freedom. We take cash or credit.",2.0,Libertarian,2021-08-24 03:18:19
"I think it's because the government isn't letting businesses not care. You can get in trouble and fined for letting unvaccinated people into your business in certain areas. You have to show the Gestapo your papers in France. And people want that in NYC they want the police walking around asking people to see their vaccine cards. 

People literally in this sub tell me that if I want to live a normal life I better get vaccinated. 

Do you really not see the issues with this or do you just not care?

Also it's definitely not just conservatives complaining. I'm a libertarian (like what this sub is for) and I fucking hate it. You should too.",14.0,Libertarian,2021-08-24 16:13:21
"Why isn’t Freedom of choice look like this?

Choice: do you want the vaccine, yes or no?

Decision: yes or no? Which one?

Consequences: How does the vaccine help or hurt me. 

What’s with all the support for the government leverage( mandates, extortion, pressure for compliance to further its agenda) that they use?

-So it’s cool that the Republicans use threat of withholding federal funding to reverse mask mandates?

-So it’s cool the President is using Federal mandates (and pressuring) while “urging” businesses to enforce mandates?

How about it’s as simple as what I’ve layout and leave the Government out of it. Everyone is in such a state of toxic partisanship. I don’t care if I get hate from the left and the right. I want everyone to have a free choice without a ultimatum attached to it.",-1.0,Libertarian,2021-08-24 17:08:27
"They are already discussing it internally, I heard this from a very close friend who works in the insurance industry.

And I think they should, if **you** don't give a shit enough about **your own health** enough to not care to get/just outright refuse a vaccine that could save your life, why should the company have to pay your bills?

Why are we enabling people to be absolute fucking nobs? They should be saddled with the medical debt for their own stupidity/ignorance. Fuck 'em.

&amp;#x200B;

Edit: Especially now that we have FDA-approved vaccines. FUUUUUCK 'em.

It's also really sad that all of this has stretched my sympathy for my fellow human being this thin. I **hate** that I feel this way, but I can't lose anyone else to this.",3.0,Libertarian,2021-08-24 20:55:34
"I wouldn’t be asking this question. However, I am pro vaccines. With that being said, if I legitimately cared about somebody and they’re anti vaccine I would ask why they are anti covid vaccines. Then I would have a conversation like a human being so that I can legitimately understand why they feel that way, without condescending remarks or hate filled rhetoric.",3.0,Libertarian,2021-08-25 01:47:46
"If you believe that changing election laws to allow for mail in ballots for all registered voters didn’t impact the results of the election to favor Dems; if you believe throwing out other standard procedures like matching signatures or adhering to postmarking of absentee ballots, etc, all in the name of Covid didn’t impact the outcome of the election, ok. As they said, ‘the most secure election in history’. And before you downvote me or label me a lunatic, this past election highlighted the severe shortcomings of our election system, including the ability to legitimately address issues in a timely fashion. Hate Trump all you want, and I’m no big fan, but just ask yourself this - why have the Dems fought so hard to squash any attempt to forensically look at the issues? Why do the Dems fight so hard against requiring proof as yo who you are, and then fight so hard to require vaccine identification? It’s whacked the hypocrisy, but the hypocrisy exists to favor gaining and maintaining power. When the history is written on the decline of the US, the Progressive Dems will be at the root",-6.0,Libertarian,2021-08-25 02:51:41
"They were silenced for speaking out against the mask mandates, the procedures to protect people and also vaccines not being ready for public use.
I’m not going to go find you a list of doctors. You can go down that rabbit hole yourself(and before you throw a fit about me not providing a list so I must be wrong, go look for yourself. You’ll find them. Unless you’re scared that it Wallis just completely trash your argument....)As far as them not being allowed to be doctors...well they went to medical schools and graduated just like the other doctors did and came to different conclusions than that of the ones shown in the media. Doctors are scientists. And just like every group of scientists they are going to disagree on things. That’s kinda what scientists do. Why would I bother making anything up? That doesn’t even make sense. I’m sitting here spending my own personal time where I could be reading comics or playing video games or something actually interesting to me but instead, here I am trying to explain to a Nazi that they are the thing they hate most and it’s not getting through your thick skull because you so desperately want to be right that you can’t take a step back and look at the big picture and here it is:
There are doctors that disagree on how covid should be handled. Some of them already aren’t allowed to have opinions online and get banned nearly everywhere they post or talk. You’re talking about silencing people for “misinformation” because the alternative information doesn’t fit with the information that you’ve been told is true(which is what we both said and agreed that Nazis did). 
Have you ever had to get a second opinion from another doctor and found out that the first doctor was wrong in your diagnosis? It’s a super common thing. Should that first doctor just not be a doctor anymore because they got your diagnosis wrong? No. The second doctor simply saw something that the first didn’t and had a different perspective on it.
Doctors may not agree, but both sides(there is actually more than two sides but that’s kind of irrelevant) should be able to be heard equally.
And that means that anyone repeating their advice should be heard too. If you don’t like it, don’t listen to it. But I’ve listened to both sides and they both make compelling arguments and the majority of the subjects. But personally, because I’m into personal freedom and freedom of speech, I don’t want the vax. I don’t trust it. Sorry. It’s been around for what? 10 months or something? Idgaf if the FDA approved it. All they do is make money. They don’t have a shit about us. If they cared then we’d be able to sue the vaccine companies for damages. So no. I won’t be getting vaccinated and I’m not gonna shut up with my opinion about it just because you’re throwing a hissyfit and don’t want to look at the other side of things with open ears and an open mind. Not my fault you’re dumb enough to get brainwashed by the most popular thing you see. So don’t go around wanting to silence anyone when you apparently are so out of touch with one side of the matter that you didn’t even know there were anti vax and anti mask doctors.",1.0,Libertarian,2021-08-25 10:17:59
So. Real question.  I can opt out of vaccines with a “religious” exemption.  Also medical exemptions for immunosuppressed.  So how does insurance address that?  Also. And this is always the sketchy part about this whole thing. We can all band wagon around COVID mandates. But then should insurance deny coverage if you happen to get anything preventable. What about obesity?  What about the flu?  Where are the lines here?   What about a future pandemic?  One where you don’t trust the vaccine?  Increasing premiums in anyone for any reason is bound to backfire on all of us.  Just another opinion. I fucking hate medical insurance companies.,-7.0,Libertarian,2021-08-25 17:33:34
"75% of the world isn’t vaccinated, that’s not made up. Neither is the refugees, Canada is assisting in roughly 25 thousand evacuations. I’m definitely not saying that’s bad, but I’m saying they’re probably not vaccinated either lol. I think it’s unreasonable to push a product so hard for a company whose goal is $$$ and power, no reason to be so worked up over these philosophical differences.

If it’s proven to be effective you have nothing to worry about. If you do in fact get sick, and you live, what’s exactly wrong? Have you never been sick before? Humans honestly fought off the plague well before proper medicine. It definitely would have made things easier, but at the same time, a disease that gave you about 2 days to live once symptoms occurred doesn’t need your fear and hate tactics to coerce someone to get the vaccine— I would have already had it.

I had Covid, I had a pretty tough time, specifically eating was a terrible chore. But I was fine, like literally 99.98% of the world’s population when you look at the big picture. Once again, I’m saying the vaccine is a choice. I’m glad it’s out there for people who are immunocompromised and for people who just want to get it anyway. However to resort to this way of thinking is incredibly dangerous my friend, I’m not the demon you need to smite ok? You have your armour, if you get sick, live, continue on with life, why are you mad that someone also got sick, lived, and continued on but did t get a vaccine???

The virus will mutate forever, because it exists, and the vaccines don’t kill it. It has 7.9 billion opportunities to mutate, vaccine or not. Its even shown to be more infectious and less deadly, meaning that we, once again, are going to live, so why can’t we continue on??

Dividing communities like this is BS, I don’t know how you can disagree but that’s alright, frontline workers are already spread thin and under enough pressure, now they’ve been told they have no autonomy of their own body? Applauded a year ago as heroes, to be torn down by the exact same people because of non-compliance.

You’re right I made up my skeptical idea, but all ideas are made up. If you can still contract the virus with the vaccine, it can still mutate, because the vaccine didn’t kill it. Like how not taking all your anti-biotics makes it worse, but we can’t say for sure.

A good time is empathetic, denying people of it isn’t LOL I’m saying everyone deserves one, idc about vaccine status.

Calling me crazy for pointing out that the government closed places down is crazy

I’m sorry you’re scared my friend, it’ll be okay, vaccine or not",1.0,Libertarian,2021-08-26 23:30:50
"Hey I'm glad you got back to me, I was thinking about your earlier point about charging unvaccinated people higher premiums because they're more likely to make bad decisions. For a while that seemed reasonable, but upon reflection it falls apart, since vaccine refusal is largely a risk-avoidance decision. I would like to see an actual statistic on the overall health and lifestyle of people who are declining the vaccine. Until then, I fall back on my earlier assertion that you mostly believe this because you hate the unvaccinated, which you get closer and closer to admitting each time. Why not just say it?

&gt;defective sheep, obstinate refusal, careless, victim language, pathetic, self entitled dumbass, fuckin moron",1.0,Libertarian,2021-08-27 05:03:07
"I've been vaccinated and even when I had covid, my symptoms were very mild (slight fever for 24 hrs and lost sense of taste and smell for 5 days). But the amount of fear and hate I've seen toward the unvaccinated is disturbing. The odds of covid going away even if 100% of the population is vaccinated is highly unlikely. It will mutate and spread just like nearly every other upper respiratory virus. Covid has been spreading through the vaccinated community and reported (in few cases) to spread to animals. Every infection is an opportunity for the virus to mutate. Which makes sense considering it spread from Animal to human.. Does the vaccine help reduce the spread and mitigate the symptoms to those infected? Yes it does. Will covid ever go away? No it will not.",7.0,Libertarian,2021-08-27 10:48:39
"Sure, that’s why I didn’t complain about the first posts yesterday. However today after the admins responded again to the pressure that they are back at it again. Doing the same thing expecting different results. If reddit wants to be a platform for free speech there is nothing more libertarian than that. Yes you have a right to protest or boycott a company’s whose values you disagree with but doing on the platform in communities that already agree with you seems counterproductive at best. Reddit is that last tolerable forum that has people with all different ideologies allowed to speak their minds, protesting against that after they’ve said twice they won’t change, just seems like the libertarian thing to do. I suppose you’re right it is libertarian to protest but also not libertarian if what they’re protesting comes true. It’s a tough situation to say the least. I just hate censorship of any form and the idea of censoring peoples ideas because it’s not the mainstream form of medicine seems horrific to me. Especially considering not to long ago medical marijuana was the ideas being censored and without discussion and the ability to provide and proof facts and evidence we would have never learned about how helpful it can be to some people. I get it, people taking animal ivermectin and promoting that is harmful. But it’s harmful for humans to take any form of animal medicine and I just don’t think there has been studies to see if there are alternatives to the vaccine. It also blows in the face of your body your choice, I believe in the rights of the individual which I think is a strong libertarian argument. Like I said I’ve had covid and gotten the shot so I feel protected enough to let people decide what they want to do with their life the same way I feel like if people want to wear or seatbelt or not that it should be their choice. I guess I question whether the act of protesting for censorship is libertarian at all? Yes protesting private companies is a libertarian idea but protesting for a public forum to silence ideas seems completely anti libertarian to me. I’d love to know your thoughts though.",1.0,Libertarian,2021-08-27 15:42:43
"&gt; I do thank you for replying, I enjoy a reasonable debate

You are welcome. I enjoy a reasonable debate too, but my tolerance for ""reasonable"" has been really strained the past 18 months (really the past ~5 years or so of ""outrage"" media).

Some points in response. 

&gt; I personally draw the line when local government is mandating what I have to put into my body.

I think that to be pedantic, no gov't is mandating a vaccine (unless you work for them, in which case your relationship with the gov't is not *just* that of a typical citizen). You're free to (or not to) get the vaccine if you want.

However, under the social contract, the state has the obligation to, among other things, promote and enforce public health. If some corporation put up a polluting facility right near a population center, the populace would expect the state to act in its interest, to promote the ""public health"" of the community. At the margin there can be some gray fuzzies between ""public health"" and ""personal health"" decisions, but I hope that rational people can agree that while they are related, public and private health interests can be distinct and even in opposition. 

Circling back to covid, in the early days of the pandemic when we were facing an unknown, potentially existential threat, I supported public health state actions like border closures, school closures, gov't closures, etc. I didn't support business closures because of how nondeterministic and arbitrary deciding who was ""essential"" turned out to be - but I did support local/county/state mask mandates as ""not too burdensome"" public health mandates. It was public money that largely made these vaccines possible so early into the pandemic (gov't spending to promote public health). And now that vaccines are available, proven to be generally safe in the general case, and officially approved by the regulatory body, it is in the purview of the state to require vaccine certification to participate in public activity. 

Again, I'm open to the discussion of ""what degree is too much"", but the supposition that the state has no authority to act at all is nonsensical to me. If the USA was being invaded by a foreign army it is *literally the job* of the gov't to do something about it. It is my opinion that covid-19 is a lot like a foreign invading army in the sense that we as rational individuals recognize that our personal individual prerogative may be in conflict with the prerogative of the whole, and that also we as rational individuals recognize that we all stand to lose greatly if the public prerogative is not addressed. 

I've mentioned also that a-la-carte compliance is outside of my venn-diagram of respect. I don't ""agree"" with paying onerous taxes but I still do it as a citizen who reaps benefits of the whole. Both wearing a mask in public and getting a vaccine are proven to be a) safe, b) effective, and c) not too onerous to ask of the individual, in light of the exemplary circumstances of the day. 

&gt; There are some people (not medical exempt Karen’s) but actual people that cannot take a vaccine. Speaking for the minority , but those people shouldn’t be outlawed from society. 

Can you point to a specific class of people that is harmed by this mandate? I think that people who have serious medical conditions that preclude them from getting any one of the provisionally-approved vaccines already have more things to worry about than this outrage circus. All of these people are already probably highly at-risk for COVID-19 and as such have likely been sheltering in place voluntarily for over a year now. The reason why they have to continue to voluntarily sacrifice their own place in society is because of the Karens you describe, but also the otherwise physically fit but ""vaccine hesitant"" people. 

I know of two people personally who can't get a vaccine due to issues like advanced renal failure. Both people are living lives that we all should have been living in Spring 2020: no non-essential travel/contact/anything. They do not resent those who have the vaccine: they resent those who can get the vaccine but choose not to, as that group is the one perpetuating the pandemic. 

&gt; While there is some privilege associated with getting a business license , I personally believe it is a god given right for someone to pursue whatever they want with very little government interference. 

Assuming for a moment that God isn't real for lack of evidence, why do you feel this way? If what that ""someone"" wants to pursue somehow violates the skydaddy-given rights of another individual, who becomes the arbiter of that conflict, if not for a (hopefully) neutral state? I, like you, used to believe that human beings are generally just and rational and will do the right thing if left alone. The last two years has changed my mind on that point. Modern society is fundamentally unnatural for *homo sapiens* and if you believe like i do that modern society is better than the alternative, from time to time modern society will need protecting from its constituent *homo sapiens*. 

&gt; I disagree that the relationship between me and the state is 2 way. Speaking from my personal experiences here, but I get a large chunk of my money taken every year and I still haven’t seen the government reciprocate that. Hell, the road to work is littered with potholes. 

*sigh*. On your way into work on the pothole-littered road, did you get stopped by highway bandits demanding you part with your property? Were you victimized thru no fault of your own by another speeding/reckless/intoxicated driver? Did your brakes fail, or tires, or any other critical, regulated component? Did you notice all of the helpful signs directing you to your destination, or lights along the way, or lack of obstructions in the road? 

Again, I'm open to having a conversation of what degree, but the supposition that you get no benefit at all from the local gov't is preposterous to me. 


&gt; I personally advocate for very little government interference in my life and that includes someone telling me who I can and can’t do business with. 

I as well. However, the fundamental premise of ""voluntary association"" and consensual interaction is that both parties are well aware of the rules of association. You're free to go into business in the region governed by the state, provided you abide by their rules. The rules should be deterministic and ""fair"", for some definition of fair. 

&gt; I would be more than happy to move business into a currency that isn’t local, albeit sales might drop, and waive whatever “relationship” me and the government have (which feels 1 sided) if I was allowed to do so. 

This is a lie. You know this is a lie - so why do you perpetuate it? If you stopped taking USD as currency in the United States you will go very out of business, *very* quickly. You would not be ""more than happy"". ""sales might drop"" is the biggest understatement I've heard today. That is why you, and everyone else, doesn't just ""move business"" as you say. How many firms are accepting Bitcoin-only while providing services (only) in unincorporated territories? None, because like you everyone else has an instinct to try to survive, or at least not make knowingly-fatal decisions. 

&gt; It would then give me the freedom to allow who I want as a customer. Unfortunately that isn’t allowed lol. I want the personal liberty to do as I please (within law) , the personal liberty to serve who I please, and the freedom to conduct business without strict taxation and oversight from local government. 

This block is weird to me. You already have the freedom to allow who you want as a customer - or at least, by virtue of owning the private property you have the right to exclude. Some very specific discrimination against protected classes are obviously illegal, but if you really wanted to deny service to that ""Black Irish Jewish gay guy"", you can find a lawful reason to. 

You already have the personal liberty to do as you please (within law). 

You also already have the freedom to ""conduct business"" without strict taxation and oversight, just not here, for any definition of ""here"" that includes undesirable places to ""conduct business"". As a human being you have the right to free association and movement, so if you hate one locale for its local gov't and regulations, you can use your (presumably sizeable) resources to relocate to a more favorable place. Everyone from Donald Trump to Elon Musk does this already. If you have no sizeable resources to relocate, you probably aren't victimized by the state as much as you think you are. 

In another comment, you mentioned:
&gt; I believe that we own the land, not the government.

I believe that we do too. However, all *value* of land ownership is derived from the right to exclude. If you have no right to exclude any person or any activity from your private property, what exactly is the value of private property? Government, thru monopoly of force and enforcement of contracts, protects the value of land/property ownership by giving property owners legal and efficient means to exclude. In the absence of the state, your right/ability to exclude is limited by your own ability to project force/power. Again, i think we can all agree that that parallel reality is less desirable than our own.",1.0,Libertarian,2021-08-27 16:48:27
"""You're against this vaccine, therefore antivax"" 

If I'm repulsed by bananas, do I hate all fruit?",3.0,Libertarian,2021-08-28 05:01:09
"I'm with you but we have to consider some things.

-if you go to an unsafe place and do unsafe things, someone may have to risk their safety to come save you or recover you.

-parents are responsible for their child's safety until theyre 18. Law states they must be properly restrained in a vehicle. It also states you cant smoke inside the vehicle with minors present.

-you may not drive intoxicated on public roads

Basically youre not allowed, for good reason, to do a multitude of things or fail to do things which can endanger others. Liberty goes hand in hand with responsibility.

It gets a little murky when we ask people to wear masks in public spaces, because that measure is not about personal safety so much as the safety of others.

It gets very murky when asked to vaccinate for the safety of others.

650,000 people died. Many of those would have lived if others around them took guidelines seriously.

Those were facts.

Here's my opinion. Masks are not horrible to wear. I prefer not to, but it's not about me so Im cool with it. I took the vaccine because logically the threat of covid to myself and others statistically outweighs the trivially small risk of complications from the vaccine. I dont like that either of those things would be mandated however. But I hate the fact that mandates are on the table because of a bunch of whiney little pussies wont at least mask up, if not get vaccinated. Seriously, unless your doctor sees a good reason not to do either, youre a selfish little bitch if you dont and fuck you. 650,000 people died. If you went to a maskless, crowded party or concert and spread that infection to someone outside the party who later dies, you caused their death and I hope that stains your soul. It should never have gotten to the point of mandates. Instead the world thinks we're a joke.",3.0,Libertarian,2021-08-28 10:47:45
"That's the crux. 60 days ago I would have said it's not up for discussion. But after seeing how hard it can hit and how utterly stupid people can be... I'm on the fence now. 

I know a guy that won't get the vaccine because -insert moronic reason here- and now... He has been exposed, showing symptoms, has a fever, and won't get a test because HE DOESN'T BELIEVE THE TESTS WORK. Carrying on as normal. Won't wear a mask even to drop off kids when it's mandatory. When people are that dumb you sort of have to make some critical decisions for them. 

I hate that, but I don't know a way around it. It's getting ridiculous.",7.0,Libertarian,2021-08-29 03:56:36
"You do realize covid isn't the first lasting disease right? Obviously things like Flu have been around for ages, and there have been worse cases of the flu (Swine Flu, Spanish Flu, Bird flu). The flu isn't going away and collective it's killed many millions as well. And we don't blame people who don't get the flu vaccine every year for not getting the vaccine. This is because we have accepted that the flu is here to stay, and we go on with our lives. 

Now all of the sudden it's OK to sow hate on both sides and continue to lockdown governments destroying economies. Why Is that ok?",5.0,Libertarian,2021-08-29 07:26:07
"The key factor here is not vaccinating makes you a better host to spread the virus. So it becomes a thing you can do to make everyone around you safer.

Its important to remember the main thing a virus does is replicate inside you so you can spew out more to infect others. The vaccine means your body knows how to fight it faster and more effectively to reduce damage to you and the amount of virus you can expell. Even if youre vaccinated you can still intake, breed and expel virus at others but the amount and timeframe are greatly reduced if the vaccine prepares your immune system to fight it. Its that simple.

I hate the idea of mandating it. But if you dont have a medical condition and just dont wanna take it, your selfish little bitch who doesnt care about anyone else. Go look in the mirror and tell yourself that. 650,000 people died of covid in america. Get the shot or eat a bag of dicks. Im done.",1.0,Libertarian,2021-08-29 10:47:04
"Oh yeah overtly authoritarian practices that are despised by both left and right wing libertarians. Gee wonder why they would get downvoted in a libertarian sub.

Like them or hate them but when socialists come here to argue we are libertarian socialists. We may have a different definition of freedom and different means to achieve it. But fundamentally those policies are about trying to achieve liberation. Good faith right wingers and lefties will upvote that or at least not downvote it.

If you post overt authoritarian shit its gonna get downvoted by both parties.

&amp;#x200B;

If you sort by top most of the big posts are either police or vaccine related, one being bipartisan and the other being a definitively right wing talkingpoint.",9.0,Libertarian,2021-08-29 22:01:22
"""Negligibly"" is the verb/action of negligence FYI... I used it correct in context, not that my verbiage should impact my point but whatever.. 

(I hate using this analogy) but if I were to catch the flu by someone at the supermarket, should I be able to sue them for negligence? 

If I got in an Uber &amp; they blew a tire on the drive causing a crash should i sue them? 

Where is the line, honestly? You cannot hold someone accountable for something that HAS NOT happened yet. 

You cannot assume every person who is not wanting the vaccine is a walking Petri dish.

You cannot impose laws that threaten another's bodily autonomy just so you feel a little more safe.",1.0,Libertarian,2021-08-30 19:26:51
"I’m libertarian - do whatever you want. But I’m also a Darwinist. In modern times that increasingly depends on intellectual fitness. The weak will not understand the things they need to do to survive in a modern world. (Just wait until US currency is replaced by crypto as the ‘global standard’). Many will suffer…but above all dumb people will.  So if you hate the idea of an FDA approved (yes it’s currently FDA approved - not experimental) vaccine for a preventable disease then by all means - good luck. But don’t ask me for money or help when you’re sick and poor.

Edit: reread your comment and I probably came across more harshly than intended. I think it’s a little disingenuous to compare (likely) Chinese military scientists to US institutions that try to ensure public health. Sure a Chinese lab may have unleashed this, but not all scientists think the same way (or have the same political/military motivations). Reality is it’s out and you either play ball and understand the constraints (and get the vax)… or you don’t. The virus doesn’t give af. 

All these Christian anti-vax radio hosts dying of Covid makes me laugh so hard.",1.0,Libertarian,2021-09-01 02:06:38
"These folks don't even like the notion of welfare for others. 

I guarantee i'm paying more in taxes than the lot of them.

So oblige them if they hate the notion of ""socialism and big gov't."" Many aren't paying into the system as it is.

If only there was a way to avoid all this... Oh yeah the free vaccine that works.",2.0,Libertarian,2021-09-01 14:28:32
"We already have vaccine mandates for several viruses. 

So the same thing. You'll forget about it once you've gotten it.

I've yet to see anyone call for booster mandates. 

Oh and if you're upset about the possibility of having to use vacation days in order to get medically necessary treatment, then you should be pissed off that your business forces you to use personal days in order to get medical treatment.

Kinda like saying you hate chemo therapy cause your insurance won't cover it.",0.0,Libertarian,2021-09-01 20:11:05
"[here you go ](https://ifunny.co/picture/jo-i-would-eat-rancid-durian-left-in-a-hot-Ip1GpRcr8)That’s to today’s standards. The common tone from media and all anti-trump people when Trump was in office and talking vaccine was that they will not trust the vaccine. 

I get what you’re saying about not seeing a neocon and a “modern liberal” however that is the modern liberal. Pretty much every Democrat in office is an extreme leftist and any “liberal” who voted for them is in turn a supporter. If you’re a “liberal” but hate extreme leftist politicians you’d be voting 3rd party ie; libertarian.",0.0,Libertarian,2021-09-02 04:54:14
"I'm not a fan of Biden, don't hate him either. He's a milktoast president who hasn't really done anything special. 

He got us in out of Afghanistan. Can't be upset that he ended a foreign occupation even if it was messy as hell. He had already extended the deadline to pull out once and the afghany army fell far quicker than anyone could have predicted. His options were to continue the pullout as best as he could, or to send forces back into the country to try and beat back the Taliban. That would have cost far more in terms of money and lives. There's no reason American dollars and lives should be spent propping up a government anywhere, let alone in a country that clearly didn't want to have one.

His handling of covid has gone about as well as can be expected, vaccines are widely available but people refuse to take them, can't really blame him for that. His only option to do a better job would be what, authoritarian vaccine mandates? I am not upset he hasn't done that.

Inflation is a problem, but that's a compounding issue stemming from people believing in MMT instead of rational budgeting. Ultimately, congress sets the budgets so I have to set blame there instead of with him.

Ultimately, it's still early to tell how history will view Biden, but he has an uphill battle as he faces crisis after crisis.",0.0,Libertarian,2021-09-02 11:39:05
