comments,score,subreddit,time_created
"Biden came up with scale, manufacturing and distribution?  You are fucking clueless to how things happen in ISC.

When the FDA gave emergency authority in November and December this gave the green light.  There are a lot of kinks that get worked out in those first 3-6 months.

Production efficiencies will increase in the first 6 months and getting the proper storage on the delivery side will also increase.

The Biden administration did nothing but inherit the proper storm to take credit for.

Flu vaccines average around 40-50% of all adults.  We are starting to see demand drop off.  We will see if Biden really has a plan to navigate the fact that half the country wasn’t interested in the vaccine in the first place.

I’m no anti-vaxer either.  Im just not an asshole.  Guess the dems are only “my body, my choice” when it comes to abortion.  Vaccines —&gt; “your body, our choice”?

You idiots never see the hypocrisy.",1.0,Conservative,2021-04-26 02:55:36
"Evidently, since I am anti-""vaccine"", I am part of the Biden administration. Lol.",1.0,Conservative,2021-04-26 17:14:54
"Well sorry, just hate anti vaxers with my gut. But still, it’s like 2 deaths, none of which can be connected to the vaccine.",1.0,Conservative,2021-04-26 17:57:23
"Robert F Kennedy Jr is an anti vaccine advocate whose manipulates data, outright lies, and believes that as a lawyer he has a better basis of knowledge than medical doctors do. He is a leftist and citing him as an authority on anything other than being born into a family of privilege is silly.",1.0,Conservative,2021-04-26 19:01:23
Let's keep in mind that RFK Jr. is part of the larger anti-vaccine movement.,6.0,Conservative,2021-04-26 19:05:48
"Don't forget all the sheep that won't get vaccinated because they see their leaders still wearing masks and telling us to continue social distancing despite being vaccinated.

That idiot Joy Reid tweeted she got the vaccine and STILL will be double masking, encouraging her NPC followers to do the same.  Of course her feed was filled with cult zombies agreeing to worship at the same anti-science altar.",5.0,Conservative,2021-04-26 22:25:09
"My method is much better, I’ve had both shots already but I don’t go around jerking myself off about it and I make jokes about it being experimental so they just assume I’m anti vaccine. I get to make people mad *and* be vaccinated.",2.0,Conservative,2021-04-27 20:15:04
"What happened to “my body, my choice”. Your fucking face mask and vaccine should protect you anyway. Instead of legislating our rights away, why don’t you just fuck off? I thought you all were supposed to be “anti-fascist” but the true colors of the left are showing. If people are so “at risk” of dying from a virus with a 1% death rate, then stay the fuck home. 

America is sick of having to distance, wear a mask, and be locked away for exile.",8.0,Conservative,2021-04-27 21:03:45
"Because while we do likely reduce the infection to others, it wasn't specifically tested for in the clinical trials- just immunity. For obvious reasons, at the time it wasn't really possible to test the infection on others as easily as today. Now that the studies on infection are coming out they'll hopefully confirm.

The issue mostly right now is kids more than the anti-vaxx brigade. Kids can't get vaccinated, but their parents, teachers, etc. can. So we need to mask until enough people get vaccinated or we're totally sure it's knocking out infections too. Long story short- more shots = more lives saved. Masks are a stopgap until we distribute enough vaccines.

Frankly, in my opinion, once the kids are able to get the vaccine and time to distribute, I don't really care about the masks and distancing for the sake of the anti-vaxxers. At that point they'll have had all the time in the world to get it and at some point you gotta let darwinism do it's thing.",37.0,Conservative,2021-04-28 03:41:01
"ehhh your kinda on the right track their. Its essentially a mock-infection. The mRNA vaccine that is used will cause proteins similar to the covid virus and then the body reacts producing the anti bodies.

The issue is that the viron can use a vaccinated persons like a veicle to transfer (among other things, I've herd animals can do so ... but then not ... but then they can, and other carriers). But then again if the correct people are vaccinated (ie, weak immune systems) then those who are fine and able to fight the virus should be ok, and the vaccinated should be ""cured"".",4.0,Conservative,2021-04-28 04:37:22
"I'm sorry but if you were always completely anti-mask, anti-lockdown, AND now that Trump got them through you're anti-vaccine too- you're just pro-virus spread at this point.",-10.0,Conservative,2021-04-28 05:00:53
"My ex forced my 18yr old to get the Pfizer Vaccine. I have a moral objection to low risk people being used as Lab Rats. I am not anti-vaccination, there is no clinical reason for healthy young people to be getting vaccinated until there is more data

She was scheduled for J&amp;J vaccine but it was pulled the day before her appointment. I'm not entirely comfortable with the J&amp;J one is someone in her demographic group, however I'm more comfortable than messenger RNA with very little supporting data.",-3.0,Conservative,2021-04-28 15:20:46
"Also there’s literally a vaccine record I got when I got my first shot. It’s part of my private medical record. If I were going to go to a foreign country and needed to show proof that I was taking anti-malaria medicine, and they required the COVID-19 vaccination card along with that and my passport, I’d have no problem showing that. That’s because it’s not a 1984 situation where there’s a database of vaccinated/un-vaccinated people. It’s a private medical record where I can give consent. You see, I, unlike others, try to enter other countries legally. We don’t need “vaccine passports.” They can take that idea and 🤌(🚫🌞)🍑",4.0,Conservative,2021-04-29 05:26:33
"Can someone rational explain why this is a good thing? Part of ensuring herd immunity is a large amount of people have to have the vaccine. Additionally, if you aren’t vaccinated you are at risk of spreading the disease. Since when have conservatives been anti vax?",0.0,Conservative,2021-04-29 05:40:12
"Because requiring passports would lead to stores effectively requiring people to get vaccinated in order to get basic necessities.  This is a grocery store saying you *have* to introduce things into your body to gain access to our store.

If this weren't so politicized the left would be screaming at the top of their lungs about it too, and you know it. The left is where the anti-vaxxers and ""my body, my choice"" types are from, after all.

This is the government saying no one can force an individual to get a vaccine.  It's the protection of individual rights against those that would use their control over access to good and services to create de-facto legislation.

Libertarians will say that the free market can solve this, but it can't.  Small local grocery stores are a thing of the past because they can't afford to compete, which also stops new ones from starting up.  We have the mystical free market that Libertarians want, and it is dangerously close to becoming an oligarchy.",1.0,Conservative,2021-04-29 12:23:20
"This might be too big for your brian but some medicine are one size fit all. You do know each baby born gets the same vaccine for various issue that he or she can face ? Measles, HepB, BCG ever heard of this stuff rhat is provided to literally all the babies after birth unless there mom is a psycho anti vaccer.",-2.0,Conservative,2021-04-29 12:34:42
"It’s not a privacy issue for tracking purposes, our phones do that already... huge swaths of babies are not vaccinated, mine isn’t.. I’m not an anti vax nut.. some vaccines are great, others are simply unnecessary, chicken pox, measles, rubella, and many others are pointless vaccines... vaccine injuries are real and common, some of us want to wait until our children are bigger and stronger before we subject them to it, it’s perfectly reasonable.",3.0,Conservative,2021-04-29 18:07:46
"I disagree with your view, but I can see why you feel that way.  I think people should vote with their wallets and avoid businesses that go against their beliefs.

On the other hand, If a business wants to provide the safest environment for their customers, I think they should be able to deny anti-maskers and vaccine deniers entry.  If they lose money or go out of business, that's on them.",0.0,Conservative,2021-04-29 19:33:47
"This mask theater is anti science and anti vaccine.  If they wanted the covid crisis to end, they’d show that once you are vaccinated you are good to go.  This is all about keeping the crisis going.",79.0,Conservative,2021-04-30 10:20:44
"A philanthrocapitalist is still a capitalist, and the men you named have only gotten to where they are now through ruthless business practises. They may donate to liberal (not leftist, mind you) causes, but this in no way makes them a leftist. Gates pushed for the covid vaccine patent to remain privatised, and his foundation has profited from its ""aid"" in Africa. Bezos has led a massive anti-union effort, and the $15 wage at Amazon came as a result from outside pressure, and not Bezos' benevolence - as is made clear by the awful working conditions in amazon warehouses. Soros has donated huge amounts to neoliberal presidential candidates (Obama, Clinton, and Biden, in recent times), who equally have no claim to be leftists.

When have these leftist billionaires pushed for unionisation? When have these leftist billionaires pushed for democracy in the workplace, and given their employees greater control over their own lives?",-1.0,Conservative,2021-04-30 14:54:10
"A vaccine does not stop you from contracting a virus and becoming contagious. Rather, it bolsters your immune system so that when you do come in contact with the virus your body will be prepared. Ultimately, this reduces the severity of the disease in both duration and intensity. Vaccines save lives by reducing deaths and spread.  So masks are not anti science when almost half the population in unvaccinated. Hope this helps.",-9.0,Conservative,2021-04-30 15:25:05
How is wearing a mask “anti-vaccine”?,7.0,Conservative,2021-04-30 17:19:35
"And that's what the CDC said, did you miss it?  

Thing is, so many anti-mask people who are ALSO anti-vaccine make me very very nervous to go out without a mask, still, because I don't want to be in a closed space with them if they are infected and out and about like total jerks.

Your impatience is immature, we are still in a pandemic but we are coming out of it because of the vaccine.",1.0,Conservative,2021-04-30 17:24:50
"You’re right. The masks are theater once you’re vaccinated. They are wearing them so the people who are anti-mask *and* anti-vaccinate have an example to follow.

The CDC said a couple days ago that you only should wear a mask indoors/in crowds once vaccinated now. Meaning outdoors is ok again with no mask if you’re vaccinated. They want to walk it back, we all want it to be walked back. But we are moving “at the pace of the slowest runner” here, which are the folks resisting getting the vaccine. And so while it may be totally safe to go without a mask once vaccinated, the theater is necessary until the slow folks catch up.",3.0,Conservative,2021-04-30 17:57:07
"&gt; This mask theater is anti vaccine

This is what bothers me the most about both the mask-wearing theatrics and the recent CDC guidelines regarding what you should/shouldn't do after being vaccinated. They're sending a message to the American people that COVID vaccines don't actually do anything.

A lot of people already suspect that the Biden administration doesn't actually want COVID to end and the fact that they're doing everything they reasonably can to discredit the available vaccines certainly doesn't help alleviate those suspicions.",0.0,Conservative,2021-04-30 18:01:00
Anti vaccine is just an upvoted conservative thing now?,1.0,Conservative,2021-05-01 01:52:24
I was just surprised an anti vaccine comment was the top comment lol,1.0,Conservative,2021-05-01 02:30:16
"this is so anti-conservative it’s baffling.  I don’t get why so many on this sub are anti vaccine now, I really wish it was the hippy libs that were the only anti vax peeps.  You really want more government to cram down policies on how a business can run? If you have a restaurant and you only want vaccinated customers to protect your employees that should be 100% ok.  You can lose some business but the government shouldn’t interfere,  really hoping Desantis stops this.",12.0,Conservative,2021-05-01 03:07:43
Being wary about 1 vaccine =/= being an anti vaxxer.,-11.0,Conservative,2021-05-01 04:35:13
"&gt;why so many on this sub are anti vaccine now

we arent. we are pro free choice on getting or not getting an untested unapproved vaccine

&gt; You really want more government to cram down policies on how a business can run? 

no, we dont want businesses infringing on peoples rights",-1.0,Conservative,2021-05-01 06:21:41
"That’s not what this post is about. This post is about the absurdity of the damn CDC claiming the blood clots are due to anxiety. It is worth noting that the kinds of blood clots that have been linked to the JJ vaccine are almost always fatal or severely life threatening. 

Comparing injecting something into your body is not the same as getting into a car. False comparison. 

I am not anti-vax by ANY stretch. But, I am also pro-informed consent. I think it’s reasonable for people to be a little skeptical of any new drug, vaccine, etc on the market. I intend to get the vaccine, personally, but I am also waiting until I feel comfortable with the data. I’m not yet. COVID poses such a low risk to me it may as well be 0. My parents, on the other hand, are a different story. Their risk is significant if they catch covid, so the risk the vaccine poses to them is minimal compared to that.",5.0,Conservative,2021-05-01 14:34:25
"&gt;But, but science.
&gt;
&gt;The vaccine works! But wear a mask even if fully vaccinated. Because science. 

The truth is, most of will likely be safe with just a vaccine and not need to wear a mask.

However things to note is that the vaccines are still new and the efficacy of each is still being learned.  Some people who receive the vaccines do not develop anti-bodies.  Some vaccines are not as effective against certain strains of COVID.  For some people vaccines may only offer limited protection.  Some people may no understand that it takes 4-6 weeks before their vaccine offers them its full protection.  All of these things and more are thought about when directing people to get vaccinated and continue to wear a mask.

The fight against COVID is all about odds.  On a personal level most of us will be safe.  We only have to roll the dice once.  But when there are 330 million of us, some of us are going to roll the dice and come up crapping out.  And for each person who craps out is one more statistic that stops us from getting back to normal.",2.0,Conservative,2021-05-01 21:29:03
"Exhibit B:

If you don't engage in their ridiculous hypothetical (grocery store vaccine ID's), they'll regurgitate buzz words.


Common examples are, but not limited to:


Hitler
Nazi
Socialism
Communism
Cancel culture
Racist


Notice they don't ever really address their original statement, but instead attempt to shift the narrative to something they've seen get a response in the past. This is because they're not actually interested in any type of discussion. They're only looking for affirmation.


So instead of entertaining the idea that their statement may have been a bit farfetched, they just scream louder. They'll call you a Nazi, or complain that you call them Nazis, but it's all an act. They've been doing it for so long they might not even realize it anymore. Their only tactic is screaming louder and making accusations.


If their accusations are found unsubstantiated, they cry ""FAKE NEWS"". They're convinced they are both the silent majority and victims of an anti-white agenda. They hate the MSM but love FOX. They hate the elite but idolize a billionaire conman. They're walking, breathing paradigms. Tucker Swanson Carlson segments with legs. 


They're not interested in debates. They just want to name call and bait. Let them cry themselves to sleep.",6.0,Conservative,2021-05-03 00:40:56
"So then you disagree with the Supreme Court ruling that stated that a bakery was allowed to not make cakes for homosexual couples? Keep in mind gay people are a protected class, whereas anti vaccine people are not.",2.0,Conservative,2021-05-03 19:28:47
"&gt;So then you disagree with the Supreme Court ruling that stated that a bakery was allowed to not make cakes for homosexual couples?

That is a first amendment issue regarding freedom of religion, not at all relevant to the topic we are discussing.

&gt;anti vaccine people

Not getting 1 vaccine out of dozens does not make you anti vaccine, in the same way my hatred for the NYGs doesn't mean I hate the other 31 NFL teams.",8.0,Conservative,2021-05-03 19:31:58
"Full disclosure, I am not anti vax, I love vax. I'm having a really hard time understanding what the point of these anti ""vaccine passport"" laws is. It's not like if your state bans this idea you'll be able to travel to places that require proof of vaccination. The EU isn't going to be like, damn Iowa says it's cool, so now it's cool. As I understand it, all they do is giving the thumbs up for possibly infectious people to visit your jurisdiction. Is it all just chest puffing and screaming into the wind? Don't they accomplish the same thing by not doing anything? It's not like a vaccine requirement is going to fall from the sky into law without the legislature acting.",16.0,Conservative,2021-05-03 19:36:11
"I feel like you think you’ve checkmated this discussion, but in order to do that, you actually have to read my entire original reply.

I’m not anti-vax.  I firmly believe in fully inoculating ourselves.  TB.. Polio.. Small Pox… All  those vaccinations that are required to attend school; I’m all for it.  I’m even for this vaccination if you personally trust it… 

But all the other vaccines I’ve mentioned have all been on the market for decades.  We know what the data looks like on them… We know that those vaccines have been thoroughly vetted.  You can not tell me that we have long term data on this vaccine, because it takes years to roll a drug into production specifically because we wait on that long term information. This virus has been around for less than 1.5 years.  The vaccine has been in trials for less than a year.. the vaccine has been on shelves less than 6 months. 

 
We have no idea what the long term effects will be. 

Ergo; Nobody should be forced to receive a vaccination or a drug without knowing what the long term effects are.  People should be able to make an informed decision.",4.0,Conservative,2021-05-04 00:17:12
"You're treating governments like the smaller they are, the more we should let them abuse our rights. That's an anti-american stance. There are federal institutions and systems that check the power of local governments, for example I mentioned the constitution and SCOTUS. The governor is acting in this manner now as he is using state authority to prohibit active emergency orders (excepting substantial justification/proof) that cite covid as a basis. This puts a burden on local governments to actively prove why they need to remove our constitutional rights rather than presuming covid is still enough justification. This seems like an appropriate time to shift back from a presumption of solid justification since vaccine distribution and knowledge about covid are extremely widespread now (and government funded), and given all the covid stats are low, especially deaths.",1.0,Conservative,2021-05-04 02:40:41
"It’s anti-jabbing the entire world with an experimental vaccine, not anti-vax. Don’t get it twisted because Reddit told you to.",13.0,Conservative,2021-05-04 03:48:25
"Let’s start with the fact that unvaccinated people aren’t a protected class so refusal to admit someone to their business isn’t discrimination. Even if someone can’t get vaccinated for a legitimate reason (ie allergic to vaccine ingredients) they aren’t covered under the ADA as long as the business allows for acceptable alternatives (ie online shopping or an employee getting items instead of someone entering a store). 

The “good of society” is a relative term. It was “good for society” for the Midwest and the southern states to stay closed more to prevent rampant spread of the virus but it wasn’t and here we are.

It isn’t up for the community to decide what’s good for a business owner. The courts will decide what they may but it’s not unreasonable for businesses to require stricter guidelines in a pandemic to limit legal liabilities if they chose to.  Lord forbid someone get sick and die from the “free thinkers” who choose to go into a place and the business is held responsible.

Government telling private entities how to run the free market seems to be anti conservatism at the core based on the common understanding of it so I find it odd that it’s celebrated here. Maybe it’s just me though...

Oh and downvote to not spoil your expectations of me. Sorry for responding and ruining that one though",2.0,Conservative,2021-05-04 04:03:06
"“Cult of anti vaxxers”...you do realize most of those who don’t want this vaccine are not anti vax, just anti *this* vax right? It’s absolutely insane to berate and look down on those who are hesitant to take a brand new vaccine whose long term effects are completely unknown at this point. This isn’t something that has been proven 100% safe and people are refusing it, this is something that could end up causing serious long term damage and people would rather know this before taking (or being forced to take) it. In fact at this point I’d say those holding off to see are the more intelligent ones in this situation.",5.0,Conservative,2021-05-04 04:04:23
"*Cult* of ANTI vaxxers?

Which group is posting their vaccine selfies and gloating about ""getting the jab,"" while often being completely healthy young people, with damn near zero risk of serious effects from the virus itself?",6.0,Conservative,2021-05-04 04:07:49
"I agree 

 we know for certain that the IFR for Covid for 12-15 year old's is 1 in 100,000. 

What we don't know is what the long term effects of these vaccines could be for pubescent children.  The human body Contains about 2 million different proteins we don't know how this vaccine is going to interact with them, we haven't even mapped them all.  One of the theories about the blood clots associated with the J&amp;J vaccine is that the modified Spike protein they used is similar to platelet factor 4 and is causing an autoimmune response on platelets. 

These MRNA vaccines are a new class of medicine and we cannot know the long term effects they have.  This is why there is usually such a long development cycle for new medications,  it's also why they never (before this) test experimental drugs on pregnant women and children.

For 12-15 year olds the benefit of vaccination is infinitesimal and in my opinion does not out weigh the unknowns. 

Now to address your first statement 

&gt; but it’s due to this cult of anti vaxers that other humans have to suffer. 

if you have been vaccinated or if you have been infected than the science says you have nothing to fear,  you shouldn't be concerned about getting infected from unvaccinated people, you shouldn't be concerned that you are going to give it to someone else.  It is possible but highly unlikely. In 225 years of modern vaccinations this has never been a concern.  

Don't assume that people who question the ""Science"" are uneducated or illiterate.    Alfred Wegener was ridiculed for decades for proposing continental drift, but he was right.  Science only works if skepticism nurtured.",5.0,Conservative,2021-05-04 04:55:15
"Florida currently has the 5th highest amount of active cases of Covid-19 in the country and the 3rd highest population in the country.  What a fucking idiot, when the cases spike massively when everyone starts going to the beach he's going to be the only one holding the blame.  With the sheer amount of anti-vaxxers in Florida, the vaccine will have barely any impact.",0.0,Conservative,2021-05-04 12:11:13
I agree. I am not anti vax. Yeah Trump did a lot to speed things up by cutting red tape and betting on a vaccine that at the time hadn’t even been developed. Biden is reaping the benefits which is good for America so that doesn’t bother me. Fauci was skeptical of the timeline and was wrong about the vaccine timeline too. It does give me pause to think about the long term effects. That’s all I’m saying. Skeptics shouldn’t be demonized.,0.0,Conservative,2021-05-04 12:26:42
Yup I am aware. The Russian vaccine is even effective. Look I am not anti vax but I respect the decision of the American people to risk stratify their health. I am with you in that the chances of their being serious side effects in 10 years is small. But risk is risk and people have the right to make their own decisions.,2.0,Conservative,2021-05-04 12:43:58
"You know, more people would likely feel comfortable getting vaccinated if they weren't screamed at, belittled or accused of being anti-vaxx simply for sharing their concerns. That's not the way to encourage vaccination. It's like if I was ridiculed by my dentist every time I went in for a cleaning and he was shocked that I decided not to get further treatment. 

Most of us have not lived through something quite like this, before. We're numb to the flu and most of us get that shot every year. Most all the vaccines we got as children have been in use for a decade already. I think the most recently-made vaccine I've gotten was the HPV vaccine, which came into use in 2006 (at least that's when Gardasil was created - maybe there was another version before that?). I just got it last year. 

Now suddenly there's a brand new vaccine that's had limited testing. Now that I am NOT saying it's unsafe, that it's bad or that people shouldn't get ~~bacon gate~~ vaccinated (god damn you, swipe). Just that I understand why people are concerned and that I think it's unfair to call them fools for not automatically jumping at the chance to get the shot. 

People don't like having medical procedures forced on them. Imagine that 🙄 So get the information out there, be honest about the vaccines, and assure people that they can make their own choice. And I'm being more people would feel comfortable getting the shot.",1.0,Conservative,2021-05-04 19:51:18
"It's not anti vax to be cautious about a vaccine that was rushed....

Yea liberals are still stupid and anti vax",1.0,Conservative,2021-05-04 22:04:54
"Because an mRNA ""Vaccine"" is nothing like previous vaccines. It's a major misconception that one must be an anti-vaxxer if they don't support the experiment. I support any proven vaccine that accomplishes what it's designed to.",0.0,Conservative,2021-05-05 07:10:21
"Its pretty easy to tell when what hes saying is full of shit and when its somewhat plausible, but i find it more fun to actually research the few sources he actually gives.

Recently he had an episode talking about the covid vaccine causing some disease and sourced a microbiologist who turned out to be nuttier than the other anti-vax doctor that got famous. It was hilarious to learn what else this guy thought. Meanwhile, Alex was also one of the first people to point out the blood clotting problem with the J&amp;J vaccine, so even when hes way off base, he still cant be completely discounted.",56.0,Conservative,2021-05-05 20:44:21
"I was basically looking for whatever you categorized under the ""and more,"" since the travel ban is the only thing he ever touted with regards to his COVID response, so I was wondering what other things he did after the travel ban failed to keep the virus out of the country and we needed more guidance on what to do now that it was here, other than ""states will figure it out.""

I know the CDC has been providing guidance the whole time, much to his chagrin considering how he constantly undermined them, but did he for example denounce anti-maskers and advise that everybody wear masks, recommend strongly that people listen to experts, or anything of that nature?  Like any general guidance or maybe executive orders or something that he did in order to slow the spread and prevent deaths.

I'll watch the video now that I'm free though because I've not actually heard anything substantial about how his vaccine rollout was supposed to go, even from his most ardent supporters.  Usually they just go ""he had a plan"" and don't say anything more than that haha.  Thank you!",1.0,Conservative,2021-05-05 21:39:32
"Look up the mark dice video regarding Ben Shapiro on bitchute, I'm sure I can't post bitchute videos here but he's a sell-out, he's a vaccine nut and he was anti Trump from way back... he's all about the Ben Shapiro profit margin",-21.0,Conservative,2021-05-05 22:18:13
"Firstly, I have no clue why you think people need Facebook or Twitter to live a functional life. I don’t use either and have a very functional life, and indeed most businesses actively ban employees from accessing social media stuff at work, so these clearly aren’t essential utilities.

Secondly, people can absolutely use those services, just not in certain ways provided by the providers of those services (eg anti-vaccine or other stuff). In short they are not banning people from using those platforms generally, just from using them in certain specific ways, which is the right of any business.

Thirdly, you make this wild leap from concluding that if there isn’t a business of ‘comparable quality’ then property should be taken away. So if the best restaurant in town won’t serve me because I’m an asshole to everyone, then I get to take their business? Also, it’s interesting that you acknowledge that there isn’t anyone of comparable quality, whilst simultaneously trying to remove the means by which they ensure that quality (namely by removing assholes with bullshit views).

In short, you have no principles whatsoever, and - like most people who spout nonsense about liberty and freedom from government and the primacy of personal property and other libertarian buzzwords - you really just want the state to protect  you and your views, and to regulate and restrict those who don’t agree with you.

It’s so very weak and frankly is why people view your sort as a bit of a joke, because you, underneath all the macho posturing, you’re a bit of a cry baby at heart.",1.0,Conservative,2021-05-06 02:53:48
"&gt;The big difference between all those vaccinations and this one, is how properly vetted they are. They’ve been on the market for decades. We have an incredible data set that allows me to properly asses risk before taking it.

This vaccine is built on the backs of all the other vaccines that came before it.  Do you really think this vaccine is so different that it would cause severe medical problems due to ignorance?

&gt;I’m only anti taking anything that has only been on the market for six months. Just look to [Thalidomide](https://en.m.wikipedia.org/wiki/Thalidomide_scandal) as an example of what happens when you don’t wait for long term data to come back. Or [DDT](https://en.m.wikipedia.org/wiki/DDT)…. or what the [average time](https://www.brightfocus.org/clinical-trials/how-clinical-trials-work/phases-clinical-trials#:~:text=The%20timeline%20for%20clinical%20trial%20phases%20might%20look,3%20Clinical%20Trials%20%28combined%29%3A%206%20to%207%20years.) of bringing a drug to market is.

FFS, the regulations that came about because of the Thalidomide disaster is the reason why your claims about being hesitant are not credible.

Part of the reason for why the average time of bringing a drug to market is so long is due to small number of volunteers.  2020 had a very high level of interest and by a large number of people to get the vaccine and due to the large global cooperation surrounding the data means they could move much faster through the clinical trials.

[COVID-19 vaccine: How was it developed so fast? (medicalnewstoday.com)](https://www.medicalnewstoday.com/articles/how-did-we-develop-a-covid-19-vaccine-so-quickly#Safety-monitoring-after-vaccination)",1.0,Conservative,2021-05-06 15:58:11
"Dude not an anti vaxxer just anti forced vaccine. I already said who should get the vaccine and for everyone else they should assess the risk and make decision for themselves. If you disagree your just a nanny state liberal. 

If some one asked me if they should get the vaccine I would ask Are you over 40? Are you overweight? Do you have any conditions that would make Covid especially deadly to you? If no to all those make a personal decision as to whether you think it’s worth it.",2.0,Conservative,2021-05-06 16:39:30
"Trust me, you don't want to catch COVID. I've had it, my girlfriend had it, her mother had it three separate times (she works in the medical industry), and her grandma was killed by it. While not lethal for most people, it SUCKS. You have no energy, your whole body is sore, you have constant fevers and headaches, you can't breathe properly without extreme pain, and worst of all in my opinion is that you can't taste or smell anything. Everything tastes like flavorless mush and it's downright depressing. And you have to deal with it for two to three weeks. 

Also, it's not a guaranteed immunization if you've already caught it by any means. There are several different known strains, and the vaccines cover all of them while catching one strain does not make you immune to the others. In fact, you're not even fully immune to the same strain that you already caught. As I said earlier, my girlfriends mother caught COVID three separate times over the course of a year. 

Just do the smart thing and get vaccinated. It isn't even a liberal vs conservative issue, it's a smart vs stupid issue. My parents who are both hyper-conservative and rapidly approaching 70 years old both have been fully vaccinated, and have had zero adverse side effects. Many of my friends have been vaccinated as well, again with zero adverse side effects. All are staunch conservatives, both fiscally and socially. I'm scheduled to get my vaccine as soon as I'm cleared to (you can't get it within a certain time period of catching COVID apparently).

Anti-vaxxers, no matter their political alignment, can go pound sand. If you have genuine concerns about the validity and dependability of the vaccination after thorough research and investigation, that's fine and it's your choice. But just saying ""I'd rather catch the virus to get immunity"" is not an educated and informed opinion, similar to those who hilariously believe that the vaccine has microchips in it.",-1.0,Conservative,2021-05-06 19:44:04
"Again you try to lump everyone into anti vaccine because you are trying to undermine those who aren’t willing to take this vaccine for good reason.


You certainly implied that it was ended by vaccines and it is completely false. Polio is not a respiratory virus and is not comparable.

There are plenty of healthcare professionals that are against forced vaccinations and plenty more that disagree with how this went down in it’s entirety. So which medical professionals are you listening to? The right ones? 

I am perfectly capable of reading and interpreting studies outside my own profession. And I happen to know several PHDs in the pharmaceutical
Profession who are waiting before taking the vaccine.

You are avoiding saying it but I’m confident that you believe that the vaccines should be forced. Well you can spout this all you want but when it comes down to it there is a significant portion of the population that will die on this hill, way more significant than those that died with Covid.",1.0,Conservative,2021-05-06 20:32:04
"Vaccines aren't fool proof. But there's basically a .01% you'll ever end up seriously sick or in the hospital.

Covid will always be with us just like the flu and common cold. 

Those that have wanted the doses have gotten it. I had been a staunch supporter of restrictions and lockdowns during the biggest waves until vaccines became available and those that wanted to get vaccinated got it. Supplies are now outpacing demand. We should be opening more stuff up. Too bad for the ""anti-vaccine"" crowd if they don't want to get it. They can stay home.",1.0,Conservative,2021-05-06 20:58:48
"Regardless of how it was released, accidentally or intentional, is moot at this point.  The evidence was destroyed way before anyone investigated.  The WHO was never concerned with the facts or the truth anyway.

Thankfully, China’s actions can’t be erased.  In the first weeks of the release, they were complicit in ensuring maximum impact on the rest of the world.  Restrictions on internal travel to/from Wuhan but not international travel, not accepting aid, mass appropriation of PPE prior to the onset of the pandemic, and finally threatening the production and shipments of US prescription drugs is not a cooperative government.  Later blaming the US, frozen food, and bats for the origin of the virus is right out of the communist playbook.  These are the actions of a child with their hand in the cookie jar not of a responsible government.

China limits those that criticize the government leadership while we allow super spreader events (riots, protests, and political rallies).

While this was going on, we were sending spare ventilators, anti-viral meds, and PPE to as many countries that needed it.  We paid for development of a vaccine and ensured it would be made available to the entire world.

China was rewarded with a US election of a geriatric puppet and a hypocritical buffoon that was the former AG of California.  Hopefully the true history will be recorded so that this doesn’t happen again.",55.0,Conservative,2021-05-09 14:34:01
"Lol the “conservative” snowflakes are triggered. Unfortunately the narrative of anti-mask and anti-vaccine has been shoved down their throats so we have lost all hope of herd immunity. They want this to disappear, scientists are like “hey we have a solution!” And they’re like “not that way!” So in turn we will be dealing with COVID for the next 5-10 years. Vaccinations in the US are under 40%. People are turning them down while people in India are literally dying because they don’t have the privilege to social distance or get vaccinated. It’s embarrassing.",4.0,Conservative,2021-05-10 01:13:08
"I don't even know how to respond to that.       

If you think conservative means let foreign entities attack your countries infrastructure, and you do nothing, you don't know what the word means.       

Even further no matter what politics you have, you don't let people attack your country.       

By the way Republicans created antitrust law and have always been the anti-monopoly party. We are against vaccine passports and largely want 1A to apply to the Legally protected online town square.         

Even libertarians would not be like, hey a foreign hacker group just killed gasoline distribution to the south east quarter of the country. That's either an act of war or an attack of terrorism.",-1.0,Conservative,2021-05-12 14:53:52
"Wow what a read

Here's the story:

Joe Biden, the phantom president, gave a speech recently that the world immediately little noted nor long remembered.

For the doddering, barely ambulatory, linguistically challenged Biden, his first address to Congress was intended as a substitute State of the Union speech, but like everything else he does, it fell as flat as he nearly did when scrambling up the steps of Air Force One back in March.

So let me help our poor president out: the state of the union is terrible, and getting worse. Examples abound:

• Russian hackers apparently just took out one of the most important pipelines on the East Coast, and it’s taken the administration more than a day to respond to this direct assault on our national security. But what’s the rush? The anti-American “progressive” left hates the oil industry anyway and is busy plotting an oil-and-carbon-free future for Grass Hut America, so overall, it’s a net plus!

• The American birthrate has now fallen for six years in a row, to a record-low 1.64 babies per woman. Some blame this on the dreaded COVID, but it would make more sense for births to rise, given that couples have had more than a year of snuggle time while riding out the “pandemic” and collecting government checks.

A more likely reason is the non-stop barrage of propaganda from the anti-human left, whose refrain has long been “how can you bring a child into this world?”—a world, by the way, they’ve been doing their best to ruin for more than half a century with abortion, divorce, and latterly, child sex-change operations.

• Speaking of COVID—caused by the CCP virus, which most independent authorities now agree could have been hatched in a lab in Wuhan—the practically state-run media is now openly fretting that vaccination rates are leveling off as Americans begin to ask themselves whether they want to voluntarily take part in the biggest real-time laboratory experiment in history.

And now, the FDA has authorized the Pfizer vaccine for use on children aged 12-15—a group that is essentially immune to COVID-19 anyway, while Washington—in collaboration,
 National-Socialist-style, with its media, tech, and corporate lackeys—will soon turn to vaccine passports, brothers under the skin of the old Soviet system of internal passports.

“The Food and Drug Administration on Monday authorized use of the Pfizer-BioNTech Covid-19 vaccine for 12- to 15-year-olds in the United States, a crucial step in the nation’s steady recovery from the pandemic and a boon to tens of millions of American families eager for a return to normalcy,” cheered The New York Times, the American equivalent of the USSR’s mouthpiece/newspaper Pravda.

• Around the country, especially in Democratic-dominated states, “homeless” encampments have sprouted like kudzu. The famed Venice Beach in Los Angeles now resembles the anarchic opening “Dawn of Man” scene from Stanley Kubrick’s film, “2001: A Space Odyssey,” with vagrants, derelicts, and hobos viciously attacking and beating residents and each other.

Meanwhile, across town in Angelino Heights, work crews just removed more than 35 tons of human biological and hazardous waste from Echo Park Lake and its surrounding park, which is similarly bristling with brand-new tents and, no doubt, cell phones.

• Meanwhile, “anti-racism” mania has now turned its sights on technology and discovered “techno-racism”—an unwitting and unintended discrimination against “people of color” that is, according to CNN, “baked into some of the technology we encounter every day.” The reference is to the difficulty some facial-recognition systems encounter in distinguishing between and among black faces.

“Even when tech developers and users do not intend for tech to discriminate, it often does so anyway,” says one critic. “Technology is not neutral or objective.”

• On the foreign-policy front, Russia is about to gobble up whichever bits of Ukraine it still desires, the communist Chinese just had a chunk of space debris crash-land in the Indian Ocean, and the manifestly unqualified Vice President Kamala Harris, has thus far managed to foul up the one job she has: the entirely Biden-made crisis at the U.S.–Mexico border.

Coming Apart

In short, things are coming apart and there’s no help in sight.

In 1920, just after World War I had come to an end, the Irish poet William Butler Yeats published what is likely his most famous poem, “The Second Coming.” To a shell-shocked populace stunned by four years of brutal slaughter, the world had indeed spun out of control:

Turning and turning in the widening gyre
The falcon cannot hear the falconer;
Things fall apart; the centre cannot hold;
Mere anarchy is loosed upon the world,
The blood-dimmed tide is loosed, and everywhere
The ceremony of innocence is drowned;
The best lack all conviction, while the worst
Are full of passionate intensity.

That could well describe our world today. The worst—the international, cultural-Marxist left—are indeed full of passionate intensity: an intensity fixated on destroying the old order “by any means necessary,” as their favorite saying goes.

In the half-century I’ve been interacting with them, they have pulled down the pillars of the American nation-state, wielding our own laws, customs, and Constitution against us.
“Mere anarchy,” indeed.

But anarchy is what they’re after, and always have been. One by one, they’ve eroded or even abolished constitutional protections such as freedom of speech, religion, and assembly found in the first amendment.

They’re publicly gunning for the Second Amendment now, and over the course of the post-FDR period have rendered the Ninth and 10th Amendments (which were intended to establish expressed powers/limited government) as nullities.

Now, in a capital still ringed by barbed wire, a confused old man sits at a desk signing “executive orders” designed to overturn any vestiges of his predecessor—whose aim, you may recall, was to “Make America Great Again.” The economy boomed, the nation became energy self-sufficient, race relations had at least stabilized, the Middle East was moving toward stasis, and both the Russians and the Chinese were under no illusions about our international intentions.

And then came the election and huge blunder of Jan. 6, and it all vanished. Well, as they say, elections have consequences.

“Surely, the Second Coming is at hand,” writes Yeats in the second stanza of his great poem. But be careful what you wish for: “And what rough beast, its hour come round at last / Slouches towards Bethlehem to be born?”

If you thought Biden’s first 100 days were bad, you ain’t seen nothing yet.",2.0,Conservative,2021-05-12 19:32:19
"I see. So a large percentage of anti-maskers, anti-vaccine and other COVID-deniers are growing “discontent” with an epidemiologist. Where’s the news here?",21.0,Conservative,2021-05-12 22:18:29
“It’s Donald Trump and his anti mast and anti vaccine sycophaths” you don’t realize Trump pushed that vaccine harder then Biden right?,2.0,Conservative,2021-05-13 15:19:01
"I'm sure they have been wearing N95s and will continue to do so until herd immunity is reached.

That being said, anyone that **can** get the vaccine, **should**.  And if you choose not to, well...it'd be nice if you wore a mask to prevent spreading it.

If you can't do that...at least you're only hurting yourself and other unvaccinated anti-maskers.",-25.0,Conservative,2021-05-13 23:59:46
"The firestorm on Twitter this morning has been amazing. Frankly, the left has been anti-science on all matters COVID for a while now, especially regarding outdoor masking, effectiveness of the vaccines against variants, surface transmission, transmission post-vaccine and a host of other topics while using anecdotal evidence or ""dude trust me"" rather than actual data to justify their increasingly paranoid attitudes. The reaction on the left to this is pathetic and shows their ideas were never based on science to begin with.",13.0,Conservative,2021-05-14 14:48:53
"It's your opinion and that's why you don't think it's wrong. It's just that people might not always agree with it. I'm ok with you not agreeing with me, but I base my answer on logic which has shown how your argument is flawed. 

Even you contradicted yourself about how it's not fair to assume 40% of the people refused because that wasn't said, but then you go make and assumption that all people who refused the vaccine would never get it.

There is a difference between refusing something at the time and being completely against it or anti vaccine. That's the part you aren't grasping and why you are wrong here. You used that as your main argument, but yet you don't realize why 40% of people who work under Fauci not have the vaccine is important.",0.0,Conservative,2021-05-14 23:11:50
"I think the issue is that the headline is suggesting that 40% of the people are completely against it or anti vaccine vs the definition you are providing of refusal. It's a sensationalist headline that is leading the reader to assume something that is not true. Which is the issue.

The person that wrote this headline wrote it with the intention that people would assume that there are employees under fauci that are proactively against the vaccine which causes doubt. Because if people within his team are opposed to it, then there must be something wrong with it that they are not sharing.

The only reason your answer might stand on ""logic"" is because you are defining ""refusal"" differently than most people would interpret it in this context. Sure, you can argue that someone not proactively getting the vaccine is a ""refusal"", but the way I would define refusal in this instance is someone proactively not getting a vaccine. 

For example, imagine if they had a mobile vaccine cart that literally drove up to someone and all they had to do was spend the two seconds getting the shot in their arm and no other work was required. You have person A who says yes, I was procrastinating and hadn't gotten around to it yet, I will get the vaccine. Then you have person B who says no, I don't want the vaccine (whether its because they are hesitant, or full blown anti vax).

Leading up to the mobile vaccine cart showing up, your logic viewed both person A and B as refusing to get vaccinated. My view was that person A was never refusing it even though it was available to them, they just procrastinated and hadn't taken the time to do it yet but person B is refusing it. Sure, person B can change their mind down the road but the are proactively refusing it right now which is the main difference compared to person A.

But in the end, you cannot logically disagree that this headline was written with the intention to have people believe that 40% of these people are opposed to the vaccination and do not have any desire to get it. That is purely assumption with no factual evidence to support it.",1.0,Conservative,2021-05-15 00:22:02
"Wow, 200 whole people! 

The polio vaccine scientist who decided to give it away for free would probably be a little unnerved by the modern anti-vaccine movement. 

Muhammad Ali would be considered an anti-American Marxist today and he pretty much was in his day. 

Pretty sure Trebek was a democrat too

I’m actually surprised Biden stopped this one given the liberal tilt of the 200 people",-2.0,Conservative,2021-05-15 01:15:41
"DJT should not run in 2024. IDGAF he wants to make money off politics by fundraising, BUT praise the lord if he doesn't run. I'll give you my takes on why Ron De Santis is Mr. Perfect for 2024.

1) It's obvious, Trump was a polarizing figure, every opinion on politics has to be either do u love him or do u hate him. That was a litmus test for everybody. He made politics about him, on the R or the D side. Say Mitt Romney &amp; Cheney, these are people that the democrats called neocon Christian extremists back a decade ago, now they are heroes to the Democrats. Tell me how weird it is, that a House member from the R side is getting non stop news coverage just because she said she hates Trump-can anyone tell me who the 3rd house member was back in 2015? See nobody cared back then, they only care now because it's a desperate attempt to bring the orange man back. DJT is the single biggest lightning rod - if you say something nice about Trump you're cool, if you don't you're cool to the democrats. And I know all of you are tired of it, I'm tired of seeing the same "" but Orange man bad"" talking points. I'm tired of refuting it, I'm tired of explaining to people ""Trump was bad, but can we move on"". I know all of us have seen the SAME talking points, ""orange man bad so vote democrat"" - online especially. This is the worst thing that can happen about politics - that obscures policy or any rational debate. Not just politics - it's culture now, it's everything. This is why the democrats DESPERATELY want the evil orange monster - who happens to be banned from internet, who happens to be retiring at his mansion, who happens to have 0 influence whatsoever, who happens to put blogs online is SOMEHOW A THREAT to the party. Go on CNN's youtube channel. Liz Cheney got more coverage than Israel Hamas conflict. Even the BBC was covering Liz Cheney which is the most funniest thing that I've ever seen. Why do international media care about what happened to the 3rd house member of a minority party in another country? Just tell me how ridiculous it sounds. Again, the same thing. The same thing. DJT is evil, DJT is lurking in the shadows, DJT will run again.  

2)That brings me to Joe Biden. Biden seems to be playing cool, he's only policy is being anti - Trump. But here's the deal. It doesn't last long, Trump isn't gonna be on the ballot anymore. He was handed a vaccine when he entered. Now the real policy questions starts. Inflation, tax, border, etc NOTHING drives republican turnout than these issues. And here's the thing about Trump. Why is everyone so SURE, that DJT will run again? Just because he said so? Because the media is covering him daily? Do u see CNN covering Trump in 2023 ?Who are these people who are so 100% sure that DJT will run again and win? By 2023 he might be irrelevant. Hillary was supposed to win 2016 but Trump happened, Trump was supposed to win 2020 with a booming economy BUT covid happened. So what if Trump becomes so old that he can't hold rallies anymore? Sure, he might before 2022 but all that is just R's using his name for money, Mitch McConnell said himself. Are people that delusional to see a 78 year old man holding rallies for the presidency? Who are these MAGA folks who are sleeping in their MAGA hats? Trust me if the economy booms like crazy, Biden will win, Trump will lose - because - ""It's the economy stupid"". BUT here's a big but here, if inflation continues then there's a different scenario. How long will inflation last? Is it a short term thing or long term? Or Biden can wave his magic wand and make it go away. What if Biden doesn't run in 2024? What if Kamala runs, every polling has her below 45. What if , what if, what if? 

3)Biden's victory was a political drive by - he was the anti Trump vote. I have friends and teachers who don't know shit about politics but trump was just repulsive to them and Biden didn't scare them as Hillary did - these people don't even know who Joe Biden's wife is - they voted for the first time and I'm almost certain they won't vote for Biden next time around - they literally don't care what Biden says, stands for, policy, etc. Who we must be focusing on is Joe Biden. Joe Biden is great only because he's anti Trump, Joe Biden's real test has just begun, Joe Biden definitely sucks he's allowed to exist as only Joe Biden - funny how liberals claim he's the next FDR and 50% approval - really bad for someone who is presumably the most popular president and got lucky to beat one of the unfavourable president, I cannot tell you how delusional liberals think they think R's have become weak and D's are strong ( when in reality THEY BARELY HAVE A SLIM MAJORITY). A tied senate, 7 seat house difference, etc. If Biden does an okay job and wins I'm sure everyone agrees that Biden will NOT last in his 2nd term - Jimmy Carter is 90 yr old, Biden would be 82 by then. I think he will last his first term, and campaign. If he wins, he will grant the keys to Kamala, just don't see Kamala running alone. If Kamala runs THIS WILL BE A GOLDEN EGG laid by Biden. This is why Ron De Santis MUST run. He doesn't scare moderates like Trump does - it's been PROVEN. He's above water with independents. Ask people why they're moving to Florida. What's the MSM gonna attack him on - ""Oh he's a carbon copy of Trump"". It's not gonna land. He counters all the attacks that Trump couldn't bear - spoonfed inherited wealth, crazy on twitter, KNOWS how to handle conflict, KNOWS how to handle influence, KNOWS how to own libtards and make them squirm, has 0 flaws and what will MSM do? Predictable shit like racist and sexist.

This is why I advice all the people on this SUB to tell their family members about Ronald from Florida. Everyone market Ron De Santis starting from today. Make people talk about him more. RON DE SANTIS 2024!!!!",1.0,Conservative,2021-05-15 08:00:00
"That's fair as well. I do think it was the downplaying of the virus and it's chances of spreading when everyone in the world knew it wasn't going away that led to people not giving credit to the previous admin. Although those 2 things (vaccine implementation and rhetoric in March 2020) are very different it gave them (democrats, anti trumpers) the ammo they wanted to give no credit to trump. 

And agreed the bin laden thing is completely different. That's why I chimed in there. Presidents should not take credit for the work of our great military members, no matter the target.",2.0,Conservative,2021-05-15 15:14:45
"Not getting the vaccine does not make someone an ""anti-vaxxer"". There are lots of reasons not to get the vaccine besides fears of side effects and 5G towers growing out of your ass.",1.0,Conservative,2021-05-15 16:26:04
"The reason I ask is less to do with anti-vaxers, more to do with keeping public school accessable for everyone. I'm a disability rights advocate, and halting public school vaccine requirements would heavily impact the already underserved populations I work with. 


Under the current system, vaccines (or a medical excusal) are required to attend the campus of a public school. If we stopped requiring vaccines to attend, there's a strong possibility that the vaccination rate of the general population would drop, whether from antivax ideologies, or people just generally not being bothered/taking boosters less seriously in younger children. We already hover pretty close to what is the critical percentage of the population you need to be vaccinated in order to contain outbreaks effectively. If outbreaks of certain diseases because commonplace in schools, children who previously attended under a medical exemption (who cannot recieve a vaccine because of immunity issues.... and who would likely die from a serious inflection like measles) would effectively be forced out. 


In my mind, that's not very fair to the children/families who have no other means of educating their medically fragile children. Parents who don't want to vaccinate still have the choice to not send their children to a public school, but children who cannot be vaccinated don't get the same luxury of choice. They didn't choose their medical status. Not everyone has the resources to homeschool, and some kids just need an in-person environment to learn. I don't personally believe an individual's choice not to vaccinate should make it so that a certain percentage of the population has to choose between risking their lives or not getting the free and appropriate education they are entitled to by law. To me that is the opposite of freedom.",-1.0,Conservative,2021-05-15 23:28:56
"Well, a few things. 1) Vaccine isn't 100% effective. I don't like Bill Maher much, if at all, but he's vaccinated and he just got it. 2) Variants. I'm vaccinated, and I want to try and limit chances at mutation, because I don't want this to become a seasonal thing. Now realistically will it? Yeah, because people are buying into a lot of anti-vax BS. But still, we have such a unique chance to stop a pathogen dead in it's tracks here, and alter history for the better.",-15.0,Conservative,2021-05-16 00:21:25
"Unfortunately that is right.    I’m seeing in some of the lib subs how’re they think people are saying ‘my body my choice’ about the vaccine seriously, being all ‘stupid anti vaxxers don’t see the irony of their statement after opposing abortion for years....’

Yeah dumbasses, we are saying it ironically, y’all are the fucking just too damn stupid to realize.",10.0,Conservative,2021-05-16 00:38:26
I don’t see how the definition has changed. Hesitant about an experimental vaccine is not anti-vax.,1.0,Conservative,2021-05-16 02:17:46
"You don’t have to accept the label. You can say that’s an improper use and if your argument is reasonable, people accept it. The more it’s applied anyway, the less it will have meaning. Similarly, “racism” means nothing anymore in a way other people understand. 

Was that an updated definition? I think that’s true for most anti-vax in terms of mandating proof of vaccination in schools. I agree with these mandates for legitimate vaccines like the measles vaccine but not with covid nor flu.",1.0,Conservative,2021-05-16 02:33:57
"Don't get me wrong, I don't think we have beat COVID yet - I am just as concerned about it as the next guy. But you also have to consider that the US was on a general upward trend in cases at the beginning of the summer, and at that time, it looked like it was the second wave, prompting Biden's messaging. Now, the US is on a sharp downtrend in cases. Also, 36% of the US population has been vaccinated so far, versus only 4.4% of the population of Singapore - Singaporeans are at a much higher risk of infection than we are due to that fact. Since Singapore is smaller, a lockdown would be much more effective there than in the US. A lockdown in the US would never work, because you and I both know there is a vocal minority that will never comply - just look at all the anti-lockdown protests that happened this past summer. Those weren't even full lockdowns.

You can say that the vaccine isn't as effective against the variants as they are against the original strain, but no vaccine is truly fully effective. So far, trials and recent real-world studies of the vaccines have shown its efficacy and that they are working to slow the spread. As long as the population gets vaccinated, I don't see why the CDC can't make that call now, considering how well the US has mobilized vaccinations.

I will admit, however, that this recent guidance seemed more politically motivated rather than based on the science.",4.0,Conservative,2021-05-16 05:19:14
"There are plenty of people who are hesitant to get the vaccine, for a variety of reasons. 

The people who are strictly Anti-Vax, those people were trump supporters.",2.0,Conservative,2021-05-16 23:07:42
"This article is basically confronting a collectivist argument with an individualistic argument when it comes to vaccines. This country has become so individualistic and anti-collectivist that it actually harms individuals. 

Not getting the vaccine is both the wrong decision for the collective and for the individual. It's absolutely irrational to refuse the vaccine, especially after it is shown to be safe and effective, and magnitudes safer than the disease it prevents. 

It's simply self preservation to get the vaccine, but people are refusing it out of spite because they are children who don't want to be told what to do. This isn't intellectualism or even concern for safety. It's spite.",-19.0,Conservative,2021-05-17 09:48:59
"Food for thought:

I’m a fiscal conservative, social moderate who seems to be in the minority within my own party when it comes to mask wearing. I believe in freedom and personal responsibility, but in this case, I think mask wearing is the responsible thing to do. 

If it means I’m less likely to get myself or my family sick, or accidentally get someone else’s family (especially children) sick by wearing a mask for a few more months, I’m happy to do it. But it seems like many conservatives vehemently disagree on this point which brings me to my conspiracy theory...

What if the CDC is suggesting lifting the mask guidelines for those who are vaccinated with the full expectation that many of the diehard conservatives will not get the vaccine and will also not mask up? (Aka will lie about being vaccinated and unmask)

The COVID-19 virus is still very prevalent in the general population so when we start taking the masks off there’s very likely going to be a spike in cases, especially in the unvaccinated. 

It sort of makes you wonder if they’re hoping a bunch of anti-masking Trump supporters will get it and take each other out to thin out the voting block.",-30.0,Conservative,2021-05-18 03:57:17
"A vaccine can be highly functional and you can still catch the disease. 

So the anti-vaxxers are not only endangering themselves, but others that cannot take the vaccine, due to health issues. So the fallacy in your argument is their choice only matters to them, and it doesn't.",1.0,Conservative,2021-05-18 14:43:38
"I was vaguely aware of this and decided to read up on it to see how true/effective it was.   
 The article I read was at the following link from the History Channel: 

[https://www.history.com/news/smallpox-george-washington-revolutionary-war](https://www.history.com/news/smallpox-george-washington-revolutionary-war)

Some interesting parallels:

&gt;Washington eventually made the bold decision to inoculate all American troops who had never been sickened with smallpox at a time when inoculation was a crude and often deadly process.  
&gt;  
&gt;...  
&gt;  
&gt;Armed only with a primitive understanding of contagion and immunity, Washington had to decide between several anti-smallpox schemes, each with its own significant risks.  
&gt;  
&gt;...  
&gt;  
&gt;Variolization still had a case fatality rate of 5 to 10 percent. And even if all went well, inoculated patients still needed a month to recover. The procedure was not only risky for the individual patient, but for the surrounding population. An inoculee with a mild case might feel well enough to walk around town, infecting countless others with potentially more serious infections.  
&gt;  
&gt;...  
&gt;  
&gt;When Washington weighed the risks at Boston in July 1775, he feared that a large-scale inoculation would sideline his troops, or worse, lead to a full-blown epidemic. So during the Siege of Boston, Washington opted for a strict quarantine of both sickened soldiers and civilians. Civilians showing smallpox symptoms were held in the town of Brookline, while military cases were sent to a quarantine hospital located at a pond near Cambridge.  
  
“No Person is to be allowed to go to Fresh-water pond a fishing or on any other occasion as there may be a danger of introducing the small pox into the army,” wrote Washington on July 4, 1775, his second official day as general.  
&gt;  
&gt;...  
&gt;  
&gt;By the following winter, Washington and his troops were camped in Morristown, New Jersey, where the threat of smallpox was as dire as ever. America’s stoic general waffled back and forth on whether to inoculate or not, even making the mass inoculation order and then rescinding it. Finally, on February 5, 1777, he made the call in a letter to John Hancock, president of the Second Continental Congress.  
  
“The small pox has made such Head in every Quarter that I find it impossible to keep it from spreading thro’ the whole Army in the natural way. I have therefore determined, not only to innoculate all the Troops now here, that have not had it, but shall order Docr. Shippen to innoculate the Recruits as fast as they come in to Philadelphia.”  
&gt;  
&gt;...  
&gt;  
&gt;Thankfully for the Americans, the 1777 inoculations in Philadelphia went off without a hitch and without tipping off the British. Even more remarkable was that a second major round of smallpox inoculations was conducted in the middle of the infamously unforgiving winter of 1778 when Washington’s troops were quartered at Valley Forge.  
  
“Notwithstanding the Orders I had given last year to have all the Recruits innoculated, I found upon examination, that between three and four thousand Men had not had the Small Pox,” wrote Washington in January 1778, “That disorder began to make its appearance in Camp, and to avoid its spreading in the natural way, the whole were immediately innoculated.”

So Washington forced a lockdown and then forced all non-immune Soldiers to receive a potentially fatal vaccine (where the science was not well understood because it was still an emerging field) on not one but two separate occasions.  However, he only did this after heavily weighing the pros and cons of vaccination versus leaving the troops unvaccinated (another article said disease, not just smallpox, caused 90% of deaths during the Revolutionary War), going so far as to order the vaccination and then rescind the order before changing his mind and reordering the vaccination.",38.0,Conservative,2021-05-18 15:30:43
The problem is the mask guidance is for vaccinated people only.  Anti-vax and people that refuse to get the vaccine are still not going to wear masks even though the new guidance says they should continue to wear them.,11.0,Conservative,2021-05-18 16:40:15
"The only friend I have that isn’t getting the vaccine is a left wing anti-vaxer. My highly conservative father in law got it, as did most of the other conservatives I know. Im kind of a moderate, and most of my friends are moderates as well, all vaccinated as soon as we possibly could. Everyone I know is vaccinated, except for that one guy. Even his wife is vaccinated. Edit: except for the young kids, as they aren’t allowed yet.",0.0,Conservative,2021-05-18 16:56:25
"I am not getting an experimental vaccine. That's just the long and short of things. However, if I understand this article correctly, if I refuse a vaccine and thus do not have a vaccination card, I may be refused service. That brings me to my next point: bribes work.

I cannot think of a single person making $12.50/hr to poke people with a needle that wouldn't take $300 to fuck off real quick. I am not advocating that anyone does this. Just throwing it out there, $300 is a small price to pay not to participate in some kinda mass experiment.

Edit\* I am not anti-vaccine. I am anti-experimental vaccine. Vaccines work.",6.0,Conservative,2021-05-18 21:27:19
"Um, wasn't Kamala Harris the one on record saying she wouldn't trust a vaccine from the Trump administration?

Also, maybe the reason people weren't so big on the vaccine was for the longest time they still weren't allowed to take masks off or stop social distancing.  So basically the pitch was ""let us inject this experimental vaccine that we rushed through approval into you for no benefit to you since it won't change all the nonsense we make you deal with now"".

Can't imagine why people weren't so keen on getting it.

This isn't me being ""anti-vaxxer"" by the way, I'm fully vaccinated myself, I'm in one of the risk categories, and I also have constant interactions with my parents since they live close to me and have my daughter over to visit their house constantly.  In my case the vaccine was a worthwhile risk.

But if you are a healthy young person who doesn't have interactions with high risk people, the vaccine is not necessary for a disease that for them is no more dangerous than the flu.  We know this from the statistics of co-morbidities and age on the death rate.

But honestly when I see stuff like this.

""many in his cult""

we know that talking with you is kind of pointless.",1.0,Conservative,2021-05-19 14:04:22
"I genuinely can not wrap my head around the anti vaccine movement. It’s such a shame it seems to be conservatives that are behind it, gives the rational of us a bad name to be lumped in with them",61.0,Conservative,2021-05-19 14:44:02
"No. I just browsed there. There are a few decent posts/memes but it's way too blatantly ""anti vax"" for me. I'm completely fine with people choosing not to take the vaccine and I'm fine with people choosing to take it. I'm also completely unafraid of the virus because I'm not in any sort of risk group. If my work tells me ""you will be required to wear a mask at work unless vaccinated"" then that's enough for me to get the jab. 

But I'm absolutely not jumping on either side of NEVER VACCINATE or LITERALLY BAN PEOPLE FROM EVERYTHING UNTIL THEY GET THE VACCINE. Both sides are absolutely shit-house nuts crazy and I ain't about that.",8.0,Conservative,2021-05-19 15:18:39
"It's not a genuinely ""anti-vax"" movement though. It's a pro-choice, pro-bodily-autonomy movement. I'm not anti-vax (I would never try to stop someone from getting it if they want it), I personally just don't want this particular vax, and I don't want to be punished by the state for refusing. I'm young, healthy, not vitamin D deficient... and I probably already got covid and didn't even know (in which case I have natural immunity and don't need the vax anyway).

Plus we now know that the vaccine doesn't stop you from getting infected or spreading it - it just prevents the development of symptoms. So this whole ""Do it to protect others"" thing is complete BS - the vaccine is for your benefit alone.",8.0,Conservative,2021-05-19 15:32:03
"I am not anti-vaccines. I have had several vaccine shots in my lifetime. I am against monopolies of vaccines, quickly tested and greenlit through with zero legal redress allowed by law and which are being used as a 'key' to everyday activities I was getting along fine with anyway. 

It's funny to me that the biggest 'vaccine deniers' are actually rival vaccine companies bashing each other more than we conservatives ever did.",24.0,Conservative,2021-05-19 16:06:22
"I wouldn't say its anti vax. There's completely anti vax, and then there's being against getting the covid vaccine for now. 

My wife's a nurse, I'm in a front facing communications job - we're around a bunch of people and family. We didn't really alternate our lives outside of a few months last year before just getting back to normal. Luckily we live in Texas... but anyways, we both got our pokes as quick as we could around february and march, we trusted the data (or at least as much that was out by that point).

I also understand the people that are hesitant, because we truly don't know the long-term effects. For all we know there could be some ridiculous side effect that doesn't start until you reach X age, or it's in your system for X amount of time - and there's zero data to argue against that perspective, other than just trusting what's available now. 

95% of those people have every other vaccine available to them. They are just choosing to wait on the science. 

The ""idiots"" are the ones that think there's all sorts of crap in these things. I mean for one, the signal i get on my phone now is worth getting the shot for. from no bars, to 5G within days.",43.0,Conservative,2021-05-19 16:10:48
"My fiancé has a brain tumor that was found when she was young.  She went on chemo when she was a young teenager.  No body is still sure what the effects of chemo are on a person during that time period, and even the possibility of having kids has been questioned from her cancer doctors.

She's hesitant to get the vaccine as there isn't much known about long term side effects, and really doesn't want to put herself more at risk for not being able to have kids or something of the sort.  She's not at risk and is a fairly healthy person so there isn't much of a priority in jumping in to get the vaccine right away.

Additionally

&gt;I genuinely can not wrap my head around the anti vaccine movement. It’s such a shame it seems to be conservatives that are behind it

Anti-vaxx in general is a bipartisan problem not related to conservatives.  YOU only think they are conservatives because you spend too much time on Reddit getting told that.  I guarantee you that there are plenty of people who are very much liberal and haven't gotten the vaccine yet for whatever reason - just like conservatives.",0.0,Conservative,2021-05-19 17:49:59
"There is no such thing as 100% immunity and you know it hence why you ask to try and vindicate yourself. The vaccines don’t give you 100% immunity either so I guess we should all just lockdown and wear a mask for the rest of our lives. 

Or we can be reasonable and realize the intent is to reduce risk to a low possibility...which is already known to be the case for children and in fact healthy young adults as well. 

If you think children should wear masks and get a vaccine you are anti-Science. Sorry.",2.0,Conservative,2021-05-20 02:32:15
"Honestly members of the cult of caution and anti-maskers/anti-vaxxers are two sides of the same coin

If you don't have a vaccine wearing a mask doesn't make you a sheep as it does prevent the spread of disease in group settings. If you are vaccinated not wearing a mask is ok as you have a drastically lower chance of catching, getting seriously ill from, or spreading the disease.",1.0,Conservative,2021-05-21 21:32:27
"I would also argue that the studies have been done to show that voter fraud really isn't a thing. There's lawsuits happening now over the 2020 election that have turned up.... one republican using his dead mom. 

Karen's pretending to be vaccinated to go out while being anti-vaccine though? Pretty sure we've all seen that one.",18.0,Conservative,2021-05-22 21:50:38
"I feel like at this point is dumb to say they don’t. The vaccines available currently do an excellent job at preventing the spread of covid. 

I think the hangup most anti-vax people have at this point is the side effects/long term implications of the vaccine. Not saying I agree with a lot of it, but I respect people’s right to be skeptical.",18.0,Conservative,2021-05-23 15:51:26
"I wasn't talking about international travel or about anti-vaccine types. Other countries have the right to require vaccines in order to enter, but that's a different scenario. Tell me, do you honestly think that the grocery store, the coffee shop, or the hardware store has the legitimate right to ask for *any* medical information (not just vaccination  staus) from you at the door? That is completely unacceptable and a dystopian abuse of power. I can't fathom the audacity of people who would dare to ask such a thing. Those who would demand that from you deserve a broken nose. Outside of the school nurse and your doctor, your medical information is solely your business unless you intend to travel abroad.",2.0,Conservative,2021-05-23 22:35:48
"This is my biggest rub with every fucking claim that COViD vaccine caused something. Like, really... How many people lose their hearing on daily average? Has that number increased with the vaccine? No? Then correlation is not causation.  
Just like I told my nephew on FB when he posted his 100th ""anti-vaccine"" meme: ""We get it. You don't want it. Fine. But STFU about it. We got it, we wanted it. Enough rhetoric.""",11.0,Conservative,2021-05-23 22:48:06
"&gt;Also, the long term effectiveness is unknown.  
True.  

&gt; The ability to still spread is unknown.   

Technically, but it can be reasonably inferred that it is low due to the presence of antibodies. This is the case with any vaccine.  
&gt;The ability to still get covid is still there  

Which is the case with any vaccine because no vaccine is perfect. Usually you don't get sick at all, but if you do you get a mild case. This is nothing new. What is new is acting like we still need to follow draconian and often anti-science restrictions after being vaccinated. All vaccines produce the same net effect when it comes to their target disease.",3.0,Conservative,2021-05-23 23:54:17
