comments,score,subreddit,time_created
"Wait.....so illegal ‘migrants’ can pour into our country with zero need for passports or COVID testing and then be bussed and flown all over....again with no passports or testingZ. Also.....requiring photo ID to prove you are who you are for voting is also racist and oppression and suppression.  

But.......requiring a vaccine card for a barely fucking deadly virus for ALMOST ALL people that many have already had and have natural and robust immunity AOK and celebrated as the right thing to do?!?!?!

I FUCKING HATE 🤡 🌎 2021!!",1.0,Conservative,2021-03-29 02:16:40
"Yes it is. And I hate the idea of a vaccine passport or whatever they are planning. 

But understand that this decision is irrational and can have grave consequences.",1.0,Conservative,2021-03-29 19:47:01
I see nothing but hate for the vaccine passport idea with the exception of some China bots pushing it as a good thing. You can also literally print your own vaccine card. https://health.wyo.gov/wp-content/uploads/2020/10/2020-COVID-19-shot-card-2b.pdf,1.0,Conservative,2021-03-30 04:11:57
"Honestly if you think about this, it’s not really conservative. Forbidding private businesses on making policy is overreach in my opinion. I hate the idea of vaccination passports, but if a private business wants to require proof of vaccine, they should be allowed to do so. I’ll find businesses that don’t require them and let the free market sort it out.",1.0,Conservative,2021-03-30 10:49:28
"I think that what it comes down to is people just hate Anti-vaxxers and associate all the people who don't want the covid 19 vaccine as the same who don't vaccinate their children for measles.

I personally don't care either way for a vaccination passport because if people would actually just wear their masks and distance responsibly like they were supposed to we wouldn't be in this situation we are currently in. The people refusing to vaccinate are unfortunately in the same group of covid deniers who think that wearing a mask is ""tyranny"" and don't want to do it even in private businesses. 

I think an even better solution would be to pass a law that anyone who doesn't take the pandemic seriously and is acting irresponsibly should be punished in the conservative way...by letting your private health insurance companies refuse to pay for your treatment or drop you entirely. It's your right and freedom to choose not to wear a mask or work toward ending the pandemic...but why should your insurance company pay hundreds of thousands for you if you end up in the hospital?

Don't want a covid vaccine fine don't get one. But comply with the rules to protect others from getting sick",1.0,Conservative,2021-03-30 15:17:49
"This is really no different than showing proof of vaccine to get into grade school. As a die hard conservative, I seriously don’t understand the hate for the passport. 

I do think the passport is stupid and won’t fix anything, but I don’t HATE the idea of one.",1.0,Conservative,2021-03-31 03:13:17
"The left has successfully over the last several decades demonized corporations so much, I think these type of things get easily overlooked.  Hell, under Trump we got a major influx even on this forum of people who believe corporations have unlimited funds and are inherently evil and unfair.  

Yet, the US is one of the leading countries to distribute vaccine world wide.  It's the freedom we give private corporations and private investment people hate which made this happen.",-1.0,Conservative,2021-03-31 16:30:18
"Weird how it’s cool even on this sub to hate this man. Say what you want about him, but he is fearless and a fighter. Many conservatives are passive by nature (the whole “you leave me alone, I’ll leave you alone” thing), and it will be the downfall of this party, because the left doesn’t mind getting in your face and forcing you to wear a mask and get a vaccine passport. At least this man has a backbone.",-1.0,Conservative,2021-03-31 17:54:24
"&gt;Trump sent federal troops in when rioters were threatening federal employees and property, this occured most notably at that courthouse BLM/Antifa rioters were trying to break into/burn down. 

Yep! There were solid reasons, just like there are solid reasons for the NG being deployed in DC. Perhaps you forgot, but there was a pretty significant riot on the 6th of January. Again, not saying I agree with the logic, but there are clear parallels for both sides. ((Because both sides are 95% the same, they want to get rich and help out their rich friends that fund their campaigns. They don't give a fuck about you or me.))

&amp;#x200B;

&gt;to be able to freely move through your own country, while your ability to move freely is being questioned constantly 

Where is this happening in the US? I'm genuinely asking, what states or federal agencies have said that **travel** will be restricted if you don't have a vaccine passport? (If this is being proposed by the government I'm going to do a 180 real fast because I hate the idea of checkpoints inside our borders for any reason.)

I know plenty of businesses have talked about having these as a requirement. I hate that idea, but it is their right. I am a huge supporter of private property rights. That is literally the strongest association I have with conservative politics, so I am 100% in support of allowing businesses to decide their own policies as long as they follow the law. I'm not getting any COVID vaccines until they're fully approved by the FDA so I'd be banned from businesses that require proof of vaccination, but that's their loss not mine.

I genuinely apologize if I insulted you by asking about your service. You're right that you don't need to have served to care about it, but it seems like one of those things that only civilians would really raise as an issue because anyone who has been in knows this is par for the course. Dorms/barracks &amp; base housing are falling apart across the nation and have been for a while. I feel like if you served you'd know that shitty living conditions aren't exclusively found downrange.",0.0,Conservative,2021-03-31 19:22:53
"I don’t quite follow. It’s a disease that shouldn’t interfere with our freedoms. Yet it’s tyranny to take steps to prevent the spread. But also, we should hate on China for creating the virus, which isn’t a big deal anyway. And also, for good measure, Trump should get credited for developing the vaccine. Even though, it’s not that important to get, cuz Bill Gates created it for mind control.",0.0,Conservative,2021-04-01 00:15:11
"Are you kidding? You may not, but many of us know people who have gotten it and been extremely ill. 553,000 American families lost a loved one. The long haulers are not imaginary, and this new variant (B117) is sending younger and younger people to the hospital. I HATE working from home, and want kids back in school, too. This sucks for everyone. The ticket back to freedom IS the vaccine. So ya'll need to man up and get your jab. Trump did it. You can too.",1.0,Conservative,2021-04-02 05:08:51
"I mean NY already has one. I live here and I hate it so much, I told my family and friends we’d try to stay as long as possible but I’m really getting fed up with its politics. 

https://nypost.com/2021/03/26/nations-first-covid-vaccine-passport-coming-to-new-york/",1.0,Conservative,2021-04-02 12:08:56
"Well, you were pretty vague about ""dems pushing unpopular policies,"" and those are the two biggest things they've done in the last few months, so it's not cherry picking.
Vaccine passports haven't been a Democrat only policy proposal. Seems everyone from airlines to cruise lines to countries with borders (ie, all of them) are discussing the idea. Should you, and how would you, place restrictions on travel based on vaccination. It's a valid question, especially in a ****ing pandemic. 
Eh, prove it. More notable is how people hate Obamacare, but love the affordable care act, as if they're different.
And the first covid bill was a *huge* handout to special interests. Just think of the airlines that just had to promise not to lay off anyone for 5 months in exchange for *billions*",1.0,Conservative,2021-04-02 15:29:58
"I agree but the only way to prove you got the vaccine is with the vaccine passport, which this sub seems to hate",1.0,Conservative,2021-04-02 18:10:14
"Nah, you're confused. Democrats don't ""want vaccine passports."" Some businesses do, to protect their staff. Other countries do, to prevent travellers from bringing the virus. You're inventing a hypocrisy that doesn't exist. I've legit never heard a Democrat say ""wow I can't wait to show someone a piece of paper to enter a store!"" They're just not necessarily outraged about it. 


The only real hypocrisy here is how modern conservatives claim to hate government regulations and private business interference, but then cheer it on when it's an issue they care about.

You want the government telling bars and restaurants how to run their businesses, and that they can't protect their staff how they see fit? Consider joining the democratic party - they love regulations and government oversight over there.",1.0,Conservative,2021-04-02 20:18:16
"[Fauci told us not to change our behavior in Feb, you know, when he was advising Trump to say the same, and the democrats were turning it political to attack him](https://www.snopes.com/fact-check/fauci-nothing-to-worry-about/) I hate snopes, because they shill for the democrats, but even they had to admit he had fault.

[Fauci admits he has been lying about herd immunity to NYT, in order to try and keep americans getting the vaccine](https://dailycaller.com/2020/12/24/anthony-fauci-coronavirus-covid-19-vaccine-herd-immunity/) [NYT Original Interview](https://www.nytimes.com/2020/12/24/health/herd-immunity-covid-coronavirus.html#click=https://t.co/j18nUYZ3cV)
[Fauci Admits He's Been Lying to Us About Herd Immunity In Order to Manipulate Us](https://redstate.com/brandon_morse/2020/12/28/fauci-admits-hes-been-lying-to-us-about-herd-immunity-in-order-to-manipulate-us-n300795)
[Fauci admits to LYING about Covid-19 herd immunity threshold to manipulate public support for vaccine, moves goal post to 90%](https://www.rt.com/usa/510706-fauci-lied-herd-immunity/)

[Fauci lied about masks](https://www.msn.com/en-us/news/us/dr-fauci-made-the-coronavirus-pandemic-worse-by-lying-about-masks/ar-BB15zyW3)

Excerpt:
    
    Fauci... hinted that he knew masks worked, he just wanted any
    available masks to be saved for health care workers.
    “Well, the reason for that is that we were concerned the public health
    community, and many people were saying this, were concerned that it
    was at a time when personal protective equipment, including the N-95
    masks and the surgical masks, were in very short supply,” Fauci said. 
    “And we wanted to make sure that the people, namely the health care
    workers, who were brave enough to put themselves in a harm way, to
    take care of people who you know were infected with the coronavirus
    and the danger of them getting infected.”
    Fauci didn’t just fail to promote masks early on, he actively discouraged
    the use of masks, saying they didn’t work. Americans are now paying the
    price because too many people think masks are useless to combat the
    coronavirus. In reality, masks have been shown to help prevent the spread
    of covid-19, as the CDC now admits.


# Why do you want to trust a known liar, who not only advised the president, and by all accounts from the administration, lied?

The simple truth is that Faucci doesn't communicate what the truth is, only what he wants to manipulate Americans into doing. Faucci has blood on his hands. He knew early about the masks, and how they would help save lives during the initial spike, but he withheld the information. Probably getting hundreds of thousands killed or infected in the process.

Now he says to keep wearing them. In fact, wear two masks. What is he lying to us about now? 

[https://principia-scientific.com/covid-19-masks-causing-rise-in-bacterial-pneumonia/](https://principia-scientific.com/covid-19-masks-causing-rise-in-bacterial-pneumonia/) Principia Scientifica says that they cause Pneumonia when worn too long.

[NIH.gov says they were the cause of the greatest loss of life during the 1918 pandemic](https://www.nih.gov/news-events/news-releases/bacterial-pneumonia-caused-most-deaths-1918-influenza-pandemic)

Not only that, we have some anecdotal evidence. Cases are dropping in Texas, Florida, and every place they take the masks off and put their ""foot on the gas"". 


Finally, the number one reason, I know Dr. Faucci is full of shit and a liar? [He wrote about the effects of masks during a pandemic, staph and strep turn into bacterial pneumonia when you wear masks too long. NIH.gov ](https://www.nih.gov/news-events/news-releases/bacterial-pneumonia-caused-most-deaths-1918-influenza-pandemic)

You know, snopes wanted to bury and pretend that he didn't say those things about masks, but there is his research paper, from 2008, that literally says that. #followthescience.

I don't trust him. He's very clearly a partisan as well.",1.0,Conservative,2021-04-02 21:03:16
Exactly.  All Joe Biden did was say “look at him” and trash Trump.  Thanks to the media most people who had already gone into the “I hate Trump” camp likely weren’t going to leave no matter what accomplishments occurred.  That is exactly what happened.  The modern miracle of getting that vaccine done that quickly alone should have gotten him re-elected but they fact checked his claimed and called them false and nobody seemed to care.,1.0,Conservative,2021-04-05 10:20:44
"Vaccine passports restrict people who haven’t had the vaccine from doing stuff, like entering federal buildings, going to work, shopping at certain stores, etc. 

Most of the hate for it is due to the fact that you are restricted from doing stuff if you don’t have the corona vaccine, but they don’t enforce Flu vaccines.",2.0,Conservative,2021-04-06 16:39:24
"&gt; What you can blame is the misuse of lockdowns and a botched vaccine roll-out 

Is there any good use of a lockdown? I really hate that word now because every time I hear it I think of prisons and not a free society.

Blue state governors have proven we are not a free Society.  I keep forgetting about the 57th amendment to the Constitution which says everything in the Constitution is null and void in the face of a virus.",1.0,Conservative,2021-04-06 21:48:24
"I hate vaccine passports. I hope they fail. They are a threat to a free society.

From what I'm reading here it sounds like there's no basis for a six month booster right now. Maybe they will find at 9 or 12 months or if new variants occur it'll be necessary, but current vaccines appear to work against all known variants, and they work for at least six months, probably longer.",3.0,Conservative,2021-04-07 00:38:03
They support showing vaccine passports to travel within our own country but hate voter ID laws lol. How is that not hypocritical!?,1.0,Conservative,2021-04-08 00:03:23
I think you're talking about Biden's vaccine? (Lol sorry I had to it's a joke I hate joe biden),0.0,Conservative,2021-04-08 20:08:42
"Oh boy. It’s stupid. Ive had healthy friends absolutely WRECKED by Covid. I used to hate the left for fear mongering and wanting those absurd masks. Then covid hit my family. Then covid hit my friends. About 70% were completely fine. But 30% had to he hospitalized. I lost my healthy aunt.

I almost lost 2 of my 24 and 26 year old marathon runner friends. I now wear masks everywhere i go. It took a hard lesson. But i now respect covid and am getting the vaccine as soon as i can",4.0,Conservative,2021-04-14 20:57:53
"Planning the pull out of troops and executing properly is completely different than just pulling them out walking away. Trump would have bungled it just like everything else. Nobody wanted the withdrawal under Trump because he couldn’t properly handle it.

Just a reminder that Biden is fulfilling promises and cleaning up Trumps mess but every conservative wants to hate him because he’s a democrat. Bringing the troops home, rolling out the vaccine, and focusing on infrastructure are what a president should be focused on. But, people want to try and paint him in a bad light yet your used to a man who just tweeted, golfed, and passed the buck.",-2.0,Conservative,2021-04-15 17:38:37
"So because I’m pro-vaccine, I must be a liberal? And because I follow the advice medical health experts gives me, that must mean I’m a liberal?

I hate to tell you... but this isn’t politics. It’s just common sense. Vaccines are good, and are apolitical. Listening to the medical advice given by healthcare experts isn’t a liberal thing to do. It’s the smart thing to do. Where do you get your medical information and advice from? Alex Jones? I highly advice you not to do that.",3.0,Conservative,2021-04-15 21:08:02
"Same boat, they’ll still hang with me but they all look at me like I’m crazy, I just remind them that only a few months ago Kamala, pelosi, everyone on cnn, and many other top dems said they wouldn’t get “trumps vaccine”, and just because bidens now president that doesn’t change the fact that its a rushed, non-FDA approved, new experimental type of dna altering vaccine. 

They hate it because if they argue against that then they’re saying they took “trumps vaccine” fuckin liberals man",-5.0,Conservative,2021-04-15 23:49:46
"I have no qualms against getting the vaccine, but I get why people are hesitant. Most aren't claiming the vaccine is a microchip or anything that insane, but rather, are more concerned about possible long-term effects. Others are worried about the sides. My bf gets side effects from absolutely everything he's on - from fatigue to weight gain to head aches to feeling nauseous af long-term. When the side effects are particularly stressed, even if they aren't usually *dangerous*, I get why he's worried. Meanwhile, the worst side effect I've really ever gotten from a med is soft dizziness on standing (okay and a sore af arm from flu shots). The only one that really bothered me for awhile was my first hpv shot developing a hard little nodule in my shoulder (scar tissue that did eventually fade after a couple months). 

Throw in the fact that there are 3 options and even people are are totally open to being vaccinated are confused and hung up on which type to get. I really hate needles (and the sore arm thing is temporary but really does hurt) so I'd *prefer* the J&amp;J. But that one isn't as readily available as the others and not all locations let you choose anyway, so I'm just waiting a bit right now to see what happens. 

People who are merely a little concerned shouldn't be treated like they're insane or ""anti-vaxxers"". I want to see the general population vaccinated, but I understand why people are hesitant. Treating genuinely concerned people like they're psychos who think microchips are in the shot is only going to make them double-down on never getting the vaccine at all.

Edit: just want to add that I'm young and healthy with no co-morbidities. I was thrilled to see my grandparents get their vaccines. My mom got her first one and I'm hopeful my dad will get his too. Again,  I WANT to see people get vaccinated.",1.0,Conservative,2021-04-21 14:52:33
"I was just over in the main news subreddit. Can’t believe how many people are bashing those who don’t want the vaccine as “slowing our recovery”. You can’t even engage with these people; they are filled with such hate.

As if the government hanging continued lockdowns over our head is reason enough to get a shot with unknown long-term effects, whose creators are not liable for any adverse reactions.",9.0,Conservative,2021-04-21 18:36:45
"Well I'll tell you one thing, I don't know of anyone whether it's someone personal or some famous person who died of covid 19, but I do know at least 10 who've died from the vaccine, and I'm sorry your family is so stupid and terrified of a virus with a 99.9% survival rate and that actually has never been isolated and proven to even exist. Also pal I hate to tell you this but whether you vaccinate or not life is never going back to normal, there going to keep us locked down once people start dropping dead from the vaccine they'll blame it on variants and the cycle will just keep repeating itself, your in the New World Order now pal, and apparently you love it. For the hell of it why dont you have a look at this https://www.lifesitenews.com/news/exclusive-former-pfizer-vp-your-government-is-lying-to-you-in-a-way-that-could-lead-to-your-death",1.0,Conservative,2021-04-22 14:08:59
"Well I'll tell you one thing, I don't know of anyone whether it's someone personal or some famous person who died of covid 19, but I do know at least 10 who've died from the vaccine, and I'm sorry your family is so stupid and terrified of a virus with a 99.9% survival rate and that actually has never been isolated and proven to even exist. Also pal I hate to tell you this but whether you vaccinate or not life is never going back to normal, there going to keep us locked down once people start dropping dead from the vaccine they'll blame it on variants and the cycle will just keep repeating itself, your in the New World Order now pal, and apparently you love it. For the hell of it why dont you have a look at this [I shit the bed](https://youtu.be/PvR0O1sg53M)",1.0,Conservative,2021-04-23 01:43:49
"Well I'll tell you one thing, I don't know of anyone whether it's someone personal or some famous person who died of covid 19, but I do know at least 10 who've died from the vaccine, and I'm sorry your family is so stupid and terrified of a virus with a 99.9% survival rate and that actually has never been isolated and proven to even exist. Also pal I hate to tell you this but whether you vaccinate or not life is never going back to normal, there going to keep us locked down once people start dropping dead from the vaccine they'll blame it on variants and the cycle will just keep repeating itself, your in the New World Order now pal, and apparently you love it. For the hell of it why dont you have a look at this [I WANT TO SIT ON YOUR FACE ](https://youtu.be/errpFSxEX9A)",1.0,Conservative,2021-04-23 01:46:08
"Well I'll tell you one thing, I don't know of anyone whether it's someone personal or some famous person who died of covid 19, but I do know at least 10 who've died from the vaccine, and I'm sorry your family is so stupid and terrified of a virus with a 99.9% survival rate and that actually has never been isolated and proven to even exist. Also pal I hate to tell you this but whether you vaccinate or not life is never going back to normal, there going to keep us locked down once people start dropping dead from the vaccine they'll blame it on variants and the cycle will just keep repeating itself, your in the New World Order now pal, and apparently you love it. For the hell of it why dont you have a look at this [MY BALLS ARE INSIDE MY TEETH ](https://youtu.be/TKN011kD6zg)",1.0,Conservative,2021-04-23 01:48:31
"Well sorry, just hate anti vaxers with my gut. But still, it’s like 2 deaths, none of which can be connected to the vaccine.",1.0,Conservative,2021-04-26 17:57:23
"You got it all wrong, I hate SJW racists like you because you’re incredibly hypocritical, that’s why I call out your actual racism when I see it.

I bet you also want vaccine passports, which would also be really racist, even more so than voter ID seeing as that isn’t racist at all, but coerced vaccination is.",1.0,Conservative,2021-04-27 01:02:06
"&gt; So you're hate is reserved only for who you perceive as liberal,

Did you miss what I wrote? Let me quote myself:
 If I can't get it, I'm all good.
&gt;&gt;  If I can't get it, I'm all good.

I don't really care what your ideology is.  Want the vaccine? Get it! Don't want the vaccine? You do you.",1.0,Conservative,2021-04-27 16:15:55
Whats with all the hate. The EU has chosen vaccinations as their primary source as dealing with covid. No one is forced to take a vaccine. By forcing non eu citizens to be vaccinated  they just want ro reduce the risk. Remember one thing about the EU. They aren't malicious just bureaucratic. Never assume spite when bureaucracy and numbers can explain the issue.,0.0,Conservative,2021-04-27 22:10:14
"Its a little bit of a blanket... for example they're currently suing the feds to get the cruise industry restarted, but I'm pretty sure the cruise lines would love a vaccine passport since itd effectively reduce the risk of spreading COVID to anyone not vaccinated from nearly 100% to nearly 0%.  

That being said, I'd hate living in a world where we have to show proof that we're vaccinated to move forward.  The vulnerable populations need to hurry and get vaccinated, which is basically anyone above 50 and anyone over 200 lbs.",39.0,Conservative,2021-04-29 03:24:45
"I hate everything florida has done except this. As far as we know it seems you can still technically get covid while vaccinated.. and spread it. It just stops you from getting symptoms. As such, being vaccinated helps you but doesn't benefit those around you.. and so then whats the point of requiring it? We are treating the vaccine like a cure all but its not. 

Correct me if I'm wrong. Im a big time proponent of masks but like this move specifically.",0.0,Conservative,2021-04-29 05:37:58
"Yeah man, it sucks. I've seen TDS democrats say ""Trump has NOTHING to do with it, his administration has nothing to do with it, when Trump was in office only 3 million were vaccinated"". Of course you miserable petty cunts, the vaccine had just been rolled out. These are the same psychos that were saying ""Trump is pushing an unsafe vaccine"".

It's ok to hate the previous admin, it's fine, trump became a 1 term president and will go down on history as a 1 term, but the thing I despise the most is when people accuse Trump of the things that he isn't guilty of. I hate it when people discredit the things he accomplished. And social media promotes those types of people. Those types of people get the best selling book deals. Those types of grifters are on social media trending. Those types of people get the top attention. And it's all half truths, speculations, exaggerated claims, mysteries, etc. And I've heard so many. Like you said, people follow them and it's infuriating.

What's even more shocking is even when the NYT acknowledged it, people were straight up denying and discrediting it.

That being said, these conversations won't matter, what matters is WINNING. In 2022 and 2024. Keep your heads up for 2022.",27.0,Conservative,2021-04-29 10:04:34
"As a conservative myself, This may be an unpopular opinion, but hear me out. There is evidence the vaccine prevents infections in vaccinated people, but not concrete data on TRANSMISSION rates. Meaning you will have a high probability of being protected , but you may be a carrier and still infect others. Once we have that data, then the mask mandate needs to stop. I hate masks myself especially how they are inconsistently being mandated (sitting down at restaurants for example). Happy to have a civil conversation, I hope we conservatives are able to use logic and reasoning rather than identity politics.",-8.0,Conservative,2021-04-30 15:59:00
"Lol. Biden does ride peoples coat tails, that’s for sure. But he has done a great job with the vaccine rollout. Also I don’t get why conservative hate him. Look at his voting record. It’s pretty republican.",-34.0,Conservative,2021-04-30 17:37:37
"You should see my DM’s had a guy call me a racist nazi the other night with no context... then a traitor...then kindly asked me to slit my throat to make the world a better place free from hate mongering filth like me.... for the record I’ve never hated a person vehemently in my life and just live a quiet day to day existence as a Veterinary Doctor saving peoples animals and helping people as well... hell I volunteer at inner city free vaccine neuter and spay clinics to help the minority disadvantaged.  I really don’t need that negativity from that asshat in my life at all. Shit like that caused my good friend, also a Veterinary Doctor, to take his life last June. Couldn’t even go to his funeral due to Covid.",20.0,Conservative,2021-05-01 00:06:39
"Exhibit B:

If you don't engage in their ridiculous hypothetical (grocery store vaccine ID's), they'll regurgitate buzz words.


Common examples are, but not limited to:


Hitler
Nazi
Socialism
Communism
Cancel culture
Racist


Notice they don't ever really address their original statement, but instead attempt to shift the narrative to something they've seen get a response in the past. This is because they're not actually interested in any type of discussion. They're only looking for affirmation.


So instead of entertaining the idea that their statement may have been a bit farfetched, they just scream louder. They'll call you a Nazi, or complain that you call them Nazis, but it's all an act. They've been doing it for so long they might not even realize it anymore. Their only tactic is screaming louder and making accusations.


If their accusations are found unsubstantiated, they cry ""FAKE NEWS"". They're convinced they are both the silent majority and victims of an anti-white agenda. They hate the MSM but love FOX. They hate the elite but idolize a billionaire conman. They're walking, breathing paradigms. Tucker Swanson Carlson segments with legs. 


They're not interested in debates. They just want to name call and bait. Let them cry themselves to sleep.",6.0,Conservative,2021-05-03 00:40:56
"&gt;So then you disagree with the Supreme Court ruling that stated that a bakery was allowed to not make cakes for homosexual couples?

That is a first amendment issue regarding freedom of religion, not at all relevant to the topic we are discussing.

&gt;anti vaccine people

Not getting 1 vaccine out of dozens does not make you anti vaccine, in the same way my hatred for the NYGs doesn't mean I hate the other 31 NFL teams.",8.0,Conservative,2021-05-03 19:31:58
"Take the vaccine to own the libs.  The libs hate big Pharma and they hate Trump.  The vaccine was done by collaboration between Trump and big Pharma, so take it.",1.0,Conservative,2021-05-04 00:55:55
"I do think everyone should get vaccinated.

I don’t know anything specific about the vaccine, but they did have one, and people did get vaccinated. I assume the vaccines worked.

That’s not the kind of papers I’ve read anyway haha! The ones I’ve read are usually insanely dry and full of business jargon (I study economics). I don’t think everyone would understand them, no. But even if you understand the point they are making, it still doesn’t mean you understand everything behind it. 

I don’t know what you do for a living, but I do know you’re not a doctor, so I doubt you have a full understanding of medical papers and jargon.

I am not forcing anyone, but I do openly share my thoughts, and I do think we should get vaccinated, wear mask, and keep a distance. I hate this as much as you do, but that’s why I want to do all of those things. I want to end this pandemic as soon as possible.",1.0,Conservative,2021-05-06 21:20:28
I hate how many people are so adamant about the vaccine but then talk about it like it's worthless. It's a ludicrously stupid message.,7.0,Conservative,2021-05-07 12:51:10
"As much as I hate the waiver push, I kind of want it to go through just because the Pfizer CEO played politics by choosing to wait one week after the election to announce the good news about the vaccine.  He essentially got in bed with Biden, so time for him to get screwed",4.0,Conservative,2021-05-07 15:39:31
"You didn't. I was just making sure that you didn't think I was trying to guilt trip you into taking a vaccine. It's a personal choice. I've made the decision to get vaccinated, not only for my own health, but also for the health of everyone around me. I long for the days when I didn't have to worry about being around old people. For all I know, someone infected me at the mall, and I'd hate to pass that on to someone 70+ and have them get seriously ill. No thanks, I'll get vaccinated.",1.0,Conservative,2021-05-13 19:58:18
I hate to tell a lie but I guess from now on I’m telling people I’ve had every vaccine offered.,1.0,Conservative,2021-05-15 01:24:01
"DJT should not run in 2024. IDGAF he wants to make money off politics by fundraising, BUT praise the lord if he doesn't run. I'll give you my takes on why Ron De Santis is Mr. Perfect for 2024.

1) It's obvious, Trump was a polarizing figure, every opinion on politics has to be either do u love him or do u hate him. That was a litmus test for everybody. He made politics about him, on the R or the D side. Say Mitt Romney &amp; Cheney, these are people that the democrats called neocon Christian extremists back a decade ago, now they are heroes to the Democrats. Tell me how weird it is, that a House member from the R side is getting non stop news coverage just because she said she hates Trump-can anyone tell me who the 3rd house member was back in 2015? See nobody cared back then, they only care now because it's a desperate attempt to bring the orange man back. DJT is the single biggest lightning rod - if you say something nice about Trump you're cool, if you don't you're cool to the democrats. And I know all of you are tired of it, I'm tired of seeing the same "" but Orange man bad"" talking points. I'm tired of refuting it, I'm tired of explaining to people ""Trump was bad, but can we move on"". I know all of us have seen the SAME talking points, ""orange man bad so vote democrat"" - online especially. This is the worst thing that can happen about politics - that obscures policy or any rational debate. Not just politics - it's culture now, it's everything. This is why the democrats DESPERATELY want the evil orange monster - who happens to be banned from internet, who happens to be retiring at his mansion, who happens to have 0 influence whatsoever, who happens to put blogs online is SOMEHOW A THREAT to the party. Go on CNN's youtube channel. Liz Cheney got more coverage than Israel Hamas conflict. Even the BBC was covering Liz Cheney which is the most funniest thing that I've ever seen. Why do international media care about what happened to the 3rd house member of a minority party in another country? Just tell me how ridiculous it sounds. Again, the same thing. The same thing. DJT is evil, DJT is lurking in the shadows, DJT will run again.  

2)That brings me to Joe Biden. Biden seems to be playing cool, he's only policy is being anti - Trump. But here's the deal. It doesn't last long, Trump isn't gonna be on the ballot anymore. He was handed a vaccine when he entered. Now the real policy questions starts. Inflation, tax, border, etc NOTHING drives republican turnout than these issues. And here's the thing about Trump. Why is everyone so SURE, that DJT will run again? Just because he said so? Because the media is covering him daily? Do u see CNN covering Trump in 2023 ?Who are these people who are so 100% sure that DJT will run again and win? By 2023 he might be irrelevant. Hillary was supposed to win 2016 but Trump happened, Trump was supposed to win 2020 with a booming economy BUT covid happened. So what if Trump becomes so old that he can't hold rallies anymore? Sure, he might before 2022 but all that is just R's using his name for money, Mitch McConnell said himself. Are people that delusional to see a 78 year old man holding rallies for the presidency? Who are these MAGA folks who are sleeping in their MAGA hats? Trust me if the economy booms like crazy, Biden will win, Trump will lose - because - ""It's the economy stupid"". BUT here's a big but here, if inflation continues then there's a different scenario. How long will inflation last? Is it a short term thing or long term? Or Biden can wave his magic wand and make it go away. What if Biden doesn't run in 2024? What if Kamala runs, every polling has her below 45. What if , what if, what if? 

3)Biden's victory was a political drive by - he was the anti Trump vote. I have friends and teachers who don't know shit about politics but trump was just repulsive to them and Biden didn't scare them as Hillary did - these people don't even know who Joe Biden's wife is - they voted for the first time and I'm almost certain they won't vote for Biden next time around - they literally don't care what Biden says, stands for, policy, etc. Who we must be focusing on is Joe Biden. Joe Biden is great only because he's anti Trump, Joe Biden's real test has just begun, Joe Biden definitely sucks he's allowed to exist as only Joe Biden - funny how liberals claim he's the next FDR and 50% approval - really bad for someone who is presumably the most popular president and got lucky to beat one of the unfavourable president, I cannot tell you how delusional liberals think they think R's have become weak and D's are strong ( when in reality THEY BARELY HAVE A SLIM MAJORITY). A tied senate, 7 seat house difference, etc. If Biden does an okay job and wins I'm sure everyone agrees that Biden will NOT last in his 2nd term - Jimmy Carter is 90 yr old, Biden would be 82 by then. I think he will last his first term, and campaign. If he wins, he will grant the keys to Kamala, just don't see Kamala running alone. If Kamala runs THIS WILL BE A GOLDEN EGG laid by Biden. This is why Ron De Santis MUST run. He doesn't scare moderates like Trump does - it's been PROVEN. He's above water with independents. Ask people why they're moving to Florida. What's the MSM gonna attack him on - ""Oh he's a carbon copy of Trump"". It's not gonna land. He counters all the attacks that Trump couldn't bear - spoonfed inherited wealth, crazy on twitter, KNOWS how to handle conflict, KNOWS how to handle influence, KNOWS how to own libtards and make them squirm, has 0 flaws and what will MSM do? Predictable shit like racist and sexist.

This is why I advice all the people on this SUB to tell their family members about Ronald from Florida. Everyone market Ron De Santis starting from today. Make people talk about him more. RON DE SANTIS 2024!!!!",1.0,Conservative,2021-05-15 08:00:00
"Good call! Force poor people into parenthood after they’ve made a sexual mistake ( all too often as teenagers!). 

Conservatives- ”Why are there so many single moms collecting them welfare checks?! We need to cut that welfare money, it’s comin right outta muh pocket!”

You think the Jesus Christ in the book would advocate that? Keep an unborn soul resting at the right hand of God, OR force he/she to be born into a life of economic hardship, and suffering, in a world of ever declining resources and out-of-control wealth inequality? A world that a majority of American Christians believe is currently being run by Satan himself, and  maintained by his army of wealthy pedophiles and Satanic secret societies, that snatch up children by the millions and force them into ex slavery? You think your Christ would punish the mother that chose to leave the soul of her unborn child in HIS hands, rather than bring he/she into this spiritual sewer where it is unwanted before it’s even born? It is believed infant souls are immediately sent to heaven upon death, no? 

Also: seems about 75% of these daily posts here (and accompanying comment sections) are filled with people rightfully rallying against the idea that the state would force an experimental vaccine. Yet, as soon as it suits your bastardized, hate-filled, my-way-or-the-highway version of cuckoo radicalized evangelical Chistianity: “My body my choice” quickly becomes “HER BODY, Our (and the government’s) choice. 

Fuckin lame.",15.0,Conservative,2021-05-15 11:46:13
"Haha. I've found that both here and r/politics certainly has their fare share of very *loud* political extremist views. It's just that one may seem more irrational than the other depending on which sub aligns more with your own personal beliefs.

In my own personal experience, I've found this sub to be much more willing to engage in meaningful debate as long as people come to the sub without hostility and an open mind. If you genuinely want to talk about a sensitive topic, people will talk. They might not agree with you, and you probably won't change their minds, but you also will be treated with respect. This isn't to say there won't be the occasional asshat, but I've found they get ignored/told off a lot more often here than on politics.

On politics, any comment that doesn't adhere to the agenda is downvoted and ridiculed. It's insane. I made a comment a few weeks ago that simply explained why here in the US, a school can't force students to get the COVID vaccine even though they have a laundry list of others they can enforce. COVID isn't a licensed vaccine, therefore it can't be included in the list of mandatory vaccines. Once it is licensed, then it can be enforced. That's a federal law.

Last I checked it had close to 100 downvotes as well as about a dozen comments calling me everything from stupid, to a conspiracy theorist, to I shouldn't ever get the vaccine and they hoped I got COVID and died.

My recent comment on *this* sub about being a gay military veteran not only has positive karma, but there isn't a single disparaging or hateful comment in regards to my sexuality. Despite the fact that on politics they tell everyone that will listen that ALL republicans hate the gays and want them put into camps and killed.

So... Perspective, I guess?

&gt;honestly feel that Americans (specifically conservatives/republicans) consistently work against their own interests and against common decency in general

Being in the UK, your only experience is what you read about on the internet and what you see people saying on reddit. 

I can promise you that normal Americans in every day life are not nearly as crazy fanatic as the news makes us out to be. On BOTH ends of the spectrum. The majority of Dems aren't Antifa terrorists burning down cities and causing mayhem. The same way not all Republicans are gay hating, women hating, non white hating, bigots.

In fact, the majority of Americans [identify/register as Independents](https://news.gallup.com/poll/15370/party-affiliation.aspx), myself included.

We see the fuckery on both sides and really just want all the idiots from both parties to start acting like adults and start doing the job they were elected to do.

&gt;so I get a bit confrontational when in threads celebrating the abolishment of abortion, especially unconditionally (i.e. even when rape/incest is involved).

In practice, yes. The vast majority of registered Republicans appose abortion in some capacity. Not all have as extreme views as those that want to totally outlaw it. They want to protect the growing child, but they also know that women will turn to other means if they truly do not want/cannot raise the child. 

But finding the happy medium that appeases not only the far, far right, but also the far, far left who think a woman should be able to abort while she's going into labor.

It's impossible.

My advice? If you truly are interested and invested in US politics, watch events/speeches/rallies/etc live... or at the very least a completely unedited recording.

Both sides edit and cut videos to spin their narrative. You'll never get an accurate or factually correct summarization/rehash of a politician if you only watch bits and pieces.",1.0,Conservative,2021-05-15 13:28:26
"I hate her dumb face. I’m going to catch flack for this, but I’m conservative and still going to wear a mask. I happen to be a germaphobe, so bleh lol. I’m too chicken to get the vaccine.",50.0,Conservative,2021-05-19 13:10:20
"Tens of thousands of young people died in hospitals and those who didn't were left with internal damage, or long lasting symptoms. Even asymptomatic young people were dying after from clotting.

I really hate how all anyone cares about is the deaths when there are so many underlying health conditions caused from covid to younger people especially children and teenagers. There is a reason that the vaccine is so important because this virus is very dangerous even with mild symptoms.",3.0,Conservative,2021-05-24 16:36:21
"&gt;You have a leftist vibe about ya...Do you know that?

Doubtful. I'm the furthest right person I know.

&gt;I notice that a lot with posters on this sub who claim to be ""conservative"", but all spout leftist talking points, hate Trump, are DEEPLY entrenched with the church of Covid.

Well you're way off base then with me. I voted for Trump twice, have never spouted a single leftist talking point, and think that at no point did covid justify *any* of the measures that have been taken. 

But to pretend the vaccine itself is dangerous? That's not supported by any evidence I've seen. All i see is generic anti-vax arguments being regurgitated.

&gt;Enjoy your RNA editor, though

mRNA doesn't edit anything. It has a half life of a few hours naturally, maybe extended to a few days in the vaccines. 

Now the virus, on the other hand, does enter your cell nucleus and edit your genome. So pick your poison. Chinese lab engineered virus that permanently alters DNA, or pfizer lab made mRNA that doesn't alter your genome and is no longer present in your body after a few days.

&gt;Oh, it isnt 99.7%...its 99.97%, make sure you get that straight, my man.

Whatever it is, the vaccine reduces it by orders of magnitudes.",5.0,Conservative,2021-05-26 18:13:36
I hate the one size fits all approach that's been taken for this vaccine and how natural immunity (which is most likely long-lasting immunity) has been ignored.,1.0,Conservative,2021-05-27 04:08:52
"Yeah it also makes no sense that trump lovers hate the vaccine even though he got it to us with operation warp speed.

Remember, conservative doesn’t equal trump lover",81.0,Conservative,2021-05-27 14:21:34
"im on board for a lab leak 100%. but its very possible it was just a sample being studied that was leaked. I dont discount that it was cleaved though. I do believe that the leak was unintentional and accidental though. as much as I hate the Chinese government, I can't imagine them thinking its a good idea to release a novel virus on purpose, in the same city that likely sampled/created it.

If there was any intent in releasing it - which I dont think there was - I would have thought it would be around the monetization of a vaccine. look at how many poorer nations are using the sinopharm vaccine",9.0,Conservative,2021-05-27 15:19:42
"I hold all people to the same standards. This used to be a critical shared viewpoint that built societies. Holding people to different standards is the root of everything we should hate: caste systems, classism, racism, etc.

Trump spoke like a buffoon, he sent embarrassing tweets. I voted for him anyway, because of his beliefs and his policies and his undeniable intent to work for Americans as opposed to selling us out to every single private/foreign interest on Earth. I didn't vote for his tweets or bombastic language. I voted for low unemployment, low taxes, peace in the middle east, the only president in my 40 years who didn't start any new wars or invade any new countries, and I could go on and on.

Maybe this will help you understand why people could look at him, listen to him, see him do rallies in the middle of a pandemic that was flat-lining the greatest economy we had ever known and still vote for him. Utter collapse would be far worse than COVID19, and we went for it.

And, thankfully, another thing Trump was completely right about is ultimately why we are now ""fine"" again: COVID19 isn't nearly as dangerous or deadly as everyone is pretending it is; make your own health decisions, you can live your life normally and doubly so when a vaccine is eventually created.",3.0,Conservative,2021-05-27 22:43:30
"Where are all the whiny leftists who hate big pharma on the vaccine? Oh, that's right. Demanding we all get the vaccine post-haste. Pfizer's great for their anti-anxiety meds and fixing covid but they hate them over drinks at the cocktail party where they're mixing booze and painkillers.",1.0,Conservative,2021-05-28 22:20:36
"So I can’t find the scientific article anymore but it compared the natural antibodies after recovering from Covid to the antibodies from the vaccine, and vaccine antibodies last orders of magnitude longer. 
We’ve definitely seen reinfections just a few months after recovery.  

Even with the vaccine though, you’re not completely protected.  The newer variants, which aren’t very common in the US yet, would require 3.5 to 10x as many circulating antibodies to avoid an infection, and we’re starting to see multiple cases pop up where vaccinated people are getting sick.  

That doesn’t mean the vaccine is worthless, but it does mean we’re going to need boosters pretty soon to keep this thing on a downward trend.   In the meantime..... MASKS.  I know everyone on this sub seems to hate the idea of them and I totally don’t get that.  I’m happy to answer questions however I can.  I’m a hospital microbiologist.  (Not a researcher, but I like to think I understand more about the virus, the testing, the variants and the vaccines than the general public). 

Here’s a source on the recent variants vs the vaccine:

https://medicine.wustl.edu/news/new-evidence-covid-19-antibodies-vaccines-less-effective-against-variants/",5.0,Conservative,2021-05-31 02:09:59
"Eh.  I hate my job but am too lazy to seek other employment.  They wanna fire me, I can always do as my GF has suggested and apply to do work at home with her company if I can't find somewhere else who cares more about having a reliable night person than having a lab rat for an untested vaccine.",1.0,Conservative,2021-05-31 09:44:54
"&gt; Since submitting illegitimate ballots is so easy go ahead and do it for the 2022 election.

If I had a job at the election board, then perhaps I would consider it since I would know how the system works and be able to examine ways around the safeguards there. A magician obviously always knows how his tricks work but never shows his hand to the audience.

&gt; Why do you hate law and order?

Nice deflection. However, the fact is, I am obviously *for* law and order. I want the actual law to be followed and for there to be zero room for error when it comes to something as important as the person who will be holding the highest office in the Executive branch in our government.

There are many reasons to not take everything that members of the government has to say on face value. [Here's](https://www.businessinsider.com/true-government-conspiracies-2013-12) a quick rundown of a few reasons why they shouldn't be taken on face value.

Regarding taking it to court, I don't have the resources or the knowledge to be able to do that personally. If I had the money though, I would fully fund anyone trying to do that. I have contributed in every way that I can as of now.

In the case of the election, I have been given absolutely *no*, not one, reason to believe that the election was handled legitimately and fairly. I can't see the oxygen in the air, but I know it is there because it allows me to live. I can't see gravity, but I can see the effects of it if I drop something. Even without physically seeing the ballots and envelopes myself, I haven't been given *a shred* of evidence to show me that that everything that happened on November 3rd (and the days following it for states that allowed that clown of a process to go on) was above board other than the word of the election board employees and other government officials everywhere saying, ""Trust us!""

That's simply not good enough. It is no proof. That kind of nonsense is the same reason why I don't trust the vaccine at this time.",1.0,Conservative,2021-06-01 17:26:34
"To answer as objectively as possible, there is an understandable distrust of bureaucrats that make white lies for the sake of the greater good. For example, undermining the negative aspects of the coronavirus vaccines for the sake of maximizing the number of people that get the vaccine. Another example particularly in the case of legislators is when they push for lockdowns when they don't abide by the lockdowns themselves. The idea is that even though not everyone will obey the lockdowns (including the ones pushing for said policies), some people will and that will be enough to slow the spread somewhat.

Fauci as a public servant and with the role of educating the public in the midst of the pandemic is guilty of making white lies for what he would see as the greater good. When he said that masks aren't important and then the following month said that everyone needed to wear masks, he later admitted that it was a lie but simply meant for people not to horde the masks. The problem is that Americans who are distrustful of government to begin with hate these sorts of people, and would prefer a model where they are given the unhidden facts and then be left to make their individual decisions.",2.0,Conservative,2021-06-04 05:54:50
"Yep. Hey I got both my shots but I respect anyone that doesn't trust getting the vaccine.

I really hate the argument for forcing people to get it. Those same people are completely fine with voting and not having to prove who you are at the ballot box.",2.0,Conservative,2021-06-06 00:11:51
Meanwhile I have LEGOLAND tickets I bought before lockdowns and now I can’t use them without having everyone vaccinated. I am but the wife isn’t and I could care less if she has it or not. It’s stupid we need a vaccine to go somewhere I already paid for and they shut that down. It’s fucking stupid I hate this vaccine requirement bullshit. Hope 2022 voting sees changes around the country.,-1.0,Conservative,2021-06-06 05:54:56
"If you think about it North Korea is to the world what Florida is to the Democratic Party and the extreme left. 

The world powers want North Korea to abide by their rules and stop NK from creating nukes and doing other things. NK basically says no we’ll do what we want to no matter what. 

Democrats want total centralized control out of Washington DC. Every single state must comply with their overreaching laws and policies. They want vaccine passports, mask mandates,CRT etc and they want to force everyone into compliance or they’ll threaten to enforce regulations to hurt the state. 

Desantis is standing up to big government and saying No we’re not going to follow your rules. Freedom takes precedence over whatever the extreme left wants and it doesn’t look like he’s going to cave in or comply with anything they want. 

The left is pissed off that Desantis is quickly becoming a figurehead of the Republican Party when it comes to standing up for peoples rights and fighting against their tyrannical power grab and they hate it so they’ll try to slander him and Florida in anyway possible.",46.0,Conservative,2021-06-07 04:18:12
"Fauci has made important scientific observations that contributed to the understanding of the regulation of the human immune response and is recognized for delineating the mechanisms whereby immunosuppressive agents adapt to that response. He developed therapies for formerly fatal diseases such as polyarteritis nodosa, granulomatosis with polyangiitis, and lymphomatoid granulomatosis. In a 1985 Stanford University Arthritis Center Survey, members of the **American Rheumatism Association ranked Fauci's work on the treatment of polyarteritis nodosa and granulomatosis with polyangiitis as one of the most important advances in patient management in rheumatology over the previous 20 years.**

Fauci has contributed to the understanding of how HIV destroys the body's natural defense system, progressing to AIDS. He has outlined the mechanisms of induction of HIV expression by endogenous cytokines. Fauci has worked to develop strategies for the therapy and immune reconstitution of patients with the disease, as well as for a vaccine to prevent HIV infection. His current research is concentrated on identifying the nature of the immunopathogenic mechanisms of HIV infection and the scope of the body's immune responses to HIV.

In 2003, the Institute for Scientific Information stated that from 1983 to 2002, **""Fauci was the 13th most-cited scientist among the 2.5 to 3.0 million authors in all disciplines throughout the world who published articles in scientific journals.""** As a government scientist under seven presidents, Fauci has been described as ""a consistent spokesperson for science, a person who more than any other figure has brokered a generational peace"" between the two worlds of science and politics.

Why does everyone hate Fauci now? Because he made some mistakes with Covid? The dude has been a trusted source for medical advice under 7 different presidents (both Republican and Democrat) and has made massive strides in his medical career to help solve serious immune disorders that impact millions of Americans. 

How is this guy NOT a patriot? Because he told you guys to wear a mask?",23.0,Conservative,2021-06-07 20:04:34
"I lost my smell for about a month and a half. 6 months later, my smell is still weak, and I hate certain foods such as eggs. They taste rotten to me. I eat eggs a lot, so this is kind of a drag. Certain drinks taste like chemicals now. I can’t tell if things are rotten or not without others tasting for me.

I still don’t want to take the vaccine. Anything being pushed so aggressively on us kind of scares me. I’ve lost too much trust in the media and government. When I see such a mad push, I wonder what the agenda is. Either the world leaders truly care about us for once in their crooked lives, or they have an agenda. I’m trying to weigh out which one it is in my own head by doing research.",0.0,Conservative,2021-06-08 05:18:00
"The media managed to make being afraid virtuous, which explains why they hate people who arent afraid.

Did you notice that?  In 2019, antivaxxers were dumb people we all laughed at and in 2021 they **hate** ""antivaxxers"".

&gt; According to 2019 studies, 93% of Americans trusted vaccines.

&gt; According to 2020/2021 studies, about 50% dont trust [the covid] vaccine

-the comment that got me banned from rCoronavirus",19.0,Conservative,2021-06-08 17:43:57
"I don’t understand the hate for Trump. I’m Canadian so I’m able to somewhat have an objective opinion, but on paper, Trump was probably the best president y’all have had in a long time. Record low unemployment, first President to not start a conflict in his term, multiple peace accords. 

Going off of what everyone hates about him, Biden has done in spades. Children in cages? Built by Obama and Biden, the numbers of total children in detainment tripling. Trumps mishandling of covid? Democrats called trump a fear monger and racist, discredited his vaccine policy, only to fumble the ball when they were given the responsibility. Police brutality/racial inequality? Statistically, police brutality is nonexistent between races, and his plan to rollout massive investment into black communities(500 billion I think it was) was axed on Biden’s first day. Abuses executive orders? Biden has more executive orders in his first hundred days than the past couple Presidents combined, most undoing the good policies set up by trump.",2.0,Conservative,2021-06-12 03:06:51
"They aren't ""willfully spreading the virus"" just because they don't get vaccinated. Willfully spreading a virus is a biological terror attack. That right there proves you are intolerant. You are equating ""Nah, I don't need a vaccine. Covid wasn't very common around here, I'm not at risk for it, and this vaccine is just a big clinical trial where we don't know all the side effects yet"" with ""MUAHAHAHAHAHAHAHA! I SHALL KILL ALL THE OLD PEOPLE WHO ARE VULNERABLE TO THIS DISEASE AND HAVEN'T ALREADY BEEN VACCINATED! MUAHAHAHAHAHAHAHAHA!"" by using that terminology. 

&amp;#x200B;

Just because someone doesn't have the vaccine doesn't meant they won't get Covid, and just because someone gets Covid doesn't mean they can't realize ""Oh, I have Covid-like symptoms. Perhaps I should stay home."" 

&amp;#x200B;

If that's your opinion, you must actually super hate Governor Cuomo, because he DID put Covid positive patients into nursing homes, where the people most vulnerable to Coivd live. 

&amp;#x200B;

No, the flu is not Covid. It's killed far more Americans, going back centuries. Covid only killed so many because we have more old people alive now than in any other era of history, where many would have been killed by TB, typhoid, the flu, smallpox, heart attacks, cancer, winter, summer, fouled water, fouled food, and a myriad of other diseases and conditions that affected people back in history. 

&amp;#x200B;

 Covid didn't shut down the global economy, the governments shut it down because they decided the least useful method in combatting it. Instead of educating people about it, they decided to make everyone afraid of it.",17.0,Conservative,2021-06-21 19:33:50
"This is a hilariously biased article. Point by point:

1. Hydroxychloroquine has, in the last few months, shown efficacy for hospitalized COVID-19 patients. NOT as a method of prevention or as a prophylactic as Trump seemed to indicate.

2. Most People, like Dr. Fauci, never claimed there was no possiblity it was a lab leak. The problem was that some people would draw a thin line between possible lab leak and intentional bioweapon, then use both possibilities to fuel anti-asian hate. Evidenced by an increase of hate crimes against Asian immigrants and Asian-Americans. 

3. The Hunter Biden issue isn't a real scandal. There's no evidence the Biden family is 1/4 as nepotistic as the Trump family is. There's also no evidence that his forgotten laptop has anything truly scandalous or illegal on it. End of story. Stop watching Tucker Carlson.

4. This one is fair. But does no one think it bad taste to take a photo op in the EXACT place where there were protestors? Not to mention the evangelical darling holding the Bible upside down.

5. Again pretty fair, and a horrible look on Biden for drilling Trump on information lacking reporting.

6. This is also pretty fair. The problem? Despite receiving his miracle, vaccine storage and distribution was a miserable failure until the Biden administration took over. 
(Why put quote marks around ""experts"" when they're referring to people who literally developed major vaccines?)

7+8. They use a SINGLE example among a n=50 sample size here. Florida's numbers are about on par with California, but the other places they mention, like NY and Michigan have done much better thus far. The sentiment of 'resitrictions don't work' is laughable. The clear trend is that lockdowns and mask wearing made the pandemic far more bareable.

9. CRT is nothing more than a conservative media boogeyman. It's an almost exclusively collegiate level academic method of viewing statistics and behaviors. Children are not being taught it in elementary class rooms. I hate cringey race-baiting work seminars as much as everyone else.

10. The border was an issue under Trump, conservatives tried to pretend it wasn't. Since then, Center and left leaning media has acknowledged Biden hasn't changed much of anything despite saying he would, and center-right to far-right media is pretending that it is only JUST NOW a problem.",23.0,Conservative,2021-06-24 21:26:49
"My comment was super aggressive, I apologize. I respect anyone doing their own research and wanting to be safe, I just hate that it seems like mass hysteria is being created by many sources over a very safe vaccine, safer than the unknown long term effects of covid, I want things to get back to normal, and propaganda efforts against vaccines is standing in the way of that IMO",1.0,Conservative,2021-06-25 04:51:15
Why are you denying reenlistment and turning down that next stripe? Hmmm I wonder. Almost as if this will inevitably be another way of separating anyone who disagrees with the current direction of the military. Hate to think how quick the FDA will validate the vaccine to bypass the military loopholes. Will be interesting to see in a few years when longer term studies are finalized what adverse reactions we gave members due to fear mongering.,3.0,Conservative,2021-07-06 02:00:26
"Sir, if you’d refuse to get a damn vaccine, I’d hate to see what happens in combat when your life is in danger",10.0,Conservative,2021-07-06 04:41:37
"Wait remember the timeline, the vaccine was deemed ready 1-3 days after Biden was announced the winner. The stopped live counting Covid deaths on the news as soon as Trump left too. 

Something that's been bugging me for awhile now is back in 2016 all my non-straight friends, and these are 25-35 year olds not dumb attention seeking teens,would post on Facebook about how Scaaaaared they are of Trump being president. How Trump plans on taking them away in military vehicles to throw them in FEMA camps. They would go in about how Pence is even worse with intent of using electro therapy to zap the gay out of them. So who gave all these people this impression of Trump in the first place? If the Right were this paranoid delusional the Liberal media would have a field day over how ridiculous and conspiracy theory-esque it all sounds. 4 years later they never admitted they were wrong, since Trump didn't target LGBT people even once...yet somehow they still talk as if he had, wtf. This joke of a ""tolerant"" community Gatekeeps out anyone on the Right from even being a part which makes no sense. Even the churches they hate oh so much pander to them now. 

Same with Trump being racist. Where did that come from? Because he campaigned as a strong border security President? How does that alone make someone a White nationalist. Or because as a private citizen Trump dared question Obama's birth certificate publically 4+ years prior? That means he hates non-Whites? They're the only two examples I could imagine some emotional person cry racist. It's so weird to still hear talk of Trump being evil and all his supporters extremists when nothing the opposition says meets reality even closely. I don't think these loud opinionated people watched even a single hour long stream of Jan 6 either. Get out of here with ""Practically 9/11Two""",3.0,Conservative,2021-07-06 17:58:44
"Jeebus, would you guys calm down? This isn't forced vaccination. A lot of people that aren't yet vaccinated say they can't get to a vax site, can only get there after close, or hear messed up info about how half of people WILL get blood clots and die within 48 hours of the vaccination. If you don't want it, nobody can force you and you can tell them to beat it, but it's still a foolish sticking point.

I don't get it, should we be grateful for ""Trump's vaccine"" or hate it for being from the gubmint? I'm vaxxed and personally jazzed about the fact I haven't had so much as a sniffle for nearly two years, despite all the protestations that masks don't work. Especially since my dad is high risk. Myself and my nurse friend ALWAYS wear masks out, but our less-stringent friends keep getting drop-kicked. I totally understand not wanting to believe the feds just cuz they said so, but at a certain point you have to believe the evidence.",0.0,Conservative,2021-07-07 13:25:08
"Why does evryone hate Trump's vaccine so much? Trump himself has been vaccinated and has urged everyone else to do the same.  

https://www.foxnews.com/media/trump-urges-all-americans-to-get-covid-vaccine-its-a-safe-vaccine",-6.0,Conservative,2021-07-07 13:46:09
"Sometimes I like this subreddit, and sometimes I fucking hate it…I have friends involved in covid vaccine development and literally all it does is vaccinate you. Anyone who says otherwise hasn’t done enough reliable research.",4.0,Conservative,2021-07-10 04:34:05
"You’re having a tough time with this.  It’s as if you inhabit a mirror universe where YouTube finds it politically advantageous to belong to one oppressive hegemony that disregards biology and uses a stranglehold on the only real communication available since Covid to relentlessly hammer the world with their approved nonsense and hate for the other side.  

Pride Boi!   Here’s a Pride Boi!  I found one of the terrorists!  Bring the untested vaccine for his justiceizing!",2.0,Conservative,2021-07-13 00:32:53
I choose to take the vaccine. I am a chain smoker married to a man who has a slow acting but stage four cancer. We are both elderly. Both of us hate the way that politicians are trying to use vaccines in a way that denies individuals the freedom to look at all the facts and make their own decisions.,6.0,Conservative,2021-07-13 05:47:01
"I’m not buying the narrative that conservatives are holding up vaccine numbers.  Every one of my conservative friends do and family 100% got the vaccine.  We all hate the DNC and all involved.

What’s happened is a small very vocal sect of conservatives are loudly disavowing the vaccine resulting in this stereotype.  There are a shit load of democrats out there quietly refusing the vaccine.",2.0,Conservative,2021-07-13 18:54:40
I am only defending the vaccine here. I just want everyone vaccinated. I hate wearing a mask as much as the next person.,-1.0,Conservative,2021-07-16 02:08:16
"THANK YOU!!! You are right on the money! And before you all scream at me, let me throw some facts at you:

I am one of those people who SHOULDN'T be vaccinated -- yes, we actually exist! My children are the same way. Every single time we've had a vaccine of any kind, we've had serious terrible reactions. For me, when I was four and got vaxxed, I got an immediate rash, then had a seizure, ended up in a coma, needed brain surgery, and actually died on the table. When I was 17, I got a stroke 20 minutes after receiving the MMR. I told my husband I would compromise with him on the vaccines, and get the kids everything but the MMR. Well, we did that, and within a few hours of getting all the others required at age two, my son started exhibiting symptoms of Diabetes, which he now has to live with for the rest of his life. 

Therefore, I hate the general bullying that accompanies people like us. For us, vaccines are a health hazard. A lot of people have a lot of reasons for not getting the Covid vaccine. Have a little compassion. They're not doing it just because they're Republicans and hate the left. They have legitimate reasons that no one else has the right to overstep, especially with HIPAA laws. You can't force or mandate something as serious as this, especially for people like myself. It truly is dangerous for us, and I'm not going to risk my life so some stranger can think they are safer if I'm vaccinated. That has absolutely no logic to it, and the argument for it is a bunch of garbage. 

But I'll tell you what most people like me do that most vaccinated people DON'T do: if my kids or I get sick, we STAY HOME from work and school. We go to the doctor and take our prescribed medicine. I don't assume that all the vaccinated people out there are safe from getting sick, because I know they can still catch something from me if I'm contagious. 

See, I'm not an anti-vaxxer; I'm an EX-VAXXER. There's a reason why my family does things the way we do, and whether or not the haters want to admit it, I'm being RESPONSIBLE about HOW I'm doing them.",0.0,Conservative,2021-07-17 06:27:10
"You're completely off base here, I'm not sure why you even came to this sub other than to spew hate. You're just turning more people off from getting vaccinated by being a disgusting bully. You're not doing advocacy any good with that approach. The best thing people can do is research it for themselves and understand the risk to benefit analysis for them personally and consult with their trusted physicians. You are clearly not qualified or in a position to preach to anyone and just spewing hysteria and hateful nonsense because you dislike certain people. None of what you are saying is accurate or factual. The vaccine has great benefits for some and for others it's not black and white, you're in no position to judge anyone.",12.0,Conservative,2021-07-18 08:19:48
"Looking back over the past several months I see now that along with fraud, some conservatives aided Trump's loss. They just didn't like him, and they didn't like the tier of voters he brought along with him. Ronna here, Black Rifle Coffee Co, National Review, most of Fox News, all seem to revile Trumpers. The media made them think Trumpers are low class, poorly educated, racist, unadvanced, conspiracy minded, xenophobic, evangelicals, who hate the world beyond the US borders. And many fellow conservatives right here in this sub loathe Trumpers as well for these reasons.

A few weeks ago my family grilled burgers and brats on Independence day and a friend of the family came over. At one point he expressed his certainty that Trump would be back in office before the end of the year. I felt a little embarrassment well up in me because I think that's simply impossible, and that's when it dawned on me that Ronna and other conservatives must think this way about Trumpers. But at the same time I thought that, it also dawned on me that liberals feel no such embarrassment. They stick together and that's how they've gotten so far, and why America is on the cusp of accepting socialist philosophies that will transform our unique nation.

 So stop and think a minute before you condemn that conservative who thinks the vaccine is dangerous, even if they think tiny cameras are injected along with it, and pause before you try to ""correct"" someone who thinks home schooling is the only way to save our kids. These are the folks who will vote along with you on election day. Don't discourage them from helping keep America free.",17.0,Conservative,2021-07-18 11:45:38
"I wouldn't want to imagine the numbers we'd be facing without masks and elevated personal hygiene along with social distancing, it's difficult to speculate, but given what the mask does i've no doubt it prevented a lot of covid-19. And remember, one person doesn't infect 1 other person, 1 person could infect hundreds in the 14 days before they even remotely start noticing something's off, and that's a normal person.. If you're a public person who's hosted an event those numbers can grow in the extreme.

In no specific order i'll adress the questions you posed:

You asked why i thought influenza was under-reported instead of covid being overreported..:

Covid-19 pcr tests determine those numbers, and i have to assume that any medical oversight agency such as the CDC when it comes to infectious diseases base their numbers on actual positive tests. With that in mind I've seen that the flu won't indicate as a false positive in any current covid-19 test, you can look this up for yourself as well.  


I really hate referencing webmd, i really do, and i really wish they'd quote WITH sources on their materials, but it seems they want to make people believe that they're the one's who figured all this out on their own.. But here you go: [https://www.webmd.com/lung/coronavirus-transmission-overview#1](https://www.webmd.com/lung/coronavirus-transmission-overview#1)

Now i already know this won't be enough for you, and I know that because i long ago learned that it's difficult to change someone's opinion even if it is based on misinformation with facts.. But, i gave it the old college try, and my hope is that people who read this deep down the thread will pause and engage the old noggin' and do their own research, or at least question their beliefs especially if they know the source MIGHT be bad.. And also remember Trump IS pro-vaccine if that helps =)

And if you really did get banned from the social media as per your claims it couldn't of been over 1 magic question.. There's no way, there must've been something else going on which you didn't inform us about in that case.",2.0,Conservative,2021-07-18 16:09:28
That's why I don't understand the unnecessary hate on people whom won't take it. It will not end covid nor stop mutations. It is for personal protection purely. If one wants to weigh the risks and decide to take it or not that's all good do so. Don't need to hate on anyone for not doing what they want when it comes to this. I'm not even anti vax or anything just if you actually read up on it these vaccines only do so much.  There are also real cases of adverse effects of the vaccine mind you low chances but if healthy and covid won't do much too you why impose an extra risk upon one's self?,7.0,Conservative,2021-07-18 16:56:29
"Yeah you really hate the black and brown people that are vaccine hesitant.

And this is stupid. If you're under the age of 40, there is absolutely no reason to get the vaccine.",1.0,Conservative,2021-07-18 18:24:47
"It's a vaccine, hate it or love it. 

I am not for passes or forced vaccinations, but to compare required vaccinations with the nazi regime and all of its cruelty is such a hyperbolic and disgraceful comparison in my opinion. 

Schools already required vaccinations before covid.

There's no way that missing vaccinations leads to concentration camps.",-6.0,Conservative,2021-07-19 21:28:53
"You read more into the facts then I stated. Considering you used a Twitter post as proof of fact and I used the CDC website shows how simple you are.
Your hate and name calling shows just how mean you are. (and simple)
So be it.
A vaccinated person can spread the virus. A very small percentage thank God. You can all use sorts of names but it remains a FACT by the CDC and the manufacturer.
If people don’t want to take the vaccine thats their right. I just want to encourage them to do the right thing. The vaccine isn’t 100 percent neither was Polio, smallpox, or measles. Use all BS information you want. I stated a fact and it pissed you off.  GOOD
If you aren’t vaccinated…..
Don’t expect an open welcome in job, school or family as you kill our kids. When and if the virus mutates enough to attack the young you will see a radical change in opinion. IMHO it will.
Simple enough?

Be angry all you want it don’t change the facts or science. I wouldn’t call you a liar just misinformed and easy to jump to radical conclusions.",1.0,Conservative,2021-07-19 23:41:39
"I’m 36 and have no major health issues. I didn’t choose to get the vaccine because I’m afraid of getting COVID, I chose to get the vaccine because the sooner COVID stops spreading the sooner the US can go back to normal. I hate wearing masks and I hate that small businesses have been failing. The quickest way to end that is by getting vaccinated. I’m willing to take the risk for my fellow Americans.",2.0,Conservative,2021-07-20 21:49:26
I won’t be able to get the vaccine because I want this shit to end. I want this to stop spreading. That being said I hate the fucking shaming that’s going on of people who don’t want to get it. I’m healthy I’m in decent shape. I still got the vaccine because I don’t wanna spread the stuff. I also don’t think shaming people is going to help them get the vaccine either people need to just do what they want.,1.0,Conservative,2021-07-21 14:56:45
"Hey, both sides of the aisle hate Big Pharma!

I guess my view is, is it not easier to just make an effective vaccine, and then rely on all of the ant-vax doubters to keep the virus spreading, and thus keep the need for the vaccine alive?

Seems simpler than trying to make a vaccine that will pass clinical trials, but somehow intentionally be designed to be ineffective enough to keep needing boosters. They didn't need to do that.

So long as large percentages of people refuse to get vaccinated, this virus will just keep hanging around long enough for all our kids to need the vaccine, and for us to eventually need booster doses.",1.0,Conservative,2021-07-21 18:03:04
"I’m the only one in my family that’s unvaccinated. It’s been very lonely because I have no one like-minded to talk with, to have discussions about vaccine hesitancy and pros and cons and sharing information. I hate that we cannot have these discussions in society as a whole. It’s just vaccine vaccine vaccine. Tag me back about your drive home. I’m curious to hear. Safe travels!",2.0,Conservative,2021-07-22 05:07:33
"I mean guys, the vaccine is great. Like the pandemic is basically over for the vaccinated. The chances of dying from covid when one is vaccinated is basically zero. Sucks to be one of the unlucky few, but people still die from the common cold, so… you know. I’m happy to have gotten my vaccine. I believe the libs are going crazy about covid and always have been in their own way, and my only qualm is with their (*for some reason*) disdain at the idea that *MAYBE* China lied about the origins of the virus and that it really did leak from a, I don’t know… the Coronavirus lab in Wuhan? 
Besides the point. 45 vaccinated people dying from covid sucks. It’s a bummer. You know what’s worse? 610,000 unvaccinated Americans dying from covid. It’s a good vaccine. No vaccine is perfect for everybody, but this one does a damn fine job and I’m stoked to have it. We’re conservatives everybody, we need to be rational conservatives. The vaccine is a miracle. Just because the left are being assholes about it doesn’t mean we shouldn’t take it. It shouldn’t be political. But because Trump was president when covid started it’s been made political and it’s unfortunate. They are crapping on us for being so anti vax and quite frankly anti science. I hate that conservatives are being looked at as stupid right now. Even though Fauci is a questionable character, he wasn’t behind the development of the vaccine. I trust the vaccine and so should you. It’s already saved so many lives.",-3.0,Conservative,2021-07-22 06:02:49
"That’s the one thing I never understood was the aversion to the vaccine. 
I understand if one wouldn’t wanna play with the RNA ones but they can always do what I did and get the J&amp;J shot as it’s delivery is traditional. 

I hate the media so waited to see what DeSantis did before I got mine.",2.0,Conservative,2021-07-22 13:50:59
It's ironic that conservatives hate misinformation yet continue to spread false information about the virus.  Covid is real and the vaccine is safe.  Idiots like this are going to cause the virus to run rampant for another year.,-33.0,Conservative,2021-07-25 02:31:03
