comments,score,subreddit,time_created
"This isn't very productive. A lot of people who don't want the covid vaccine are vaccine hesitant and not anti vaxxers. There is a different. Anti vaxxers hate vaccines, aren't willing to consider it and tend to believe in some sort of conspiracy theory. The vaccine hesitant have some concerns and questions but are open to getting the vaccine of their concerns and questions are addressed.

&amp;#x200B;

If he wants to encourage vaccination, he needs to be empathetic and understanding and try and address people's concerns and questions about the vaccine. Shame is a terrible idea. it just makes people dig their heels plus it is divisive. Also, vaccinated people can spread covid from my understanding.",56.0,Libertarian,2021-07-23 13:15:04
"Ah, but you make the assumption this is about me. I received the Moderna vaccine. But, that was none of your business. Why would you pay more when you are vaccinated and reportedly completely safe? Obviously you just hate people that don't see the world in the way you do and want to punish them. That sir, is a fine example of tyranny.",8.0,Libertarian,2021-07-23 15:40:59
"Republicans: If you get an abortion, take drugs or even speed, straight to jail!

Dems: if you buy “assault weapons”, don’t get the Covid vaccine, promote hate speech or form a militia, straight to jail!",-4.0,Libertarian,2021-07-24 15:18:53
"I have problems with it. I dont like it and I dont have to agree with it. I think it's terrible business practice to fire someone because they wont get a new vaccine.

However, freedom of association is a thing. Just because I don't like it doesnt mean anything has be done about it. I personally will just hate the vikings for their shit stance a little bit more now. As a Packers fan, didnt think I could hate the vikings more but alas, here we are.",-19.0,Libertarian,2021-07-24 18:34:06
"&gt;If I get someone sick I violated the nap.

Which is possible with both the mask and with the vaccine. As a result, you will still violate the NAP.

&gt;No we shouldn’t be locked in our houses.

You just said that you don't know yourself or who you might infect. Why are you a grandma killer?

&gt;Libertarians who value personal responsibility and the nap will happily do minor things like wear masks or get vaccinated to prevent violating the nap.

It doesnt prevent you from violating the NAP! You've accepted that you can still spread with both masks and vaccines.

&gt;This isn’t even an issue for libertarians. It’s a made up controversy by statist human trash who hate the NAP and liberty itself.

Why did you bring it up in this sub then if it's not an issue for libertarians?",1.0,Libertarian,2021-07-25 04:35:54
"Well, of course I did. First day it was available to my age group. I think about others when I make my decisions and didn’t want to risk killing those I loved or even hated. 

It’s certainly people’s choice to be ignorant dirtbags, but acting like you need a lifetime of science behind something means you’re still living with 1950s tech. So, you’re argument is gibberish and has zero merit. Either you hate science, are scared of needles, or just love propaganda if you don’t get the vaccine. It’s really no more complex than that unless you’ve got a medical condition that makes it impossible to get.",3.0,Libertarian,2021-07-27 04:46:16
"“You hate science” JFC science is not a religion. It’s a method of inquiry. You treat the institutions like a priestly class of some strange cult. 

If you vulnerable or worried about the disease get the vaccine. If your religious orders have given you something that works, you’ll be fine. Why worry? You got the vaccine. Your cleric has given you his blessing. Go in peace.",-3.0,Libertarian,2021-07-27 12:01:54
"I hate... HATE... to agree with you.

  

I don't even care about the vaccine, if you don't want to get it ... don't. But don't go and cry about the consequences you will face for your poor choices (and yes, one of them is that YOU are to blame for the resurgence and new mandates - IT IS YOUR FAULT!!!!).

  

The masks, for me, is the stupidest goddamn hill people choose to die on (sometimes literally), all because a weak President didn't want to look weaker. People threw away their whole identity and religious ideology just because GEPOTUS decided to go an a campaign against... his own administration's guidelines (not rules, not mandates, not laws). 

   

And before you reply with ""... but Fauci..."" read this: https://www.oregonlive.com/coronavirus/2021/07/masks-are-returning-so-is-misleading-information-about-anthony-faucis-mask-advice-during-coronavirus-pandemics-early-days.html",1.0,Libertarian,2021-07-28 17:31:34
"It's easier to hate and fear some dude from the Middle East with a different culture and religion. It's much harder to focus anger and fear on an invisible, silent enemy that's harmless to some people in ""good health,"" and that hasn't affected someone you know directly. 

Of course, we're all seeing the stories of people in the emergency room crying and saying they wish they had the vaccine, but again, that gets written off as sickly or old people or ""welfare cases.""",1.0,Libertarian,2021-07-28 18:27:05
"I was saying from the beginning that people would be singing an entirely different tune if COVID-19 killed young children at the rate that most diseases like it do. That is a blessing one bad mutation could undo in an instant. Not to mention that one wrong mutation could send us back to square one of the pandemic. Every single infection is a gamble with the literal lives of thousands, and so at this point as much as I hate to say it I'm not entirely opposed to a vaccine mandate. The externalities here are just too great to wait for the misinformed to either educate or die out.",1.0,Libertarian,2021-07-28 20:01:51
"Well the cost of liberty and freedom is there will always be stupid people. Pointing fingers and blaming others for your problems is the first, spreading divisiveness and hate the second, generalizing, stereotyping and segregating others, were back to 1960s.

Hearing on national media black people dont know enough to discern between a DOB and DL number on their ID has got to be a few more decades backwards. 

Having the POTUS say white supremacy is the greatest threat to America, America is racist and all but calling for a civil war.... 

at the G7 for fucks sakes and were back to 1800s.

Its Regression not progression. OP is contributing to it. Why not, doubling down on divisiveness and hate since 2016 got the house,  Senate and presidency. 

OP could not beat them, so he joined them.

Doctored evidence on numerous occasions in the upper echelons of leadership. Censored the worlds foremost expert on vaccine safety, removed him from the CDC. Censored the sitting president of the United states of America. Wasn't the first time and it definitely wont be the last. 

Biden addressing Congress: "" I will take questions, if thats what I am supposed to do now"".  Feed cuts out, the president wanted to take questions!",1.0,Libertarian,2021-07-28 21:48:12
"This is another scare tactic.  The Cold War was a great one.  Use ""them"" to scare you into obeying and hating.  Then, it was people.  

Y2K was the fear that the world would end because of man's shortsightedness.   We (no race, religion) didn't set the clocks so they would turn over.  Worry, spend money, fear.  

9/11 was another one.  ""Terrorists"" were a threat.  Without saying blunting, all Muslims were a threat.  I say without saying because before 2000, we had many terrorist groups.  All ""freedom fighters"" for their cause.  By 9/11, the majority were Muslim groups.  Basically, this was a strike at Islam.  But, terrorist doesn't denote a group.  It is vague.  Like ""man.""  A step up from Communists.  

Now, it's a virus.  Not even human.  But, it is still scary.  More so since you can't see it, touch it, or even pronounce its name in many cases.

We used to have CD, Civil Defense.  Stocks of food, water, masks, and so on.  If we had this with Covid, we may say that the government might help.  Distribute the food and masks, free of charge.  But, in the 80s, they did away with CD for FEMA.  Save money.  Why? They knew the Russians and Chinese wouldn't attack.  It was fiction.  They ignored natural events that they could be prepared for in order to save money.  From proactive to reactive.  

The smart people could stock on their own.  Have a mask, like the M40, a weapon, food, and so on.  We did.  But, the government wants to take that stock for their own use.  If you stock, you're a terrorist.  Guess that makes all Mormons terrorists.  

The government, or democrats, had their chance.  When it hit the US, they could have shut things down, on their own, with or without Trump.  Stop travel.  Then, only the cities would have had to wear mask and SD.  Instead, to oust Trump, they let it spread, let people die.  Political, as always. No stocks to help people.  The system, bogged down.  Shelves emptied.  And, in many places, still are.  The government doesn't care about the people.  Just votes (election year) and money (taxes).  

There is actually law that says you have to wear a mask outside, alone.  No one for miles, and you have to wear one.  Stupid.  And, for those with health issues, dangerous.  But, hey, they're a burden anyway.  Covid works great for eating up welfare.  The dead don't need medicine, food, clothing, or anything.  And, since the poor pay fewer or no taxes, they don't matter to the man in office.

What spread the virus was...selfishness.  I don't need to travel around the world.  We could have, should have, put measures in place after Obama's Ebola incident.  Travel is controlled.  Not like 9/11 stripe searching, but keeping an eye on sickness.  Far more dangerous than a gunman.  No travel, no spread.  No mobs, like BLM, no spread.  No packed cities, no spread.  If nothing else, it would have slowed the infection rate drastically and allowed the ""super cure"" vaccine to pop up saving lives.  In six months, they came up with a vaccine.  In six months, with travel, it conquered the world.  

If you want to travel, use protection.  But, don't bring something back home with you, like cheating on your wife and infecting her with HIV.  I watched the virus spread.  The ""lifeblood"" of American, Interstate travel.  From the city to the rural areas.  College, business, sex.   

Now, we will be forced to forever wear a mask, hiding our face, which was illegal for anyone over 16.  Fear.  Great for selling new masks.  Jacks prices, too. Yet, they claim it is over.  Cut SNAP, no more Stimulus, go back to normal.  Mixed messages or is it me?  

Wear the mask, don't wear the mask.  You die when you are set to die. By God, the gods, Fate, or simply your time is up.   Don't listen to fear mongers.  The Church played this, with gays and Satanists.  Use the mind you were given.  

I live like I did.  I travel rarely.  I despise going to ""town""where racists, sexists, and others congregate and exchange hate.  Even the Internet is like that today.  I don't go into crime ridden cities where drugs, gang,s and groups like BLM have replaced the Klan.  Wear the wrong color, naturally or by choice, and you get attacked.  The police are just as bad, but with government permission.  I traveled.  By force.  Join the Army, see the world, kill innocent people for your government, which is lying to you.  I liked the ""primitive"" peoples, who lived close to nature, accepted more, and didn't have the problems that ""civilization"" has.  Do the Sentinelese have Covid?  How about racism?",1.0,Libertarian,2021-07-29 01:07:57
"Because no vaccine is a miracle worker. Take the polio vaccine for example the reason no one really has polio is because the high majority had the vaccine if only a small amount had it then there would still be polio. Essentially it severely limits your chances of getting it, having a severe case, and spreading it now once again it's not a superhero so it doesn't work to it's best if everyone doesn't get it. I mean I hate to be mean but that's a very elementary concept to understand",1.0,Libertarian,2021-07-29 03:39:49
"Hold up, you posted in a libertarian sub that you think its because of citizens that the government is turning authoritarian? Then you get butthurt because people call you bootlicker? 

""I hate the government stepping into my life at all, unless there's a virus with a 99.9% survival rate. Then yes daddy Biden. Please force me to be a test subject for a brand new type of vaccine""",1.0,Libertarian,2021-07-29 07:01:23
"If It wasn’t a requirement at my office at work I wouldn’t have gotten it. First of all this entire situation has been politicized from the beginning and it has turned into nothing more than seeing how much power they can have over us. From the beginning, you have Biden, Kamala, joy Reid and the rest of them sat there and said they won’t get it because Donald Trump set it up. Then you have Fauci on record saying masks don’t do shit and then flip flops constantly. Then it’s “believe in the science” and blocking any scientist speaking out about their personal findings and get their researched blocked (hydroxychloraquin) The science proves that children and young adults have a survival rate of over 99 %. If your obese or over 60 or have a pre existing condition, they are the only ones at risk.

They contradict themselves every single day. If they wanted us to listen to the science then Heard immunity  would be discussed but they can’t make money off that. They have added another thing to for Americans to divide and hate each other about. They have given people a license to treat others like complete shit for not trusting a vaccine that is still in a trial phase with no data to back it up. First it was “ get vaccinated and your life will be back to normal, then after millions of people have gotten vaccinated, we find out you can still spread it and get infected by it. How can you bash other people and not bash the idiots putting out the info. 

We have to live like sheep and they are up ur ass if you don’t get it but you have over a million people flooding our border mostly unchecked and released into the US. The people who speak the loudest about misinformation are the most responsible. Your taking it out on the wrong people.",1.0,Libertarian,2021-07-29 08:43:54
"Hey man, I've lived a gamer lifestyle, this isn't too far from normal for me.  What, I can't go to bars anymore?   Guess I'll just save money and drink from home.  They can't dictate if I have a friend over.  I mean, I recently found I have asthma, and I still wear a mask all day at work.  Those aren't much of an inconvenience.  I hate it, but I bear it.  At work it's mandated, but I'm still going to wear it in public because I'm not an asshat.  I'm still going to try and maintain distance because I'm not an asshat.  The problem is, there are lots of asshats out there that whether shit is mandated or not, they'll remain asshats.  Eventually enough people will take the vaccine and I can roam the world again.  Unless this vaccine passport whatchamacallit-illegal-dystopia shit sticks around.  Then I'll be outraged.",1.0,Libertarian,2021-07-29 14:33:39
"I definitely don’t support making it mandatory, and I’d hope either the legislature or courts would kneecap anything resembling making it mandatory. 

As far as the military, I hate to say it, but don’t you kind of have to give up some of your rights when you enlist? I know other vaccines are already DOD mandated so I don’t see this is a huge shift from the status quo as much as a continuation of the abuses endured by enlistees. 

I do dislike the stigma about not being vaccinated. I get annoyed between the “you’re a bad person crowd” and “the government is using it to track you” crowd lol. I wish the issue wasn’t partisan and just focused on whether or not the vaccine is helpful. I personally haven’t gotten it, but like I’m not against it or anything.",1.0,Libertarian,2021-07-30 02:58:05
"&gt;I definitely don’t support making it mandatory, and I’d hope either the legislature or courts would kneecap anything resembling making it mandatory. 

Yeah I mean it definitnely won't happen but the fact that they are even looking into it is what's kind of annoying. However that said there already has been a SCOTUS case that confirmed states right to enforce mandatory vaccinations. So it may be more possible than it feels.

&gt;As far as the military, I hate to say it, but don’t you kind of have to give up some of your rights when you enlist? I know other vaccines are already DOD mandated so I don’t see this is a huge shift from the status quo as much as a continuation of the abuses endured by enlistees. 

You're absolutely correct that I made the decision to sign my life away but every other vaccine or all the other issues with the military I knew of prior to joining. Mandatory vaccines for us don't bother me per se (although historically they have used and abused military to be test monkeys for vaccines), it's the fact that I was never presented with a choice prior to joining and now my only 2 choices are prison or vaccination. If there was a choice for voluntary separation with honorable discharge I would not have an issue with it, but if that were an option I also probably would have already gotten vaccinated, it's the pushiness that bugs me to the point of defiance.",1.0,Libertarian,2021-07-30 03:08:13
"Fun facts below:  (intentional confusion brought you by that shining beacon of science™️, known as the WHO)The ""experts"" went and changed up the definition of herd immunity between June and November 2020. They needed it to line up with the agreed upon narrative and talking points because all that historical understanding of natural immunity being more effective than billion dollar drug companies' experimental products. Also because the body's natural viral defenders are ""white"" blood cells, which are clearly racist. 

1 -- WHO June 9 2020 definition of Herd Immunity - ""Herd immunity is the indirect protection from an infectious disease that happens when a population is immune either through vaccination or immunity developed through previous infection.""

2 -- WHO November 2020 definition of Herd Immunity-""Herd immunity’, also known as ‘population immunity’, is a concept used for vaccination, in which a population can be protected from a certain virus if a threshold of vaccination is reached. Herd immunity is achieved by protecting people from a virus, not by exposing them to it.""

Memory holed that sh@#!

Next part is going to be long because I'm tired if seeing every sub that may have a glimmer of middle road civility in dialogue, utterly nuked by rage mongering loathesome practices which are predominantly coming from people on ""the left"" (what a dumb way to talk about the country) 

Read or don't. It's a free country regarding what we can read or not...oh wait. Unless it's labeled misinformation that day. 

As a side note for middle of the road thinkers who just like the US Constitution and the protections if our rights (what?! Yep I said it-I like those things) this will be my first post here and hopefully it doesn't become another radical left or right sub. Also anyone notice that the middle hasn't moved much at all in decades. That's just how far left things have moved, that the center and the right both look like far right. Perhaps someone needs to point that out sometime. 

I'm so lucky to have found (or at least until I saw how this may be less r/politics or r/political humor - humor being code for gross toxic angry self loathing radical leftism) but it seems like there are a lot of confused people from perhaps the alt left, who felt uncomfortable with the crazies over there and came here rather than r/republican and are now confused as to why r/libertarian folks don't upvote their cries for more draconian and authoritarian rules. I am sure they wonder why libertarians don't seem to 100% agree with groupthink and herd speech, for fear of censorship through reddit gangs of keyboard warriors who sneer while typing, and are always two levels away from calling anyone who doesn't share their totalitarian / fascist (while somehow antifascist) views a racist or something phobe. Shortly after or before that block-check though, they'll also immediately default to mentioning trump supporter, fascist, (ironic) conservative, or republican, even if you loudly and overtly declare that you are by no means, any of those things. 
 
Every law and every right in this country must be evenly applied. Equality in standards yes but ""Equity"" is a code word for how the overreaching government will explain away your freedoms because otherwise we'd ""never get it right"" on our own. Vaccines are available for free. You don't have one yet? That's your god given right to chose. Those who have had the virus don't need a vaccine anymore than a Pfizer vaccine recipient. Who knows, maybe with talks of a 3rd dose or infinity dieses, maybe natural immunity is the better option. Either way or neither way, that's every person's choice. 

This thing has an ignored fatality rate that's clearly even more finite based on preexisting health conditions. Largely obese people, with obese people problems. So where was this level of concern to protect the at risk people from obesity, diabetes, smoking related heart disease and cancer? Where was this government intervention that must control the 98% to protect the 1-2%? An obese person is told, deadly virus out there for fatties like yourself, also you're going to get the diabeetus if you don't watch your eating habits. Then covid hits and we are reading about how the ""last text they sent was 'i should have got the vaccine'"" No one locked down all the fast food places to flatten the curve(s) of the obesity pandemic. Why? Because how dare you tell people what to eat or drink. How dare you tell people that 5o% body fat is unhealthy and shame them, their body their life and their choice! The same people who would spring to defend such ""judgmental"" medical advise, are the same who follow the authoritarian battle cries of, just take a vaccine or just wear a mask regardless of science, fatality rate, vaccine availability, just do it. Government said to. Questioning government orders is racist, phobic, conspiracy, republican, fascist, Nazi, right wing, conservative think. Etc etc. 

What was that ""my body my choice"" crowd? Ohh that's only for some groups. These standards for our American society shouldn't be evenly applied to all? Oh that's right, that would be patriarchal. Certainly stand upon your soap boxes, masks worn high, proclaiming that blindly following rules that lack supporting evidence while parroting talking points of the ultra rich and power-drunk, makes you brave and virtually superior. 

Until the time where your specific beliefs or stances aren't on the side that the government has coddled up to. By then, people will have surrendered their freedoms and will likely not see them returned. So yes, everyone wear a mask to save the small percentage of possible fatalities. Why you're at it, tobacco causes cancer so ban it. Sugar causes diabetes, ban it. Driving caused car crashes (from which you're more likely to die of than covid if you're vaccinated, naturally immune, or a low risk healthy person) kill people every minute of every day, ban them. Ban everything dangerous. Embrace the control.

So hey, if you are confused and bringing your echo chamber circle jerk pile-on mentality here that they have in some other partisan subs. Or the unquestionable positions that lack substance but questions are met with accusations and unjustified hate speech Or every other political sub that says it's neutral but is obviously just another circle jerk that labels anyone not way out left as right  wing republican conservative racist trump fans. If any of that sounds familiar, you're exactly the same type of authoritarian fascist evil thing you so loudly proclaim you oppose.",1.0,Libertarian,2021-07-31 13:23:57
"https://www.nbc12.com/2021/07/30/i-should-have-gotten-damn-vaccine-father-5-dies-covid-age-39/

Kind of relevant, don't you think? This virus is legit scary

imo there is a conspiracy, a conspiracy by wealthy special interest groups to contradict scientific consensus at every turn, ie create a false sense of uncertainty over an issue where there is, in fact, concrete scientific consensus backed by empirical data. Facebook does this, Heritage Foundation, Cato Institute, etc. they represent the most powerful individuals, and these groups encourage ignorance, fear, and hate.",1.0,Libertarian,2021-07-31 16:20:11
"This is my exact position. I took the vaccine because I genuinely hate mask wearing. I understand we were covering our mouths and noses yada yada, but we were still physically covering up our identities. That’s not good for our human minds",1.0,Libertarian,2021-08-01 20:37:22
"reading through these comments and none of you are real libertarian.  /s

DT Jr makes a valid point from the perspective that you can't have it both ways.  You can't require a vaccine passport for everything except voting.  That would defeat the purpose, but if you propose requiring one to vote, the left would lose it....LOL

I hate living in a nanny state, but I also like to believe that polls are secure from fraud. The argument that its difficult to get an ID is such a weak excuse.  If you want to vote, do the work.  Get two pieces of mail and $25 and walk your happy ass to the DMV.  That is, IF you really want it.",1.0,Libertarian,2021-08-02 02:22:58
"Please don't let this sub become an echo chamber.  It's one of the few places where people can share ideas any more.

To some degree, you'd expect anything Reddit to swing to the left, but this sub is hardly progressive, IMO. Hard-core libertarians should realize that the current climate, driven by highly irrational tribal viewpoints, puts its finger on one of the challenges of libertarianism - that people aren't rational, and that irrationality causes major societal problems.

But on the flip side, those advocating for state intervention have to realize that, especially in America, it's likely to backfire.  We Americans are fucking obstinate, if we are anything.  In the last two weeks, I can't tell you how many times I've heard, ""Well, I was thinking about getting the vaccine, but if they're forcing me to get it, then there's no fucking way I'm getting it"".  As much as I hate the misinformation of the antivax movement, I do beam with pride a little at the insolence.  Because fuck the man.

I love the discussion.",1.0,Libertarian,2021-08-02 18:26:12
"&gt; also disallows private businesses from mandating masks or vaccine passports for customers.

And here we have even more proof that republicans hate the free market.",1.0,Libertarian,2021-08-03 03:24:17
"Unfortunately, as well intending as your response is, it’s very narrow (I’m not saying you’re narrow, I’m just saying the argument is).

Empathy is multidimensional. Let’s say person A is empathetic to people who are homeless, poor, abused, lonely and with handicaps. This person is also uncomfortable introducing new medication to their body, and takes 53 months before they feel comfortable doing so. They understand the risk of passing the virus, but experience anxiety in receiving the medication due to several factors revolving around government mistrust and fear of their health.

Let’s say person B is also empathetic to similar things, but is quickly comfortable receiving a medication because they don’t want to spread the virus to others, because they empathize that there are people unvaccinated who might get sick, as well as others who might be vaccinated but with weakened immune systems who might still get sick: they want to prevent pain to those who aren’t as able bodied.

Then you have person C who gets the virus, doesn’t get the vaccine, doesn’t care if anyone gets sick, doesn’t care if they get sick. Life is about living the moment. They never give to charity and are selfish.

Then we have person D, who has received the vaccine and understands that they might have been comfortable receiving a new medication without regard toward the risk because they hope that the immediate science is as accurate as posed. They hate people that don’t receive the vaccine and don’t care if the unvaccinated get sick.

The we have person E, they haven’t gotten the vaccine, are empathetic to others and don’t want to get the virus and hurt other, so they bury themselves in conspiracy. They had a grandfather in the Tuskegee experiments...

Then you have person F, G, H, J... etc. 

What I’m getting at is that there is no “us vs. them” in the reality of variables of types of people that exist. Sure, there can be non-empathetic people that take or don’t take the vaccine, but that majority are going to be much more complex- by logical analyses of variables.",1.0,Libertarian,2021-08-03 03:48:56
"Pffffy how many people here are for abortion and against a covid vaccine mandate? How many people here are for hate speech and gay marriage. You are all shills from what I've seen.

MY LIBERTARIANISM IS THE BIGGEST!!!",5.0,Libertarian,2021-08-04 11:05:12
"It made me stop considering myself a libertarian at all. Don’t get me wrong, I still want a small a government as possible, but I hate humanity even more now. We humans don’t give a shit about each other. I was sold Libertarianism because I was told in the absence of government, people will do the right thing regardless to help their fellow man and society. 

I was told we don’t need the government to be nice to each other. 

It would have been nice to see people against vaccine mandates say “we don’t want the government to force vaccines on people but get your shot because the scientific evidence shows that it’s beneficial” 

Or anti maskers for go “we don’t want government mask mandates but businesses are free to implement one and you really should wear a mask anyways because it helps slows the spread of COVID”.

But no…the damn protesters don’t care about anyone but themselves and it makes me lose faith in humanity and in turn libertarianism…",1.0,Libertarian,2021-08-04 15:19:28
"Just so you know.....when you talk about the science, you should discuss science from scientific review journals. Hate to break it to you but Fox ain't fucking cutting it. 

First of all: you do realize that EUA ***IS*** an approval by the FDA, right? You do also realize that said research ***IS*** still ongoing, *including* all the drug interaction, efficacy, carcinogenic, and pre-/post natal ***PLUS*** the fact that mRNA is NOT knew research. There have been literal decades of research that the vaccine was built on. Source here: my mother fucking institution is actively contributing to these studies and I'M helping with them.

Does it prevent transmission: this was the dead give away that you don't actually have a goddamn clue wtf you're talking about. Please describe for me how to prove a negative and then you might have an attentive audience. 

On top of that ivermectin, hydroxychoroquine, vitamin c, d, and zinc have failed study after study to prove efficacious treatment in anything other than asymptomatic cases of covid. Stats solid, appropriate statistical tests conducted and it doesn't stand up to the test. Also, I know this bc I'm co-author on the mother fucking studies that demonstrated this as a failed treatment option. Just take ""Stop COVID"" to pubmed.com or Google scholar and see what tf pops up. 

Lastly: who the fuck thinks that death is always the worst outcome? Patients are surviving bc of the miraculous ability to throw the medical book at them and keep them alive, intubated and on ECMO (bet you don't understand the gravity of that one) for WEEKS. 

You're an idiot and the only reason I'm wasting my time typing all of this is bc I'm so goddamn sick and tired of idiots like you being believed in all your horseshit of false intelligence and it's conspiracy masquerading as science. Sit down, shut up, and until you learn about research methodology, statistical design, and FDA approval processes, listen more than spouting off bullshit. 

Oh. And also: guarantee that more research has been done on mRNA than half of the current FDA approved medicines that are used every single fucking day. Wanna know how I know? Bc I've been working in clinical research (aka testing drugs and devices in humans) for 15 years and I actually know how the industry works.",1.0,Libertarian,2021-08-04 22:15:04
"He has both doses already. 

His dream is being a ballet dancer. If a vaccine is what it takes to do that, he made the choice to do it. I hate it was forced on us though.",2.0,Libertarian,2021-08-05 21:54:44
"I thought libertarians were anti government anything? as I read seems like they hate desantis for doing this. I get not liking the guy he seems like a mini trump. I keep reading most libertarians say look at the science when it comes to covid and vaccines, but those same libertarians refuse to look at science when it involves abortion and the development of a child. Admittedly I’m to the right on that topic and understand the push back. It’s crazy if I kill a lady by running a red light accidentally who is on the way to get an abortion. I could be charged with feticide by vehicle... it’s just a weird thing 

But if unvaccinated people are infecting unvaccinated people and they are the ones who are getting greater symptoms and are more likely to die....isn’t that the choice of the individual? Shouldn’t it be up to the individual business to make that choice? Not the government? I personally have no problem with the vaccine. To be fair It’s very difficult to know what the real numbers are considering our news media and dr. Fouci are compleat TRASH on both sides. Both flip flop all the time...Israel is one of the most vaccinated countries in the world and they are talking shutdowns again.. what’s the point of being vaccinated? 

This is why I left the libertarian party. Just seems like a group of throat chokers always fighting over who’s the better libertarian. I hate all parties to be honest. I’ve gone from republican ignorantly to libertarian and now just disaffected traditional liberal I guess? and politically homeless.

I love Dave smith tho and if he really is running in 2024... he will get my vote.",0.0,Libertarian,2021-08-07 12:25:12
"Hate to break it to you then but you didn't actually have a choice, or rather you had a choice, either get the shot or get booted from the service 
https://cck-law.com/blog/anthrax-vaccine-causes-controversy/",0.0,Libertarian,2021-08-07 15:19:20
"Yes. Unless you are a contract worker, your employer can require you to be vaccinated as a condition of employment. You have the right to accept the terms or reject them. Irony: union workers cannot have vaccine conditions unilaterally invoked and doing so would require negotiations. So, many upset with employers installing undesirable work conditions like vaccine requirements also hate unions.",1.0,Libertarian,2021-08-10 12:35:55
"I feel like we actually arent all that far apart here tbh. 

I understand that people are irrational (its the fundamental flaw of libertarianism) and they should be allowed to be so. However when the stakes are this high there is no need to coddle them or rationalize for them. Being wrong or irrational is not the same as being a bad person, I dont believe these people are trying to actively make life worse for millions in the country, but in their misguided approach they are. And as such their weak rationalizations should be called out, not reinforced. Having a shit argument is not the same as being a shit person unless you have strangely hitched your identity on said argument (which is unfortunately true for some but not all anti covid vaxxers). If you want to see it as a hate the sin not the sinner situation, I wouldnt disagree with that. Lets not jump through hoops to justify the sins though. 

Second orders of magnitude below 1% or absolutely relevant when you are dealing with 350,000,000 people. Notice how many zeroes there are. Percent is “per 100”. That difference in zeroes is why .001 does matter, thats 350,000 Americans. I honestly think that inability to conceptualize mathematics at scale is the biggest reason for covid vaccine hesitancy. You need a nuanced grasp of numbers to understand how what they are actually saying and when you have that its pretty clear. Thats why there is absolutely wide scientific consensus. Because even if we dont know 100% of the information or long term effects the numbers paint a clear picture as to rational course of action. 

The gravity thing was hyperbolic but it was a reference to the fact that there is no absolute certainty in science. Thats antithetical to the method. To this day we actually dont have a working theory of gravity that fits both General Relativity and Quantum Mechanics. Do gravitons exist? We dont know, there is still much we dont know and much to learn. But that doesnt change that we know enough to make decisions on it. Your doctors expressed a lack of certainty that is real, but they and you all got vaccinated because for all intents and purposes while we dont know all, we know enough. To pretend that not being certain of the long term effects is the same as saying its possible that we’re all gonna suddenly sprout a second dick, get autism and die is disingenuous. What they are leaving the door open for  are minor complications that they obviously consider less worrisome then getting Covid.",1.0,Libertarian,2021-08-10 21:11:46
"&gt;Immediately you’ll be embraced with downvotes and called a Trumpy.

yeah well, that's easier then discussing the data/claims. Its like back in Salem, MA when they would call you a witch/blasphemer. We're entering a new era of murmurations. You don't agree? Well, you're a witch.  

You wanted some support/evidence for a claim, they didn't like it, so you're a blasphemer. 

&gt; I’m not anti-vax. I’m vaccinated. I just like data.

I hate when people try to legitimize themselves with things like ""don't ignore me, I'm just like you!"" style of statements. It doesn't matter if you were pro-vaccine passport or completely anti vax, you shouldn't have to state that you're a member of a 'protected' status just to engage in debate.",-3.0,Libertarian,2021-08-11 17:17:40
"is that why i'm seeing dems hate the military post on twitter and conservative forums again?  


i thought it was the vaccine mandate could be both idk",10.0,Libertarian,2021-08-11 18:34:51
"I hate the term vaccine passports. 

Have the people labeling this never been to a foreign country?? To go to South Korea I had to get Smallpox AND Anthrax shots before I could step foot in the country. 

How is having a shot to visit a private buisness in anyway a passport? Real countries require a certain level of vaccination. Its always been that way. It's a stupid name.",1.0,Libertarian,2021-08-11 21:45:00
the same reason why republicans have no problem with voter ID but hate vaccine passports - party politics,1.0,Libertarian,2021-08-12 11:32:48
"You realize covid has a 97% survival rating right? Mr. ""Gonna get us all killed"". And honestly even calling this a ""vaccine"" is a long shot. You can still get it, transmit it and show symptoms. Slightly lesser symptoms for a virus that 97% will already only have light symptoms for? What's the point? 

It's a simple risk/reward factor and the risk of a new untested drug with no idea of the long term effects just isn't worth it to some people. 

Most of those people are fully vaccinated besides this. Calling them ""anti vaxxers"" is really a misnomer and an attempt at dehumanizing them. Very similar to what the nazis did to the jews in the 1930's. 

You should really be aware of this before spreading hate and vitriol.",1.0,Libertarian,2021-08-12 11:57:31
"I hate to be the one to tell you this, but the reason that you believe everything you just wrote is because you're not skilled at distinguishing between real data and false narratives. 

The vaccine is highly effective and safe. It's either get the vaccine and wear masks until this goes away, or live with government mandated lockdowns and qurantines.

We can't be free if we suffer stupidity.",6.0,Libertarian,2021-08-12 14:05:06
"Humans who don't get the flu vaccine every year, and haven't experienced the flu since their last flu shot, are uneducated swine who must obey govt and non-govt agencies about vaccines... I fucking hate adults who think other adults should ""just follow orders""",-7.0,Libertarian,2021-08-12 16:44:43
"I'm in Texas and they are making mask mandates illegal, instead of leaving up to the community, or even the county. This state is too big to control from a little office in a city. Some areas won't have as much of an outbreak as others.

The lockdown was dumb as hell, and I think that was the government showing their true levels of understanding how things work(aka they are dumb as shit and fucked it up because they didn't know better). 

I hate that people can't just wear a mask. Everyone's acting like they are oppressed because of a piece of cloth, then wonder why we have to push the vaccine on people.

Which leads me back to my original concern, why does on party get to completely just ignore every rule/regulation/decision? If everyone can go back to wearing masks, then there wouldnt be such a hard push for vaccines, but if they can't even do that, what do they expect?",2.0,Libertarian,2021-08-12 20:19:13
"Oh look, another strawman calling me a fascist!

No. There is a huge difference between an intentional eugenics program and believing that individuals must take responsibility for their own health. 

I hate to break it to you, but the most vulnerable tend to get more sick when a disease circulates. I do not believe this justifies government intervention in the economy causing runaway inflation and violation of freedom of association.

If a disease is dangerous enough and a business has a profit incentive to do so, they’ll require mask/vaccine mandates. This is very different from the T-4 euthanasia program pushed by the Nazis.",0.0,Libertarian,2021-08-13 15:29:20
"They just hate LGBTQ+ people and don't need anymore of an excuse to justify their shitty behavior.

They care about vaccine passports cus it effects them.",-10.0,Libertarian,2021-08-13 18:42:42
"Yes, those people. Highly intelligent, esteemed (until perhaps recently) academics/professionals. 

Anyway, there are two separate discussions to be had here: the merits of these people's claims (which I think are often very solid), and the efficacy of the communication strategy you're defending. I'm only going to touch on the latter, because the former would require a lot more careful writing than I'm willing to do on my phone right now lol (and because it's the subject of this comment chain).

You can dispute the integrity of those men and their hypotheses, but you can't seriously dispute their intelligence. Likewise for many among the vaccine hesitant, who very often are clever people with justifiably shaken trust in institutional authority.

Belittling, censoring, and talking down to this group just pushes them further away. Are your concerns allayed by thoughtless dismissal from groups you don't trust and who you suspect may have ulterior motives? When you're not allowed to ask questions, do you take that as evidence that they're stupid or that their answers reveal undisclosed motivations. On a more emotional level, does being bullied generally make you more pliable, or does it make you hate the bully and everything they stand for?

The only winners here are the politicians and the media. They loving selling you righteous indignation, and of course they love when your subsequent derision of the vaccine hesitant leads to further radicalization and provides them with more outrage porn to sell you. You're making the problem worse.",0.0,Libertarian,2021-08-14 17:17:09
"Did I say anything about covid?  Since you brought it up,  the virus mutates in vaccinated people also making it more likely that the vaccine won't work unless you come out with a booster shot.  This is also rushed science,  that has proven time and again to produce negative results in the long run.  

The original comment I made was in response to science deniers.  I don't believe all "" science"" that comes out,  expressly for the reason I stated.  A lot of science that you are speaking of,  when people deny it,  is biased.  Trying to produce a certain outcome because you want that outcome isn't science.  Science is also constantly being tried and updated. We use the current best model.  

As for passing high school,  I didn't.  I quit in 11th grade at 15 years old,  went and passed my GED two weeks later.  I have a 137 Intelligence Quotient and a little ADD. I absolutely hate school, at least the way they teach in schools.  I read a lot and have taught myself. Many times have I had to make this argument but I'm sure it won't end this time,  education does not equal intelligence.  They taught a monkey to get back from outer space!  You can't send a person with a 60 IQ to college and expect that they will be a surgeon. Education only teaches a person how to think,  read indoctrination. Observation and experience teaches a person how to think and do.",0.0,Libertarian,2021-08-14 22:00:56
"&gt;good one lol... youre so lucky im a kind person lol,

You're not a kind person, you're an idiot who thinks that you're being sent to the gas Chambers because you're being asked to take a vaccine against a global fucking pandemic. That makes you selfish. 

 &gt; I agree youre right, all youre data is the best data of all datas and youre the only person.

Well I'm sorry that I listen to experts instead of Karens on YouTube. I'll take the word of the experts over them any day

&gt;I guess i cant participate in society anymore in youre world view.... 

I hate to break this to you, but vaccine requirements have been around for a long time. 

&gt;youre an extremely inclusive group right?

Antivaxxers deserve to be mocked for their selfish and reckless behavior",1.0,Libertarian,2021-08-15 15:03:16
"I hate to break it to you but you sound like an alt-righter. You having a “high IQ” means exactly nothing and just sounds like you are sucking your own dick. IQ measures reasoning and problem solving skills, which is important but means jackshit if you don’t have a solid education to inform your reasoning. Which since you dropped out of high school and got a GED instead does not bode well especially since you didn’t go to college. 

As for “bad science”. You are right having a bias when performing scientific studies is bad. Not sure how the. efficacy of the vaccine and other therapies is bad science. 

Yes you are right people can still get the virus even if they are vaccinated. No one said they couldn’t. You also can still spread. The difference is it takes a higher viral load to achieve infection in a vaccinated person. You also will be sick for a lesser amount of time and it reduces your risk of hospitalization and severe symptoms by a lot. By all metrics if we had achieved 70 percent vaccinated we probably wouldn’t be having a resurgence of the virus.",0.0,Libertarian,2021-08-15 15:40:23
"I go to a public state school, and we had vaccine mandates. I am pro-vaccine and I believe everyone should take it, but I absolutely hate when the state enforces us to do so. Private businesses do have the right to have mandates, I guess, but farewell to our freedom.",1.0,Libertarian,2021-08-16 00:27:12
I hate both the states that require vaccine passes and the states that fault businesses for requiring vaccine passes.,3.0,Libertarian,2021-08-16 03:26:34
"&gt;	I'm starting to think a lot of these people raging secretly wanted the US to stay indefinitely.

People just want something to be mad about. There’s always somethings.

America is full of irrational drama queens.

Covid, Vaccine and Mask Mandates are getting boring. It’s time to hate eachother due to opinions on Afghanistan.

There’s 195 countries in the world. If you think Afghanistan is the only one with dire problems - you’re surely mistaken.

Sure, the fortunate should help others.

But if you spend your entire paycheck on everyone else - your family is gonna starve.",2.0,Libertarian,2021-08-17 14:06:50
"You keep forgetting that it's an experimental vaccine, trials not officially ending until 2023. Hell, the companies who make them refuse to take responsibility for the effects and you're going to mandate that people take them? Maybe those nurses know better than you do?

And before you say that mRNA is safe, that's not even the main issue. We don't know all the side effects for the non-mRNA COVID vaccines either, it's the same problem. Testing long-term is king to vaccine approval.

Take them if you want, take them if you have reason to believe COVID might be a problem for you, hell take them for science or if you just hate having a 2 week long downtime because of a non-lethal COVID. But don't force it on others, it's gotta be voluntary.",-13.0,Libertarian,2021-08-18 19:16:35
"Yes, a vaccinated person got COVID. That was always portrayed as a possibility. *Especially* when you hold massive congregations where masks are frowned upon, attended by manipulated individuals who subscribe to the same narrative (ironically at Abott’s suggestion). You realize you’re criticizing vaccines in support of a person who’s been vaccinated while simultaneously avidly protesting them, right? You don’t see the irony? 

The normal vaccinated person is intelligent enough to not attend such events. No one said the vaccine is bullet proof. If we were both in a gun fight, you’d be the dumb ass refusing a ballistic vest because “you can still get shot in the head?!?.” Great point. Super convincing. 

But what do they know, the scientists and genetic engineers who’ve dedicated 10+ years to their relevant field? I’d bet a grand you’d hate if someone assumed they knew more than you about your profession having literally no correlation to said field. 

Your statement is not only uniformed, ignorant, and unintellectual, but it’s also massively hypocritical. Congrats, you’ve changed 0 opinions and merely painted yourself as an idiot.",0.0,Libertarian,2021-08-19 02:41:45
"Yeah people live to makeup bullshit numbers to support their claims. But as soon as you reference actual data, they either change the argument or disappear. As a libertarian, I hate agreeing with anything the government says, but that doesn't mean they're wrong about everything. I'm free to get the vaccine or not, and I think it should stay that way. But with liberty comes responsibility, and it's the responsible and smart choice to get vaccinated.",3.0,Libertarian,2021-08-19 16:01:07
"Mainly to get people thinking.  Hope they start soon.  

I hate the idea of people getting pressured to take the jab by clowns like you that parrot what they heard on the evening news. 


https://principia-scientific.com/professor-dolores-cahill-people-will-start-dying-after-covid-vaccine/

https://europerenaissance.com/2021/08/17/dr-reiner-fuellmich-nuremberg-trials-2021/",1.0,Libertarian,2021-08-19 19:33:32
"Here's the problem, the US a massive populous and centralized state facing a multiple crises and reckonings. We have police abuses bringing racial inequality up to the forefront, COVID-19 threatening our medical system and economy, climate change and all of the droughts, fires and storms that come with it. Not to mention to frustrated younger generations struggling to afford housing or enter careers with the kind of pay and benefits their parents' generation enjoyed.

The Trumpist and right-wing Republicans (most of the party) are downplaying these crises and reckonings or denying they exist. I honestly don't think the federal government can or should fix or address all of these things, but there is a strong public desire for government to do so and a precedent that has been set for federal government to try and fix crises and sources of public frustration.

Honestly, the federal government was right to do something about COVID. Not eviction moratoriums, checks to cut to individuals and states and encouragement for months long shut-downs. But controlling/quarantining international travel, tracking spread, studying the virus, offering information/guidance to individuals and pushing through a vaccine and offering it to people at no cost were all appropriate 'big government' actions.

I hate to say it, but the same will probably be true of climate change. I'm not saying the Feds should ban gas cars or coal mining, but I do think some level or regulation and logistical support from the central government will be necessary as climate change progresses.

All that being said, we have to be really careful. I predict the Republicans won't be able to win a presidential election in ten years or less, and climate change is going to lead to more fear and instability. There are going to be continued misguided pleas for and attempts by the Democrats to fix problems like poverty and inequality through social control and economic manipulation at the federal level.

Republicans will likely try to change the rules of elections while contesting Democratic wins (as we have already seen), and those further to the right will likely become increasingly violent and vocal. All of this will be used to justify greater surveillance, social control and censorship. 

I don't want to say this is inevitable. Maybe a third party, like the LP, will emerge as a more competent counterbalance to the Democrats as the Republicans lose federal control. Maybe the Democrats will stick to a more limited and less authoritarian federal strategy in time and let states deal with problems like housing and inequality. Either way, the Democrats move towards authoritarianism makes sense as a reaction to the events of the last couple years. I'm very worried about it largely because there are reasonable-sounding justifications.",1.0,Libertarian,2021-08-19 23:52:24
Russian roulette vaccine style!! I hate the fact that normies refuse to adress the unknown of the vaccines. This whole situation could lead to massive long term health issues and the collapse of our country but who cares. Maybe we’ll all be fine but wow what a risk we’re taking.,1.0,Libertarian,2021-08-20 15:15:11
"Umm, I hate to break it to you genius, but your first sentence was “it is probably the cost effective thing to do”

No, no where is it more cost effective for people to ignore a $30 vaccine because DeSantis said he would give them a $6,000 treatment on the taxpayer dime. 

If they all just got the $30 vaccine, they wouldn’t need FL to pay $6K a person to give them more experimental drugs. 

And this isn’t a binary question. Get the vaccine and reopen the economy. Pretty fucking simple…except for Florida.",4.0,Libertarian,2021-08-21 11:37:37
"&gt; Firstly, we know that hundreds od thousands of people have suffered injuries as a potential consequence of the vaccine...

Your first premise is incorrect.  You have been scammed.  VAERS numbers are not 'vaccine injuries'.  They are merely reports.  From VAERS...

&gt; When evaluating data from VAERS, it is important to note that for any reported event, no cause-and-effect relationship has been established. Reports of all possible associations between vaccines and adverse events (possible side effects) are filed in VAERS. Therefore, VAERS collects data on any adverse event following vaccination, be it coincidental or truly caused by a vaccine. The report of an adverse event to VAERS is not documentation that a vaccine caused the event.

So you need to stop using this information.  It's wrong.  The people you heard it from are wrong.

&gt; Second, we know that manufacturer has 0 liability and are 100% immune. 

Yep.  I'm not in favor of that.  But, in these circumstances (explained later), there are arguments for this.

&gt; And if anyone mandates it, they must immediately assume personal and criminal liability.

We're not talking about mandates.  I don't support them.  However, the level of lies going around is a damn effective argument for mandates, and I hate that.  Libertarianism assumes that people make reasonable choices, and that is being proven false.

&gt; Furthermore, covid deaths are massively overcounted. According to the CDC, George Floyd died of covid. 

Another piece of false information, or technically, irrelevant information.  There were about 600,000 unexpected deaths.  They are widely assumed to be from covid, based on data forming an international consensus.  Your claim that this number of dead bodies came from other causes is a scam that you have fallen for,

And this is an important point:  because the danger of the pandemic increases the expected benefit of the vaccine.  And that danger is actually high enough that encouraging the fast development of the vaccine would save more lives.  Therefore, government taking on this liability, in order to prevent even more massive loss of life from the pandemic, results in the government protection and waiver of liability in their role as protector of American lives, which is one of those rare things that Libertarians generally support government action.  I'm not convinced it's necessary, but given that we are talking about hundreds of thousands of dead bodies, and that's without material deaths from lack of hospital availability, I think that's a decision that the majority of the people would support financially on their own, anyways.

So, since you have avoided my question twice, and attempted to distract with big paragraphs of scam misinformation, answer my original question:

&gt; how anti-vaxx people can be held responsible and pay compensation when their choice gets someone else sick, and they die.

Because ""Well, it's OK to harm people because they can't prove it"" isn't Libertarian thought.  It's not the NAP.  The Trump-fueled scam you are spreading is a lot closer to ""Human lives are OK to sacrifice if greater economic goals are met.""  Which is pretty much textbook Stalin more than anything Libertarian.",1.0,Libertarian,2021-08-23 01:18:13
"Yeah in theory I hate the idea of more id, more laws and less choices for business owners. The following questions led me to decide this mandate was temporarily ok. Not a big fan but I understand.


What do you think of ID checks at these venues for alcohol? The vaccine police argument thins out a bit no?

employees have a right to work in a safe environment. Isn’t this an example of protecting employees? I know they could quit and find other work .  Who does that help? We already have so much unemployment.

If this was not a law, I get sick from a private business allowing non vaxx, do you think I should sue the business?


I live in San Francisco where this is also a thing. People love being safe here so there’s very little push back, I think most people understand their market. That’s huge for me. Why the fuck is a New York restaurant owner not catering to his market? Seems like a weird hill to die on.",0.0,Libertarian,2021-08-23 13:13:01
"Why such hate towards people choosing what they want with their own body. In my personal experience, I have been around over 10 people who have had COVID, one individual was 94. Only one of the people I know were hospitalized and put in a comma, and that was a double vaccinated Pfizer recipient. Most of the others didn’t even know they had COVID.

I have been around and talked with over 30 people who had the vaccine and 3 out of 4 got sick from the second dose of Pfizer.",-18.0,Libertarian,2021-08-23 14:41:27
"Why didnt they do this with common colds or the flu? they spread like wildfire every year.... Well i guess until covid came around. Theres probably like 75-80 percent of the population with one form of immunity??? Once everyone has immunity then the only people that should be getting boosters are probably people that are like 60+ years old or have some immune disorder? I hate that you guys are using this to enact laws and then pretending its private business that wants to do this... 

If they'll shut your restaurant down for not requiring every person in the building to have a covid vaccine then isnt that the government forcing a business to then require it on employees and patrons? Or am i just looking at this completely wrong? I guess with your attitude you can just shut down your business.... How does any of this add up in your head like these are just private businesses making a private choice?",0.0,Libertarian,2021-08-23 16:24:59
"fleming is the same doctor who made the quack claims that the vaccine is a ""bioweapon."" He is one of the leading misinformation hacks. A once respectable individual, he went full on alt-right / and hate speech, with completely erroneous claims about mRNA vaccines - with little to no evidence, especially peer reviewed literature.

He's also the same guy that plead guilty to insurance fraud. Not someone I'd turn to for reliability.

\- if i'm required to watch a video on ""how to use this site"" it's not a good source of information (also, i'm not going to watch that video).

Simply look at who is quoting and hosting his asinine stuff. Do a google search for his name, and you'll see the only ones promoting/hosting him are extremist sites.",2.0,Libertarian,2021-08-23 19:30:28
"&gt; Yet, why does Greece have a say in Italy's monetary policy?

Because that's the EU. That's how it works.

&gt; That's just your American talking. Lol US doesn't say UK you take 15k, Italy you take 6k. Lol. Small brain on you.

America is the defacto world power. Until China takes over, America is still the defacto world power. I'm sorry if this offensive to you but this is the timeline you're living in.

&gt; Then in the same token....why are private businesses getting fined for not following govt mandates or accepting vaxports?

I believe in the vaccine passports. Businesses should have the ability to choose if they want antivaxxers or normal people to enter their establishment. The vaccine passport helps reduce fraud and is a secure and reliable proof of vaccination status. What they choose to do with the information is on them.

&gt; NIMBY. Like evey other soycialist and progressive. You advocate for policies that you know will never be innyur backyard. Makes you feel good though. Lol

Paying taxes towards this makes this in my backyard. Do you need some ivermectin from the brain worms? I hear you can get some from the farm supply store.

&gt; Thisbis what you have been doing this whole thread. It was I'm a racist. I'm a traitor. I'm white. Blah blah. Lol. This is your whole thing.

You're white? You said you were black. I never accused you of being white. Oh I see. So you were lying before. Hmmm... yeah I should have known. My bad. I'm usually sharper than this and can smell the bullshit.

&gt; You were telling me how MY healthcare works and you don't even know where I live.

You were dreaming about American healthcare and you didn't even have the opportunity to experience it first hand. I'm soooo sorry you're offended you dumbass.

&gt; You're why the world doesn't like Americans. Your also why reasonable people don't take people like you seriously.

You're*

You hate Americans but earlier you were wishing for privatization of your healthcare system. You're just jealous. Come on over and you can bankrupt yourself for some basic medical services. If you don't pay up the cops will deal with your deadbeat ass.

Welcome to freedom. We take cash or credit.",2.0,Libertarian,2021-08-24 03:18:19
"I think it's because the government isn't letting businesses not care. You can get in trouble and fined for letting unvaccinated people into your business in certain areas. You have to show the Gestapo your papers in France. And people want that in NYC they want the police walking around asking people to see their vaccine cards. 

People literally in this sub tell me that if I want to live a normal life I better get vaccinated. 

Do you really not see the issues with this or do you just not care?

Also it's definitely not just conservatives complaining. I'm a libertarian (like what this sub is for) and I fucking hate it. You should too.",14.0,Libertarian,2021-08-24 16:13:21
"Why isn’t Freedom of choice look like this?

Choice: do you want the vaccine, yes or no?

Decision: yes or no? Which one?

Consequences: How does the vaccine help or hurt me. 

What’s with all the support for the government leverage( mandates, extortion, pressure for compliance to further its agenda) that they use?

-So it’s cool that the Republicans use threat of withholding federal funding to reverse mask mandates?

-So it’s cool the President is using Federal mandates (and pressuring) while “urging” businesses to enforce mandates?

How about it’s as simple as what I’ve layout and leave the Government out of it. Everyone is in such a state of toxic partisanship. I don’t care if I get hate from the left and the right. I want everyone to have a free choice without a ultimatum attached to it.",-1.0,Libertarian,2021-08-24 17:08:27
"They are already discussing it internally, I heard this from a very close friend who works in the insurance industry.

And I think they should, if **you** don't give a shit enough about **your own health** enough to not care to get/just outright refuse a vaccine that could save your life, why should the company have to pay your bills?

Why are we enabling people to be absolute fucking nobs? They should be saddled with the medical debt for their own stupidity/ignorance. Fuck 'em.

&amp;#x200B;

Edit: Especially now that we have FDA-approved vaccines. FUUUUUCK 'em.

It's also really sad that all of this has stretched my sympathy for my fellow human being this thin. I **hate** that I feel this way, but I can't lose anyone else to this.",3.0,Libertarian,2021-08-24 20:55:34
"I wouldn’t be asking this question. However, I am pro vaccines. With that being said, if I legitimately cared about somebody and they’re anti vaccine I would ask why they are anti covid vaccines. Then I would have a conversation like a human being so that I can legitimately understand why they feel that way, without condescending remarks or hate filled rhetoric.",3.0,Libertarian,2021-08-25 01:47:46
"If you believe that changing election laws to allow for mail in ballots for all registered voters didn’t impact the results of the election to favor Dems; if you believe throwing out other standard procedures like matching signatures or adhering to postmarking of absentee ballots, etc, all in the name of Covid didn’t impact the outcome of the election, ok. As they said, ‘the most secure election in history’. And before you downvote me or label me a lunatic, this past election highlighted the severe shortcomings of our election system, including the ability to legitimately address issues in a timely fashion. Hate Trump all you want, and I’m no big fan, but just ask yourself this - why have the Dems fought so hard to squash any attempt to forensically look at the issues? Why do the Dems fight so hard against requiring proof as yo who you are, and then fight so hard to require vaccine identification? It’s whacked the hypocrisy, but the hypocrisy exists to favor gaining and maintaining power. When the history is written on the decline of the US, the Progressive Dems will be at the root",-6.0,Libertarian,2021-08-25 02:51:41
"They were silenced for speaking out against the mask mandates, the procedures to protect people and also vaccines not being ready for public use.
I’m not going to go find you a list of doctors. You can go down that rabbit hole yourself(and before you throw a fit about me not providing a list so I must be wrong, go look for yourself. You’ll find them. Unless you’re scared that it Wallis just completely trash your argument....)As far as them not being allowed to be doctors...well they went to medical schools and graduated just like the other doctors did and came to different conclusions than that of the ones shown in the media. Doctors are scientists. And just like every group of scientists they are going to disagree on things. That’s kinda what scientists do. Why would I bother making anything up? That doesn’t even make sense. I’m sitting here spending my own personal time where I could be reading comics or playing video games or something actually interesting to me but instead, here I am trying to explain to a Nazi that they are the thing they hate most and it’s not getting through your thick skull because you so desperately want to be right that you can’t take a step back and look at the big picture and here it is:
There are doctors that disagree on how covid should be handled. Some of them already aren’t allowed to have opinions online and get banned nearly everywhere they post or talk. You’re talking about silencing people for “misinformation” because the alternative information doesn’t fit with the information that you’ve been told is true(which is what we both said and agreed that Nazis did). 
Have you ever had to get a second opinion from another doctor and found out that the first doctor was wrong in your diagnosis? It’s a super common thing. Should that first doctor just not be a doctor anymore because they got your diagnosis wrong? No. The second doctor simply saw something that the first didn’t and had a different perspective on it.
Doctors may not agree, but both sides(there is actually more than two sides but that’s kind of irrelevant) should be able to be heard equally.
And that means that anyone repeating their advice should be heard too. If you don’t like it, don’t listen to it. But I’ve listened to both sides and they both make compelling arguments and the majority of the subjects. But personally, because I’m into personal freedom and freedom of speech, I don’t want the vax. I don’t trust it. Sorry. It’s been around for what? 10 months or something? Idgaf if the FDA approved it. All they do is make money. They don’t have a shit about us. If they cared then we’d be able to sue the vaccine companies for damages. So no. I won’t be getting vaccinated and I’m not gonna shut up with my opinion about it just because you’re throwing a hissyfit and don’t want to look at the other side of things with open ears and an open mind. Not my fault you’re dumb enough to get brainwashed by the most popular thing you see. So don’t go around wanting to silence anyone when you apparently are so out of touch with one side of the matter that you didn’t even know there were anti vax and anti mask doctors.",1.0,Libertarian,2021-08-25 10:17:59
So. Real question.  I can opt out of vaccines with a “religious” exemption.  Also medical exemptions for immunosuppressed.  So how does insurance address that?  Also. And this is always the sketchy part about this whole thing. We can all band wagon around COVID mandates. But then should insurance deny coverage if you happen to get anything preventable. What about obesity?  What about the flu?  Where are the lines here?   What about a future pandemic?  One where you don’t trust the vaccine?  Increasing premiums in anyone for any reason is bound to backfire on all of us.  Just another opinion. I fucking hate medical insurance companies.,-7.0,Libertarian,2021-08-25 17:33:34
"75% of the world isn’t vaccinated, that’s not made up. Neither is the refugees, Canada is assisting in roughly 25 thousand evacuations. I’m definitely not saying that’s bad, but I’m saying they’re probably not vaccinated either lol. I think it’s unreasonable to push a product so hard for a company whose goal is $$$ and power, no reason to be so worked up over these philosophical differences.

If it’s proven to be effective you have nothing to worry about. If you do in fact get sick, and you live, what’s exactly wrong? Have you never been sick before? Humans honestly fought off the plague well before proper medicine. It definitely would have made things easier, but at the same time, a disease that gave you about 2 days to live once symptoms occurred doesn’t need your fear and hate tactics to coerce someone to get the vaccine— I would have already had it.

I had Covid, I had a pretty tough time, specifically eating was a terrible chore. But I was fine, like literally 99.98% of the world’s population when you look at the big picture. Once again, I’m saying the vaccine is a choice. I’m glad it’s out there for people who are immunocompromised and for people who just want to get it anyway. However to resort to this way of thinking is incredibly dangerous my friend, I’m not the demon you need to smite ok? You have your armour, if you get sick, live, continue on with life, why are you mad that someone also got sick, lived, and continued on but did t get a vaccine???

The virus will mutate forever, because it exists, and the vaccines don’t kill it. It has 7.9 billion opportunities to mutate, vaccine or not. Its even shown to be more infectious and less deadly, meaning that we, once again, are going to live, so why can’t we continue on??

Dividing communities like this is BS, I don’t know how you can disagree but that’s alright, frontline workers are already spread thin and under enough pressure, now they’ve been told they have no autonomy of their own body? Applauded a year ago as heroes, to be torn down by the exact same people because of non-compliance.

You’re right I made up my skeptical idea, but all ideas are made up. If you can still contract the virus with the vaccine, it can still mutate, because the vaccine didn’t kill it. Like how not taking all your anti-biotics makes it worse, but we can’t say for sure.

A good time is empathetic, denying people of it isn’t LOL I’m saying everyone deserves one, idc about vaccine status.

Calling me crazy for pointing out that the government closed places down is crazy

I’m sorry you’re scared my friend, it’ll be okay, vaccine or not",1.0,Libertarian,2021-08-26 23:30:50
"Hey I'm glad you got back to me, I was thinking about your earlier point about charging unvaccinated people higher premiums because they're more likely to make bad decisions. For a while that seemed reasonable, but upon reflection it falls apart, since vaccine refusal is largely a risk-avoidance decision. I would like to see an actual statistic on the overall health and lifestyle of people who are declining the vaccine. Until then, I fall back on my earlier assertion that you mostly believe this because you hate the unvaccinated, which you get closer and closer to admitting each time. Why not just say it?

&gt;defective sheep, obstinate refusal, careless, victim language, pathetic, self entitled dumbass, fuckin moron",1.0,Libertarian,2021-08-27 05:03:07
"I've been vaccinated and even when I had covid, my symptoms were very mild (slight fever for 24 hrs and lost sense of taste and smell for 5 days). But the amount of fear and hate I've seen toward the unvaccinated is disturbing. The odds of covid going away even if 100% of the population is vaccinated is highly unlikely. It will mutate and spread just like nearly every other upper respiratory virus. Covid has been spreading through the vaccinated community and reported (in few cases) to spread to animals. Every infection is an opportunity for the virus to mutate. Which makes sense considering it spread from Animal to human.. Does the vaccine help reduce the spread and mitigate the symptoms to those infected? Yes it does. Will covid ever go away? No it will not.",7.0,Libertarian,2021-08-27 10:48:39
"Sure, that’s why I didn’t complain about the first posts yesterday. However today after the admins responded again to the pressure that they are back at it again. Doing the same thing expecting different results. If reddit wants to be a platform for free speech there is nothing more libertarian than that. Yes you have a right to protest or boycott a company’s whose values you disagree with but doing on the platform in communities that already agree with you seems counterproductive at best. Reddit is that last tolerable forum that has people with all different ideologies allowed to speak their minds, protesting against that after they’ve said twice they won’t change, just seems like the libertarian thing to do. I suppose you’re right it is libertarian to protest but also not libertarian if what they’re protesting comes true. It’s a tough situation to say the least. I just hate censorship of any form and the idea of censoring peoples ideas because it’s not the mainstream form of medicine seems horrific to me. Especially considering not to long ago medical marijuana was the ideas being censored and without discussion and the ability to provide and proof facts and evidence we would have never learned about how helpful it can be to some people. I get it, people taking animal ivermectin and promoting that is harmful. But it’s harmful for humans to take any form of animal medicine and I just don’t think there has been studies to see if there are alternatives to the vaccine. It also blows in the face of your body your choice, I believe in the rights of the individual which I think is a strong libertarian argument. Like I said I’ve had covid and gotten the shot so I feel protected enough to let people decide what they want to do with their life the same way I feel like if people want to wear or seatbelt or not that it should be their choice. I guess I question whether the act of protesting for censorship is libertarian at all? Yes protesting private companies is a libertarian idea but protesting for a public forum to silence ideas seems completely anti libertarian to me. I’d love to know your thoughts though.",1.0,Libertarian,2021-08-27 15:42:43
"&gt; I do thank you for replying, I enjoy a reasonable debate

You are welcome. I enjoy a reasonable debate too, but my tolerance for ""reasonable"" has been really strained the past 18 months (really the past ~5 years or so of ""outrage"" media).

Some points in response. 

&gt; I personally draw the line when local government is mandating what I have to put into my body.

I think that to be pedantic, no gov't is mandating a vaccine (unless you work for them, in which case your relationship with the gov't is not *just* that of a typical citizen). You're free to (or not to) get the vaccine if you want.

However, under the social contract, the state has the obligation to, among other things, promote and enforce public health. If some corporation put up a polluting facility right near a population center, the populace would expect the state to act in its interest, to promote the ""public health"" of the community. At the margin there can be some gray fuzzies between ""public health"" and ""personal health"" decisions, but I hope that rational people can agree that while they are related, public and private health interests can be distinct and even in opposition. 

Circling back to covid, in the early days of the pandemic when we were facing an unknown, potentially existential threat, I supported public health state actions like border closures, school closures, gov't closures, etc. I didn't support business closures because of how nondeterministic and arbitrary deciding who was ""essential"" turned out to be - but I did support local/county/state mask mandates as ""not too burdensome"" public health mandates. It was public money that largely made these vaccines possible so early into the pandemic (gov't spending to promote public health). And now that vaccines are available, proven to be generally safe in the general case, and officially approved by the regulatory body, it is in the purview of the state to require vaccine certification to participate in public activity. 

Again, I'm open to the discussion of ""what degree is too much"", but the supposition that the state has no authority to act at all is nonsensical to me. If the USA was being invaded by a foreign army it is *literally the job* of the gov't to do something about it. It is my opinion that covid-19 is a lot like a foreign invading army in the sense that we as rational individuals recognize that our personal individual prerogative may be in conflict with the prerogative of the whole, and that also we as rational individuals recognize that we all stand to lose greatly if the public prerogative is not addressed. 

I've mentioned also that a-la-carte compliance is outside of my venn-diagram of respect. I don't ""agree"" with paying onerous taxes but I still do it as a citizen who reaps benefits of the whole. Both wearing a mask in public and getting a vaccine are proven to be a) safe, b) effective, and c) not too onerous to ask of the individual, in light of the exemplary circumstances of the day. 

&gt; There are some people (not medical exempt Karen’s) but actual people that cannot take a vaccine. Speaking for the minority , but those people shouldn’t be outlawed from society. 

Can you point to a specific class of people that is harmed by this mandate? I think that people who have serious medical conditions that preclude them from getting any one of the provisionally-approved vaccines already have more things to worry about than this outrage circus. All of these people are already probably highly at-risk for COVID-19 and as such have likely been sheltering in place voluntarily for over a year now. The reason why they have to continue to voluntarily sacrifice their own place in society is because of the Karens you describe, but also the otherwise physically fit but ""vaccine hesitant"" people. 

I know of two people personally who can't get a vaccine due to issues like advanced renal failure. Both people are living lives that we all should have been living in Spring 2020: no non-essential travel/contact/anything. They do not resent those who have the vaccine: they resent those who can get the vaccine but choose not to, as that group is the one perpetuating the pandemic. 

&gt; While there is some privilege associated with getting a business license , I personally believe it is a god given right for someone to pursue whatever they want with very little government interference. 

Assuming for a moment that God isn't real for lack of evidence, why do you feel this way? If what that ""someone"" wants to pursue somehow violates the skydaddy-given rights of another individual, who becomes the arbiter of that conflict, if not for a (hopefully) neutral state? I, like you, used to believe that human beings are generally just and rational and will do the right thing if left alone. The last two years has changed my mind on that point. Modern society is fundamentally unnatural for *homo sapiens* and if you believe like i do that modern society is better than the alternative, from time to time modern society will need protecting from its constituent *homo sapiens*. 

&gt; I disagree that the relationship between me and the state is 2 way. Speaking from my personal experiences here, but I get a large chunk of my money taken every year and I still haven’t seen the government reciprocate that. Hell, the road to work is littered with potholes. 

*sigh*. On your way into work on the pothole-littered road, did you get stopped by highway bandits demanding you part with your property? Were you victimized thru no fault of your own by another speeding/reckless/intoxicated driver? Did your brakes fail, or tires, or any other critical, regulated component? Did you notice all of the helpful signs directing you to your destination, or lights along the way, or lack of obstructions in the road? 

Again, I'm open to having a conversation of what degree, but the supposition that you get no benefit at all from the local gov't is preposterous to me. 


&gt; I personally advocate for very little government interference in my life and that includes someone telling me who I can and can’t do business with. 

I as well. However, the fundamental premise of ""voluntary association"" and consensual interaction is that both parties are well aware of the rules of association. You're free to go into business in the region governed by the state, provided you abide by their rules. The rules should be deterministic and ""fair"", for some definition of fair. 

&gt; I would be more than happy to move business into a currency that isn’t local, albeit sales might drop, and waive whatever “relationship” me and the government have (which feels 1 sided) if I was allowed to do so. 

This is a lie. You know this is a lie - so why do you perpetuate it? If you stopped taking USD as currency in the United States you will go very out of business, *very* quickly. You would not be ""more than happy"". ""sales might drop"" is the biggest understatement I've heard today. That is why you, and everyone else, doesn't just ""move business"" as you say. How many firms are accepting Bitcoin-only while providing services (only) in unincorporated territories? None, because like you everyone else has an instinct to try to survive, or at least not make knowingly-fatal decisions. 

&gt; It would then give me the freedom to allow who I want as a customer. Unfortunately that isn’t allowed lol. I want the personal liberty to do as I please (within law) , the personal liberty to serve who I please, and the freedom to conduct business without strict taxation and oversight from local government. 

This block is weird to me. You already have the freedom to allow who you want as a customer - or at least, by virtue of owning the private property you have the right to exclude. Some very specific discrimination against protected classes are obviously illegal, but if you really wanted to deny service to that ""Black Irish Jewish gay guy"", you can find a lawful reason to. 

You already have the personal liberty to do as you please (within law). 

You also already have the freedom to ""conduct business"" without strict taxation and oversight, just not here, for any definition of ""here"" that includes undesirable places to ""conduct business"". As a human being you have the right to free association and movement, so if you hate one locale for its local gov't and regulations, you can use your (presumably sizeable) resources to relocate to a more favorable place. Everyone from Donald Trump to Elon Musk does this already. If you have no sizeable resources to relocate, you probably aren't victimized by the state as much as you think you are. 

In another comment, you mentioned:
&gt; I believe that we own the land, not the government.

I believe that we do too. However, all *value* of land ownership is derived from the right to exclude. If you have no right to exclude any person or any activity from your private property, what exactly is the value of private property? Government, thru monopoly of force and enforcement of contracts, protects the value of land/property ownership by giving property owners legal and efficient means to exclude. In the absence of the state, your right/ability to exclude is limited by your own ability to project force/power. Again, i think we can all agree that that parallel reality is less desirable than our own.",1.0,Libertarian,2021-08-27 16:48:27
"""You're against this vaccine, therefore antivax"" 

If I'm repulsed by bananas, do I hate all fruit?",3.0,Libertarian,2021-08-28 05:01:09
"I'm with you but we have to consider some things.

-if you go to an unsafe place and do unsafe things, someone may have to risk their safety to come save you or recover you.

-parents are responsible for their child's safety until theyre 18. Law states they must be properly restrained in a vehicle. It also states you cant smoke inside the vehicle with minors present.

-you may not drive intoxicated on public roads

Basically youre not allowed, for good reason, to do a multitude of things or fail to do things which can endanger others. Liberty goes hand in hand with responsibility.

It gets a little murky when we ask people to wear masks in public spaces, because that measure is not about personal safety so much as the safety of others.

It gets very murky when asked to vaccinate for the safety of others.

650,000 people died. Many of those would have lived if others around them took guidelines seriously.

Those were facts.

Here's my opinion. Masks are not horrible to wear. I prefer not to, but it's not about me so Im cool with it. I took the vaccine because logically the threat of covid to myself and others statistically outweighs the trivially small risk of complications from the vaccine. I dont like that either of those things would be mandated however. But I hate the fact that mandates are on the table because of a bunch of whiney little pussies wont at least mask up, if not get vaccinated. Seriously, unless your doctor sees a good reason not to do either, youre a selfish little bitch if you dont and fuck you. 650,000 people died. If you went to a maskless, crowded party or concert and spread that infection to someone outside the party who later dies, you caused their death and I hope that stains your soul. It should never have gotten to the point of mandates. Instead the world thinks we're a joke.",3.0,Libertarian,2021-08-28 10:47:45
"That's the crux. 60 days ago I would have said it's not up for discussion. But after seeing how hard it can hit and how utterly stupid people can be... I'm on the fence now. 

I know a guy that won't get the vaccine because -insert moronic reason here- and now... He has been exposed, showing symptoms, has a fever, and won't get a test because HE DOESN'T BELIEVE THE TESTS WORK. Carrying on as normal. Won't wear a mask even to drop off kids when it's mandatory. When people are that dumb you sort of have to make some critical decisions for them. 

I hate that, but I don't know a way around it. It's getting ridiculous.",7.0,Libertarian,2021-08-29 03:56:36
"You do realize covid isn't the first lasting disease right? Obviously things like Flu have been around for ages, and there have been worse cases of the flu (Swine Flu, Spanish Flu, Bird flu). The flu isn't going away and collective it's killed many millions as well. And we don't blame people who don't get the flu vaccine every year for not getting the vaccine. This is because we have accepted that the flu is here to stay, and we go on with our lives. 

Now all of the sudden it's OK to sow hate on both sides and continue to lockdown governments destroying economies. Why Is that ok?",5.0,Libertarian,2021-08-29 07:26:07
"The key factor here is not vaccinating makes you a better host to spread the virus. So it becomes a thing you can do to make everyone around you safer.

Its important to remember the main thing a virus does is replicate inside you so you can spew out more to infect others. The vaccine means your body knows how to fight it faster and more effectively to reduce damage to you and the amount of virus you can expell. Even if youre vaccinated you can still intake, breed and expel virus at others but the amount and timeframe are greatly reduced if the vaccine prepares your immune system to fight it. Its that simple.

I hate the idea of mandating it. But if you dont have a medical condition and just dont wanna take it, your selfish little bitch who doesnt care about anyone else. Go look in the mirror and tell yourself that. 650,000 people died of covid in america. Get the shot or eat a bag of dicks. Im done.",1.0,Libertarian,2021-08-29 10:47:04
"Oh yeah overtly authoritarian practices that are despised by both left and right wing libertarians. Gee wonder why they would get downvoted in a libertarian sub.

Like them or hate them but when socialists come here to argue we are libertarian socialists. We may have a different definition of freedom and different means to achieve it. But fundamentally those policies are about trying to achieve liberation. Good faith right wingers and lefties will upvote that or at least not downvote it.

If you post overt authoritarian shit its gonna get downvoted by both parties.

&amp;#x200B;

If you sort by top most of the big posts are either police or vaccine related, one being bipartisan and the other being a definitively right wing talkingpoint.",9.0,Libertarian,2021-08-29 22:01:22
"""Negligibly"" is the verb/action of negligence FYI... I used it correct in context, not that my verbiage should impact my point but whatever.. 

(I hate using this analogy) but if I were to catch the flu by someone at the supermarket, should I be able to sue them for negligence? 

If I got in an Uber &amp; they blew a tire on the drive causing a crash should i sue them? 

Where is the line, honestly? You cannot hold someone accountable for something that HAS NOT happened yet. 

You cannot assume every person who is not wanting the vaccine is a walking Petri dish.

You cannot impose laws that threaten another's bodily autonomy just so you feel a little more safe.",1.0,Libertarian,2021-08-30 19:26:51
"I’m libertarian - do whatever you want. But I’m also a Darwinist. In modern times that increasingly depends on intellectual fitness. The weak will not understand the things they need to do to survive in a modern world. (Just wait until US currency is replaced by crypto as the ‘global standard’). Many will suffer…but above all dumb people will.  So if you hate the idea of an FDA approved (yes it’s currently FDA approved - not experimental) vaccine for a preventable disease then by all means - good luck. But don’t ask me for money or help when you’re sick and poor.

Edit: reread your comment and I probably came across more harshly than intended. I think it’s a little disingenuous to compare (likely) Chinese military scientists to US institutions that try to ensure public health. Sure a Chinese lab may have unleashed this, but not all scientists think the same way (or have the same political/military motivations). Reality is it’s out and you either play ball and understand the constraints (and get the vax)… or you don’t. The virus doesn’t give af. 

All these Christian anti-vax radio hosts dying of Covid makes me laugh so hard.",1.0,Libertarian,2021-09-01 02:06:38
"These folks don't even like the notion of welfare for others. 

I guarantee i'm paying more in taxes than the lot of them.

So oblige them if they hate the notion of ""socialism and big gov't."" Many aren't paying into the system as it is.

If only there was a way to avoid all this... Oh yeah the free vaccine that works.",2.0,Libertarian,2021-09-01 14:28:32
"We already have vaccine mandates for several viruses. 

So the same thing. You'll forget about it once you've gotten it.

I've yet to see anyone call for booster mandates. 

Oh and if you're upset about the possibility of having to use vacation days in order to get medically necessary treatment, then you should be pissed off that your business forces you to use personal days in order to get medical treatment.

Kinda like saying you hate chemo therapy cause your insurance won't cover it.",0.0,Libertarian,2021-09-01 20:11:05
"[here you go ](https://ifunny.co/picture/jo-i-would-eat-rancid-durian-left-in-a-hot-Ip1GpRcr8)That’s to today’s standards. The common tone from media and all anti-trump people when Trump was in office and talking vaccine was that they will not trust the vaccine. 

I get what you’re saying about not seeing a neocon and a “modern liberal” however that is the modern liberal. Pretty much every Democrat in office is an extreme leftist and any “liberal” who voted for them is in turn a supporter. If you’re a “liberal” but hate extreme leftist politicians you’d be voting 3rd party ie; libertarian.",0.0,Libertarian,2021-09-02 04:54:14
"I'm not a fan of Biden, don't hate him either. He's a milktoast president who hasn't really done anything special. 

He got us in out of Afghanistan. Can't be upset that he ended a foreign occupation even if it was messy as hell. He had already extended the deadline to pull out once and the afghany army fell far quicker than anyone could have predicted. His options were to continue the pullout as best as he could, or to send forces back into the country to try and beat back the Taliban. That would have cost far more in terms of money and lives. There's no reason American dollars and lives should be spent propping up a government anywhere, let alone in a country that clearly didn't want to have one.

His handling of covid has gone about as well as can be expected, vaccines are widely available but people refuse to take them, can't really blame him for that. His only option to do a better job would be what, authoritarian vaccine mandates? I am not upset he hasn't done that.

Inflation is a problem, but that's a compounding issue stemming from people believing in MMT instead of rational budgeting. Ultimately, congress sets the budgets so I have to set blame there instead of with him.

Ultimately, it's still early to tell how history will view Biden, but he has an uphill battle as he faces crisis after crisis.",0.0,Libertarian,2021-09-02 11:39:05
