comments,score,subreddit,time_created
"As rarely as possible.  If it’s not needed, I don’t take it for obvious reasons.  The flu vaccine and covid vaccine.  Not needed.  Not gonna go out of my way to make a trip to the doctor. 38 years and I’ve had the flu less times than I have fingers on a hand. 

Flu vaccine has been around a lotta years and we still get a lotta flu.  Covids going nowhere and the only people at risk are the same people at risk from everything including the conventional flu.",1.0,Republican,2021-03-12 15:07:58
"I’m extremely low risk from covid, I probably already got it and never got sick. But, I still want the vaccine. I want this virus to be gone with so we can go back to work and see family again without risking the lives of other people. If it can save even one life I’m willing to take one stupid shot and have a headache for a few days.",1.0,Republican,2021-03-12 15:13:53
There isn't any real evidence that the vaccine is better than your natural immune response. There's less than 100 confirmed reoccurances of covid. People who've had the virus maintain immunity long after they've had it. We don't know if the vaccine maintains the immunity.,1.0,Republican,2021-03-12 17:28:01
The negative side effects are likely to come years after getting the vaccine because none of the clinical trials conducted for the covid vaccine lasted more than a few months so they don’t know what the long term side effects are.,1.0,Republican,2021-03-13 03:11:58
"&gt; There’s no substantial evidence that suggests the vaccine is unsafe.

...and if there were, the MSM and social media would suppress it - they've already demonstrated this with COVID treatments.",1.0,Republican,2021-03-13 16:42:43
"There have been polls about it from lots of sources. Both left and right leaning. But since covid hit, the anti vaxx movement changed from being largely left leaning to largely right leaning.

Here are some sources I just googled quick, all from different dates and political leanings so you can see the change:

https://www.precisionvaccinations.com/childhood-vaccination-programs-should-be-exempt-political-bias?amp

https://www.mcgill.ca/oss/article/covid-19-pseudoscience/anti-vaccine-movement-2020

https://www.forbes.com/sites/tommybeer/2020/09/17/nearly-half-of-all-americans-including-most-republicans-say-they-would-not-get-covid-19-vaccine/amp/

https://www.newyorker.com/news/q-and-a/the-influence-of-the-anti-vaccine-movement

There are many more sources too. I just grabbed these quick from the first hits on Google. 

There are also current studies running now to examine trust in vaccines post covid, which will be interesting to see in a year or two.",1.0,Republican,2021-03-13 16:54:04
I only recently joined reddit and I had joined that community noticing it didn't have a particular part associated with it. Boy is that a lie!!! I spent 3 days arguing with their post then left after someone demanded I show proof of what president Trump did to stop covid. I asked why I would need to show proof of what we all just lived thru. Since we all were waring mask and social distancing long before Biden took office and the vaccine not only was found under Trumps administration he helped build the distribution network so everyone would get it as fast as possible. In return I was answered with show proof of that. So I left the group. I blocked the comments then my account was followed by the 2 people that was arguing with me over showing proof. I blocked everything I could but after researching found that I can't block someone's account from following me. So to answer the question on if they would remove something I would say no...,1.0,Republican,2021-03-15 23:51:50
"&gt; I refuse to give Trump any credit for this. Where is your evidence he did ANYTHING to push vaccine research?

Ever hear of ""Operation Warp Speed""?

&gt; Hell, he fucking DISBANDED the pandemic response team Obama set up.

...and folded its functions and personnel into other existing government departments to reduce redundancy.  The only person who lost their job was the administrative head of the team.

&gt; The ecnomy was booming because they took out all the safety measures that make it stable for the sake of a short-term boom. This is why you'll be blaming Biden in a year or so about how bad things are going to get. 

ROFL.  No.  There were no ""safety measures to make the economy stable"" removed.  ...and when the economy tanks, it will be all Biden.  Well, mostly Biden.  A lot of it can be laid at the feet of Blue state governors who deliberately destroyed their economies for political purposes, and the Democrats who are forcing massive spending (most of which is NOT going to COVID relief).  Massive numbers of the small businesses that make up 50% of US jobs have failed and will not be coming back anytime soon.  ...and we're all going to get to deal with rising inflation and higher taxes.

&gt; I don't even want to bother going into the rest of your ""facts"". They're mostly lies...

LOL - nope, all true.  You just don't like that they puncture your narrative.",1.0,Republican,2021-03-28 00:34:29
https://www.nytimes.com/interactive/2020/us/covid-19-vaccine-doses.html it’s more like 40ish percent looks like im not sure tho,1.0,Republican,2021-03-28 03:58:08
"Right!  Was talking to father in law this AM (in texas) and he mentioned how he new it was psychological, but he felt invincible after getting his 1st vaccine. We were like, “cool,” whatever it takes.  It does seem like this and spring hitting has gotten more people out and admitting to being sick and tired of living in fear.  I’d say there have been people out and about the entire time in Texas, but definitely seeing those that were die hard (blaming Trump supporters for Covid type) starting to get out and justify how they now feel safer.  I’m always like, “ok, cool... whatever helps check those marks in your head &amp; helps gets things back to normal. Will take it!” Lol",1.0,Republican,2021-03-28 06:03:54
"Biden will reach goal of having 100 million Covid vaccine ‘shots in arms’ in his first 100 days as early as Thursday

Nuff said",1.0,Republican,2021-03-28 15:01:31
"Didn’t we all guess it would come to this, having to show a card to prove what you had done to your body in order to walk into a venue or sports event. “Show us your papers!” Someone might want to tell Hitler Joe that getting the vaccine is zero guarantee you won’t get COVID. My orthopedic surgeon had the vaccine and had to be tested after his assistant got COVID. It didn’t matter that he’s been vaccinated. What the hell is happening to this country with this senile mummified man at the helm.",1.0,Republican,2021-03-29 12:34:02
"for one thing, those went through extensive trials and were FDA approved.

COVID ""vaccines"" have an emergency authorization. 

if you got the polio vaccine, you did not have to worry about getting polio, that is not true for the COVID shot, which is like a flu shot and may be required over and over again",1.0,Republican,2021-03-29 14:30:53
"Ahhh, so I checked out the cdc website on the polio vaccine. Turns out it’s not 100% effective. 

After 2 doses it’s only about 90% effective, which is roughly the same as some of the Covid shots. They also say you should get at least one more booster shots for a total of three shots of polio vaccine. Also, they don’t know how long the coverage lasts. I guess they are banking on herd immunity. 

https://www.cdc.gov/vaccines/vpd/polio/hcp/effectiveness-duration-protection.html

I still don’t get why this sub is calling it communist though???",1.0,Republican,2021-03-29 15:14:59
Wyd are you even babbling about??  Trump broke every record there is pretty much. Then he managed to outperform the rest of the world during covid while getting a vaccine done in record time as well. The fact you think economics is just some arbitrary thing with no science behind it tells me everything I need to know about you. Ignorant.,1.0,Republican,2021-03-29 16:31:45
"This doesn’t make any sense 🙃Even if you get the vaccine, you can still get COVID and spread it. All the vaccine does is prevent you from getting deathly ill. Not to mention, the government has absolutely no right to force people to take a vaccine that was rushed through clinical trials. We don’t know the long-term side effects yet. For older people it’s one thing, for the young it’s cruel.",1.0,Republican,2021-03-29 19:41:07
Exactly the vaccine just prevents the severity of COVID. It doesn't cure covid. These Democrats are annoying.,1.0,Republican,2021-03-29 21:19:45
"In this article they talk about having to alter the vaccine in the future (meaning you will need that one too).


https://www.cnbc.com/2021/01/21/dr-fauci-says-covid-vaccines-appear-to-be-less-effective-against-some-new-strains.html",1.0,Republican,2021-03-30 01:09:53
I wish I was joking. This Joker is coming here to talk about [vaccine inequity. ](https://chicago.suntimes.com/2021/3/31/22360884/vice-president-kamala-harris-travels-chicago-tuesday-visit-focus-covid-vaccine-equity). She was put in charge of the border crisis and this clown comes to Chicago to talk about a problem that doesn’t exist. You can’t make this shit up.,1.0,Republican,2021-04-01 14:39:23
"If the ""vaccine passport"" is required for anything internal, I'm against it. But we can't stop other countries from requiring them. And if we're being honest, many probably will.

Plus, for past year, if you want to fly you have to take a Covid test within 48 hours of flying. Right now, even if you're vaccinated, you still.have to get tested. I can't wait til they accept my vaccination card as proof.",1.0,Republican,2021-04-02 02:56:41
"If we made it a free-market choice, which would be more profitable?

1) an airline that requires vaccine paperwork, and screens at the gate

2) an airline that screens at the gate, but no paper required paperwork

3) zero Covid precautions

Which airline are you flying?


Correct answer:  My Truck gets me everywhere I need to go",1.0,Republican,2021-04-02 03:09:44
I showed American Airlines a negative COVID test but it didn’t have the word “PCR” so I said “here’s proof of my vaccine” and they were still reluctant to let me board. This passport thing is bullshit,1.0,Republican,2021-04-02 12:19:58
"Vaccine documentation for public schools is due to the fact the diseases they are ensuring the children have been vaccinated for have proved extremely deadly or easily spreadable among that particular age group.  COVID is not a risk for school age children, the risk of spread among school age children is not a concern, now that a large majority of elderly and at risk individuals have been vaccinated... there is no risk of spread to these individuals from school age children.  

Comparing that to everyone having COVID vaccine cards to do everyday tasks is asinine.  It really is the federal government saying “if you don’t play ball with us, we’ll make you stay in your house”",1.0,Republican,2021-04-02 12:29:57
I’ve flown 3-4 times since Jan 1st. Never had to show proof of vaccine or covid test. Just a mask.,1.0,Republican,2021-04-02 12:31:52
"I think we generally agree and I totally get your point about it being a slippery slope. I'm a vaccinated Republican (Pfizer). No one should be forced to do something they don't want to do. But I view it as selfish if you expose other people by being a virus sink for mutation and infecting other people in a public setting. I'm a big believer in personal responsibility rather than government mandated responsibility.  But people also suck and lick ice cream in stores and do other malicious things. 

Realistically, half a billion people have gotten Pfizer/Moderna by now, including myself and have seen the hospitalization/death rate amongst that population fall to zero. That is incredible and more data than we've seen for a vaccine trial in recent times. Most clinical studies take longer because it's not on the infection scale of what we're seeing globally with this virus. That is why I'm happy with my decision and why I feel relieved that I won't die of covid (no matter how remote the chance is for my age group/demographic).  

I hope that we can break the association of Republicans being against vaccines. Legitimate concerns are fair for new vaccines, but I think all the memes on facebook saying this vaccine will make you sterile or contain tiny microchips make us look like crackpots.",1.0,Republican,2021-04-02 15:08:17
"I genuinely don't understand the hesitancy against vaccine passports.

When I enrolled my kids in school, I had to prove that they had been vaccinated. I didn't have a problem with that--it protects everyone's kids.

When I travel to certain countries that have problems with a particular disease, I have to show vaccination records. (I think I had to get a Hep B vaccine to go somewhere in Central America a few years ago) That seemed like a good idea--I don't want to catch that and bring it back.

Back when the Polio vaccine was created, there were vaccine passports for that as well. I don't remember democracy collapsing over that.

So what's the problem with Covid Vaccine passports?",1.0,Republican,2021-04-02 18:01:19
"What is the IFR for COVID for minor children?

Are cellphones going to be a new ""human right"" so kids can carry around their vaccine passport?",1.0,Republican,2021-04-02 18:40:08
"You're free to make any decision for yourself that you want. I know several pregnant women who have gotten the vaccine and had healthy pregnancies (2 born this past weekend oddly).  In the trials an equal number of women in the placebo and vaccine group got pregnant during the trial. 

For me personally, I'll take something 100% proven to prevent covid death over an infinitesimally small risk of sterility (no evidence).  At the end of the day if I'm dead I can't have any more babies. I may as well stay alive for the ones I do have. I don't think our friends in Israel are sterilizing their entire population. You're free to do whatever you want because that's what makes this country great. But if you give someone else covid and they die, that's where it crosses from individual freedom to selfishness in my book.",1.0,Republican,2021-04-02 19:00:42
Where did I say I lied? I showed them proof of my vaccine. Showed them my negative covid test that I obtained 72 hours within of my flights. They were still reluctant. 2 items of proof still wasn’t good enough for them so what makes you think a passport will be good?,1.0,Republican,2021-04-02 19:27:55
"I don’t see how it’s “overextending their reach”—this is a global pandemic that has killed half a million Americans. That’s *exactly* the kind of thing the government is supposed to help protect us against. 

They threw billions of dollars at pharmaceutical companies to help get a vaccine out ASAP. They make sure that Covid testing was free to everyone that needed it. They made sure that the vaccine was available for free to anyone who wants it. 

I can understand and respect the view of limited government in a lot of areas, but a global pandemic isn’t one of them. 

When they created the polio vaccine and had a vaccine passport for that shot, I didn’t see democracy crumble. Instead, I saw an amazing effort from the government that completely halted the spread of a horrible disease. 

But I’m truly sorry if this global pandemic inconvenienced you at the airport and you had to stand at the counter for a few minutes.",1.0,Republican,2021-04-02 19:45:01
"My risk of dying from covid hovers around 0. 

I don’t sneeze on people, drink from their cups, cough on them... I won’t given anyone a disease I don’t have. 

Long term effects from vaccines have included narcolepsy from the influenza vaccine, autoimmune disease from HPV (Japan doesnt use it anymore for instance). 

Everyone had the right to decide what risks they take. I draw the line at pretending to have the moral high ground because I took a vaccine that has not cleared security trials. I’d rather have Covid than narcolepsy. And I don’t think it’s selfish (a word people throw around senselessly) to protect my reproductive health. Hell, maybe you’ve been a carrier of the HPV virus and given women ovarian cancer... in the end, the smallest minority is the individual, and that’s the level at which rights have to be protected.",1.0,Republican,2021-04-02 20:31:38
"Some effects take very long to appear. One line in an article does not disprove that one bit. 

These are truly horrible diseases. Perhaps for someone at high risk of covid the risk is worth it. But for a young girl, definitely not. Thin women under the age of 50 have almost a cero percent chance of dying from covid, and they have to catch the disease first. As someone in that group, there’s no logical reason to risk potential side effects, even short term ones that have already appeared (vomiting, passing out, nonstop shaking). Not to mention long term effects, some of which could appear in forty years. It maybe never make sense to get it for some people. 

The ‘experts’ have flip flopped nonstop. From vaccines don’t stop the spread to they do 100%, but remain masked. So then, what? Clearly, we’re missing well done, peer reviewed trials by scientists with no political connections. So to pretend that it’s ‘selfish’ not to partake in this late stage clinical trail is just a pat on theback for those who’ve chosen, of their own volition, that they wanted to take the vaccine. 

And then there’s the fact that these vaccines have novel technology, never before used in humans, so I’d hold off the certainty that dreadful side effects will not appear. I know the sunken cost fallacy applies in your case, but have some perspective. Btw, I really hope to be wrong, and that these vaccines are super safe. Many loved ones have taken them. Personally, it would be epitome of lack of risk assessment for a young woman that wants to have children, such as myself, to take this. 


https://www.independent.co.uk/news/health/coronavirus-vaccine-pandemic-swine-flu-covid-a9693721.html

https://www.mercurynews.com/2020/09/01/past-vaccine-disasters-show-why-rushing-a-coronavirus-vaccine-now-would-be-colossally-stupid/

https://pubmed.ncbi.nlm.nih.gov/28512072/",1.0,Republican,2021-04-02 21:01:32
"Yes, and I'm against that. I believe in self-determination. The issue is the question whether private entities should be allowed to ask vaccination status, and I believe that they should be. We have mandatory flu vaccination (well not mandatory, but if you don't get a flu vaccine you have to wear a big sticker that says you didn't), no one complains about that. I would never allow my loved ones to be treated by a nurse or doctor who refuses to get vaccinated. Just look at that hospital in Italy getting sued by some guy whose father died because an antivax nurse infected 15 or something patients with COVID.",1.0,Republican,2021-04-02 22:46:27
"This got on usa today as well with the same shitty edit :https://www.usatoday.com/story/news/politics/2021/04/05/60-minutes-covid-vaccine-rollout-florida-governor-desantis-publix/7087940002/

 (""That's a fake narrative,"" DeSantis said. ""I met with the county mayor, I met with the administrator, I met with all the folks in Palm Beach County and I said here's some of the options: We can do more drive through sites, we can give more to hospitals, we can do the Publix. And they said we think that would be the easiest thing for our residents."" )",1.0,Republican,2021-04-05 13:52:48
My mom and dad had to show ID to get their Covid vaccines. Why aren't democrats threatening boycotts of the Covid vaccine like they are GA and TX?,1.0,Republican,2021-04-06 20:19:45
"You need to learn history. Vaccines aren’t the be all end all of anything ever. The only way to make covid less deadly is by more people getting it, as it will mutate to be the common flu and cold. There is no reason for anyone under 40 that is healthy to get the vaccine.",1.0,Republican,2021-04-07 14:45:42
"You fool, vaccines was the end all be all of the measles or small pox for example, so already there you have made yourself look like an idiot. And even thrn vaccines aren't supposed to ""eliminate"" covid, it's supposed to make sure that the vulnerable people are immune from serious dusease and that younger people are immune from spreading it onto others

""There is no reason for anyone under 40 that is healthy to get the vaccine."" That is somehow even more stupid than the first couple of sentences. The majority of people needs to get the vaccine no matter age to stop it mutating into a more serious variant that could be more deadly and require a whole new vaccine to be created, then we would need to leave with restrictions for years longer.. 

Educate yourself ffs before you write stupid things that less gifted people could listen to and decide to agree with",1.0,Republican,2021-04-07 16:01:06
"First, it’s called covid 19. Second is that there’s many people who have no choice, they cant get vaccinated because of allergic reactions to the vaccine and elements of it. So they would be left out to dry while people spread disease. The vaccine doesn’t even prevent yoh from getting it, it reduces the chance and makes it so that if you do get it you don’t get hospitalized. So there’s going to still be covid, it’s just going to be deadlier to the unfortunate souls who are allergic to vaccine elements",1.0,Republican,2021-04-07 16:26:46
getting the vaccine doesn't keep you from getting covid. you're still walking around spreading it to others. it only suppresses the symptoms.,1.0,Republican,2021-04-07 17:13:57
"&gt;The order prohibits the state from refusing service to individuals based on their vaccination status, as well as any organization receiving public funds from requiring consumers to provide documentation of vaccine status in order to receive any service or enter any place, according to the order.

The way this is worded, it doesn't even sound specific to COVID. Does this mean that public schools can't even require kids to have their MMR and TDAP shots?",1.0,Republican,2021-04-07 17:40:10
"you said
&gt; getting the vaccine doesn't keep you from getting covid.[...] it only suppresses the symptoms.

What you just quoted is talking about what would happen if the vaccine *didn't* work on you. So if the vaccine does work, you won't get covid. It won't ""only suppresses the symptoms.""",1.0,Republican,2021-04-07 19:55:44
"There is no known treatment for measles. The vaccine is one and done for life. We have figured measles out already, and we are doing the same thing with Covid.",1.0,Republican,2021-04-07 21:14:20
"As I understood, vaccine passports were created specifically to COVID-19. Public schools have the MMR and TDAP shots mandated unless you give sufficient documents required to waive.",1.0,Republican,2021-04-07 21:37:35
"Here’s the problem I have with the Vaccine Passports, some people have gotten covid and recovered from it and you gain a higher anti-body from naturally having it than you do from vaccinations which’ll just cause a hyper-immunity if used with your existing Anti-body",1.0,Republican,2021-04-07 22:36:02
Is the covid vaccine not a traditional vaccine? What makes it non-traditional if so?,1.0,Republican,2021-04-07 22:58:16
"Lol I mean schools can still require vaccines such as measles, polio, etc... the language in the Bill only applies to the covid vaccine no other vaccines are included.",1.0,Republican,2021-04-07 23:14:06
As in. You are not required to have the flue vaccine every year in order to go to school. And just like the flue covid is rapidly changing and already there is several variations of it out there affecting people.   It's not like mmr where one shot will protect you for a very very very very long time. Even with with covid shot you can still catch another strain of covid.,1.0,Republican,2021-04-08 00:46:53
"It’s not specific to COVID, according to every source Ive found so far there is no differentiation between vaccines in this law. Maybe someone can find better info

The most common anti-vaccine argument is the religious exemption, Abbott is accommodating his base.",1.0,Republican,2021-04-08 02:00:39
"Sure thing, here you go. 3 mil shots a day. [Covid-19 Vaccine Rollout: County and State Tracker - The New York Times (nytimes.com)](https://www.nytimes.com/interactive/2020/us/covid-19-vaccine-doses.html)",1.0,Republican,2021-04-08 04:38:16
"Well for one it’s the first MRNA vaccine ever created so there really isn’t a proper comparison as of yet. Never in existence has a vaccine been created with so much speed and began to be administered at that rate. But I think what he means by “traditional” is that those aforementioned immunizations that children need for school such as Mumps, TB, Tdap, Hep, etc. These vaccines are administered only a few times throughout a lifetime and last for 5-10-25-indefinite years. Covid being “non-traditional” means that individuals would receive the shot every year or every six months. This is drastically different than the mandates for those “traditional” vaccines that were mentioned before. It would be much more like requiring a flu vaccine to enroll in schools, work, or play on sports teams. Imagine if that was the case, there would likely be outrage.",1.0,Republican,2021-04-08 10:13:40
Tbf the COVID vaccine is to help reduce the symptoms,1.0,Republican,2021-04-08 17:42:02
"Damn, so you are extremely high risk if you get COVID.. Do you just stay home all of the time to be safe or did you get high priority on the vaccine? We are wearing the masks to keep people like you safer.",1.0,Republican,2021-04-17 07:32:36
What study do you refer to that states that a Covid vaccine makes it impossible to catch or spread covid(with it variants) anymore? (I am not 100% up to date here),1.0,Republican,2021-04-18 10:06:04
"I dont need to get a vaccine for a virus that I have a 99.7 chance of being just fine if infected.  

For those that feel they need protection, stay home for the rest of your lives or go ahead and get the experimental mRNA therapeutic treatment currently not FDA approved for use to prevent Sars-cov-2/ covid-19.  

First round long term trials will not conclude until 2023.  Distribution and mass administering of the experimental mRNA therapeutic technology is currently carried out under Emergency Use Authorization (EUA).

Covid restrictions have been and remain a major violation of our rights.  We don't need to the govt to give back the rights for which the govt never had the legal ground to take away.  

It was never about the virus amd I'm not taking the damn jab.",1.0,Republican,2021-04-19 01:01:05
"Yes. It boosts your bodies ability to produce antibodies to combat symptoms of a virus or disease and can help immunise or expel the virus. The current wave of covid-19 vaccines only help combat symptoms and reduce their lethality. Its a vaccine, not a cure.",1.0,Republican,2021-04-20 09:45:56
False equivalency. Society already has herd immunity from the flu. Think of it this way: 45% get the flu vaccine even a hundred years after the flu epidemic. Surely covid vaccine rates ought to be much higher?,1.0,Republican,2021-04-22 17:22:35
A shot is just a less scientific term for a vaccine. The flu shot is just the flu vaccine. Give it time and the covid vaccine will probably become known as the covid shot.,1.0,Republican,2021-04-24 21:33:17
"The ruling class are the people your voting to stay in power.

The ruling class are the people if you voted republican  your voting to stay in power.

Dude, next time slow down and try to read out loud your sentences. I think it will really help any point you’re trying to make.

Second regardless of political standing leaders on both sides are making money well beyond their positions pay grade.

Covid 19 is real, but it’s not as bad as you think. If you are healthy even if you get hit hard you should survive. The problem is much like the flu before the vaccine it can and does kill the elderly and those who have underlying conditions.

The thing most people are mad about is the poor response to it by many state leaders. Like the lockdowns which through studies where shown to not be very effective and caused not only economic decline, but an increase in crime, suicide, and depression. 

That is why many people call it fake.

The worst of this though is that your account here is mostly not your main account. Just used to mock, troll and maybe get around bans.",2.0,Republican,2021-04-25 22:24:41
"Barely. 

A person who’s vaccinated sheds less virus and isn’t coughing so there is a significantly lower risk of spreading it. 

Also, I’m sure everyone around him is vaccinated 

Also, in many states the vaccine has been given to the most vulnerable already.

And finally, with the current treatment options available, the fatality rate is less than 1% and finding a hospital bed isn’t an issue. In fact, a lot of hospitals are closing their covid units.

So yes, he looks like a fool.",-1.0,Republican,2021-04-26 02:05:34
"Both of you are stupid, the pandemic is not over and even if you get the vaccine you should still wear a mask because you can still catch and spread the virus after getting the vaccine, it’s much less likely and the symptoms are much milder. But imagine what if you get the vaccine and then go to a party, where nearly everyone has COVID, you then catch the virus but have minimal/no symptoms, you think you are fine so  you go out shopping without a mask and spread it to the sweet old lady that forgot her mask that day (because she’s old) and then you kill her because your a selfish idiot.",1.0,Republican,2021-04-27 02:50:01
I’m fully vaccinated now but yet I’m told I still have to wear a mask because I can give people covid. I’m so confused as to why this vaccine acts differently than other I had as a child to prevent myself from getting and spreading the virus. I guess it all comes down to they don’t know enough about it but then what was the point of rushing to tell everyone they need to be vaxxed it nothing changes once you get it. I wear my mask when going shopping and stuff like that but what’s the point of a vaccine if it’s not to go back to living a normal life?,1.0,Republican,2021-04-27 15:40:34
"Cuz it isn’t a “vaccine” technically speaking. Vaccines can only work if they prevent the virus 100% which these covid vaccines don’t. They don’t know long term effects of this, they just injecting it into people and gonna see what happens.",1.0,Republican,2021-04-27 15:48:35
"just wait, the 3rd shot is about to be announced, nothing will change 

Source From CEO of Vaccine Company: https://www.cnbc.com/2021/04/15/pfizer-ceo-says-third-covid-vaccine-dose-likely-needed-within-12-months.html


***

*Pfizer CEO Albert Bourla said people will “likely” need a third dose of a Covid-19 vaccine within 12 months of getting fully vaccinated. He also said it’s possible people will need to get vaccinated against the coronavirus* **annually.**",5.0,Republican,2021-04-27 17:18:10
"I can see you are trying to push your agenda.  I'll tell you that you aren't baiting the hook very well.  Sorry, but I'm also not some nut who thinks the Covid vaccine is dangerous, but it would be nice if some folks could come up with better conspiracy theories beyond 5G and the government chipping people to track them.  Of course, if the vaccine is going to change my DNA, I wish it would give me Spiderman or Invisible Man powers.",1.0,Republican,2021-04-28 06:29:16
"Nope, it's the other way around. The vaccination protects you, but someone who's been vaccinated can still contract/spread covid. Their body is just able to fight it off because of the vaccine, but it can still live for some time.",7.0,Republican,2021-04-28 07:05:01
"There’s a .008% chance of getting COVID after vaccinations. Stop this nonsense. If you want to wear a mask, by all means wear a mask. If you want the vaccine get the vaccine (they’re plentiful thanks to Operation Warp Speed).  Let’s get back to the business of liberty and the pursuit of happiness. 

https://www.yahoo.com/lifestyle/chances-getting-covid-vaccine-121503208.html",-2.0,Republican,2021-04-28 12:04:54
"https://www.healthline.com/health-news/if-youre-vaccinated-can-you-transmit-covid-19-what-we-know

&gt; The vaccines were 90 percent effective at blocking infections — symptomatic and asymptomatic — in people who had two doses of the vaccine, and 80 percent effective in people who had one dose.

&gt; That means there was a 90 percent decrease in infections in people who were fully vaccinated compared with a similar unvaccinated group of people.

&gt; Studies like this show that the mRNA vaccines greatly reduce infections, but these are just two of the vaccines available.

&gt; While all the approved vaccines offer strong protection against severe COVID-19 and hospitalization, the Oxford-AstraZeneca and Johnson &amp; Johnson vaccines block fewer infections than do the mRNA vaccines.

&gt; None of the vaccines are 100 percent effective at preventing infections. So even if people don’t get very sick with COVID-19, they may still contract an infection and can potentially transmit the virus to others.",1.0,Republican,2021-04-28 15:12:11
"https://www.news-press.com/story/news/coronavirus/2021/04/26/coronavirus-cases-florida-update/115744138/

https://www.tallahassee.com/story/news/2021/04/26/covid-19-florida-cases-plumment-weekly-vaccine-rate-coronavirus-analysis/43591461/",1.0,Republican,2021-04-28 19:47:25
"The annual flu shot is started ahead of time based on an educated guess as to which strain of flu is going to be dominant next. The covid 19 vaccines were created after covid 19 emerged, had its DNA completely sequenced, and made available to pharma. It's why the J&amp;J Covid vaccine is anywhere from 65%-85% effective (depending on whos study you look at).",1.0,Republican,2021-04-29 14:54:42
"Hopefully once Covid fades out, Pfizer can start working on a vaccine for TDS. 

Donald Trump is such a dictator he peacefully leaves office when his term is up. What a FASCIST!!",2.0,Republican,2021-04-30 14:32:07
"There needs to be a requirement to prove citizenship to vote by identification. You should have to prove citizenship to register to vote and be required to present ID. If you have to show an ID to get a Covid vaccine, why not to vote.",3.0,Republican,2021-05-01 02:12:34
"I disagree you going to show me your measles, mumps and rubella. What if you have aids? We don’t want no bleeders. How about STD’s too better show me that your clean don’t want my chairs getting crabs in a restaurant or HPV. Flu shot for the year also I want an antibody test because we don’t know how long the covid shot lasts.  Chickenpox we could be liable. GTFO Freedom is the right to choose your own path. Do you want an abortion sorry nope. See we tell you what you have to do with your own bodies our establishment doesn’t accept people that abort babies. You really want to open the door to that road because that is what you do when you are ok with vaccine passports.",10.0,Republican,2021-05-01 03:11:20
"What I'm most hesitant about with these COVID vaccines and how they've been pushing citizens to get them is they don't really know the long term effects of them y*et*. I honestly don't feel safe putting this in my body at my age entering my thirties soon.  I feel skeptical about the vaccine success rate for COVID where we have high recovery rate against it if we were to get it.

It just sucks how they're pushing the vaccine if you want to go back to normalcy.",4.0,Republican,2021-05-01 14:50:02
"For one thing, the government is NOT enforcing the vaccine. Nor do I think they should. The problem isn't the government isn't forcing everyone to get vaccinated, the problem is that the vaccine has been so politicized that a very large portion of people refuse to get the vaccine. Against all logic I may add. Give me a reason why the vaccine ITSELF is not a good decision without bringing some ""but you shouldn't be able to force us to inject something in our bodies."" Your first argument is that the government shouldn't be able to force things upon its citizens, which is basically irrespective of the vaccine even existing. People choose not to get the vaccine for a reason literally having nothing to do with the actual vaccine. That's the issue here, which I believe you're missing. 

Should the government be able to forcefully ensure that all people get vaccinated? I don't think so, and I'm sure you would agree. But don't be surprised when businesses and institutions start to require proof of vaccination. It's in their best interest to avoid Covid outbreaks even remotely associated with their name. And I'm sure the day this happens, this sub will be full of ""please government, they aren't allowed to enforce these rules."" This is the problem with this line of thinking. Turning every issue into ""you can't tell me what to do, this is america"" will never accomplish anything.",1.0,Republican,2021-05-02 07:21:57
"I didnt say they are enforcing it. They clearly arent. Which I agree they shouldn’t. 

I didnt say the vaccine isnt a good decision. I have been vaccinated for COVID….this is about some people on the left thinking it should be forced on the population. 

I agree business and other employers could possibly start hiring people that are vaccinated over those that arent. But do you think thats ok?  Do you think businesses should be allowed to hiring people that opted in to optional medical procedures over others?

What if businesses started hiring women and men that have been sterilized over people that can/want to have kids?  After all, its in the businesses best interest. They wouldnt have to pay maternity leave….",5.0,Republican,2021-05-02 08:51:40
"Because of the fact that its so new we really don’t know the full scope of things at the moment. Look at the Johnson and johnson vaccine, they found out pretty quickly that it wasn’t as safe as they thought it was. Truth is no one really knows all the side effects of these covid vaccines, I think if u are high risk you should get the shot because the benefits outweigh the risk. But if you’re young and healthy why be the guinne pig?",1.0,Republican,2021-05-02 13:42:37
"mRNA has been tested for two decades against cancer.

There have been very few symptoms that have arisen from the vaccines at a higher rate than the population. One of these are blood clots, which happened to six young women, all of whom were taking birth control (which raises the risk of blood clots dramatically more than any of the vaccines). 

The risk for severe blood clots from COVID-19 itself is dramatically higher than the risk of any of the vaccines plus birth control put together.

Despite this, the distribution of J&amp;J’s vaccine was halted out of an abundance of caution and it has now resumed. This isn’t a sign that the system is not working- it’s a sign that it IS working. The safety is being heavily monitored.

You say we don’t know the long term risks of the vaccines. As said above, they’ve been studied for decades. But what about this: we don’t know the long term effects of COVID-19 either. In fact, we actually do know some- look up “long haulers”.

Normally, vaccines require six months of testing before full approval. These vaccines were approved on an emergency basis, but we are approaching the six month mark very soon and there is no doubt the vaccines will receive full approval. What will be the excuse then?",3.0,Republican,2021-05-02 15:25:51
"We do, though. mRNA has been used for decades as I said above. Additionally, in past vaccine development, side effects are nearly always (~99%) discovered by researchers and developers of the vaccines within six months. They came out in November, and we’re in May now. Do the math.

Worldwide, 1.1 BILLION people have received at least one of the shots. This has been over the course of many months (six months for the US, even longer for many other countries). Statistically speaking, the chance of finding some new unknown side effect going forward are essentially zero.

So I ask now, what’s the cutoff for you? When will you say, “okay, it’s safe now.”? FDA approval is around the corner. Side effects have been well documented and it’s exceedingly unlikely we’ll find more. Meanwhile COVID-19 is still alive and well... and it may be for years to come, according to many epidemiologists. Why not just get it now and move on with your life?",0.0,Republican,2021-05-02 16:50:57
"6 people out of 1.1 billion people who have gotten the vaccine. Lmao you’re joking. Fuck the millions who have died worldwide of covid, you’re concerned about the 6 who had blood clots likely caused by birth control.",1.0,Republican,2021-05-03 03:04:23
"The idea that the wealthy don’t pay their fair share is preposterous. They basically pay 90% of all taxes. If you tax the hell out of corporations they just leave. If you give them breaks and invite them in it creates jobs and from that taxes as the employed people spend money and are taxed on that spending. If they leave we lose those dollars, wages, and have to support the unemployed. Biden also is doing a crap job all the way around. He literally invited people to our border during his campaign and now blames anyone but himself. He’s been milking this Covid crap for all it’s worth, science tells you lockdowns do more harm than good, it’s proven beyond any doubt whatsoever if you look at facts not fear tactics. He should’ve opened the country on day one, not a single thing he has done about Covid is a success. Go ahead and mention vaccine distribution, a million a day were going out before he was in office and not a single vaccine he ordered was distributed until last month. He claimed victory for ordering vaccines, like no one else could’ve figured that out. He claimed 100 federal vaccination stations would be up and running and managed to get 7. How many lying ass fake news watching democrats are on this thread anyway? You’re a rhino at best go beat your feet you brainwashed main stream media watching tool.",-4.0,Republican,2021-05-05 20:12:53
"A friend of mine since 1981 is a doctor in infectious disease/control in Northern California. We finally exchanged long emails about COVID and her opinion of Fauci, following here: ""Here we have an egotistical attention-craving epidemiologist who has never seen a patient, let alone shown an interest in seeing a COVID patient, and has never had reason to wear a stethoscope, which others have pointed out in interviews. It is all true I am sorry to say. He contradicts himself from day to day as though his words are a mask he keeps replacing."" Her biggest frustration with Fauci: still telling people to mask up while outside when you're not on top of people. ""What was that vaccine thing for again?"" She has to be careful what she says at work, which is one of the country's best and highly rated hospitals. But she said she's cried more times than she cares to over the ""incompetent Napoleon-complex riddled man who has found his fame and is incapable of stepping out of that spotlight."" We were conned by a nobody grifter.",2.0,Republican,2021-05-06 20:06:21
"100%, want me to take a vaccine I really don’t need that you have no idea the side effects? Start by being honest about it all. 

I am closer to no risk from covid than any long term effect, the majority is.

We don’t know the effects or effectiveness of the vaccine.

We don’t even know the infection rate let alone the mortality rate for covid.

No billboards or billion dollar ad campaigns needed. Just tell the truth.",1.0,Republican,2021-05-09 13:37:30
"Man, the only thing that scares me is the potential damage covid can do to someone’s lungs. My friend is currently on a cardiothoracic surgery rotation. Patient comes in needing a double lung transplant from all the fibrosis caused by covid. The guy was in his 40s had nothing else wrong with him except being a little overweight and a slight vitamin D deficiency. He was perfectly normal prior to covid, never smoked, no respiratory illnesses. Yeah, we don’t know exactly how effective the covid vaccines are but we don’t completely know what kind of damage covid can do to healthy individuals. So far moderna’s stats for their vaccine’s efficacy (~90% out to 6 months) is certainly better than any yearly flu vaccine efficacy (30-60%).

I was originally skeptical about getting the vaccine since most people apparently feel sick for a day or two after the second dose and no vaccine has ever done that to me. Working in healthcare, I’m bound to get covid anyways if I don’t get the vaccine so I went ahead and got it, but I 100% respect anyone’s decision to choose not to. 

It’s all about personal risk assessment.",5.0,Republican,2021-05-09 13:53:08
"This.

I was explaining it to a friend just yesterday, I don't mind if a vaccine harms 1 out of 5 million people, I understand that's just how vaccines are. ***But be honest about it.***

They're so overzealous to get every humanbeing on the planet vaccinated that they've decided to lie about the side-effects, insisting that it's 0 out of 5 million. That no one ever on the planet has ever had an adverse reaction to the covid vaccine, and any suggestion to the contrary might as well be treason.

That, *that* is exactly how you make people not trust a vaccine.

Just tell me the risks are 1 in 5 million. Let me make the choice to roll the dice. I decided to get vaccinated, that was my choice, I read about the risks, I read about the at-risk categories that the left refused to acknowledge existed, and I decided to do it anyway. Don't fkn lie to me and tell me there are zero health risks. That is what I hate most about the democrats-- They are willing to lie, cheat, beg, borrow and steal as a means for their perceived ""greater good"".",3.0,Republican,2021-05-10 02:11:55
"Lowering PCR cycles will essentially eliminate the Covid 'crisis'. They can then give credit to vaccines, or social distancing or facemasks or whatever they want. The lying media will never question them, only parrot whatever lie they create.

Sleepy Joe Saved us!!!!!

Source:

  

[https://www.cdc.gov/vaccines/covid-19/health-departments/breakthrough-cases.html](https://www.cdc.gov/vaccines/covid-19/health-departments/breakthrough-cases.html)

&gt;Clinical specimens for sequencing should have an RT-PCR Ct value ≤28.  
 

[https://www.cdc.gov/vaccines/covid-19/downloads/Information-for-laboratories-COVID-vaccine-breakthrough-case-investigation.pdf](https://www.cdc.gov/vaccines/covid-19/downloads/Information-for-laboratories-COVID-vaccine-breakthrough-case-investigation.pdf)[n.pdf](https://www.cdc.gov/vaccines/covid-19/downloads/Information-for-laboratories-COVID-vaccine-breakthrough-case-investigation.pdf)",6.0,Republican,2021-05-10 13:13:33
"This is a never ending debate, the science says if you had covid-19 you antibodies and you will not get it again if you are vaccinated you will not get nor spread it, so mask protects who? The people who never had it and the ones that don't want the vaccine and they are wearing a mask for protection, i had covid it affected all my major organs I've recuperated i also have a liver transplant and the medication i take lowers my immune system there is a lack of something, I'm guessing is oxygen i don't get when wearing the mask and i get shortness of breath, am i the only one? I don't know but it affects me that way and I only wear it in stores if the store mandates outside in my car outside gathering there is no way I'll wear one not even the restaurant i visit they don't make u wear one so Im guessing is a matter of choice at this time, nice talking with u ❤️ honestly.",2.0,Republican,2021-05-12 13:29:20
Since you can still get covid after your vaccine whats the point in wearing a mask,1.0,Republican,2021-05-14 06:24:54
"Not double talk when she literally clears up the initial statement.  Saying you won’t take Trump’s word for it but you’ll take the word of medical professionals, even those on his own covid team, isn’t double talk at all

And you can’t have it both ways.  Either Trump can approve and remove roadblocks that sped up the vaccine delivery, or “Trump can’t approve a vaccine”

In what way did it have an impact, practically everyone on the left has gotten the vaccine, and both Biden and Harris got theirs while Trump was still in office.  No one disputes it was created under Trump’s watch, but we all also know that it really was t Trump’s watch, FFS, one of the approved vaccines wasnt even created in the US, and another didn’t take funding from US Gov

If anything had an impact it was Trump taking his in secret",0.0,Republican,2021-05-15 18:11:20
"The fact that it’s not fully approved right now would be a good indicator

https://www.cnet.com/health/covid-vaccine-what-it-means-if-the-fda-grants-full-approval/

“Currently the Pfizer vaccine has emergency approval from the FDA, but full approval would allow Pfizer to market its vaccine directly to consumers. “",1.0,Republican,2021-05-15 19:50:32
"https://www.statnews.com/2020/10/07/harris-pence-vaccine-trump-covid-19/

Pretty much every article I can find says the same thing. It was that Harris didn't trust a pre-election vaccine, calling it political. Biden actually got on to her for this stating it would undermine people's trust in an eventual vaccine.

I think the vaccine was most definitely used as political leverage on both sides.",1.0,Republican,2021-05-15 21:00:33
"That teacher was really acting inappropriately, I’m glade I’ve experienced teachers that had a lot more composure than her in handling difficult students. 

Something I noticed in this article,

&gt; Ironically, three days later, the Biden administration finally admitted what has been known for some time, which is that vaccinated people are not contagious.

This is incorrect and dangerous. The CDC says, “ Some people who are fully vaccinated against COVID-19 will still get sick because no vaccine is 100% effective. Experts continue to monitor and evaluate how often this occurs, how severe their illness is, and how likely a vaccinated person is to spread COVID-19 to others.” In his statement the other day Biden said, “The CDC is saying they have concluded that fully vaccinated people are at a very, very low risk of getting COVID-19.” Just because you’re vaccinated does not mean you are immune. Stay safe and cautious.",1.0,Republican,2021-05-16 00:16:24
"Totally agree Covid is SARS-V2. We have been studying SARS-V1 for decades including vaccine trials. Suddenly they act like we have no freaking idea what’s going on? When they said masks don’t work initially, that was the decades of research which was true. Surgical mask in cloth mask 100% will not prevent the transmission of an airborne virus &amp; science knows this. Then suddenly everybody got a degree in virology courtesy of CNN and you really can’t convince anybody any differently although there have been numerous studies saying that they in fact do not work. A fitted N 95 mask is the best choice but that’s not what people are wearing, they are putting a piece of fabric over their face and now we’re all pretending like that works! If this was a test to see how stupid &amp; manipulable Americans were we passed.",-1.0,Republican,2021-05-17 12:18:46
"Maybe, but on what basis? Their own data suggested the vaccine was over 95% effective for a population that’s only minority affected.

In my opinion it’s much more likely that COVID was a convenient pretense for passing significant spending packages that otherwise would not have been passed. Go back and listen to the peer conferences about the jobs plan and the family plan. COVID is a crisis and every crisis is an opportunity.",3.0,Republican,2021-05-17 13:14:49
"As a conservative, these posts literally are fuel for why people hate conservatives.  Where do you even start arguing with this stupid shit.  Over 100 million Americans have had at least 1 vaccine shot now, that is quite a bit different than where we were just a few months ago.  Also, they waited for the results from multiple studies that point to you cannot spread covid once your vaccinated, something that scientists were confident on, but not near the consensus to issue policy recommendations.  You want your scientific organizations to be able to adapt to the evidence.",40.0,Republican,2021-05-17 14:01:19
"The fact that the vaccine consent says ""The Pfizer-Biontech Covid-19 is a unapproved vaccine that may prevent COVID-19. There is no FDA approved vaccine to prevent COVID-19."" Right in the literature is the problem. That and I guess we can read and know what a human medical trial is is. You really want a nurse who can not freaking read or understand what they read? FYI those are the nurses who make huge medical errors and hurt people too. OOPS didn't read the fine print my bad. Yeah, their the ones jumping all over it. Good Luck.",0.0,Republican,2021-05-17 17:07:00
"Yeah, that is exactly how I put 2 &amp; 2 together. I know the clinical name of COVID is SARS-CoV-2. I also know SARS-CoV-1 vaccine has been tried since 2002. Almost 2 decades. All failed in animal trials. Why? Because after vaccination upon re-exposure 75% of the animals whether ferrets, mice, rabbits or monkeys developed a severe auto-immune disorder attacking their major organs in a Cytokine storm. So yeah I have reading skills. You trust your government. That's cute.",2.0,Republican,2021-05-17 17:37:05
You can still catch and transmit covid with the vaccine. It’s even worse when you’re asymptomatic and texting negative yourself but are still a carrier so you give it to everyone you know but feel fine.,-2.0,Republican,2021-05-17 19:18:13
"You can site sources all you want. This is real life experience I have seen it happen to multiple people I personally know. I wasn’t talking about people testing positive and spreading it, I was talking about spreading it and repeatedly testing negative. I didn’t say you were still guaranteed to get covid with a vaccine. I said it is still possible to both catch and transmit it, which it is. It is less likely when you’re vaccinated, but I still know multiple vaccinated people who have caught covid after being fully vaccinated.",1.0,Republican,2021-05-18 15:00:20
"Lol trump wanted to shut down flights of anyone coming from China before it was a problem but noooo that racist ! Meanwhile AOC gets on the news and says its all fine go to the movies! Go out in china town and enjoy the food! Also the whole mask thing... mask mandates were controlled by states. Hence why some states opened up early and decided “this is dumb” especially when “does not protect against covid 19” is literally written on the side of the box of the masks you buy.

Meanwhile governors, mayors, and joe biden are telling you if you dont wear your mask there will be repercussions California gov for example wanted to shut off electricity and water to homes who were caught celebrating thanksgiving with family (how in the right mind do you support that or justify it??) . While they go out to dining halls with all their buddies maskless 
Every interview they have footage of them just putting on a mask for the interview to appease retards like you, then take them off right after. 


Also dr fauci said a month ago that even though you have your vaccine still wear your mask because of different strands....
But ya know that’s a lie now because the mask thing is over now. 
This is the also the same guy who said masks aren’t necessary or effective at the start of this whole thing. 

But sure blame trump its all his fault you fucking fools swallow propaganda like its gatorade at the halftime of the super-bowl.",1.0,Republican,2021-05-20 04:00:35
Not even the vaccine is secure lol (https://www.msn.com/en-us/news/us/cdc-investigating-cases-of-heart-inflammation-in-teens-young-adults-who-got-two-shot-covid-vaccine-heres-what-we-know/ar-AAKkK6o),1.0,Republican,2021-05-25 12:03:31
