comments,score,subreddit,time_created
"Dude,  chill out.  I'm the one being calm and not using  inflammatory language.   You just hate what I'm saying because it is right.   Saying take your blinders off is not being insulting.   It's just saying to not have a narrow view.   Look at everything and not just what is presented to you on a nice platter.  You, however, are genuinely insulting to multiple people on this thread.   

Rather than being toxic to anyone who doesn't agree with you, take a step back from the keyboard and look at things from a wider perspective.   Between the two of us, one sounds like an adult who is willing to have an adult conversation...  the other does not and is being overly emotional and condescending.  Go back and read both of our posts and figure out who that is. 

I'm defending Trump because he was in the right on these things.   There are plenty of problems I had with Trump.   I have had problems with every president.   I also applauded every president on things in my lifetime.  Some I agree with more than others, sure.   But I don't go out of my way being toxic to groups that don't agree with me.   I also try to look at issues from both sides.

Trump denied the existence?  Partly.  That was very early in the pandemonium.   The entire world was still playing catch up at that point.   At the beginning of it, it didn't seem like things would end up being anywhere near as bad.  When things were showing signs of being worse, Trump shut down travel to China.  Then restricted everywhere else.   And as he was shutting down travel, the left absolutely crucified him for doing so.   Yet, it was the right move .  In regards to China vs Europe....  dude, think critically here.   China is a propaganda machine.   They denied it came from there are are still denying it when there is a very real possibility that it was manufactured there.  They have lied about covid numbers from day one.   No, shutting down travel to ground zero of the epidemic first is logical, especially when you know they are covering up info. 

Covid infection numbers are absolutely higher than reported.   Why?  Because a lot of people got it and never got tested.   Covid deaths are also exaggerated.   So what can we infer?  The virus is much less deadly than it has been portrayed.   That is, of course, as long as you don't force nursing homes to take Covid positive patients in and expose a dense population of the most critically endangered people to be exposed to it.   Who was that? 

I am a general supporter of the vaccine.   However, the death rate of this virus is very low overall.   Those at higher risk..   bad health conditions, geriatrics, etc all should get the vaccine.   However, the rest... that's a personal decision.  The vacs were rushed and did not go through typical trials.   We do not know what long term risks are associated with them.   I can understand why someone younger who is in good health would not want the vaccine. 

And so you know, I did get it.   In fact, I was one of the earlier ones back in January. 

I've brought up multiple arguments and all you do is go back to he lied...  like all politicians...  and ignore responding to the things that don't fit your agenda.  The only one lying here is you and mostly to yourself.  

And I don't disregard facts but I am rather skeptical of all news.   Very little is put out there without an agenda.   In regards to your friend in a health department...  cool?  I also know quite a few people who are medical professionals, and that's not counting my own experience.   So what?",2.0,AskReddit,2021-07-04 19:28:14
"Correct me if I am wrong, their is a small chance you can get it and have 0 symptoms because your immune due to the vaccine(also it lowers the chance of getting it drastically) but it is possible your still carrying it and could potentially put at risk people who are at risk, they say that it is not 100% because it most probraly isn't makeing a vaccine what makes you 100% immune takes years, we have gotten so close in such a short time it just proves that the people who created know what they are doing.

Also I can confirm, a distant family member has recently given positive on a test and he was vaccinated a while back due to him working with young people (university teacher), he has almost 0 symptoms, less than a cold but can still trasmit the virus, this is also why they are now looking at giving over 50's a booster vaccine to help them build their immune system better.

But if has long has you keep your distant from people who could be at risk and wear a mask in closed area with random people, it's all good really no point on wearing the mask, I hate the thing",3.0,AskReddit,2021-07-05 21:51:34
"No I do not. I hate wearing a mask, and the vaccine should provide far more protection than the mask would. I saw some saying they do it because kids can't be vaccinated - I have a 2 year old and the chances of him getting seriously sick are so small I'm not at all worried. He's been in daycare this whole time unmasked and he's fine.",1.0,AskReddit,2021-07-05 22:56:26
"I started wearing masks again after reading up on the Delta strain. I got both jabs of the Phizer vaccine and I probably won't get real sick if I get it. However, I made it this far, so I don't want to chance it. I'm also on an immunosuppressant for an autoimmune disease. I hate the mask, but I would rather deal with it than get sick.",1.0,AskReddit,2021-07-05 23:16:18
"I know you will not change your mind and you will not learn anything if I actually try to talk to you, because, why would you? As a user of reddit, you couldn't care less if you have an internet conversation trying to learn something. Even if I tried to talk to you, you would not learn anything, and you would not change your mind. To answer your question though, Call for an Uprising is a perfect reason for why free speech absolutism is unethical. Free speech is a great thing, you can smear political talkers and shit anything you want without fear of harm to you. Aristotle saw a flaw in Democracy when it was popularized in Ancient Greece. He saw that when someone more convincing and more persuasive than most other people convinced the masses to vote for something idiotic and would actually harm the people voting for them, the democracy would weaken and the people would grow more and more to hate their government, even though they voted on those policies. Call for an Uprising the person who convinced the masses that all these things were bad, this is fake, 5g is bad, the rich elite want to eat your children, anyone not Christian is an antichrist, and other shit. Like the old persuasive masochists of Ancient Greece, he convinces people into things that hurt other people. I don't know if you believe in the vaccine or not, but it has been proven to have a positive effect. Call never has sources, but I do, like [here](https://www.nature.com/articles/d41586-021-01505-x) [here](https://www.cdc.gov/coronavirus/2019-ncov/vaccines/keythingstoknow.html) and [here](https://abcnews.go.com/Health/vaccines-working-covid-variants-now-scientists-starting-understand/story?id=78168599). Now if he says that the vaccine doesn't work, many people will not get the vaccine, and people who live near these unvaccinated people who may be medically exempt from the vaccine are now in danger, because people who can get the vaccine, chose not to because of a internet person. If Call never said this, those who can get a vaccine, may have gotten vaccinated, and that vaccine exempt person is now safe because others are vaccinated. Call is telling people not to trust the government, to hate other people, and hurt others. What does he gain from this? What does he gain but the feeling of superiority over people that believe his every word? Creating a group of people who do not believe the government and have their own motives with are against the will of the people is a bit like the confederates during the Civil War, or Call is like Jim Jones, creating a group of people who believe extremist ideas, pretty cult like behavior. What do these things do but make the people even more divided? Call never cites any peer reviewed sources, never has any physical evidence for his claims, and never does anything to prove his statements. If these things have not benefit to anyone whatsoever, what is the point of his channel but spreading negativity and hate. The people who very much believe Call are probably in constant fear, fearing the government, fearing the ""liberal sheep"" fearing anyone who don't believe them. Why spread so much negativity if you can just not speak up?",1.0,AskReddit,2021-07-05 23:38:25
"No, I am not.  I don't bring one with me anymore.

I am sorry but I just hate them.  They are just uncomfortable.

They were mandatory for public safety because hospitals were overwhelmed.

Hospitals are no longer overwhelmed.  The medical system is not at maximum capacity.

The goal was not to prevent anyone from ever getting sick, it was just to keep things under control.

I'll get a vaccine booster every year (and be sick for a few days) if it means not wearing a mask",1.0,AskReddit,2021-07-05 23:43:56
"Yes, because:

- Fuck if I trust the general public not to cough, sneeze, or spit not knowing they have this virus because they think they’re doing just fine.
- I’ve wanted this to become socially acceptable ever since I found out that’s how it works in Japan. Prevents you from getting sick or getting others sick. I don’t remember the last time I had a cold or cold-like symptoms. Would love to keep it that way.
- It’s nice to hide my face when I’m in a bad mood, hate humans, feel self-conscious, or don’t want people to see my obviously disgusted face when I look at the stupid shit people do day to day.
- The vaccine increases your immune system response in the case that you catch it, so that fewer people die from this virus. It *DOES NOT* mean you cannot catch it. It does not guarantee that you won’t be among the very very very small percentage that still gets severely sick.
- These variants sound like a bad time. They’re probably spreading because people don’t give a shit about the guidelines anymore.
- My father-in-law died of COVID in January 2021 and my spouse is still traumatized and grieving. Take this virus fucking seriously. There’s zero guarantee that you will have “just flu symptoms”.

My only exception to all this is not wearing a mask if I’m outdoors and people aren’t near me. Walking through extremely crowded areas means wearing a mask for me. It’s really not that difficult to live with wearing masks often, especially if that’s a small task to do to be safe.

Oh and PSA: *IT GOES OVER YOUR NOSE AND MOUTH.*",1.0,AskReddit,2021-07-05 23:54:35
"I am unvaccinated by choice, but this is due to such little research being done on the vaccine so far. I still wear a mask everywhere because I'm not going to be a carrier and infect others. I hate people who think that way",-5.0,AskReddit,2021-07-06 00:27:22
"yes. i trust the vaccine, but i don't mind the mask so i'm still going to take every measure i can to protect myself and others. especially with variants, i don't want to risk being the reason someone else gets sick; even if the chance is slim.

also i hate how i look lmao.",1.0,AskReddit,2021-07-06 01:39:25
"I still wear mine. Main reason is so I don’t have to deal with people as much; I hate running into people who know me in public places. 

The other reason is that a lot of kids should still be wearing masks until there’s a tested vaccine available for them, and more kids will wear masks without a fight if they see adults still wearing masks. If vaccinated adults ditch their masks now, children won’t want to wear them.",1.0,AskReddit,2021-07-06 01:52:43
I'm still wearing a mask in public because they have found that all of these unvaccinated people are variant factories. I would hate to have to get the covid vaccine every year because someone chose not to gwt vaccinated.,1.0,AskReddit,2021-07-06 01:56:07
"What vaccine? And it wasn’t. Me and my brother never got sick. We were out every day.... and I hate needles. About seventy percent of me would rather die than get a needle in me. Especially a rush job vaccine. Now I’m not on not one of those Karen’s that refuse and think the shots are trackers, we just didn’t care. And the only reason so many people died to vivid was because the doctors got a significant *bonus* for every diagnosis. They didn’t die to covid- some random doctors just wanted money.",-23.0,AskReddit,2021-07-06 02:10:40
"Yes. The vaccine does not protect me 100%. I don’t know if vaccinated people who catch covid are as or less likely to have long term complications. I don’t want to risk catching covid and having long term complications. I also do not want to risk catching it and passing it on to my mom, or anyone else, and risk killing her, or anyone else. I also want to see less variations and mutations of it, so by doing my best to prevent myself from catch it which prevents me from spreading it, I lower the risk of mutations occurring. I wear my mask because I hate wearing my mask. The less covid spreads, the sooner I can stop wearing it.",1.0,AskReddit,2021-07-06 02:33:02
"Nope, that’s why I got the vaccine! I fucking hate masks!",1.0,AskReddit,2021-07-06 02:43:59
"Not wearing it outdoors for the most part, but when I'm indoor I think society benefits from everyone still wearing masks because:

1. Double dose Pfizer provides a 65ish% chance of protecting against infection from the Delta varient, which will be the dominant strain by end of July. I may have a mild infection and can transmit to anyone, including children who are not candidates for vaccine, idiots that hate vaccines, or old people who have been vaccinated but their immunity may have waned.
2. The more the virus spreads the higher the probability of even more immune escape.
3. Despite working in a hospital during the pandemic, I haven't been sick or had a cold since the pandemic began. The mask protects against more than just Covid.",1.0,AskReddit,2021-07-06 02:56:41
"I am, for multiple reasons. 

1) the vaccine is not 100% effective against the known strains. 
2) We don't know that new strains will be completely or drastically more resistant. 
3) I work around people and I generally don't want them to feel uncomfortable. 
4) I fucking hate people so any layer I can put between them and me is good.",1.0,AskReddit,2021-07-06 02:57:51
"Almost never. I mean I hate masks. They hurt my ears And make me feel like a certified slave. I tried to never wear it ever. But was forced to by law (inside only. I never wore a mask outside).

So for me I’ve never felt unsafe, I only wore mask I was forced to. There’s still a couple places that I think require me to wear them and I mostly do. But sometimes not. You gotta push the mask people a little bit to get our way. (And for all the haters, at least I beleive in the vaccine and got the damn thing. Get mad at the massive losers who refuse to get vaccinated, not me)",1.0,AskReddit,2021-07-06 03:00:36
"It's situational for me.  If I enter a store that says if you are fully vaccinated then you can enter unmasked; then most of the time I won't, unless it is a store I know is fully packed with people.  Granted I tend to avoid those places now.  If a store says all must wear masks to enter; then of course I wear one because I'm not an attention seeking drama creator and just want to get done with my business and get out.

I also work at a job that I often have to wear a respirator because of dust and other stuff floating in the air; even when it is 110F/43C outside.  So the times when I can go out without one is like a huge freedom.

Though when I am in one of my I hate everything moods, I'll wear a mask so I can mouth off all the stuff I want to people who tick me off without repercussions.  Which is freaking awesome and gives my punching bag a break.

I do have a firm rule though.  I pay attention if the people around me like staff in stores are fully wearing masks.  If they have a full mask policy in place, then I wear a mask. Because I want to promote positive use of masks in order to end what we are dealing with.  Its not political, its not religious, its called being a decent human being and having respect for the people around you.  Right now; the delta variant is spreading rapidly, soon we can expect to go on lockdowns again which really sucks.  I love my kids and all, but this dude needs a break so work ironically is my break.  Plus if I can do my part in preventing my family from getting sick needlessly, potentially dying, wearing a mask isn't an issue.

We also know that those who choose to be unvaccinated cannot be trusted.  Because instead of thinking about other peoples safety, they rather focus on themselves, or make some really lame excuses.  I get the ones who have the allergic reactions to any vaccine, its a huge toss up depending on how bad your reaction becomes.  But to use politics, religion, false information, or wackadoodle excuses don't fly with me.",1.0,AskReddit,2021-07-06 03:33:21
"Otherwise I am very healthy, I had covid already once and getting the vaccine gives me the previous antibodies in my system and the 2 shot Pfizer shot.

I absolutely hate wearing my mask, it’s just a me thing; I couldn’t stand it. So now I never wear it. I keep one in my pocket everywhere I go still just in case the business or someone asks me to wear it and out of respect I’ll put it on and not fuss about it. But otherwise, 95% of the reason I wanted the vaccine was to stop wearing those masks.",1.0,AskReddit,2021-07-06 04:05:14
"Yes. I teach special education at an elementary school. Many of my students are either too young to receive the vaccine or have compromised immune systems. It’s mandatory in the schools, but I also wear them indoors when shopping since I’d hate to catch it and spread it to my students. Although the risk is extremely low, with me being vaccinated, it’s a risk I’m not willing to take for my students and their families.",1.0,AskReddit,2021-07-06 04:14:45
"I do. Maybe it's a bit silly but for me I see it a few ways:

1. We don't yet know how effective the vaccine is against the Delta variant. I'd rather not fuck around and find out.
2. I have two small children who can't get the vaccine yet and still need to wear masks. If I wear a mask too, it makes it easier to get them to wear theirs. This is the most important one for me as their health and safety are my top priorities. 
3. If I'm being totally honest I don't really want to engage with people when I go out. I dont want to have to put on makeup. I don't want to have to smile at people. With a mask I don't have to engage with or talk to people unnecessarily and as an introvert I am HERE. FOR. IT.  Trumpsters don't spark up conversations with me thinking we both hate masks and science and common sense. Guys don't bother me by making unwanted passes at me. I can mumble bad words and curse under my breath without drawing attention. As a kid I wore hoodies a lot, despite the weather, because it was comforting to feel covered up. Wearing a mask is like a hoodie for my face and honestly it has been very little inconvenience for me to wear one.",1.0,AskReddit,2021-07-06 04:26:05
"Yes. You can still be a carrier and on top of that the vaccine isn't full proof. While it's rather full proof I'm not becoming the small percent of people who it didn't work for.

Also on the topic of spreading it's not just anti vaxxers who don't get vaccinated. If that were true I honestly might not wear it tbh. Their choice to not vaccinate my choice to not wear a mask. But in reality there are people who'd love to be vaccinated who just can't get it. 

Whether it's minors under a certain age depending here you live or people who're allergic to like literally every to those who live in countries where the vaccines aren't readily available there still are plenty of people who want to that can't.  I know people who can't get the vaccine who'd die to have it. Just cause I'm not in the same constant area as them doesn't mean there aren't people who are traveling near them. They still have to go outside. They still have to exist in the world without it.

It sucks balls. Trust me I hate wearing a mask constantly when I'm out. Hell some my friends are getting mask acne. But it keeps people safe. Everyone has a reasonability whether they like it or not. 

While one person not wearing mask might not do anything, news flash: you're not the only person in the world who think's they're the exception. No one is. If you're alone or in a group with other people who are vaccinated that's another story. But in general yes, I will be wearing my mask in public.",1.0,AskReddit,2021-07-06 05:59:07
"Lots of reasons.
1. My mom can't get the second shot, she had an allergic reaction to pfizer. She has a history of allergies and has epi pens and had to use them after she got pfizer.
2. I'm pregnant and got vaccinated still but I'm still immune compromised.
3. My daughter is 3 and cannot get the vaccine yet.
4. Men don't tell me to smile.
5. I don't want to get other viruses, this pandemic really showed me how bad people are about hygiene. 
6. Idgf about people who tell me not to wear a mask. I live in Hawaii and it's normal here to wear one still. I am going to see family in Washington soon I'll have to worry a little more about asian hate and anti masker bad attitudes but I'll deal with it.",2.0,AskReddit,2021-07-06 07:18:16
"Be proud, i would be so proud if i lived there. I see alot of hate here for American leaders but people don't know how good they have it, Trump put in motion covid vaccine purchases and 70% are vaccinated. In my country, thieves stole some of the few donated vaccines and injected others with water",9.0,AskReddit,2021-07-06 08:34:29
"Point 2 is my reason.
In my country most of adults have had 2 vaccine shots. And that helps keep pressure of the hospitals. Which is great. 
Result: pretty much all restrictions have been lifted.

And now we see covid spreading again among young people who are still at risk. I hate it. They stayed at home for over a year to protect the elderly. And now that the elderly are safe... f*ck the youngsters. Lets go back to spreading shit, and let them get sick. They dont go to hospital anyway. Well they do, and they may not die. But they too have long term effects.

2 more months. Everybody would have 2 vaccines and be mostly safe. Until that time. I wear a mask, to show people that its not over ... until its over",1.0,AskReddit,2021-07-06 09:09:59
"Ok, don't know if its been already said but isn't the whole point if wearing a mask to stop spreading it not to stop getting it? In which case it wouldn't make a difference whether you've had a vaccine or not since it wouldn't stop you from spreading it, it just makes it easier for you to get through it? Or maybe I am wrong and have misunderstood something? 

And btw this is not me defending masks as I hate the things. I work in hospitality and often have to wear it 10h straight 4-5 days a week, and honestly it's started to make it difficult for me to breathe having done it for over a year",2.0,AskReddit,2021-07-06 10:01:08
"Yes, there are immunocompromised people in my life, plus the delta variant is more than twice as infectious as the original Covid strain and plague enthusiasts are preventing us from reaching herd immunity. Giving up the mask entirely seems premature, especially indoors. Also, it's obvious that many unvaccinated people are cosplaying inoculated people. 
I hope me wearing my mask reminds the people that need to be wearing theirs to stop wilfully endangering their community. Things are getting worse again on some level, as the CDC has walked back on allowing people to be unmasked outside vaccine or not and now recommends that the unvaccinated wear their marks outside as well as inside. Americans hate masking up, so you know they would not make such an unpopular move unless it was needed. 

Side note, I love not smelling y'all, plus I got sick with something non-Covid (got tested to be sure) earlier last week that I'm sure was because of breathing other people's air. And not worrying whether I'm smiling or my breath smells is also nice. I'm planning on wearing a mask any time my allergies even are acting up (which is most of the time).",2.0,AskReddit,2021-07-06 14:03:03
"No, I hate wearing them. Didnt ever really wear one before the vaccine either. Who cares?",1.0,AskReddit,2021-07-06 14:38:43
"And there's people like me. I had a very mild case, loss of smell, below average temperature and mild stomach discomfort. I got my sense of smell back 15 months later, but I have developed tachycardia ( which I think is resolving: fingers crossed), liver enzymes through the roof (better now) and scarring in my lungs that will never go away AND kidney damage caused by an inflammatory response from Covid. 

None of this has improved my life.  I hate feeling like I can't get enough oxygen. I hate that I can't take medications that improved my life anymore because they're too hard on my kidneys.

I did not have antibodies about 9 months after Covid so I had to basically hide in my house so I wouldn't get it again. I got the vaccine as soon as I could. I'm so thankful for the vaccine.",3.0,AskReddit,2021-07-07 01:11:19
"my brother went in and got his shot.   
he's high risk with multiple medical issues. His doctor frankly didn't want him getting the vaccine because his seizures are triggered by fevers, a very common temporary side effect, but because so many morons are refusing the vaccine where we live, we had to grin and bear it and get him the vaccine anyways.   
I fucking hate every single person in this thread saying they won't get it or they're delaying cause blah blah bullshit.",0.0,AskReddit,2021-07-07 01:56:52
"I wouldn’t get the flu vaccine either, to be honest. I have no idea what else was going on with that friend of a friend, so anecdotal evidence doesn’t really cut it for me personally. But I really hate to hear that, it’s definitely very scary for moms to be to make these decisions along with every other anxiety that comes along with being pregnant.",0.0,AskReddit,2021-07-07 03:40:23
"I really believe the vaccine is a form of population control ahhhh 😂 i hate trump, im a real democrat but im scared of the vaccine!!!",1.0,AskReddit,2021-07-07 08:49:11
"Depopulation. You see how many downvotes I got already? The brainwashing is complete. There is absolute evidence that Bill Gates was involved in this conspiracy to spread covid. He's been experimenting with vaccines on children in India for years. Poor children, where nobody will do anything if something happens to them. There was four hundred thousand cases of infertility and India alone after Mass vaccination. I don't believe vaccines were always bad, but modern ones are a problem. The sheer amount of vaccines that a small child get is mind-boggling, and unhealthy. I'm not sure if YouTube has blocked it like they've censured so many other things, but last I knew you could watch Bill Gates doing a talk,on agenda 2021. This talk was years back, but coincidentally it's 2021. I don't think they picked the name agenda 2021 for nothing. See if you can find the video and listen to him talk about eugenics/depopulation. If you trust him after that, good luck. People have just drank the Kool-Aid.. they don't even know that this was actually Powerade. They can't even get a drink name correct on a mass suicide, but will blindly Trust what the government and media tells them. The fact of the matter is we have too many people in this world. I'm not some anti-government crazy, looking out my window, but the fact of the matter is they don't have our best interest in mind and this has been proven again and again. Various governments, including Germany, China, Italy and others have slaughtered civilians. This is just historical fact. But if everybody here wants to blindly trust the others that are in power, then good luck with that. If the vaccine was so good, why are they trying to bribe people to take it? Why are presidents making threats to get people to take it? If it works at all, why do they care if some of us don't take it? It's all the people that are angry Pro vaxxers, get the shot, and dislike the rest of us that won't. Why the heck do they care if we get covid? People are angry because we won't comply and they were stupid enough to. It goes back to that mentality of crying that things aren't fair from grade school. No you don't deserve a trophy just cuz you were here, and I shouldn't have to get a experimental vaccine, just because you were pressured into it. My body my choice is all well and good when women are having abortions and casual sex, but God forbid I choose not to put that vaccine in my body. Suddenly I have no choice over my body because it makes you feel better? Ask yourself, do you really want to live in a world where people are forced to do things to their body? What's next, forced implants? When the population gets higher, forced sterilization? What if they deem that we will be more docile if we take antidepressants, is that okay too? The sheer amount of people who didn't question this in lined up for an experimental vaccine that they couldn't even promise that worked, is insane. Nobody has critical thinking anymore. You know why everybody hated Trump? Because they were told to. If you hate him for legitimate reasons, that's fine but people were immediately hating this guy before he even had a chance to do anyting. That's brainwashing and manipulation at its finest. But absolutely no conspiracy here. W t h",-4.0,AskReddit,2021-07-07 16:38:18
"I read an article about increasing hostility in the US. People killing people for 'poor service' and the like, also I've seen US people getting for hate for getting a vaccine.",1.0,AskReddit,2021-07-08 12:21:37
"Getting my Covid vaccine cause I have panic attacks and hate injections ;-)

I blacked out, woke up and thought I was going to puke and then remembered that I'm a dope and this has happened to me every time I had a vaccine as a kid.

Shoutout to medicine for saving me from getting:

- measles, mumps and rubella

- meningitis

- polio

- Tuberculosis",1.0,AskReddit,2021-07-08 18:15:08
"The idea that the entirety of US healthcare is this diabolical moneymaking scheme that's all rooted in the greed of the doctor treating you -_-

I'm a primary care doc. I don't like the way the US healthcare system works just as much as you. 

- I hate the prior authorizations.

- I hate the fact that there are a million different insurance plans and they ALL change their formularies every few months with seemingly zero rhyme or reason, resulting in the medication you'd been getting for the last five years now costing you $400 a month. 

- I hate the insane documentation requirements to get patients the stuff they need. (As well as when shit gets denied because I forgot to mention something like ""patient was evaluated in a chronic stable state and not during an episode of acute exacerbation"")

- No, I'm not pocketing all that ""sweet, sweet vaccine money"" when I say you should get a shot. That's not the way it works. I don't drive a Ferrari or Porsche, I drive a fucking Toyota that I'll likely have for the next 20 years. The last car I had was a 30 year old piece of junk that I only stopped driving cuz I got t-boned and the car was totaled.

If you wanna be butthurt at someone, be upset at the admin who make tens of millions annually, the insurance companies for constantly changing their rules, the pharmaceutical fatcats who inflate prices on dirt cheap meds, and your politicians who refuse to give you healthcare cuz of some ""socialism"" Boogeyman.",195.0,AskReddit,2021-07-09 01:43:37
Funny Yesterday i slept in  woods lol. But lets put that aside. I will get vaccine ones ill feel like its the right time. Rn iam trying to follow the rules set by state (wearing mask etc ..) so i wont put as many people in danger. Not even gonna talk about that i hate people so staying indoors 24/7 isnt an issue and i only go out when i have to.,0.0,AskReddit,2021-07-09 05:04:13
"Watching your younger sibling repeat the same mistakes you made even when you warn them not to.

When I was ten or so, I was not a healthy person. I would overendulge in sweets far too often and had nobody to stop me due to it being unreflected by my weight and body. They saw a tiny, skinny kid and just assumed he was healthy even though he didn't get out much and ate horrible shit.

Through about two years I've worked to put myself in shape despite the horrible habits of my younger self. I've taken a lot of body fat off and started enjoying eating healthier. I can confidently say that I am a very healthy person as I'm writing this.

...

And then I see my brother eating the same terrible shit I did at his age and being a couch potato 3/4 of the time and nobody but me caring for the same reason nobody cared when I did. The worst part is that when I actually tell him not to, he and everyone else in the house feel they should tell me off for me passing what I know down to him when I see him doing the same dumb stuff I did. I hope he has some kind of change in attitude, because he will have a severely fucked later life if he continues what he's doing, which isn't helped by sugar being found thrice as addictive as cocaine.

He has quite a few good people to listen to for advice on keeping healthy, but he also has an anti-vaccine, openly supportive of MLMs mother as the main person around in his life, who has told him off for even saying ""evolution"" in front of a younger relative. The other person most around in his life is his grandmother, who is a classically educated Southern woman. This, of course, means that she believes slaveowners did slaves a favor by removing their freedoms and enforcing poverty upon them. I don't care how politically deluded you or anyone else is for that matter, anybody saying this was not given a good education, instead they were given propaganda. I actually didn't believe there were people educated like that. When I heard from armchair historians ""or if you're in the South, the War of Northern Aggression"", I tended to get pissed because no schools teach that nowadays. I now understand what they're reffering to.

Beyond that, he has genetics from two families both very suceptible to addiction, which isn't helped by half of every adult in his household being a smoker of multiple decades. I was actually somwhat lucky to have a junkie mother, as it taught me how dangerous addiction can be much earlier and more effectively than any school or relative. My brother did not have this, and as such only has relatives that tell him not to... while a good chunk of them are holding a cigarette or alcoholic beverage, of course.

Sorry if I went on a bit of a rant... I just tried to tell it how it is and what it is I hate having to see being the older sibling.",1.0,AskReddit,2021-07-09 08:24:31
"Facebook.

No longer a thing that's just you and your young mates from college who post cool stuff and have intelligent debates. Now we have grannies posting Minion memes, paranoid mothers posting hysterical stories about how ""men were plotting to kidnap their kids from IKEA"", your batshit crazy cousin who posts bizarre Russian vaccine conspiracy stories and TERFs who post diatribes day and night about gays and transpeople. 

Facebook and Twitter are now both cesspits of fake news, hate and complete crap.

Yes I use Facebook but only to keep in touch with people I no longer see, and only via PM. I make a point of not reading anything posted publicly to avoid losing brain cells.",1.0,AskReddit,2021-07-11 14:20:32
"Personally, I think the pandemic is the cause of the vitriol. Instead of unifying us like a Star Trek utopia,  IMO it made everyone double down on selfishness and hate which is a shame: see vaccine allocation and waste, the surge of anti-Asian-hate, toilet paper hoarding,  etc

Even with the vaccines becoming widespread, it seems we're going to see the aftereffects of COVID for a long time, whether that be real economic impacts or some Joe Smoe becoming enraged over some silly thing",31.0,AskReddit,2021-07-11 15:33:26
"republicanism

They come from the land of hate, I don't want you to have anything. The world is all about me. If you don't do what I say then we will just have the supreme court make it illegal. If they will not do it then we will make stupid laws written by stupid people in Arizona, Georgia, Florida, North Carolina and several other states. Oh and we ain't taking no vaccine because we want to die of Covid19. I think that does it.",-2.0,AskReddit,2021-07-12 00:53:16
"Here on indonesia, saying the vaccine was big scheme used for benefit of pharmacy fund, covid was created by some china's organization for biologist weapon but it failed and leaked, theres also people who said they bring covid with microchip inside the vaccine which is pretty stupid and it getting spreaded really well because Indonesia is one of the most social media active user and theres so called artist argue everyday about how he againts vaccine and saying corona wasn't a thing. Actually i hate the most how goverment can't handle well this covid situation because since the first day covid was spread in china they literally did nothing and underestimate it saying ""we indonesian have strong body because since we was a kid we playing in dirt, and even on the rain,  it only took one nap and we will fit again"" and guess what after that, indonesia is the worst country in southeast asia on how handle this covid situation with every month the case getting higher and higher",2.0,AskReddit,2021-07-12 16:03:03
"It not just medicine, it's this rejection of science in general.

It blows. My. Mind. 

Like... how... everything. Like EVERYTHING around you is there because of scientists and the scientific process. The car you drive, the phone you use, the glasses you wear, the clothes you wear,  the shape of the goddamn soda can you drink out of, etc, etc, etc. The list is practically never ending.

But no! Vaccine bad. The pandemic isn't real. Climate change isn't happening. Evolution is bogus. Nuquelar energy is dangerous...

I just fucking hate these kinds of people so much.

""I just don't trust science or scientists,"" says the person literally bathing in light that only exists because of the scientific process.",210.0,AskReddit,2021-07-12 22:07:56
"Stopped participating in it. I hate to quote a Fault in Our Stars but there's a great set of lines:

 The marks humans leave are too often scars. You build a hideous minimall or start a coup or try to become a rock star and you think, ""They'll remember me now,"" but (a) they don't remember you, and (b) all you leave behind are more scars. Your coup becomes a dictatorship. Your minimall becomes a lesion.
...
We are like a bunch of dogs squirting on fire hydrants. We poison the groundwater with our toxic piss, marking everything MINE in a ridiculous attempt to survive our deaths. I can't stop pissing on fire hydrants. I know it's silly and useless--epically useless in my current state--but I am an animal like any other.

Hazel is different. She walks lightly, old man. She walks lightly upon the earth. Hazel knows the truth: We're as likely to hurt the universe as we are to help it, and we're not likely to do either.

People will say it's sad that she leaves a lesser scar, that fewer remember her, that she was loved deeply but not widely. But it's not sad, Van Houten. It's triumphant. It's heroic. Isn't that the real heroism? Like the doctors say: First, do no harm.

The real heroes anyway aren't the people doing things; the real heroes are the people NOTICING things, paying attention. The guy who invented the smallpox vaccine didn't actually invent anything. He just noticed that people with cowpox didn't get smallpox",2.0,AskReddit,2021-07-13 06:28:49
"Wanna know the reason Karens think vaccines cause autism? This big physician and academic, named Andrew Wakefield, decided to pull a prank on us, now known as the Lancet MMR Autism Fraud. In his paper, along with 12 co-authors, he stated that there was a link between the MMR vaccine, and autism according to his “tests” which were easily disproven. He got his license revoked, yet still defends it to this day, and damage has been done, and now we have Karens like the ones today. And for causing antivaxxers, you’d think people would talk and hate on him more, but not at all. I have never seen a single Reddit user know of him",1.0,AskReddit,2021-07-13 13:05:25
r/Leopardsatemyface those people seem on another level of hate. I don’t agree with people who don’t get vaccinated but these people seem to be openly celebrating when they find out they someone who was against the COVID vaccine has died from COVID. Can’t imagine the fact that people take time to make posts and pull from the profiles of people who just died. To then hurry over to run to the Reddit page and see how many likes they’ll get for being a shitty person. Makes me lose faith in humanity to see people ecstatic over someone dying just because they having different view points.,11.0,AskReddit,2021-07-14 04:22:21
"Sounds like you have a similar phobia level to me. I’ve had two failed attempts at getting the covid vaccine now, I’ve been prescribed Valium (which i hate as it wipes me out for like 48 hours) and numbing cream yet I still freaked out both times and couldn’t get it done. Nurses were great but all the techniques they had in their book (breathing, looking away, distractions etc) failed.

My phobia is also the result of childhood trauma, being pinned to the floor for injections etc. I know it won’t hurt at all especially with this cream but the fact is as soon as i lie down on the  bed for the vaccine I have this overwhelming fear response that I cannot control.

I’ve got a few therapy sessions booked over the next few weeks so will see how it goes, if this doesn’t work then I’m completely out of ideas.

I’m a healthy 31 year old male and the irrational part of me is praying I catch covid so I can avoid the jab, it really is that bad.",2.0,AskReddit,2021-07-14 15:30:04
"Are you speaking of real words or advertising words? There are many words that have been invented in the last 40-59 years by advertising which never existed before.
It has messed up the dictionary for origins, phonetics and prefix/suffix figuring out if many words.
Special thanks to Coca-Cola, Lysol, a d many other sales products that existed only in commercials.
“Sheeple” is a good example of a newly created word thank you to Tone/Newsweek type magazine writers for that one: classification of people who are asleep and do not pay attention, often arm-chair warriors who can only express words without giving actions.
   The reasons vary from “I don’t have enough time” to “nobody will do shot about it anyway”
   They used to say “write to your congressman”…ya know what? I do and it works. In Trinity County we saved the hospital by writing our congresswoman and it has saved lives.
   Today I wrote to Congressman Doug LaMalfa about the wildfires after reading that bureaucracy stalled heavy equipment so it could be brought fron Florida to California I stead of allowing California Heavy Equipment operators to use their equipment here in California — how many acres of wildfire do you think that cost? 
   I am tired of bureaucracy screwing up lives over money! Please pardon my off-color gesture …🖕I give government against the people for additional profit the upfinger, pointing to the source above while also making them notice with a well recognized gesture standing for two words that are opposite this kind gesture✌️
   We fight government that oppressed for their sacred worship of the dollar. 
   That is true evil👺lies that hide 💸💸💸dollar files cuz I 👁is bugged📲👈🏽by 🕹🕹controllers 😂🆘🦠👈🏽👀💸💸😘💸”kiss my dark side” type of government! 
   People have objected to my style: mavericks use everything to accomplish their goals, even stuff that is not so nice. 
   Remember James Bond? He’s my hero and Daniel Craig is more realistic in his portrayal, seriously, yet Sean Connery’s smart ass quips always made us all smile a bit more.
   Smiles are contagious: get infected by something worthwhile, not a manufactured virus and vaccine to kill people and make money for medical industry.
   Jerkwads is the advertising name for assholes like that in mixed company, and I am/was a gentleman until I began fighting people who have no manners.
   Genocide was outlawed by Geneva Convention in worldwide agreement to end all wars after the destruction of World War Two.
   Learn about it cuz Mr. Bill and Mr. Fauci did not study history, instead they became the most ruthless maker of genocide working together.
   Tine to take WHO and CDC down a few notches and get those two criminals behind bars where they cannot harm anyone else, instead of heralding them as glorified heroes like the media has done.
   WTF is wrong with media to glorify killers?
   Oh, that’s right, Mr, Bill bought the media…
   0Pp[s] 😼’s out of the bag💰 now 
   0Pp[s] did I say that out loud?
   WWII called leaches bloodsuckers.
   BTW do you know why they began wearing red lipstick 💄 during WWII?
   Hitler hated red lips.
   What does ⛩[s] hate?
   Apparently people, so we need to wear people on our lips in his face all the time to irritate the MFer.
   Off-color remarks? I use colors to paint: all of them and prejudice is only to individuals who cause harm to people I love, like the 🌎and 🇺🇸My Country it’s of thee. 
  You too ir 🐑✌️?
  Doesn’t matter to me as long as it 🐏🐏🐏up his🐐😂😂🤣
   🤪🤪? I haven’t even hardly started yet…",1.0,AskReddit,2021-07-15 22:49:21
Would hate living that long and I haven't had children yet and want at least 2... mayven even 5+ depending on our financial situation etc. Wouldn't take the vaccine.,1.0,AskReddit,2021-07-16 09:34:53
"I hate to tell you, the COVID vaccine gives you 0 immunity as well.",1.0,AskReddit,2021-07-16 12:21:08
"Like the beer, or Covid 19, or the common cold?

I’ve never tried the beer, people say it’s not very good so I don’t think I’ll decide to try it.

Covid 19 is still killing people. Some dumb asses refused to take the vaccine and some people still haven’t had the opportunity to take it. A mix of these two, plus the vaccine only being partially effective against mutated strains, means that it’s going to resurface. 
And without the country willing to shutdown again, a lot of people will continue to get sick. We’ll all either deal with the long term damage the virus could cause, die, or be extremely lucky.

So in short I hate it.


The common cold sucks, though I do think fondly of watching cartoons at home while I was sick during school, 4/10",1.0,AskReddit,2021-07-16 22:11:28
I live in the country where the prime minister reduced the education and vaccine fundings to increase the fundings for the military and the monarchy. I live in the country where people have to sleep outside the hospital gates inorder to get checked for covid the next day. I live in a country where citizens need to pay for their own covid vaccines. I live in a country where the only vaccines available is considered the bottom of the barrel.  I live in a country where posting/speaking the truth will result in a fine and are at risk of going to jail. I live in a country where the King does absolutely nothing for the people. I live in a country where the government said if you aren't happy with the state of the country you can leave. I fucking hate it here. I love my country but the people who govern it are pieces of shit.,12.0,AskReddit,2021-07-17 09:48:40
"It was just a question dude not everything is a argument and yes there is a difference. Let me explain my view a bit more.

I'm left orientated and I'm pro freedom of course, I would never support any unnecessary harm of people. I'm a pacifist and I would under no circumstances harm anyone not even for my own self defense (fo others defense yes but I would never really hurt anyone even then). I would also not support a prison sentence for stupidity like not wanting vaccines even if this means it harms others. A system that does this is questionable but I wouldn't care about anto vaccine guys I genuenly hate them and I think they are selfish and are directly responsible for everyone that's dying of the desease they refuse to letting get healed. And because of that hate I like hearing that they get punished probably to harsh of a prison like dictators have wich I dislike too and the pig vaccine part is crazy (maybe murder I don't know). It shows me again that the Nato is such a useless organization when it doesn't really help anyone while dictators like him can rule.",0.0,AskReddit,2021-07-17 10:20:27
"I’ve got two small children who aren’t able to get the vaccine. I figured I needed to do my best to stay healthy and protect them as best I could. Plus…all the other vaccines presumably worked from my childhood, oh and the whole bit where my body would reeeeaaalllly hate getting COVID having a CHD and all.",1.0,AskReddit,2021-07-18 19:13:26
"because I already had covid, and chance of re-infection is soo low. But I will get the vaccine this year..just hate the fact that these vaccines can give you a fever for couple hours. I wish this vaccine felt more like the tetanus shot with no side effects.",1.0,AskReddit,2021-07-18 19:31:29
"You’re right!

But if you want to nitpick every little statement I make, here’s this: 

680k people died from HIV/AIDS in 2020. $300k in third world countries for one treatment.

Tuberculosis, 1.3 million deaths in 2020. Thats 1.3m+ people that had to stop working their jobs in 2020, but never quarantined for it.

Pneumonia, 1.1 million CHILDREN murdered by this contagious disease in 2020. Why couldn’t we fucking quarantine our children? This one hits home, due to my younger cousin passing from it. He would of loved a mass vaccine study and production, he would of loved a quarantine for it. But no, COVID got the spot light.

I think you know where I’m going. I’m not getting a vaccine that was somehow mass produced on under a year for a disease that is the flu on steroids. I won’t get a vaccine when there’s other countries, and other people dying of REAL diseases every single fucking day. I won’t get a vaccine that helps politicians keep their money funds up and their hate comments down. I won’t get a vaccine where politicians use it in their speeches as if they’re selling the idea of it is a good thing. I won’t get a vaccine that has a death rate of only 500k+ people in the U.S. where there has been PROVEN facts of deaths by car accident, flu, building crashes, poison, or drowning has been labeled as COVID-19. I sure as hell won’t get a vaccine when 12 of the largest hospitals on the planet went under investigation for “falsifying” COVID deaths and cases. Nor will I do my research on the vaccine alone, because frankly I do not give a shit. So if you’re going to be a disrespectful cunt, because I value a separate opinion than you, then you my friend, should get off of reddit, and go for a walk, and learn how to respect another person. Acting like you’re holier-than-thou, when I showed nothing BUT respect in my past comments. Please, find help. I don’t care about your opinion, frankly, I don’t mind it. Just do better.",5.0,AskReddit,2021-07-18 21:15:16
"I work in healthcare and spend around 30 mins in very close contact with each of my patients all day, so I got the vaccine as soon as I possibly could (Dec 2020). I wear full PPE for known COVID pts, but sometimes you don't find out until later that someone has it and you've been exposed. I would hate to catch it and spread it unknowingly to other people, so I felt it was my duty to get vaccinated on top of being very cautious otherwise.",1.0,AskReddit,2021-07-18 21:46:25
"I am probably going to get a lot of hate for this, but how selfish people are, for example when someone has coronavirus and goes to school or a store anyway, or when someone hasn’t gotten the vaccine but still doesn’t wear a mask in a store.",4.0,AskReddit,2021-07-18 22:01:02
"I hate being sick. I mean really hate it. The awful chills, fever, hacking coughing congestion nope don’t like it. If the vaccine can prevent me from getting sick, I’m all for it.  I also get flu shots, pneumonia shots and I’m getting ready to take the shingles vaccine.",1.0,AskReddit,2021-07-18 23:35:43
"Yeah, I really hate how things take time. I mean, don't get me wrong, the fact we even have a vaccine is incredible, and kudos to those who worked so hard to get us there, but at this point it's just a waiting game. I admit, sometimes I can be a bit over cautious, though.",4.0,AskReddit,2021-07-18 23:55:18
"I got it for solely selfish reasons, I hate being in a pandemic. I want the world to be fully open so I can do fun stuff, meet new people, and go back to how life was before. Individually, getting the vaccine myself doesn't open the world up. But as a part of a collective, if everyone who could be vaccinated was then we'd be able to get back to normal. I chose to be a part of the solution.",1.0,AskReddit,2021-07-19 00:11:45
"I'm finally getting my first shot this week. I'm terrified. I have a heart condition and I personally know 3 people who have been hospitalized due to having heart conditions with the vaccine. I've already had covid, I was fine, didn't spread to anyone, and now I have antibodies... I hate feeling like I am gambling with my life but I feel like I don't have a choice.",1.0,AskReddit,2021-07-19 00:17:00
"My wife and I are in the same boat. We aren't conspiracy minded as many seem to be (On the internet, at least.)

I'm just wary of a vaccine that feels rushed. Don't get me wrong, I understand the reasoning for it being rushed, but it is enough to make me nervous. I don't feel we have any idea of the long term effects. Even our doctors are torn on it.

We just had our first child. My GP said absolutely 100% safe for us both to get it. Meanwhile, our OB said don't. 

The politization of it doesn't help either. I really hate the two sided news in this country.",18.0,AskReddit,2021-07-19 00:52:13
"I’m not even sure what to say to such a stupid comment. I work in a hospital that was 100% Covid with one of the earliest outbreaks in America and was responsible for intubating and managing the ventilators of the sickest patients. 
 I got Covid at work taking care of sick patients. I quarantined from my wife for months with the initial outbreak to not accidentally spread it to her. If all the doctors got Covid and died, what good would that have done for anyone? The physicians in my group all got vaccinated on day 1 to promote vaccine safety to the rest of our department/hospital. I know you want to hate me… but you are welcome… passing out from an injection, I work in a hospital, I’m sure that happens all the time in the lab… anything else you need explained about my job/vaccination? Or would you rather just call a physician who risked a lot to help others during a pandemic greedy and self centered?",2.0,AskReddit,2021-07-19 00:57:41
"I decided that this new segregation is pretty damn COOL! 
Can we all stand on separate sides of the street and throw rocks too???

OP questions is interesting but i see so many going fullretardo political junky on each other.

Tell me if it is ok not to hate a person over skin color than why hate someone over my body my choice? 
It’s equally prejudice!!! Y’all sound like high school bullies and imma BET y’all be in the closet racist too.
Y’all think some one who decided NOT to get the shot is worse than heroin addict or a pedophile...really?

it’s all Perspective.

How did humans survive the black plague with no vaccine?

people have their reasons for being for or against. 
Fucks wrong with some of you really???",-2.0,AskReddit,2021-07-19 01:00:55
They don't offer the Google chipped vaccine in my area and I hate Microsoft products.,-1.0,AskReddit,2021-07-19 02:18:22
"I don’t think people are stupid for not getting it nor do I think they are selfish. 

It is a scary time whether it’s the vaccine that scares you or COVID. There are so many unknowns.

I don’t have access to it yet and I think I will get it. We have very low numbers here in Australia but I work in retail and we did have a customer come in during the last lockdown who had it. Thankfully my team didn’t catch it. 

Reasons why I am considering it:

1) worried how COVID would affect me
2) I have team who are immunocompromised and I don’t think we should just tell them to lock themselves away, that’s not fair, compromise seems fair
3) I don’t want to be the reason someone else gets it especially if they were to end up hospitalised
4) I don’t think any health care systems are set up to handle something like this

Concerns:
1) while not new, we are still learning of the side effects
2) long term effects 
3) I hate hate hate injections, an actual fear. Panic attacks, tears, need people with me
4) Australia screwed up the program - they picked the most cost effective one and I worry it may not be the best one 

One thing I know for sure is that getting them approved here does take time so while other countries have 3 or 4 options we currently have 2. The others are still under review",4.0,AskReddit,2021-07-19 03:48:57
"One thing is that the quality of care my grandmother receives has declined dramatically and we can't really do much about it. Not being able to socialize or move a lot in the past year has caused her health to decline much quicker than it usually does. I know she is very old and will never be good again. But it's just painful to know that if the pandemic hadn't happened she still would be better now. It's like watching someone dying in fast forward.

I'm not scared of dying from COVID myself or having long term damage. I'm very low risk and will get my second vaccine shot in a few days. The probability of anything severe happening to me personally is much lower than the probability of me getting run over by a car or something. But it's different for some of my family members. My dad has chronic lung issues. If he catches the virus chances are he wouldn't make it. I just can't imagine not having him around, just the thought of it makes me tear up. Other family members choose not to get a vaccine despite living in areas with a lot of cases. To add to that, I do know someone who died from the virus. No one I was very close with, but her death still makes me sad. 

I'm German. While our rules currently aren't that strict, they are incredibly complicated and changing quickly. It's just exhausting to always have to look them up before doing pretty much anything. You still have to wear masks but I don't really mind them.  I do miss the news being actually interesting and somewhat more diverse. I also miss people not talking about it all the time. Sure, the pandemic is a thing, but do you really need to make COVID-themed easter eggs and Christmas tree ornaments? Just why...

I also intended to live in Canada for a year and figure out my career choices in that time. Couldn't do that, so now I'm stuck with a major I hate and don't know what to do with my life. And I miss being able to see my friends as often as I'd like to. I fortunately am currently able to see them a lot. But if we don't get the virus under control we're probably going to have yet another lockdown. Discord and Zoom just aren't as good as actually meeting.

Besides that the last year definitely has taken quite a toll on my mental health. And I miss traveling. I miss being able to do many things spontaneously. I miss festivals and concerts and mosh pits. I wish I could go to university in person. I miss being able to sing with the entire choir I'm in and not just half of it because of regulations. I honestly dread the regulations more than the virus. I miss not worrying about how long I will be able to do the things I love and meet my loves ones because you don't know when/if the next lockdown happens. 

I most likely would be in a very different situation if corona never happened. I just want to be able to move on with my life as soon as possible. Pretend the last year never even happened.",3.0,AskReddit,2021-07-19 04:23:14
"I feel like it's very possible I'll get tons of hate. 

I want to preface this with the fact that I am not antivax. Myself and my child are both vaccinated from almost everything. 

I haven't gotten my Covid vaccine because I get anxiety just thinking of any possibility of side effects now or later. I had coronavirus and it was horrible. But I'm waiting a little bit to see how it plays out I guess. 

I continue to mask, sanitize, and distance.",1.0,AskReddit,2021-07-19 06:05:22
"None. Because refusing the vaccine for that reason is fucking stupid, and Democrats hate Trump, but they don’t stop doing normal things just because he does it.",4.0,AskReddit,2021-07-19 07:17:32
Because I hate wearing masks and having all these restrictions so I got mine so we could get the vaccinated rate high enough for full reopening. Also I remember how shitty it feels getting sick with something common and I bet getting Corona is probably worse. Whenever I get a vaccine I tell myself that getting the disease is much worse then getting the shot. Plus my mom or dad always gets me ice cream after.,1.0,AskReddit,2021-07-19 07:30:25
"Was about to say the same. Don't understand the hate towards this man's comments, he's just trying to explain that there's solid evidence to suggest the vaccine is safe. Whether you want to listen or not is everyone's own choice, but I'd say these were interesting reads.",1.0,AskReddit,2021-07-19 09:10:35
"Because I want this pandemic to end. 

Because I trust science and the scientists who developed the vaccine. 

Because I hate having to organize getting tested before I can check into a hotel, eat in a restaurant, cross the border into a neighboring country, etc.",1.0,AskReddit,2021-07-19 09:18:15
"I'm all for vaccines and hate what the anti-vax community has done to the argument.

These vaccines were developed very quickly with minimal trials. Since then we've been finding out both long term and short term side effects caused by them. To the point where one vaccine was pulled from circulation because it was deemed hazardous.

Secondly, COVID's actual death toll is extremely small. Most of those effected are the infirm, elderly, orthose with preexisting conditions. From what I understand COVID is a type of coronavirus that operates similarly to influenza. This is why there's are now variants popping up. 

We don't lock down and vaccinate for influenza every year. We create a shot for it and those high risk get the shot to deal with it. Secondly, getting hydrochloriquine if you do get COVID won't cure the disease but can help abate symptoms and assist with recovery.

If COVID operated like small pox or tetanus where all I had to do was get one shot that was 95-99% effective I'd have gotten one months ago. as of right now I'm physically fit, my chances of dying to covid is less then 1%, and I've been working around people who both have had COVID and those who may have. I've been perfectly fine, so I don't feel there's any need to really get the vaccine.",3.0,AskReddit,2021-07-19 13:57:20
"Look i know you hate Trump but you really gotta let this go.

You called a bunch of things lies that are just facts, and obvious facts. Then you spread some lies yourself. Warp speed spread 18 billion in funding to get the vaccines to the public and secured hundreds of millions of doses.  Funding went to astrazeneca, pfizer, moderna, johnson and johnson and dozens of other research and manufacturing companies.

Like honestly 

You can retreat into whatever rhetorical cave you want to try and squirm your way out of it but it was a stunning success and is the reason you (presumably) got a vaccine.",1.0,AskReddit,2021-07-19 14:52:54
"I did not get it. Cuz i hate needles, too many bad side effects from multiple vaccine brands, i also already had covid. My covid only last maybe 5 or 6 days, i had all symptoms except hard to breath. Had a fever for first 3 days, a cough for 2.5 weeks, achs and pains for 5-ish days, and was tired a lot. My sickness was a minor case, i caught it from my mom who was twice as sick as i was; she had nausea and vomiting on top of the regular symptoms. She was sick for the entire 2 week quarantine from work. I have anti-bodies for a few months now cuz i caught it, so I'll wait a little longer to get a vaccine.

But if electronic technology development has taught me anything,  is never buy the 1st or 2nd gen techy gizmo. Lol",1.0,AskReddit,2021-07-19 15:16:59
"COVID made a lot of people hate the government and think ""ree, we should get the FREEDOM to not wear masks and get COVID, we should be allowed to not get the vaccine!!!"".

They then do some mental gymnastics and come to the conclusion that conservatives would support the freedom, and only liberals would want another lockdown/more mask mandates, and start following far-right politicians.

It sucks if you're liberal, great if you're conservative.",1.0,AskReddit,2021-07-19 15:38:44
I’m an LPN working in Long term care. I spent from March 2020 until I received my second dose absolutely panicking that I was going to get a mild case and take it in to work.  I always get my flu shot for the same reason. I have been following the vaccine story pretty closely and was fascinated by the history and the technology too.  And I hate hate HATE “the new normal”. I wanted my life back.  Simple choice for me.,1.0,AskReddit,2021-07-19 16:54:53
"I don't fear needles, but I absolutely hate them.  What I do is to not look when they are about to put the needle in my arm.  Instead, I look away and mentally prepare myself for it, telling myself that it will only be for a few seconds and to downplay the pain of it.  It goes by quickly and doesn't hurt as much.  Especially helpful when needing to get blood drawn for medical reasons.

If you decide to get the vaccine (I certainly encourage you to consider it), maybe try what I do and see if it helps some.  Won't get rid of your fear by any means, but maybe it will help you cope with it long enough to get the shot.  Over time, maybe you will become more comfortable with getting shots, knowing how to keep yourself calm and not moving, so that it goes by as quickly as possible so that you can get it over with.

I did forget to mention above the importance of remaining still during a shot itself.  I know it's tempting to move around because of any pain or discomfort, but that makes it worse.  I prepare myself for it and tell my body to just stay still.  Ever since I had started doing it that way, shots seemed to become very quick and with much less pain that before.",1.0,AskReddit,2021-07-19 17:46:32
Same reason I’ve gotten every other vaccine. I got it because I hate being sick. DH and kids are very sweet day 1 of Mommy being sick. Just OK on day 2. And back to being their needy selves day 3+.,1.0,AskReddit,2021-07-19 17:53:23
"I got it because:

1. I don't want to be the reason someone else gets sick and has long term health effects or dies
2. I want to contribute to herd immunity
3. I don't want to potentially die from the disease
4. I love to run - it's a passion of mine. If I get Covid, there's a good chance I'll have long-term respiratory issues. I need to be able to breathe to run.
5. The shot has been proven to be safe for the vast majority of people.
6. The damned shots are FREE
7. I like making fun of anti-vaxxers, and I can't really continue to do so if I don't get the vaccine (I hate hypocrites).",3.0,AskReddit,2021-07-19 18:34:04
My friend was telling me his experience and said after his 2nd dose of Pfizer he was very sleepy but had no other symptoms like diarrhea or vomiting save headaches. So I got my Pfizer and the day after my first dose I slept so much and had minor headaches with both doses that went on for 2-3 weeks. I believe the vaccine is useful but there is a lot of misinformation out there that people fall for and one example is my dad. He refuses to get vaccinated and told me magnet will stick to me at the injection site. Proved him that was a lie and yet he will not get vaccinated. My ez mother in law also refused the vaccination and just got out of the hospital from COVID and pneumonia. I was like “And the vaccine would have prevented that or reduced the intensity of the symptoms “. To each their own I guess but I’d hate to not vaccinated when it’s available and get hit with the very sickness the vaccine is for.,1.0,AskReddit,2021-07-19 18:38:52
"you can still get infected easily when you are vaccinated you just most likely wont develop any severe symptoms because thr virus is known to your body and therefore you wont carry as much viral load and probably are less contageous overall. i know that vaccination reduces the odds of everything mentioned but my point is that the argument of you need to vaccinate for others to be safe is just dumb imho. vaccines are for self protection, if you work with people that can't be vaccinated cause of health issues i'd say okay the argument makes sense there but not for the general population. if you want to be safe get the vaccine, if you don't care about being infected and putting yourself at risk then don't get it
i just really hate that nowadays there's only 1 right opinion and the rest just gets shut. i know doctors that don't voice their opinion on it because they fear to lose their job if they do, mainstream media coverage is extremely one sided and just thinking for yourself and researching on your own to form your opinion is now instantly bashed with you probably got that from telegram bla bla... damn antivaxxer bla bla - dude i am vaccinated, but i vaccinated for me not for the others. And i'm forming my opinion based on lots of normal media, statistics and talks with doc's about it.",1.0,AskReddit,2021-07-20 06:49:42
"Seriously???

Ummm, Trump holds responsibility for inciting January 6th, for fear-mongering and hatred toward minorities, and worst of all; his ridiculous lies and inexcusable ineptitude regarding Covid and vaccines, not to mention holding dozens of super spreader rallies - he is directly and indirectly responsible for millions of deaths. 

We now have statistics showing Trump supporting men having the lowest vaccination rates and red states below 50% vaccinated.  We are now having a pandemic of the unvaccinated and the bastard keeps on spreading anti-vaccine rhetoric and downplaying the seriousness of this disease as he did all along. 

To top it off, the bastard got himself vaccinated in secret. 

Some other anti-American things he promoted, also:

-Hatred and distrust of the media
-Lying to the public was normalized
-Disrespect and lies regarding renowned doctors and scientists
-Set us back decades in our struggle against climate change and stated it wasn’t real, spread rumors that windmills give you cancer, and water-efficient appliances and fixtures were legislated against, he wanted to bring back incandescent light bulbs because led bulbs make him look Orange, not the fake tanner. 

I can’t even believe I am typing this shit out, it’s all on video. Go watch his lowlight reel, I don’t need the PTSD of reliving the daily stress his tweets and press speeches caused this country. If you don’t know what he did wrong, I suggest you start watching his ridiculous task force speeches during the pandemic and then move on to maybe the reel of his racism, hate against the press, etc. 

I need to go take a Xanax or something, my blood pressure is up and I couldn’t even type out a smidgen of his damage.",1.0,AskReddit,2021-07-20 10:18:27
Needles I got my vaccine but I hate they keep showing it on the news makes me squeamish just talking about it,1.0,AskReddit,2021-07-20 23:30:37
"Well... no.  A good example would be something like explicitly anti-semitic content - if something like a 'Jewish survivors of hate crimes' site refused to moderate anti-semitic content and was overrun with neo-Nazis as a result, that would obviously be an undesirable outcome for everyone (except the neo-Nazis).

Now that's obviously an extreme, but it remains a clear and very plausible case where bad actors would engage in speech that was technically legal but still destructive.  It establishes that there exist circumstances in which it's reasonable for a private entity to choose remove some speech.  I guarantee that if no such moderation occurred then 4chan would have blasted a few addict-recovery support forums (or similar) into the ground.

So just expand that into the current context.  People spreading anti-vaxx information, even if it's their earnest opinion, are causing others to choose to avoid the vaccine and thousands of those people are dying as a result.  The capitol attack was a direct result of Donald Trump refusing to admit he lost the election, and posting about it regularly on social media.

All legally protected in and of itself, but with deadly consequences.  There is definitely a place for moderation of protected speech, and that moderation cannot infringe on your freedom of speech unless it's the government calling it.",1.0,AskReddit,2021-07-21 14:19:49
"My sister and her unvaccinated husband took their unvaccinated children (talking specifically COVID vax, they have everything else) to a state with one of the lowest vaccine rates and stayed in a hotel so they could enter their 1 year old daughter in a pageant. Of course my parents who are luckily vaccinated went too to help with the kids. And of course someone on their floor of the hotel had COVID. And of course my dumb family members are over mask. And of course one of them has already came back positive. Luckily both of my parents and sister are fine but now my nephews and niece are in the same house with an unvaccinated COVID positive person. All because my selfish sister and her husband wanted to put their daughter who can’t even speak for herself in one of those exploitive pageants. Sorry for ranting it just makes me really fucking angry. Two things I hate. Selfish, inconsiderate, ignorant parents and child pageants",6.0,AskReddit,2021-07-22 14:18:44
"First I'd like to correct one misconception here. It's not that I want to piss you, personally, off with this discussion. What I'm saying is that I want to piss off you in general, and those who are like you with my *lifestyle*. In the same way that a tattoo pisses off the prudish grandmother. I want to find the things you don't want me to do, and do them. I want to rebel, just as the tattoo recipient does, against a culture and a regime whose ideals don't mesh with mine. 

&gt; I, personally, don't have any tattoos and I don't intend to get any. There are places where a discussion on bodily autonomy should be used, and tattoos are an example of such. I was trying to make that point that you were using bodily autonomy as a reason why people shouldn't be forced to get vaccinated for, and FOLLOW me on this one, the sake of everyone around you.

I follow you completely. My fundamental point is that the measure of a person is not how useful they are to other people. And that if it were, then someone who doesn't like tattoos would have just as much claim to violate another's bodily autonomy by demanding they keep their skin unmarked. Because when you come down to it, ""I don't like that you're transmitting disease"" and ""I don't like how you look"" are both expressions of preference. Now, you can say that one is self-evidently worse than the other, and you might be right except that we're talking about probability here. There are plenty of unvaccinated people who simply won't get or transmit the disease. It's a risk. People should have the right to take risks, even when the consequences may fall on others. Or at least I think so.

In addition to bodily autonomy, we all have autonomy of mind. We get to choose our own values. Thank goodness, that one can't even be violated if someone wants. Even if you force someone to take a vaccine, you can't make them agree with you that they should. And holding a value where your own welfare matters more than others is not wrong.

&gt; I am not going to argue that just because i dislike something it should be made illegal. I hate when i hear a car 2 blocks away with no muffler. I am not going to DO anything about that, but i don't like it.

With respect, I think you would do something about it if it were persistent. The only reason you let it go is that it's a transient event. A small annoyance and then it's over. But what if it were a car running its loud engine for hours on end? Or multiple cars coming by every few minutes? Again, it's just an example, but I think that it can be generalized to ""If it requires you to take a permanent or significant position below someone else, you refuse to do it."" 

Let's go back to the tattoo example one more time, because if I have your position right, here's where I have a problem with it. You say that Bob has the right to bodily autonomy to mark their body, and if Alice doesn't like it, too bad for them. But, if Alice doesn't want to interact with Bob because of it, and Bob wants that interaction, then it's too bad for Bob. 

The way I see it is that either Alice should win, or Bob should. You don't see it that way. You don't want to give that kind of power and sovereignty to either party, or indeed to anyone. Whether it's because you despise the misery that would befall the loser or because you dislike the schadenfreude that would be experienced by the winner, I can't say. I expect it's both. 

But what I think you don't realize is that denying that chance to me, and to people like me, including those who want to claim bodily autonomy and decline a vaccine, it itself an act that causes misery to us. The same way that a prude suffers if she's made to live among rebels, and the same way that a rebel suffers if they're denied desired interactions with the prudes, the self-oriented person suffers if made to live under the principles you're advocating. 

And as an aside, that fact that you don't experience the schadenfreude I'm talking about, but are merely doing it for health and safety, is cold comfort. 

It would be different if you were offering any kind of compensation to those you propose to force vaccination on. And I'm not talking about material compensation, I'm talking about conceding a point in the debate. You tell someone they can't drink and drive, that's one thing, but they can still get drunk. If someone says, ""I'm getting plastered tonight and then taking a cab home because screw you,"" you might wish they were out volunteering at the soup kitchen instead, but you have to put up with them. If you demanded people take the vaccine but then gave an example of something they can force you to do, that would be different. But as I see it, you're demanding something for nothing. By what right?",1.0,AskReddit,2021-07-22 22:08:45
Antivax doesn't mean you don't get the covid shot? I'm not going to run around and get every vaccine possible So people hate me because I'm not vaccinated for covid? I will never get that vaccine lol.,2.0,AskReddit,2021-07-23 16:29:12
"Unless all countries lock down properly, the vaccines are just a joke. Look at the UK, for example. Just lifted all restrictions, no mandatory masks, no mandatory social distancing, despite Boris ‘Bodge Job’ Johnson being told by multiple doctors and scientists that it’s dangerous, reckless, and risks creating a vaccine resistant variant, thus making everything we’ve achieved so far completely worthless. I hate that my parents currently live in England.

Tl;dr: covid isn’t over and lockdowns, masks and social distancing are still necessary.",27.0,AskReddit,2021-07-23 20:50:38
Eh I have to disagree. He hasn’t been perfect and there are plenty of things I can criticize about him but I don’t think he’s been awful. He reversed a lot of Trump era policies I disagreed with such as the trans ban in the military and the strict immigration control/Muslim ban. He continued what Trump started with making sure every American who wants one can get a Covid vaccine. A good portion of the world would love to have that access. His rhetoric has largely been that of unity. Unlike Trump most of our western allies don’t seem to hate him. There are other things such as the child tax credit which are worth mentioning. If all continues we will have a much needed infrastructure bill soon. Like I said before though I disagree with his views on Gun control and he has continued the worrying trend of excessive executive actions.,-1.0,AskReddit,2021-07-23 23:15:30
"I mean effects on you personally when you get it.

Why do you apply this ""you never know it might be harmful"" logic to the vaccine and not to covid itself, which has already proved to be very very harmful?

Also, are you ok with it running it's course if you or your loved ones die from it?


And for the record, I don't hate it. I just think it's foolish and harmful to you and the population at large.",1.0,AskReddit,2021-07-24 00:42:46
"I hate the fact that most people would now label me an ""anti-vaxxer."" For the record, my politics have always been far left. I don't think there's microchips in the vaccine, nor do I think they have anything to do with 5G. I hate Trump, I voted for Biden, I obviously know the legitimacy of Covid and wear a mask when out in public. However, the mere fact that I won't get the vaccine has me immediately lumped in with the rest of these wackos. The reason I don't want to get it is very simply because I don't want the government dictating what goes into my body. Especially, and mostly not in a situation such as this. I won't defend my stance anymore than giving the absolute bare bones basics of my views because honestly my reasons aren't important. It's the one issue on which I differ, I realize this and I accept the consequences and make appropriate adjustments to protect other people. So why should I be lumped in the same group with people who have very extreme and untenable views about the vaccine? Doesn't make sense to me and honestly only serves to further solidify my decision.",1.0,AskReddit,2021-07-24 06:17:49
"Honestly the Covid vaccine. I took it and they didn't. They have always pushed their beliefs on me, even though I'm the only one in the family to leave our town at all, and actually see anything.

Long story short: I accepted the Mark of the Beast and voted a pedophile into office. They have always been apocalypse thumpers, on top of everything else, but it's just too much at this point. 

I love them, but my mental health is shot, having them raging at my life decisions, as a 34 year old.

I don't hate Republicans or Trumpers, but harassing and tormenting me over that, coupled with all the other horrible memories...it's just too much.",6.0,AskReddit,2021-07-24 17:18:56
"By stopping the politicization of people's reactions to it. If someone is dubious about the vaccine, or if they hate the fact that the pandemic probably cost Trump the election, or if they think that it's more likely that the disease came from a Chinese lab and that China should bear the brunt of the economic impact of it, show them some respect.",1.0,AskReddit,2021-07-24 21:26:11
I know you were. What bugs me though is that this vaccine has been so politicized that people automatically lump others into categories based on whether they are/aren’t vaxxed.. but there are so many gray areas that people don’t always share upfront. I just hate how every major topic gets turned into an “us vs. them” thing,6.0,AskReddit,2021-07-25 01:12:08
"1. Going from one place to another. ""It is a free event, you just have to get there."" Thanks for the info but even getting there and back is a problem because it's gonna cost gas or bus fare. Uber is not even in my mind cos' no money.
2. Getting vaxxed. I would rather die if I got sick because I have no money to stay home for 10 days w/o work. Plus I have seen people with polio who unfortunately did not get a vaccine in time.
3. Supporting local business. Yes, it is a great concept. I support it from afar. If a cup of coffee is going to cost $6 with tips, I'd rather get a $1 coffee (this is a splurge) that tastes the same to my uncouth taste buds. (Also why is every ""local business"" so expensive? The regular no pretense ethnic shops do not get the ""local business"" love, only the trendy bustling ones are all about ""local"" and ""support"".
4. Being born with fair skin. Even if you live under a rock, you know white skin is treated superior and special. Unfortunately, this is also true in brown populations (cannot speak for the black population) where a white guest/tourist will be given special privileges.
5. Having all your body parts and them functioning like they should. Getting older has only made me appreciate my health. Yes, my legs may be chubby but they can run. Yes, my teeth could be straighter but they don't hurt and they chew fine. Yes, my eyes could have better shape/ color/ etc. but they see fine.
6. Being loved. So many broken families. So many parents that cannot love their children. So many children that hate their parents despite getting every support that they need. Partners hating each other or ready to drop each other is nothing new. Being loved without being asked anything in return is rare. Savor it. Treasure it.",1.0,AskReddit,2021-07-25 02:33:11
"She's got paranoia and Borderline Personality Disorder and depression, and is easily delusional. She was born in early 60s Beijing, and was the subject of crucifixion by the Communist Government due to her mother's blood relation to a capitalist family of wealth. She grew up hated by everyone in every single grade and by every single neighbor, her mother was abusive and dad neglected her, she often went starving and relied on other generous members of the community to give her scrap leftovers, and was already on her own at 16. She only played with illiterate street kids -- and by the time she was in high school, she only had one friend, a best friend that was the only one to show compassion to such an outcast and understand her, that my mom witnessed with her head decapitated at 16 because a family friend gambling addict cut her for not giving her 5 dollars, a point that changed my mom's approach to life forever. As a young adult, she opened up the first independent book store in China, an aspiration since she couldn't get her hands on books as kid. Books were her escape growing up and she'd read anything whether it was a fairy tale or a car manual; she made friends with an old poet that taught her Classical Chinese when she was young, and was exposed to forbidden knowledge. The bookstore was a lounge teahouse free for everyone to enter and read any book. It faced shutdowns and numerous consequences, however.

That bookstore was her ticket to forming relationships with special individuals and foreigners of variant kinds, and also the basement hub was a meeting spot for democratic revolutionaries and students in preparation of the Tianannan Square protests, of which she partook in. She was also in it when it turned into the massacre, and she saw the darkest of humanity show its face, left traumatized. Later, she was put in a Chinese jail and left for dead until 6 months later by whim one of those connections, a member of government in Shanghai, found out and got her released. She gained political asylum in America at age 40. 

She has always been a sort of Chinese hippie, a liberal spirit that loved the humanities and philosophy and art, idealistic and headstrong, which also makes her possibly delusional. She was anti-trump and pro-vaccinations, too, but her paranoia got worse and 2 years ago she completely switched. Even before, such developed delusions include being the next prophet to steer humanity and that she's being spied on by the Chinese government constantly. There has been many ways in which she has been shitty to other people including raising me, much related to her personality disorders, and one being anti-vaccine now, but it's took me until recently to realize that she deserves love nonetheless because she has a heart -- and in the shortness of life and with death, the connections of hearts are all but the only thing that matters. It's just that her heart and her psyche are broken by past trauma and it ruins her behavior; she's still that scared and weeping little girl alone inside. When she's stable, she's very sweet and cheerful in desperation to be whole and content with life, before she goes off the deep end again. 

That doesn't even cover the basic idea of her... I may never understand who my mom is/was, what exact experiences she endured. She's a different well of crazy.

Everything's relative, and subjective, and we're all fucking naive and ignorant when compared to someone else, and someone else, and so on. Just look at the toxic idiocy of this thread, me included, as even amongst the most minor of contexts. This dynamic is why we don't have empathy, why we war, commit genocide, brashly hurt strangers, and fight and hate all kinds of people, as kinds of people. We're always justified in our thinking but always shortsighted in the end, existentially.",1.0,AskReddit,2021-07-25 06:40:59
"Those are definitely valid criticisms and are accurate, however unfortunate they are. We hate our own government at least as much as other nations do. They abuse us and sell us off to the wealthy billionaires. Most of the nation are wage slaves. The US is very much like a kingdom and not at all a democracy. It's a kleptocracy disguised as a democracy.  We don't want our government to create the countless coups, genocides, coverups, insurrections, wars, violence, and death they do across the world. But they don't listen to us because they want control and they want to be wealthy.

As for American exceptionalism, that is definitely an issue. Many people think, since the nation is so diverse and large, that the US is a good representation of the rest of the world – It's not at all. Most of us are not like that, but one too many people are.

As for covid, that's not a cultural issue. The strategy of our state and federal governments is to divide us so we fight each other rather than our corrupt government. One of their current strategies is telling some of us that the vaccine is evil, while the rest of us know it is a life saver. This has the intended side effect of taking flack off of corporate bodies such as Big Pharma for not releasing IP rights to the vaccine, as, like I said earlier, we fight amongst ourselves so we don't fight against these conglomerates. Meanwhile, our current president is in the pockets of Wall Street, Big Oil, and Big Pharma, so he gives them trillions of dollars in tax breaks while we starve, lose our homes in record numbers, don't make enough money to live, and lose our jobs. And since he is microscopically less pure evil that our previous president, many of us sit there and do nothing as he burns down the world just to line his pockets.

But because we're too busy fighting amongst ourselves because our government managed to convince a third of us that the vaccine is evil incarnate, the government can continue to give money to these conglomerates as those conglomerates own our government, and they can continue the global atrocities they commit on a daily basic.

The fact that covid isn't solved is a political matter. And unfortunately, our politics have brainwashed many of us to believe things that go against our own wellbeing.",2.0,AskReddit,2021-07-25 18:14:40
"Why should I get the COVID vaccine? I don’t have/ have never had COVID (Dear god, I hate at least half of my fellow Americans)",1.0,AskReddit,2021-07-27 02:17:51
