comments,score,subreddit,time_created
"So let me get this straight. I could get the vaccine, have my employer tell me I have to have the vaccine, decline to get the vaccine without telling my employer I already got it. AND get unemployment? For an employer whom I probably hate anyway? Where do I sign?",3.0,politics,2021-08-18 21:14:12
"There's plenty of science out there to support the experience I had. I mean, I'm vaccinated, but idk, all of a sudden, the vaccine is like this promise that everything is going to be ok and I just want to know. I want to know what my health is like now. I know I'm in the minority. It's just like long covid. Most people recover in weeks but some take much longer and it's the same with the vaccine but they refuse to acknowledge it because of course it would scare people. People are already scared. But with the political piece of it, we now call anyone with a different point of view an idiot. We blame the opposing side for our problems. I mean,  the cases were going down and then who was the one who said ""hey, you don't need a mask if you're vaccinated""...I'll never let up on that. Whoever made that call should get the blame for cases rising. 

Knowing how much people hate masks and that those same people may not be fond of vaccines, by suggesting the removal of masks if you're vaccinated, they actually created the environment for more unvaccinated people to walk around without a mask, because nobody has to pull out their little scribble on a note from cvs that says they got the shot. Do you understand what I'm trying to say? Basically, it's hard to take the vaccine seriously, even if you're terrified of the virus. I'm vaccinated. I didn't have a good experience. Yes I know it would be worse if I caught covid. It wasn't in this case but, see there's just no point...

Idk man, it's whatever. This is kinda tongue and cheek but this vaccine feels like a new Trump. A new thing for people to worship and swear it will fix everything. Hell I wish it would, and I'm sure it is doing its job and keeping people safe, but then can we explain the full hospitals and the many posts on this site about breakthrough cases? While reports say 57% are vaccinated so...

All I'm saying is I hope they work. I wonder if 1 shot is just fine because the second shot really put me down. Does everybody need the same amount of shots? Allow people to visit doctors for a period of time (say a few months) if they have no insurance but get the vaccine. That's all I want. To see a doctor so I don't have to go around and find iv'r m ctn which did help my post vaccine symptoms go away, but it became a part of the political bs and all of a sudden I was a right wing conspiracy theorist for just wanting to feel better and suggesting somethjng to others who were asking about the same problem.",-4.0,politics,2021-08-18 22:46:55
"Probably want to check yourself that the monoclonal antibodies don't have evidence that they work.  You can be pro-vaccine and pro-antibodies for those who test positive for COVID.  There is also data, albeit limited published evidence ([https://pubmed.ncbi.nlm.nih.gov/33332778/](https://pubmed.ncbi.nlm.nih.gov/33332778/))  that shows that they work and I am guessing a lot more unpublished as well that the FDA saw before the EUA.  I'd hate for the monoclonal antibodies to become politicized as well, won't help anyone.",2.0,politics,2021-08-19 01:43:26
"I think the answer to your question is will. Being obese is not always about diet and lack of exercise, it is genes as well. Sometimes medical side effects. Mental illness. Injuries. Having cancer can similarly be a genetic trait in som families. Smokers might have chosen to start smoking 50 years ago when it still was “ok” and might have tried a thousand times to quit, but lacked the proper support/incitement to do so. As I see it, there’s nothing in the behaviour of the anti vaxxer that would make me believe they’re trying anything to stay out of harm’s way. They are not socially distancing, not using masks, they spread false propaganda and hate and they refuse the vaccine. No one has tried a million times to put on a mask but succumbed to  the anxiety or tried a million times to stand in line for vaccine but failed to find one. 
Already now, at least in Finland where I come from, doctors do a triage evaluation if you get ill. If there’s a young child with severe illness, the will always be prioritised before an older patient will less chances of living productive years post illness. There’s of course moral dilemmas here too, it’s just the way the system is built right now. So a smoker would probably not be prioritised anyway, where there to be lack of resources and the medic had to choose. The Alabama medic is probably doing what he is allowed to do within the limits of the triage system. Chooses patients that have a greater chance of living a productive life post illness. In the long run it might give them motivation to change their behaviour, once they realise they can’t have the cake and it it too.",0.0,politics,2021-08-19 03:52:27
"Ok guys. I am going to give this a blind summary of the points biden says without listening to, reading, or watching any of the speeches. I wanna see how close I hit the mark just going in blind. Give me a score on how close/far off the mark I am. 

1. The vaccine protects against death, but not against breakthrough infections. 
2. Our healthcare system is overloaded.
3. Don't listen to republican governors like desantis, trust the federal govt. 
4. Do your part, get vaccinated.
5. Help is on the way, and we are going to be giving some people booster shots sooner rather than later. 
6. If we don't all work together we will see a return to masks and quarantines thanks to you know who. 
7. I stand by my decision to withdraw from afgahnistan it was the right thing to do.
8. we will do right by the afghans who helped us over there. 

How close was? Off the mark? up close? Give me a score. 8/8 is perfect, 0/8 is I missed all my points. 

Political BIO:  
Where am I on the political spectrum? I am solidly in the camp that is anti trump, pro science, and I fucking hate the russian government for the way they have been fucking with us and the world. However, I think our government is rife with insider dealing and corruption, and I think this has been brought about primarily through the allowing of the rich to buy elections through dark money. I think climate change is the biggest worry for our planet and nation, and I think we spend too much on the military. We do not need more than 4 carrier strike groups (we have 9) and the pentagon is rife with embezzlement. I think that the IRS unfairly taxes the poor, and lets corporations and rich people get away with paying low to no taxes. I think cryptocurrency is the future, but i think its being taxed wrong. It needs to be taxed per transaction as a flat fee. I think our tax system is overly burdensome to the point of being impossible to comply with on purpose. That way, if everyone is out of compliance, the IRS can be sent to nitpick them on tax issues and imprison them if they did a legal action that the us govt (or those in power at the time) did not particularly like, and I think that is a shameful use of the tax system and that people who make the tax system unnecessarily hard to comply with for that reason need to be jailed. I think the FED, the pentagon, and most of the federal govt needs to be audited, and that the audits need to be public, and that reports need to be brought in and all the dirty underwear needs to be aired. I think senators and congressmen need to be banned from owning stocks. I think that people who are too poor to own a house should not be taxed, and that billionaires should be heavily taxed. I think that corporations should be banned from owning rental units. Anyways, enough about my bio, give me a score :D",-8.0,politics,2021-08-19 05:14:45
"I hate to say this but it is way too late to ""act now"" every parent who fought mask mandates, every parent who refuses the vaccine, I hope your kids are safe but, fuck you. 

Keep in mind the burn out rate for pediatric ICU workers is unmatched, there will be no staff shortly and then kids will truly be in trouble.",1.0,politics,2021-08-19 11:49:19
"My anti vaxxer mum would read this article and go

“See he took the vaccine and still got Covid, I’m not taking an experimental treatment it doesn’t even work.

I hate what the internet has done to my families beliefs.",342.0,politics,2021-08-19 13:39:28
"I too hate this.  It's like trying to argue with someone about wearing a mask to protect others.  When you point out it was always portrayed as keeping a sick person from spreading it instead of protecting a healthy person they'll act like you're lying and that you're just back tracking to try and get them to wear a mask.

Same with vaccines.  There isn't a single vaccine that is 100% effective and yet anytime someone with a vaccine gets COVID they act like its a GOTCHA moment even though 99.99% of the time that person has virtually no symptoms and is otherwise unaffected while people who catch it without the vaccine end up bedridden for 2 weeks.  Its so infuriating.",11.0,politics,2021-08-19 15:51:28
"Meanwhile people in incredibly impoverished countries would kill to have a chance at getting a vaccine any time soon. 

I hate to say this because it sounds like what those alt right “return to tradition” people say, but we’ve grown decadent as a society.",5.0,politics,2021-08-19 20:25:01
"Probably going to get a lot of hate for this but here we go.  I’m a moderate Republican.  I’m not an antivaxer, but over the past year and a half there just isn’t a lot that adds up when you get outside of everyone yelling at each other.  I’m 44 and don’t recall as much hate as I see on a daily bases.  I have chosen to not get this vaccine.  Last year there was a big force trying to divide everyone based on skin color.  Now there is a big force trying to divide on shot or no shot.  No matter how you look at it our country and the planet is getting divided.  I hope none of you get Covid and if you do, I hope you have minimal reaction to it.",-15.0,politics,2021-08-19 22:49:26
"Not really. Our food, economic, and health care systems are all majorly messed up in ways that make it very hard for a lot of us to eat healthy or to get enough exercise. If you have kids to feed and a job that sucks all your time and energy for less than a living wage and you’re lucky to have the most basic of kitchen appliances and the closest place that sells food is a convenience store and you can’t afford the gas to get out to a suburban supermarket or to buy healthy food at places like Whole Paycheck and there isn’t anywhere for you to safely exercise in your neighborhood, you aren’t likely to be the model of health.

I don’t know about vaccine refusal. It’s true that our educational system is also really messed up and that combines in an awful way with social media and 24 hours “news” channels and right wing radio. And I guess to those of us on the outside of that system it looks like you have to choose to buy into it.

But all the hate for obese and diabetic people on Reddit shows me that people outside of the systems that make healthy food and activity difficult for the average American also think that people actively choose to buy into living in those systems.",1.0,politics,2021-08-20 01:46:49
"I see you guys saying people are dumb or stupid for not wearing masks etc. but if everyone wants to put faith in the science, the scientists themselves say the mask we wear do no good against Covid as the particles are smaller and still enter through the masks also people who criticize people who are unvaccinated vs vaccinated. Wake up, both can still get the virus and I personally know people in both scenarios and they both contracted Covid and the one vaccinated is still just as sick. 

So until people start waking up and stop judging people and playing into their divide which is what they are doing then you are becoming the part of the problem that shouldn’t exist. 

People have a choice if they want to go out and party amongst others and go around with no mask hey that’s on them. Don’t judge people. If your mask works the way you say it does then wear your mask and you will be just fine. No need to be ugly and spread hate towards people choices and that goes for the unvaccinated gunning at the people who are vaccinated as well. I just personally see more people being nastier towards the individuals who do not want the vaccine and/or just want to wait until it’s approved and more studies have been shown to be effective.",-13.0,politics,2021-08-20 03:45:37
"Got it. I thought we were talking about in terms of covid. That’s a relief because I thought that was the whole
Point of the vaccine to not end up in icu. Someone was claiming 60% of icu beds in Israel were fully vaccinated and it didn’t make sense to me how or why. But then again I just found out now vaccinated people are able to Carry a Variant of  covid and not know they have it but pass it on which I also thought wasn’t suppose to happen. It’s suppose to be the unvaccinated passing it on. It the vaxed. I just can’t wait till they understand what’s what.  It’s weird when I hear those things Part of me envy’s people that didn’t get vaxed just because at least they are more likely to know they have it. I’d feel horrible if I unknowingly was carrying covid cause I got vaxed and killed one of my grand parents. I’ve pretty much just been staying away from them until we understand or have some sense of uniformity.

Edit: Sorry. It’s something I keep thinking about. I hated the idea of unknowingly passing it on unvaccinated and I also hate the idea of unknowingly passing it on vaccinated. Not sure why I can’t hate both when it’s a thought I have and I go out of my way to make sure I stay around my elderly family members since the numbers out of Israel say it’s double vaxed old people (65 up) are going to ICU. I’d feel so bad.",1.0,politics,2021-08-20 12:04:39
"While Newsweek predictably is going Holy Hyperbole Batman the African American community vaccination rates ***are*** very low:

https://www.kff.org/coronavirus-covid-19/issue-brief/latest-data-on-covid-19-vaccinations-race-ethnicity/
 
https://aspe.hhs.gov/sites/default/files/private/pdf/265511/vaccination-disparities-brief.pdf

https://www.webmd.com/vaccines/covid-19-vaccine/news/20210520/racial-disparities-persist-in-vaccinations-cdc-data-shows

No one likes bringing reality into discussions on /r/politics so feel free to let your hate boners rage. Emotional kneejerk response is always productive right /s",-19.0,politics,2021-08-20 14:18:29
"Hate him for every lie he spouts normally.  And he is deflecting because of his lack of responsibility bput there is a nugget of truth here that the left is happy to ignore.  

The African American community has some of the lowest vaccination rates in the nation.  Why?  Generational distrust of government agencies who have screwed them in the past. Fear of being charged for a vaccine. Poor outreach from the government and lack of trusted figures within the Community speaking out to support getting a vaccine.

The left loves to dunk on the crazy, bible thumping, obnoxious, white right wingers to the point of maliciously wishing them to get charged more by insurance or left to die by hospitals.  Conveniently, they ignore what is a major issue such as under 30% of black youth in NYC of being vaccinated. 

The churches and anti-vaxx protesters are a major issue but not the entire problem.

Now Patrick is a disingenuous, lying, partisan hack but a broken clock is right twice a day.",1.0,politics,2021-08-20 15:04:07
"I think where our sources differ, is your is putting all whites into one group, whereas mine splits Dems and reps. So yours makes Republicans look good because you're taking credit from the Dems who are actually taking the vaccine


But don't worry, I'm off today, I can spread this info that you hate to more people than you can yours",8.0,politics,2021-08-20 15:17:24
"I hate to say this but it seems many people nowadays are just  plain nuts!  Give them a vaccine when it was polio or smallpox and back in the day they lined up for blocks to get it.  Now.....I have no idea why people are so stupid/brainwashed, which makes it pretty scary out there for normal folks.",1.0,politics,2021-08-20 17:36:30
I hate that tired ass response people use. Like of course a vaccine isn’t a cure. If it was they would call it a cure not a vaccine. Of course you can get breakthrough infections because the vaccine is NOT a cure. But that’s why we mask just in case.,1.0,politics,2021-08-20 18:24:06
"Everyone on reddit threads love to hate everyone who won’t get a vaccine. I’m not taking a position for or against but just want to bring to attention two things

-when the swine flu pandemic hit in u.s. in the 70’s many people who received the vaccine to “keep them and everyone safe” were fully paralyzed from the vaccine 

-Pfizer, one of the company’s in charge of making the COVID vaccine, has been forced to pay out over $3,000,000,000 since 2002 for  “persistently engaging in illegal and corrupt marketing, bribing physicians, and suppressing adverse trial results.”

No Pfizer is not the only company making a vaccine and yes science has came a long way since the 70’s, but to say history won’t repeat itself would be ignorant to pieces of information we have. To say everyone needs to get vaccinated immediately no matter what would be irresponsible, and vice versa. Discussions are good, research is better. I believe mandatory immediate vaccination ASAP can definitely be as damaging as it can be productive (I understand it’s been over a year since the spread, but with everyone saying how corona is constantly changing and evolving, after a certain time it’s like a hole new virus to vaccinate). I personally don’t get the flu vaccine every year, or the flu. I’m not comparing COVID to the flu like a lot of people love to do, just stating that I’m not “anti vax”, I also don’t jump for vaccines either.",-2.0,politics,2021-08-20 20:47:05
"Could you direct me to who exactly said the vaccine was 100% from you catching covid or a covid variant? Seems like a pretty bold statement to make considering we're dealing with a novel coronavirus.

We've been told from day one the purpose of the vaccine is to allow our bodies to fight the virus effectively without the need for hospitalizations. I was also told this when I received my shot.

Hospitalizations of delta variant cases are at less than 1% and deaths from those cases is something like 0.008%. Most vaccinated people that test positive for covid don't experience any symptoms at all, but they can still infect others which is dangerous when so many people still refuse to get the vaccine because they hate facts, science and Democrats.",1.0,politics,2021-08-20 21:20:35
"Obviously, I stand up for woman to kill their baby, while it’s in the womb. I hate it but the baby is not protected under the Constitution until the umbilical cord is cut and he is a living being on his own. I do not want to ban abortion. 

We disagree. It’s not putting anyone at risk, because the other party can stay inside, wear an appropriate mask, take a vaccine, and buy a 50 dollar Tyvek suit and be fully protected from every single germ. The onus to protect someone is on themselves. Not my job to wear a mask so you feel safe.",-10.0,politics,2021-08-21 16:29:03
"The idea that people who hate the government are waiting for an approval from a government agency to take a vaccine they think the government developed in order to sicken, kill, track, or magnetize them is funny.",19.0,politics,2021-08-21 19:30:05
"This is why the FDA and other government agencies need to think outside the box. Maybe just create a deep fake of all the cult leaders screaming at them ""if you don't get the vaccine immigrants will rape you in your sleep!"" Use fear and hate, the only language these rage addicted cult members know.",44.0,politics,2021-08-21 20:00:09
He should just go full anti vaccine and let his base die like the death cult they are. Go see Jesus people. I hate how he says a lot without saying anything at all and stands for nothing. Takes no responsibility. Never a strong leader. Tell your people to die from COVID so we can be done.,1.0,politics,2021-08-22 07:57:48
"I'll honestly never understand why Trump and the entire Right effectively screamed ""There is no Covid and vaccines don't work"" so loudly.

Like, you'd think that a quasi dictator would JUMP at the opportunity to do the one thing that even his critics would approve of, combat a deadly virus properly. I don't think Biden would've won, if Trump wouldn't have botched this Covid thing so badly, given how you'd have had tons of fence-sitters being like ""Well but Trump DID respond swiftly to the pandemic"" 

But then again, fascists adore their Strong Man world view and a reality in which 2+2 equals 5 and whenever they meet some situation in which 2+2 MUST equal 4, it's like a short circuit to them. Can't accept the vaccine is real, because we hate science and we are strong men who hate science and strong men can't die from paltry diseases so the disease isn't even real.",2.0,politics,2021-08-22 10:36:10
Hate him all you want but I'd rather him be out there trying to convince his base to get the vaccine. He sowed far too much mistrust in a lot of things and as such I doubt he will have much impact on people going out to get vaccinated.,1.0,politics,2021-08-22 10:45:39
"I'd like to think they were booing Trump, but I think it must be playful.  They were booing when he talked about infrastructure, too.  It's part of the rhythm of a good hate-fest.


""Hillary blah blah terrible.""
""Booo.""
""Lock her up.""
""Haha yeah!"" *cheers*

""Immigrants wanna kill you.""
""Boo, immigrants suck.""
""Barely concealed advocating of genocide ""
""Yeaaah!""

""Vaccines...""
""Booo every mention of vaccines.""
""But freedoms!""
""Hooray freedom!""

It follows the pattern.  I don't think he lost that crowd for a second.  They can drop everyone else.  They can decide Fox News has been compromised.  They can turn on any Republican who advocates for vaccines as a traitor.

But they can't turn against Trump himself.  He's the center of their ideology.  If they hate him, their psyches would shatter.  They'll assume the ""get a vaccine"" bit was tongue-in-cheek, that he was FORCED to get the vaccine, or that he's cleverly lying and saying he's vaccinated to avoid actually getting vaccinated, or whatever.  They'll focus on the caveats, on the message about it not working, etc.  No matter what he says, they'll interpret it to support what they already believe.

This changes nothing.",13.0,politics,2021-08-22 10:59:38
"I can't wait to show my neighbor. But then I remember he's down the rabbit hole or lies and will call any news that goes against his view fake news. Proudly claim that. 

He calls Trump a hypocrite and wont answer my question: If you praised Trump for fast tracking the vaccine research, why do you now hate the vaccine? Why do you now call Trump a hypocrite? 

Also why does he think Q conspiracy is real when his source is just a text message?",2.0,politics,2021-08-22 13:29:44
Exhausting potential avenues during a crisis isn’t necessarily a bad thing I hate to say. He brought up many different potentials to help sick people. The only one he actually told people to go and get was the vaccine.,0.0,politics,2021-08-22 14:08:01
"Link to the clip
https://twitter.com/atrupar/status/1429255690682572805

It's not a lot of booing. It seemed like his supporters were more stunned he advocated for it and didn't know what to do...
""Wait, what? Do I...cheer, or do I boo? I...don't...know...I'll just stay silent""'

A few decided to boo. 

I hate Trump - but if this one clip can be quoted and repeated thus increasing vaccination rate...I'll take it. Why can't the headlines be ""Donald Trump advocated his supporters to get the vaccine""? 

Wouldn't that advance the cause of vaccination rate since the extree right are major holdouts for getting rid of this virus? Or the media would rather stoke the fire and further politicize this so we feel good in believing that Trump supporters could possibly turn against him?",2.0,politics,2021-08-22 15:02:16
"So I hate trump so much, that his attempt to get these people to get the vaccine has restored some faith in beating this shit.",1.0,politics,2021-08-22 15:19:39
You got me there I can admit I was going off memory and got the exact quote wrong.  That’s my bad.  My point is that trump is pro vaccine just like the rest of the government and when people on this sub post things that trump is anti vax but then post shit like this where he is pro vax is being disingenuous at the least just because you hate the guy.  Makes it hard to find truth when smearing is more important that reporting.,-1.0,politics,2021-08-22 17:23:31
"Again I have to ask: who gives a fuck about these kinds of articles?

Yes, people can test positive for covid post-vaccine. Yes, it tends to last a short time because your infectivity is lower. And yeah, it’s not a fucking breakthrough case, since apparently the media doesn’t understand what that means.

I fucking hate these kinds of stupid “gotcha!” stories, because the real gotchas are the sad families left without a mother/father because they thought the vaccine was a conspiracy.",1.0,politics,2021-08-22 18:24:19
i absolutely hate trump but he did suggest getting the vaccine while he was in office,1.0,politics,2021-08-22 18:34:08
"Yep, I mean, don’t get me wrong. I’m a little hippie. I believe in food as “preventive medicine.” I meditate. I take vitamins. But I also go to a doctor, have labs run, take medicine when needed, get surgery when needed. I’d never have a holistic doctor do open heart surgery. Or a minor surgery. I want a surgeon that specializes in that treatment. I look for a doctor I connect with who has good reviews. I take electrolyte mixes in the summer, but also will eat bananas if I’m starting to feel crampy while working out. I think there’s a good balance, and don’t always jump first to medicine, but I watched chicken pox sweep through school when I was young, and heard stories of polio. I’m not always super diligent about the flu vaccine (though after I got the flu about five years ago, I’ve made it more of a priority!), but I get all of my other vaccines on schedule and keep up with them. I don’t hate holistic medicine, but if there’s an acute thing that is dangerous and there’s a specific treatment for it, I’ll take that rather than another medicine (not even holistic, actual medicine with known side effects) that hasn’t been tested or proven. Why take a crap shoot with my one body, and my lifelong health if there’s something created for and has excellent proof against a virus with just as much history of causing a lot of health chaos.",1.0,politics,2021-08-22 19:39:47
"Again, I hate to be the one defending Trump of all people, but there is no good reason to spread covid-19 misinformation online, the fact are very clear and very accessible to anyone who searches for it: 

https://www.forbes.com/sites/jemimamcevoy/2021/03/21/operation-warp-speed-head-says-trump-administration-responsible-for-90-of-vaccine-rollout/?sh=52182cde1848",-2.0,politics,2021-08-22 21:37:15
"I hate to give the piece of shit credit, but he actually did wax lyrical about the vaccine at CPAC [back in February](https://www.washingtonpost.com/politics/2021/02/28/most-important-thing-donald-trump-said-his-cpac-speech/). He literally said to go get vaccinated. He also repeated it to Sean Hannity a couple months later, if memory serves. The issue is moreso that his supporters are so dug into the muck in terms of media they consume that he had to literally say it to their faces for the message to get through, and by then it was too late.",55.0,politics,2021-08-22 22:17:59
"Say what you say, but I for one am happy that Trump actually encourages ppl to take the vaccine. Should've done that long ago, but better late than never. I know it's a bit ""in your face"" moment, when the crowd turns on him, I hate Trump seriously and I'm not even American, but this time I would hope people to actually acknowledge that he's at least trying to make a positive impact for the citizens of US and possibly for the world. It must be hard for his kind of narcissist asshole who lives on people's approval and praise to go against his crowd's sentiment.

This time Donald, you did good.",3.0,politics,2021-08-23 02:29:35
"&gt;That is not accurate. The left doesn’t hate guns or gun owners. They hate the ease and lack of oversight with which one can get a gun. Big difference.

You just rephrased what I said. They hate people getting access to guns because of what they *might* do with them.

&gt;As for “quarantine the sick, stay out of my life if I’m healthy.” You don’t knowing your sick with COVID necessarily

And you don't see the problem with this rhetoric? That you are getting involved in people's lives and mandating what they do because you arbitrarily decide that they are potentially unhealthy with no actual reason to think such? It is authoritarian no matter which way you spin it.

&gt;so being out in public in a low vaccinated area without a mask is nearly equivalent to going out with COVID.

So being out in public is a risk you take. If you catch COVID, you failed to protect yourself. If someone else catches COVID from you, they failed to protect themselves. There is a vaccine. There are masks. Hand sanitizer. Social distancing. If you are at-risk and cannot get the vaccine, you can do what you do every flu season and protect yourself.

It all comes down to personal responsibility, and the government staying the fuck out of your life. If someone is **knowingly** spreading a deadly disease, *THAT* is when the government should step in and stop them, no sooner.",-5.0,politics,2021-08-23 03:07:17
"No backtracking needed. If you watched the video you'd know that he already covered himself.

He says something about their personal freedom being the most important, but the vaccine works, but their freedom is important, but if it doesn't work he'll let them know, they'll be the first to know.

I hate the guy but I had to watch the video to see what was up and I didn't really hear the ""boos"". They were there. He responded to them, I just didn't hear them. I had thought that it was the entire crowd that boo'ed.",5.0,politics,2021-08-23 03:34:11
"Yup.

1) Impose limitations on fucking morons who won't get the vaccine and wear masks.

2) Legalize abortion. It's no one's business but the woman's.

3) Repeal the second amendment. American's can't respect guns.

4) Make hate-speech illegal.

That's governing.",-2.0,politics,2021-08-23 05:04:52
He was too effective at getting people to hate the vaccine and now it doesn't matter what he says they just want to be outraged,1.0,politics,2021-08-23 06:44:41
"I was raised (brainwashed) fundamentalist Christian, and so I legit grew up thinking I’d have a moment where a government official would give me the choice of affirming my faith and dying, or denying the name of Jesus and being spared. Even though most of the vaccine deniers/Qcrowd aren’t actually fundamentalists who go to church and follow the rules, the culture of that martyrdom at every turn is the undercurrent. I know it’s everywhere, but SC is a hotbed. 

I got older and thought— jeez what’s the chance of that actually happening? But then again, I like to think. Then I cracked a book on church history and saw that in the early Church, many Christians did what they did to survive, then their fellow Christians had to figure out how to let them back in. I decided Jesus would want me to stay alive. I was probably 15 when I came to that conclusion, a time where I barely knew any sane adults, and no internet. It just shows how much most people hate actually thinking through things even a little.",3.0,politics,2021-08-23 12:05:47
"Honestly, what frustrates me most in my immediate circle isn’t the maskless super crazies. My family is mostly vaccinated, even though most of them are pretty conservative.

It’s some close family friends who are black, half of whom have drunk the Kool-Aid and are refusing to get the vaccine for nebulous reasons. And I also hate putting it like that, because it feels like I’m legitimizing all those idiots and jerks who’re blaming a majority of this on noncompliant brown people rather than the lunacy they themselves spout and encourage.",16.0,politics,2021-08-23 13:49:24
"For leprosy, not morning sickness which was the issue. I hate that you're right that this could easily be an argument they'll make. My sister-in-law is spewing her facts how ""every woman who had the vaccine and got pregnant had a mis carriage or the baby was still born"" but I tell her my friend is due any day now, got the vaccine while pregnant and the baby is healthy and expected any day now AND another friend got the vaccine and is now pregnant and everything is going normal AND a family member who was vaccinated while pregnant now has a new little baby in their life... Actual examples to shatter her ""research"" and she still goes forward spewing shit",31.0,politics,2021-08-23 14:15:38
"&gt;The irony of all this is that the best way to make this problem go away is to do the very thing that the anti-vaxxers hate most: [Impose as many vaccine mandates as possible, in every way possible](https://www.salon.com/2021/07/27/a-mask-comeback-is-not-enough-to-sway-trump-voters--its-time-to-start-imposing-vaccine-mandates/).

One more reason for vaccine mandates.",2.0,politics,2021-08-23 14:41:18
"I hate that COVID has been politicized to the extent it has been. My friend, one of the most liberal people I know (and well-educated), has chosen not to get the vaccine (for now) because she’s scared. She doesn’t talk about her vaccination status with anyone because she knows she will be lumped in with the stereotype. I’m just glad she felt she could talk to me and knew she wouldn’t be judged. 

I’ve been vaccinated (Pfizer), but the angry mob mentality from both sides (vaccinated and unvaccinated) is pretty scary and disheartening.",1.0,politics,2021-08-23 15:08:30
"P.s.

I am a big believer in vaccines.  If a vaccine sceptic asked me for evidence that showed vaccines produced positive outcomes I'd show it to them.  I wouldn't say ""You're on the internet, do your own research"", because that's the kind of shit flat earthers and 9/11 truthers come out with.  I'd provide you with incontrovertible evidence of the benefits.  I'd do that because it's important, and I want to convince you and others that they work.    
  
I find it very difficult to understand won't do the same with mask mandates.  I can only conclude that you know of no such evidence, but you don't want to admit it because it severely undermines your pro-mask mandate position.  I reach that conclusion very reluctantly, I hate ascribing uncharitable motives to people I'm talking with, but I can't see any other.",1.0,politics,2021-08-23 16:00:22
I mean I hate to be a downer but the gen pop rate of survival without the vaccine is 99%+.,1.0,politics,2021-08-23 16:04:09
"Man I hate the interpretation this subreddit gave to this. Watch the full speech with the context.

He didn't advocate for the vaccine at all. He ironically said that he got it like, ""yeah I know I got it because they made me, BUT....""

they're not booing him, they're booing vaccines. Trump isn't all of a sudden thinking of doing the right thing.",0.0,politics,2021-08-23 16:15:25
Imagine just imagine you ain’t tied down to a job and can almost always find a better job. I hate people saying this blanket statement. I’m not saying people shouldn’t get eh vaccine but I’m definitely anti mandate. And yes I have the vaccine but I am not wanting to share unless it’s my own. Why does my employer need to know? This should be a choice. That’s all.,-23.0,politics,2021-08-23 17:01:01
"Hate to be that person but this seems like nature is weeding out the idiots. 

I don’t understand the point? Like the vaccine has poison so we won’t get it but we will happily take dewormer instead? Or the one where they said that wearing mask “suppresses your immune system”. What?",10.0,politics,2021-08-23 17:44:25
"And what about people who had legitimate health concerns regarding the vaccine? I’m not talking about Bubba, but granny with some autoimmune disorder that is unknown when she’s admitted to the hospital?

As low-risk as the vaccine is, I’d imagine there are still some valid conditions which might make a GP tell the patient to wait. 

I guess my point is: while the idea of taking vaccination status into account when triaging patients, there would be people who are refused care and have legitimate reasons for being unvaccinated. If you start making assumptions about patients not based in medicine, then you’re inevitably going to kill innocent people. 

Imagine if hospitals started triaging black male gunshot victims lower because of “gang violence”.


Now, on the other hand, if dude comes in with a MAGA hate complaining about the plandemic, then fuckin boot that fool to the moon.",1.0,politics,2021-08-23 22:06:16
"i hate to sound all sociopathic or agro...

but Idk why any far left dems cared to correct the far right cons at all on the vaccine. 


the exact demographic of their political enemy that tried to violently overtake the government is literally taking itself straight to the morgue with asinine disinformation. 


I'm not pro death, but...",2.0,politics,2021-08-23 22:51:07
"I really hate the sentiment of ""Well I had it hard, so you should too."" But I've finally found a topic to break me of that. When I was in the Navy I had to get the anthrax vaccine. It was like pouring liquid fire into my veins. Y'all can handle the covid vaccine. You'll be fine. /endrant",1.0,politics,2021-08-23 23:02:33
"It’s not so much of the vaccine that I have a problem with (although i do think it’s proven to not live up to the rep). It’s the constant bombardment of covid propaganda. It’s turned into a religion and a point of hate. When’s the last time you saw people post their flu shot record or screamed at someone for sniffling in a grocery store during flue season. It’s madness, and quite literally harnessing psychological warfare TTPs",-1.0,politics,2021-08-23 23:53:50
"Where have you been the same 4 families have been swaying things and playing games since they lived in castles... shit they prob still do but they wouldnt wanna kill everyone off with a vaccine because there goes there work force or as others claim all the sheep rush to get vaxed... so that makes even less since that they would kill off all the ""sheep"" and leave all the ppl that hate/mistrust them...🤔",1.0,politics,2021-08-24 00:03:56
"First off, thank you for getting the vaccine and doing the right thing by your fellow man. That above everything is the most important point here.

Aside from that, division and hate isn't always a bad thing. The problem I see with the anti-vax movement is they will bring in any nutjob with any reason to refuse the vaccine. They don't discriminate and they don't refuse anyone so long as they agree with the same overall message, because having numbers and more people to spread the message is all that matters.

The issue we have here is as a whole, a large part of the conservative base is the same way. The trend of refusing facts, science, or logic because feelings, faith, or Trump saying differently is far too prevalent and that mindset again brings all sorts of crazy people to that side to bolster numbers.

""You're being divisive!"" Is a hollow cry that has been used by the right over and over again. Whereas many have proven they don't care when they are the ones being hateful and divisive. Have you ever gone onto r/conservative and gotten after them for all the divisive comments they make? Or do you just stick to people on the left doing it.

Ever since Trump was elected and it was painfully obvious that republicans in DC don't give a shit about cooperating to get anything done, I've given up any thoughts about trying to be inclusive.",1.0,politics,2021-08-24 00:48:34
"No. Simply put: if I say I hate Coca Cola, that doesn’t mean I like Pepsi. 

There are a spectrum of political ideologies. The ones most associated with Trump, Fox News, etc., are vaccine resistant.",3.0,politics,2021-08-24 01:01:21
"The moment you accept that republicans are legit racists pieces of shit that don’t want a democracy but rather a theocracy at their core is the moment you can understand US politics and accept things as they happen.
Sure some of them are more crazy than others and some don’t like outright racism or theocracy but they all are ok with it.
None of them really give a shit about the fda or actual safety of this vaccine - the truth is they hate Biden and they hate liberals and they’ll oppose the vaccine as part of being spiteful.
Plain and simple.",7.0,politics,2021-08-24 01:18:22
"Is it bad to want more data? I really hate the way any slight opposite opinion is instantly ""anti vax""


https://blogs.bmj.com/bmj/2021/08/23/does-the-fda-think-these-data-justify-the-first-full-approval-of-a-covid-19-vaccine/",-2.0,politics,2021-08-24 01:50:01
"Of course not.

These are the same people who want every agency to deregulate every industry.

Why would they care about agency approval?

That was basically them mocking the vaccine for lacking approval. Not them waiting for a thumbs up from the bureaucracy they hate so much.",4.0,politics,2021-08-24 01:57:42
"He's always encouraged it.  He even got the vaccine himself all of the way back when Biden and Harris were still saying they didn't trust it and derisively calling it the ""Trump Vaccine"" in order to discourage people from getting it.  I hate the guy, but we need to find something else to ciritcize him for.",-3.0,politics,2021-08-24 04:43:19
Probably going to get downvoted for sharing this but oh well. Me and the wife are vaccinated with the Phizer and we both got COVID anyway. We are both 30yrs old and healthy. When I originally got the vaccine I missed two days of work because I had fever and aches. Then three months later I tested positive for COVID. Me and my wife had very severe symptoms even with the phizer vaccine. I’m very aware that people are going to try and say it’s supposed to make the symptoms more mild but it didn’t work for me or my wife because we had more severe symptoms and had symptoms longer than my unvaccinated brother and his wife(who gave us the virus). I used to think that getting the vaccine should not be mandatory but people should want to get it anyway to do their part of ridding this virus for good. But clearly this vaccine isn’t even able to fight the current strain of the virus so I no longer feel that way. I’m tired of seeing people get looked down on for not getting the vaccine. I hate that it’s becoming a political topic. Please if you read this understand that these vaccines are not for everyone so don’t judge people who decide not to get it and be kind.,-5.0,politics,2021-08-24 05:43:11
"The irony here is, COVID denial *was* one of those things the elites wanted them to believe. [This is what the US looked like](https://xkcd.com/2305/) before [Trump started tweeting his ""LIBERATE"" shit](https://www.washingtonpost.com/outlook/2020/04/17/liberate-michigan-trump-constitution/). It's not like masks or vaccines are actually logically connected with bigotry.

At the time, the economy had taken a huge hit, and the actual infection and death rate was highest in big coastal cities full of Democrats. But those weren't things most people were ready to *die* for (let alone infect their fellow countrymen for), as the polls I linked show... at least not until Dear Leader told them to.

I think what happened here is two things: First, Trump (and the rest of the GOP) fed them a constant diet of COVID denial for most of last year -- if you were already anti-lockdown and anti-mask, you were probably going to be anti-vaccine for the same reasons. And second, with Trump's Twitter feed cut, the GOP base has been getting their Two Minutes Hate elsewhere, instead of hanging on his every Tweet, so their trust for him was already lower.",11.0,politics,2021-08-24 08:42:49
"I hate Trump, but why can't these people be held responsible for their own actions. Attributing this to Trump just gives him more power than he should have.

I was sceptical of the vaccine at first, but after talking to my doctor and doing some light reading on the facts of the vaccine I ended up getting it as a responsible human being. I still wear a mask regardless of getting my vaccine in March.

When they release a vaccine for my kids, they will get it as well. 

I certainly didn't allow a corrupt politician to sway me in my decision making process. I just don't understand why others are convinced that Trump has anythin worth saying on any subject.",0.0,politics,2021-08-24 11:20:58
"NYC DOE teacher here. [About 80% of DOE are already vaccinated.](https://www.amny.com/news/breaking-nyc-to-issue-vaccine-mandate-for-department-of-education-teachers-and-staff/) With FDA approval and the mandate, I expect that to increase to 95%+. The rest will probably have penalties like mandatory weekly testing at their own expense, loss of health insurance, decreased pay, or other.  
  
There's been a lot of hate for the teacher's union, but they're not the problem. It's the police union.[Less than 50% of them are vaccinated](https://www.amny.com/news/less-than-half-nypd-force-vaccinated-department-covid-19/). Maybe it's because [the NYPD union's leadership comprises mostly white conservatives who voted for Trump](https://www.nytimes.com/2020/09/14/nyregion/ny-police-unions-racial-disparity-trump.html), maybe it's because so many of them commute to the city from conservative Long Island. Either way, they've got to have more pressure applied to them.  
  
The DOE mandated vaccine is a good step, but the entirety of the city needs the mandate so that this winter doesn't look like last.",14.0,politics,2021-08-24 13:04:34
"Christians and Conservatives in 2021:
- Love thy neighbor... unless they are a different religion, sexual orientation, or skin color.
- Judge and hate everything that is not what they are.
- Prioritize nearly unrestricted gun rights over the lives of children and people. They have enabled the mass shooting culture in the U.S.
- Claim to be ""pro life"", but their ""freedom"" to not get a vaccine or wear a piece of cloth on their face is more important than the 600,000 and rising COVID deaths.
- If you try to teach their children about tolerance, acceptance of others, and how to avoid developing racist tendencies... It's indoctrination! But they are 100% okay with forcing Christian prayer in all schools, and the unification of church and state. Totally intolerant of anything that is not their agenda.

I spent many years in the church and was also a worship leader. Walked away for these reasons. Christians feel as if they have the right to judge everyone else. These behaviors have always been there, but the Trump era enflamed those feelings and emboldened them. And now it seems shamelessly out of control.",1.0,politics,2021-08-24 13:23:12
"They will get Comirnaty. They will say they got this new treatment and they are safe. When you remind them it is the Phizer vaccine their eyes will gloss over and they will forget what you said immediately. 

This is exactly how it worked with Obamacare. They hate Obamacare with a passion and want to repeal and replace it. But then they love the Affordable Care Act. When you remind them they are the same thing they don’t listen.",1.0,politics,2021-08-24 13:31:30
"Fucking clown.

March 2, 2020
&gt;	“You take a solid flu vaccine, you don't think that could have an impact, or much of an impact, on corona?” [Trump to health officials who answered ""No.""]

May 5, 2020
&gt;	“There’ll be more death, that the virus will pass, with or without a vaccine. And I think we’re doing very well on the vaccines but, with or without a vaccine, it’s going to pass, and we’re going to be back to normal,”

May 8, 2020
&gt;	“This is going to go away without a vaccine. It is going to go away. We are not going to see it again.”

&gt;	May 9, 2020
“This is going to go away without a vaccine.”

May 15, 2020
&gt;	“Vaccine or no vaccine, we’re back. And we’re starting the process. In many cases, they don’t have vaccines and a virus or a flu comes and you fight through it.

July 27, 2020 (&lt;-election propaganda, not in earnest)
&gt;	""America will develop a vaccine very soon, and we will defeat the virus. We will have it delivered in record time.""

Aug. 22, 2020 (&lt;-more propaganda, clearly just about getting elected)
&gt;“The deep state, or whoever, over at the FDA is making it very difficult for drug companies to get people in order to test the vaccines and therapeutics. Obviously, they are hoping to delay the answer until after November 3rd. Must focus on speed, and saving lives!”

Sept. 4, 2020 (&lt;-has nothing to do with the vaccine development, does take credit, mentions ‘arbitrary date’ Nov. 1.)
&gt;	There will be a vaccine “before the end of the year and maybe even before Nov. 1. I think we can probably have it sometime in October.”

Sept. 10, 2020 (&lt;- more disinformation, they weren’t.)
&gt;	“I really do believe that we are rounding the corner. The vaccines are right there”

Sept. 16, 2020 (&lt;-got lucky, would normally have taken much longer)
&gt;	Reporter: “[The head of the CDC] said that the vaccine for the general public wouldn’t be available until next Summer or maybe even early fall. Are you comfortable with that timeline?” Trump: “I think he made a mistake when he said that. That’s just incorrect information.”

Sept. 21, 2020
&gt;	“We're rounding the corner,"" ""With or without a vaccine. They hate when I say that but that's the way it is. ... We've done a phenomenal job. Not just a good job, a phenomenal job. Other than public relations, but that's because I have fake news. On public relations, I give myself a D. On the job itself, we take an A+.""

Sept. 21, 2020 (&lt;-more disinformation downplaying the need for a vaccine)
&gt;	""In some states, thousands of people — nobody young. Below the age of 18, like, nobody. They have a strong immune system, who knows? Take your hat off to the young, because they have a hell of an immune system. But it affects virtually nobody. It’s an amazing thing. By the way, open your schools everybody, open your schools.”

Sept. 28, 2020
&gt;	""And I say, and I’ll say it all the time: We’re rounding the corner. And, very importantly, vaccines are coming, but we’re rounding the corner regardless. But vaccines are coming, and they’re coming fast. ""

Oct. 6, 2020
&gt;	“Many people every year, sometimes over 100,000, and despite the Vaccine, die from the Flu, Are we going to close down our Country? No, we have learned to live with it, just like we are learning to live with Covid, in most populations far less lethal!!!"" [Source: Trump Tweet and Facebook Post, both were taken down]

Oct. 10, 2020
&gt;	""But it’s going to disappear; it is disappearing.”

Oct. 11, 2020
&gt;	""...We have done a “phenomenal” job, according to certain governors. Many people agree...And now come the Vaccines &amp; Cures, long ahead of projections!""

Oct. 12, 2020 (&lt;-taking credit, saying it is safe because there was concern he was pushing the FDA to drop safety measures to roll out a vaccine before election day. Nothing to do with doing the right thing. Everyone should know he never does)
&gt;	“Under my leadership, we're delivering a safe vaccine and a rapid recovery like nobody can even believe. And if you look at our upward path, no country in the world has recovered the way we've recovered economically or otherwise, not even close.""

Oct. 15, 2020 (&lt;-so we’ve been ‘rounding the corner’ for over aix months, in which hundreds of thousands of americans died due to his ineptness)
&gt;“Excess mortality, we’re a winner on the excess mortality. And what we’ve done has been amazing. And we have done an amazing job. And it’s rounding the corner and we have the vaccines coming, and we have the therapies coming.”

Nov. 2, 2020 (more using the vaccine to pander to his base. This is not promoting it, it is harming the roll out by making it into a political argument)
&gt;	“Joe Biden is promising to delay the vaccine and turn America into a prison state—locking you in your home while letting far-left rioters roam free. The Biden Lockdown will mean no school, no graduations, no weddings, no Thanksgiving, no Christmas, no Fourth of July”

Nov. 9, 2020 (again not promoting taking the vaccine, but pushing talking points, thus harming the roll out)
&gt;	“If Joe Biden were President, you wouldn’t have the Vaccine for another four years, nor would the @US_FDA have ever approved it so quickly. The bureaucracy would have destroyed millions of lives”

Dec. 8, 2020 (the mental retardation is just unfathomable…)
&gt;	“Before Operation Warp Speed, the typical time [for vaccine approval] could be infinity.”
Dec. 22, 2020 (&lt;- Hey! A semi-ok post about vacc… oh wait, he turned it into a personal ad campaign again. More harm to the program)
“Distribution of both vaccines is going very smoothly. Amazing how many people are being vaccinated, record numbers. Our Country, and indeed the World, will soon see the great miracle of what the Trump Administration has accomplished. They said it couldn’t be done!!!”

Dec. 30, 2020
&gt;	As recently as mid-December, the Trump administration touted an ambitious goal: 20 million COVID-19 vaccinations by the year’s end. A CDC tracker shows only about 2 million people have been vaccinated so far.

January 3, 2021 (again no actual info, just more self glorification)
&gt;	Trump tweets, “The vaccines are being delivered to the states by the Federal Government far faster than they can be administered!”",1.0,politics,2021-08-24 13:34:45
"And yet trump gets boo'ed when he brings up vaccines. Maybe it isn't related to trump/republicans? And you see vitriol from democrats to republicans states about low vaccination rates, and yet almost no negative and degrading posts/views/stories in regards to African Americans from Democrats. It's almost as if they just want to hate a bit. I just hate double standards. Hold everyone not getting the vaccine equally accountable.",1.0,politics,2021-08-24 15:25:50
"Yeah remember when biden and Harrris were asked during the presidential debates if they'd take the vaccine and they said they didn't trust the vaccine just because trump pushed it through and now we hate anyone who has doubts about taking that vaccine. Fucking Trump, what an asshole",0.0,politics,2021-08-24 16:42:18
Lol you guys hate voter id but love vaccine mandates,-3.0,politics,2021-08-24 18:38:20
"He's never not said to get the vax. He was the original one to talk about the vax, rush rush rush vax coming ASAP everyone! It's ""his"" vax remember? WARPSPEED - He's proud of it, said so many times. You all just create this bubble where every White person outside your friends/family is a Trump supporter, you hate Trump, by association you deeply despise Trump supporters and it manifests into simply hating White people which in some crazed way turns into believing everyone who isn't part of this sub as a conspiracy nut/anti science/redneckhillbillyretard/antiVaxxerMUHFREEDOMS. I've explained your belief system well yes?  


Why is it then my Democrat voting Trump despising half-black older sister 37yr old radiologist      has YET to get the vaccine? You guys are SERIOUSLY destroying the conversation by believing ONLY Trump-fanatics have a problem with forced vaccination and I wouldn't be surprised if a number of ""friends"" on your personal social medias refuse to take it just to spite you and other annoying PRO Big-Pharma anti-risk/reward weighing shills.",0.0,politics,2021-08-24 23:02:36
For some reason everyone decided to forget trump was the one to push the vaccine to the public while in office. Now they hate him for recommending it,1.0,politics,2021-08-25 04:10:43
Vaccine mandates only cause more distrust and hate for government and the vaccine. Pushing for one is going to backfire.,-1.0,politics,2021-08-25 12:40:16
"As a fully vaccinated govt employee who can not be full time telework I fully support this.

As the person responsible for managing the email set up for 8 states worth of govt employees to distribute the constantly changing guidance, and fielding all their questions, I really am dreading this. The hate and anger that I see for just having to attest to their vaccine status is wild.",17.0,politics,2021-08-25 13:06:26
"&gt;“The governor remains against vaccine mandates,” spokesperson Jennifer Napier Pierce 

The governor only seems to be against a covid vaccine mandate. He has no problem with the polio vaccine it would seem.

I hate that republicans have to politicize everything. They took a political stance on a virus and came out as the pro-covid party.

How about some consistency though. If you're against vaccine mandates then get rid of all of them not just for covid.",2.0,politics,2021-08-25 14:54:01
"I hate that damn test. I got the BCG vaccine and I always test positive on the skin test so they pointlessly make me get a chest X-Ray each year. Even within doctors, it’s a controversial test since you can have TB by testing positive with the skin test and testing negative with the X-Ray, but all employers just accept 1 X-Ray result",15.0,politics,2021-08-25 18:45:31
"&gt;He fucked up some things, did some good things, just like virtually any other President. Are you remotely cognizant of the fact that under Biden, Afghanistan is now worse off, Inflation is insane, crime is up nationally, the border issue is worse, the trillion dollar infrastructure deal touted is so full of pork, it’s insane. Covid is still running rampant. Should we keep going? Objectivity isn’t your strong suit. Maybe you’re 12 and/or live in a basement and don’t have to truly adult- I don’t know.


Lmao. Dude, Trump basically fucked everything up and did almost no good things. He was like Reagan on meth. Just an awful human and totally out of touch with what the country needed. He was definitely in touch with what white supremacists needed, though. Between his constant racist dog whistling, his total lack of respect for the troops, and him leaning hard into the Q-Anon propaganda in an attempt to overthrow the country, I still don't understand how people like you think anything good of him. He was a *MONUMENTAL* failure as a president. Just like everyone was trying to say that. Making claims that objectivity isn't my strong suit sure is laughable when it's coming from someone who thought Trump was worth a damn or gave a single shit about anyone but himself. Covid is indeed running rampant cause your boy Trump was on tape saying he knew it was going to be bad and was always going to play it down. He called it a ""liberal hoax"", thereby forever politicizing it in the minds of his supporters. He was also openly skeptical of any vaccine despite even putting funding forward for it! Fuck, he even said shining light inside our bodies or taking fish tank cleaner would cure us of covid. Like, how fucking stupid do you have to be to say something like that? I mean, he even said *windmills give you cancer* for fuck's sake. That's not even to leave out that he and his family set up shell corporations to grift the country out of millions during the pandemic when supplies were being distributed. However, I bet you'll just say all this is fake news, or point to some other bullshit to keep you from viewing that dude in any light other than your God Emperor. This endless projection and denial of reality from the right and your supporters is insane. 

&gt;Again, this is no different than every local leftist organization spewing fallacies into my ear and via text- all unwanted, all lies.

&gt;Perhaps the power of the federal government is too strong- we shouldn’t even be having this discussion. The two major parties have you lemming in a perpetual false dichotomy. As stated before, I hate you both of you authoritarian sects.


Ahhh, yes. You're the simple ""Trump is amazing, but all *you* are sheeple"" type of person. Lmao.",1.0,politics,2021-08-25 21:16:34
"Sure, maga crowd idiots are actively killing others, willfully. Fighting against pretty much any and all pandemic measures, refusing a vaccine for no reason what so ever in favor of completely unrelated drugs like ivermectin. It’s about as close as you can get to just playing in and eating poop all day, and the rest of society has to drag you kicking and screaming out of it. You’ve earned the hate, ten times over.",8.0,politics,2021-08-26 15:42:03
"You mention them dying at home alone - how do you think they die in the hospital? They are not surrounded by their loving family singing Kumbaya. They’re pretty much alone and terrified, There’s no nurse holding their hand as they leave this planet. Someone who doesn’t wear a seatbelt and dies in a car accident did not infect someone else with a deadly virus. I know what you’re saying, and I hate that I feel so strongly about this, but I’m sick of it. My niece is a nurse and she and the other healthcare providers are at their breaking point. The people who don’t want to get vaccinated ARE THE PROBLEM  I don’t understand how anyone would take the risk of dying from  covid when there’s a vaccine.",5.0,politics,2021-08-26 18:10:15
All while Abbott is absolutely full to the brim with every form of vaccine and countermeasure money can buy. Good shit. I hate it here.,1.0,politics,2021-08-26 18:35:48
Evangelical Republicans worship Trump as God’s Chosen leader. God sends a pandemic. Then God shows mercy with a vaccine. They refuse to get vaccinated. I don’t believe in god but this turn of events is wild to me. God only punishes the people they hate when the god of the Bible punishes “his people” all the time. The fact they can’t make this connection is just incredible and shows they lack even a modicum of self reflection and assessment.,3.0,politics,2021-08-26 19:04:54
"Holy shit are they going to be conflicted now.  On one hand they refuse to take the vaccine because they hate science.  On the other hand they have been calling for less unemployment benefits for a year.

What a good case study to see what is more important: ignoring science or lessening handouts.",132.0,politics,2021-08-26 20:51:13
"You know what I find so disingenuous? When right-wing media tries to say Biden caused vaccine hesitancy. 

Really? You mean people who hate Biden listened to him? Yeah, ok...",65.0,politics,2021-08-26 20:56:00
"Hate science, or coercion? 
Some have gotten the vaccine, but are still against the mandatory/homeless option.",-4.0,politics,2021-08-26 21:15:40
"I hate how stupid the right is deliberately being with that too - like, they'll take bullshit untested alternatives and are still pushing snake oil, but like, we literally _have_ an actual vaccine that's _proven_ to work - _and is FDA approved, by the way_ - but they're so desperate to prove ""the libs"" wrong when they objectively aren't... it's literal insanity.",2.0,politics,2021-08-27 01:30:23
"Some absolutely have different medical needs. I do not have the link, but I was just reading a story about a guy who had complications from covid, and because of that his doctors strongly urge him against getting the vaccine, and the article went on about how that is making life difficult in todays world. 

I have a friend who has a relative who is now paralyzed from the vaccine, and their doctors said the family is higher than normal risk, so this entire extended family is advised against it because of what happened to grandma. 

&amp;#x200B;

Every day I see such hate on reddit for entire groups of people; boomers, liberals, conservatives, millennials, and I'm sick and tired of it.",-7.0,politics,2021-08-27 02:26:34
"That would probably trigger a large scale larping event. Meal teams of all numbers would hit the streets and start discriminately shooting everyone that doesn’t fit their description of a good ole boy/girl. All while shouting down with communism! That would be a disaster. I do however agree that the easiest way to get these morons to get the vaccine though would be to give them an incentive. Doesn’t matter how badly they hate it, if you flash something they want in front of them they will come in droves.",1.0,politics,2021-08-27 15:02:26
It’s been upheld in scotus so many times they won’t take the cases anymore.  George Washington issued a vaccine mandate for small pox lol.  Y’all hate every pillar of America by screaming about non-existent freedumbs,1.0,politics,2021-08-27 15:47:18
"So I know this guy's dad, we grew up in the same church congregation.  I heard about this a week or so ago from people I still talk to in the area.  His brother is a nurse at the hospital he's at.  His dad's there too, just doing significantly better than he is.  Last I heard this guy is making a bit of a recovery.  

There's so much about this that pisses me off, but at the same time I do have a lot of sympathy for these poor fools.  I don't think him getting Covid-19 will change anything about his beliefs.  I have people I actively hang out with that hate mask mandates b/c they don't think masks are effective.  I have a friend who has 3 kids &lt;12 and is refusing to get the vaccine until they are able to.  Even suggesting mask &amp; vaccine mandates sets them off b/c ""personal freedom"" &amp; all that shit.  

We're all Mormon, and our Church President/Prophet is a former heart surgeon who's been begging people to get vaccinated every time he speaks about the pandemic.  Every letter we get from our Church says to wear masks, practice social distancing &amp; get vaccinated, and yet they still refuse.  I had a guy at my congregation a couple of weeks try to tell me he wouldn't get vaccinated b/c it would modify his RNA, and that the Mexicans are the reason for the current spike.  We have workers in my local temple that have refused to come back b/c they'd have to either be vaccinated or wear a mask(currently everyone has to wear a mask b/c of the spike).  Think about that for a second.  **Our most holy work is done in our Temples &amp; people are refusing to do it b/c they'd have to wear a mask.**",2.0,politics,2021-08-27 15:53:51
"Republicans are attacking Biden to take attention off the fact that they are killing and causing long term damage to children and adults with their anti-science, and anti-masking policies.  They spread lies about the vaccine to hurt Biden and now republican voters have the lowest vaccination rates in the country.   Republicans are completely responsible for letting the delta variant spread unchecked through almost all republican governed states.  Their idiotic policies are killing Americans by the thousands while the Biden administration efficiently organized one of the best vaccine programs in the world.  Trump mismanaged the pandemic for his own political benefit and needlessly killed hundreds of thousands of Americans under his watch.   Biden rescued almost 100,000 Americans and Afghans from Afghanistan after Trump surrendered to the Taliban and let 5,000 Taliban and ISIS-K fighters out of prison.   If I was a conspiracy theorist I would say that republicans along with their network of chaos creators helped facilitate the bombing that killed American troops and Afghans.  Republicans have become the party of chaos, death, hate and destruction.  They will do anything to gain power and destroy the United States so they can turn our great country into a Christian fascist nation with little resemblance of any real Christian values and morals.  We must all vote in the mid-term elections and vote all Trump republicans out of office.   I fear if we don’t our country will be unrecognizable when they are through pushing through their ultra extreme far right policies.",1.0,politics,2021-08-27 17:56:12
I’d hate to have to hear you say that with a ventilator tube down your esophagus. Please get the vaccine if you already haven’t.,1.0,politics,2021-08-27 20:53:43
"Totally agree, anyone who felt safe eating Flintstones Vitamins daily as a kid should be fully confident in the safety of taking the vaccine once because only one of the two is FDA approved. And the radicalization of politics is forcing people to double-down on prejudices and hate each-other, it’s unsustainable.",1.0,politics,2021-08-27 21:09:55
Right-wingers only hate the vaccine because they think increased COVID rates under Biden make the Democrats look bad. If they had become fully available under Trump they’d have taken the vaccines. They’re only killing themselves to own the libs.,49.0,politics,2021-08-28 16:09:37
"I don't know where you got that definition from but I don't disagree with it. I would use ""pathogen"" instead of ""germs"", and ""growth"" is a bit misleading and ambiguous.   


Either way, a pathogen has been introduced into a body and as pathogens tend to do, they try to reproduce. A vaccine does NOT prevent that. A vaccine helps your immune system to fight a pathogen once it:  
a) is in your system  
b) has started to reproduce and pose a threat  
c) has been recognized by your immune system  
d) the initial phases of the immune system's response have failed  


I hate to resort to youtube videos but this vid gives a pretty good explanation as to how the immune system works and exactly when a vaccine is engaged... you'll see that it is well after the stage of infection.   


[https://www.youtube.com/watch?v=lXfEK8G8CUI&amp;t=572s](https://www.youtube.com/watch?v=lXfEK8G8CUI&amp;t=572s)  


People with a vaccine can get infected. That's a fact. But they're less likely to get seriously ill or hospitalized. If you want people to trust the medical system, you have to be honest with them, and use more precise language.",1.0,politics,2021-08-28 19:18:24
"&gt;It's true the virus has to enter your body in order to be killed by your immune system,

That's all I'm saying.

I'm clarifying the difference between infection (penetration) and disease.   


I hate to resort to youtube videos but this vid gives a pretty good explanation as to how the immune system works and exactly when a vaccine is engaged... you'll see that it is well after the stage of infection.  
  
https://www.youtube.com/watch?v=lXfEK8G8CUI&amp;t=572s  
  
People with a vaccine can get infected. That's a fact. But they're less likely to get seriously ill or hospitalized. If you want people to trust the medical system, you have to be honest with them, and use more precise language.",0.0,politics,2021-08-28 19:18:51
"meh, I like calling them vaccine passports for the simple reason that conservatives hate it",-1.0,politics,2021-08-28 20:14:30
"I’m not against further study but I’m not sure you got my point. I read and listen to conservative and democratic policy ideas and proposals and I also watch their actions. I don’t like either party. I am not interested in “governing from the heart”, I am interested in real policy that effects real, positive change. Republicans don’t care about anything but enriching themselves and their sponsors. They hide that by fear mongering and getting their base all riled up about abortion, gun control, immigration, black welfare queens, trans girls in sports and whatever other hate they feel like spewing. Democrats have the same policy goals as the Republicans but like to distract their base by talking up racial equity, social safety nets, wealth re-distribution but at the end of the day what we usually get are tokens.

What I want to see is an actual Progressive party, but that won’t happen because there is far too much money in politics for anything to really change. And the politicians who benefit from this system have no reason to want to change it.

So no, no number of books is going to convince me that installing a Republican is a good idea at any level. Democrats are terrible but at least they aren’t trying to take away my right to choose, torturing children, trying to make it crime to use the bathroom that corresponds with your gender identity or banning mask and vaccine mandates in the middle of a pandemic that has killed over 600,000 of my fellow Americans and is overwhelmingly our healthcare system as we speak.

Bottom line, there are not two sides in American government. There is one side with half the one side more prone to outright cruelty than the other.",1.0,politics,2021-08-29 02:50:11
