comments,score,subreddit,time_created
"Can't tell if you're being intentional obtuse or not. As I linked in the OP, ""Businesses must verify COVID-19 vaccine status before letting masks come off, Oregon officials say"". This implies a law, where i would have to present the vax card, similar to an ID. 

If OR has passed this law, other places are probably also going to write other laws. If these laws are passed, it's not just a CDC receipt.",0.0,Libertarian,2021-05-20 17:01:55
https://www.newsweek.com/moderna-covid-vaccine-ingredient-conspiracy-theory-debunked-1592553,6.0,Libertarian,2021-05-20 21:23:03
As evidenced by that ever increasing COVID vaccine death toll...,12.0,Libertarian,2021-05-20 21:35:58
"Yes &amp; no. This argument is kind of dumb, though. There’s a difference between not knowing the effect of rubbing unknown plants on oneself &amp; intentionally injecting god knows what into one’s body....but nice try. We KNOW the effect that covid will have on a healthy individual; probably not much &amp; then immunity. The effect of the “vaccine”, still very much so up in the air. I’ve had covid &amp; it wasn’t shit for me because I’m a healthy individual. Why the fuck would I inject myself with some shit that couldn’t even pass animal testing, for a virus that made me not able to taste my delicious foods for 1 week?",1.0,Libertarian,2021-05-20 22:06:40
"In close spaces with others, yes. My vaccine is for Covid-19, not for the flu, cold, or future versions of the SARS virus.",10.0,Libertarian,2021-05-21 11:33:12
There is a reason for a different flu vaccine every year.  It is not unreasonable to expect the same  for COVID.  Viruses mutate fast.  Especially when they are given opportunities that they should not be given.,4.0,Libertarian,2021-05-22 18:21:01
I just got perma-banned from r/mariners for defending players' right to not get a covid vaccine. And then got treated like dirt by the mods for asking why. And that was one of my favorite subs. I think privatized cancel culture is just as bad and almost dangerous as the government limiting free speech.,-14.0,Libertarian,2021-05-23 01:14:01
"""Also, get your fucking shots, people.""

Yay! I second this. I'v been trying to encourage people online to get vaccinated for some time. I'm not at all for mandatory vaccinations, but man, it really is by far the best way to prevent Covid and stop the pandemic (short of strict mandatory shutdowns and other horrible things nobody wants).

I think the biggest concern I've heard is that people think mRNA technology is new and lacks long term safety data. The truth is mRNA technology has been investigated for decades by both Pfizer and Moderna and there are decades of safety data on mRNA as well as all the other components of the vaccine.",6.0,Libertarian,2021-05-23 18:36:15
"At the very least the most practical reason. It ruins your productivity. You get it you're wiped out for 3 days and no business is going to let you in their building for 14 days. And if you do you get near someone way more vulnerable that for medical reasons they can't get the vaccine you might've written their death sentence.

I get not liking the measure the worlds governments have taken so that as little amount if people die as possible. I get that the mask people are annoying as fuck. I live with two of them. But for the love of god get the vaccine so we never have to give a fuck about covid again.",4.0,Libertarian,2021-05-24 00:39:12
"Maybe true but it's certainly makes you more than qualified, as are most people, to look at the numbers on covid and decide that you don't need the vaccine. The same reason the majority of people don't get the flu vaccine every year. I'm not getting one either. I'm 30 years old and in extremely good health. I'm almost never around people who are at risk, and those who are that I see from time to time are all vaccinated. There is absolutely zero and I mean zero logical or reasonable argument for why I need the vaccine. I guess there's an argument for why it's not a bad idea. But need? No. I don't need it. And everybody in this particular thread saying he should get one to send a good signal to those who don't want to get one can fuck off. It's not the job of any individuals to do anything they don't want to do so that they can serve as an example for others. If he wants the vaccine, he can get it. If he doesn't want the vaccine, he doesn't have to get it. It's literally that simple. Oh and by the way, getting a medical degree from Duke University puts him in the top 01% of people who are qualified to speak on medical matters. Sure, he's not Dr Anthony, but what are we even talking about? Because I would also assume you are the type of person who might scoff at a strongly dissenting opinion of a different virologist. So are we only believing the experts that are employed by the government now? Is this the libertarian sub? Am I losing my fucking mind?",2.0,Libertarian,2021-05-24 00:40:48
He had covid. Natural immunity is better than the “vaccine” or the vaccine,-4.0,Libertarian,2021-05-24 00:47:43
"Libertarians I know before Covid: the FDA kills with its slow pace! Right to try! 
Libertarians after human ingenuity gives us a super fast vaccine: but they didn't spend a decade testing this! Medicine is sus!",60.0,Libertarian,2021-05-24 00:54:03
"&gt; doesn't like vaccines.

This is false. Rand Paul has never opposed vaccines. He has stated that he and his family receive routine vaccinations like everybody else.

However, you apparently didn't read the article, which clearly states that the reason he is not getting the Covid-19 vaccine specifically is because he has natural immunity from having recovered from a Covid-19 infection last year. Which is scientifically sound.",20.0,Libertarian,2021-05-24 01:02:53
"Kids he already had covid-19 and recovered, which means he doesn't need the vaccine.",5.0,Libertarian,2021-05-24 01:08:54
"Oh, you're right, I should have said the vaccine would be much less effective at protecting from COVID than antibodies would... Which is the argument Paul made in his statement.",3.0,Libertarian,2021-05-24 01:23:19
"I don’t normally get the flu shot. I’m not saying COVID is the flu, but other people have the option to get the vaccine, so other people are no longer part of my consideration in dealing with the virus. I’m young and healthy and comfortable taking my chances with COVID the same way I’m comfortable taking my chances with the flu. So I have no need to get the vaccine. Nothing against it, just don’t need it.",1.0,Libertarian,2021-05-24 01:59:08
"Already being immune to Covid-19 is not a reason to not get the Covid-19 vaccine?

Come again?",4.0,Libertarian,2021-05-24 02:04:33
"That’s the game right, [play dumb about this stuff](https://news.yahoo.com/pfizer-ceo-covid-vaccine-booster-230630159.html), then when they roll it out you demand everyone do it because they said so, and because you’re a weak sheepish male who derives personal satisfaction from thinking you’re the hall monitor?",-1.0,Libertarian,2021-05-24 02:18:12
"From what ive read the vaccine is effective against the current dominant strains of covid but the more spread that occurs (i.e. India variant) the greater chance that the virus has a mutation that ""escapes"" vaccine protection.  

But given the emergency declaration and rush to production,  I can understand the hesitancy we're seeing towards vaccination.  

Hopefully enough people are vaccinated so there isnt too much mutation but only time will tell.",-1.0,Libertarian,2021-05-24 02:21:42
"No one has been vaccinated for 9 months yet to know if that number is true.

I have read some studies that show that, even though levels of circulating antibodies is almost non-existent after 3 months, the body makes memory cells, and reinfection causes an immediate production of antibodies.

Actually having COVID-19 will offer better protection, because your body makes antibodies to different parts of the virus. With the vaccine, you're only making antibodies to the spike protein, which is what is mutating in these new variants.

According to 3 different doctors I have seen, the best protection comes from having COVID, getting over it, and then getting vaccinated. That produces the strongest immune response.

I would think he would want to get vaccinated to get ""best protection."" But, Dr. Paul is a Donald Trump supporter, so his disdain for the vaccine doesn't surprise me.

I have 3 family members that are staunch Trump supporters and they refuse to get vaccinated and refuse to wear a mask. Everyone else in my family either hates Trump, or just doesn't care either way. They all got vaccinated.

It pisses me off that Trump and his family got vaccinated in secret and didn't tell anyone.",4.0,Libertarian,2021-05-24 02:25:28
The fact that you don't like Rand Paul has nothing to do with whether his stated reasoning for not getting a Covid-19 vaccine is scientifically sound.,2.0,Libertarian,2021-05-24 02:42:49
"I still cant understand the disconnect.  The conspiracies have abounded about the origin of this virus.  Everything from lab accident to purposeful outbreak.  Now, personally, if the Covid virus was an intentional thing, you would think the reaction would be to take all precautions and treat the virus as a deadly, unknown attack on our soil.  So wear a mask, get the vaccine, keep distant.  But I hear, “it’s just a flu, masks are tyranny, its a hoax!”  So if it is just a flu, then who cares about where or how it originated, right?  I cant follow the logic.",22.0,Libertarian,2021-05-24 02:47:58
"&gt;His natural immunity isn't as effective as any of the available vaccines, there's a none-zero chance that a vaccine now will redu

&amp;#x200B;

it is dumbass. I can count the amount of people who got covid twice on my fingers and toes.",-9.0,Libertarian,2021-05-24 02:50:18
"&gt;His natural immunity isn't as effective as any of the available vaccines, there's a none-zero chance that a vaccine now will reduce any future flair-up's of covid(assuming SARS-CoV-2 acts like the majority of viruses in the family), and his support/publicity of getting vaccinated will help improve vaccine up take. 

Source?",2.0,Libertarian,2021-05-24 02:52:58
"Didn’t he get covid though? Why would someone who had covid need to get the vaccine, aren’t they already immune from fighting off covid?",4.0,Libertarian,2021-05-24 02:58:28
"There is no clear evidence that one is better than the other, it's just that getting a vaccine is almost always safer than getting the illness. Maybe it's different than Covid but it's too early to fully know. So far, contracting Covid provides 90-95% immunity, on par with the vaccines. 

Natural immunity doesn't mean you spread the virus more or less than vaccinated immunity. He's not being selfish and literally no one is more at risk by him not getting the vaccine, including himself.",2.0,Libertarian,2021-05-24 03:01:49
"If you're an influential public official you should get it to promote the vaccine even if you don't think you need it. 


He's not a virologist, the virologists are recommending everyone to get it even if they already got covid.",2.0,Libertarian,2021-05-24 03:01:53
I was in the very same mindset but then I got COVID. Was sick for about 4 days and then fine. But the worst part was that I couldn’t go back to work until my 14 day quarantine was over. Missing time at work would have been the only reason I would have gotten the vaccine. Now I shouldn’t need to worry about it for at least a few to several months if not longer to see what more studies will show for natural immunity then I might get the vaccine. We’ll see what the science shows. My thoughts though. You do you.,2.0,Libertarian,2021-05-24 03:02:50
"Please show your references for proof of long lasting natural immunity to COVID. His whole point is that until there is proof that vaccine immunity is greater than natural immunity, he wont take it.  


But that doesnt mean that there is any proof natural is better than vaccine. The research becomes much more complicated based on which variant the person had, or what variant they are exposed to.   


And calling something ""smart"" just because you agree with it is foolish. No one likes to think that they are dumber than the average person, but a lack of self awareness is often a sign of such.",10.0,Libertarian,2021-05-24 03:03:42
"It's because the science and research says he doesn't need a vaccine. That's why. 

A French study concluded that 97% if individuals who tested positive for Covid still had immunity 13 months later. The NIH also confirmed similar data. 

It was initially thought to be just 2-3 months but it's been proven to be much, much longer.",-5.0,Libertarian,2021-05-24 03:11:32
Dr. Paul is demonstrating proper science b/c people who’ve had covid have no reason to take the experimental mRNA vaccine.,-4.0,Libertarian,2021-05-24 03:19:38
Even better than that. Covid is SARS-V2. They have tried SARS-V1 vaccines for almost 2 decades. All failed in animal testing. They have never made a SARS vaccine that was deemed safe for human use.,1.0,Libertarian,2021-05-24 03:19:43
"
&gt;This sub is a leftist stomping ground. 

Lol imagine coming to the Libertarian subreddit and saying this unironically. Dude, get help, go outside, see a therapist.

&gt;Rand isn't a libertarian. But Jesus Christ why take a vaccine for a virus you're immune against. 

I'll answer. Because A. It's free to him. B. It won't harm him. C. There's a chance for reinfection, D. It will offer more protection than his current antibodies, and E. It will encourage others to get it.

&gt;Also, why take a vaccine that is unproven, brand new, and only.approved for emergency use? 

Because he's not a coward? There have been millions of doses and the vaccine despite being fast tracked wasn't spared the testing needed for approval. All that happened was that processes that normally happen sequentially happened simultaneously.

&gt;Now, If your fat, or old, or fat and old, get it. Or don't. Do what you do, it's your life and your responsibility.

Rand is old by covid standards.",1.0,Libertarian,2021-05-24 03:27:25
"They're literally hoping that vaccines are as good of an immune response as those who've already had the illness. 

You realize we're talking about whether it's necessary to get the vaccine if you already had it, right?

We're not talking about whether or not the vaccines are effective, and neither was Rand Paul. He didn't get the vaccine because he already had Covid. I didn't not have Covid, so guess what I did? I got the vaccine.",1.0,Libertarian,2021-05-24 03:29:12
"OK, so then tell me where he is recommending the vaccine for others who haven't had covid.

Or, is he just an idiot Trump follower who ignores the science, and wants to collectivize the responsibility of the future potential dead and hospitalized on the US public.",7.0,Libertarian,2021-05-24 03:31:00
"Wrong.    
Pfizer did not accept government money to develop, test or expand manufacturing capacity under Trump’s Operation Warp Speed initiative. Pfizer partnered with the vaccine’s original developer, Germany’s BioNTech.    
    
https://www.politifact.com/article/2020/nov/19/pfizer-moderna-covid-19-vaccines-and-operation-war/     
&gt;Pfizer chose to risk its own money on vaccine research and not take federal funding in order to avoid bureaucracy and politics, Pfizer’s CEO Albert Bourla said. He said its investment so far was at least $1.5 billion.

&gt;""I wanted to liberate our scientists from any bureaucracy,"" Bourla told CBS in September. ""When you get money from someone that always comes with strings. They want to see how you are going to progress, what type of moves you are going to do. They want reports. I didn't want to have any of that.

&gt;""Basically I gave them an open checkbook so that they can worry only about scientific challenges, not anything else,"" he said. ""And also, I wanted to keep Pfizer out of politics, by the way.""    
    
The most private option is the best in this case. The best vaccine, the best results, the fastest timing, and the least side effects. This is a massive  free market win. People are just mad it makes Trump look incompetent. When every second counted, the world didn't have time for Trump's grift and politics, as noted by the Pfizer CEO.   
    
Further, if you actually read the agreement and how it is worded, there is a latency delay between the small first order and the rest at a then yet to be determined date(slowing progress):    
https://www.pfizer.com/news/press-release/press-release-detail/pfizer-and-biontech-announce-agreement-us-government-600    
    
https://www.cnbc.com/2020/12/08/covid-vaccine-us-declined-pfizer-offer-for-more-doses-says-scott-gottlieb-.html    
&gt;Under that July agreement, the government could acquire an another 500 million doses.

&gt;“Pfizer did offer up an additional allotment coming out of that plant, basically the second-quarter allotment, to the United States government multiple times and as recently as after the interim data came out and we knew this vaccine looked to be effective,” said Gottlieb, who previously led the FDA in the Trump administration from 2017 to 2019.     
   
-----------------------------------
      
https://www.msn.com/en-us/news/us/first-covid-19-vaccine-given-to-us-public/ar-BB1bUDkJ    
&gt;A nurse in New York was among the first to receive the shot, and health workers throughout the U.S. were also set to receive the newly authorized vaccine developed by Pfizer Inc. and BioNTech SE. Pfizer shipped vaccine vials out Sunday, and hospitals and health departments across the country received them early Monday.     
     
THE FIRST. THE BEST. THE MOST PRIVATE.",15.0,Libertarian,2021-05-24 03:32:59
"I have no idea if he is telling people to get vaccinate. Im pretty sure he was against giving it to people who have already had covid. Or maybe it was someone else. 

Trump loved the vaccine, it was made during his presidency. Trump was super amped on the vaccine.",-1.0,Libertarian,2021-05-24 03:37:28
"The federal consitution out weighs the state. That is the current set up. 

There is 0 evidence that masked worked at there was no massive dip in covid numbers when we all started wearing them. 

Also texas and florida ended lockdowns before the vaccine . Why didn't their numbers spike? Like astromically?

Why do you communicate like such a stuck up cunt?",1.0,Libertarian,2021-05-24 03:40:17
He recently stated on the Senate floor that he already had covid and has the antibodies. Doesn't see a need for the vaccine for him personally,1.0,Libertarian,2021-05-24 03:53:29
But he got covid last summer. He doesn't have the same level of protection as the vaccine if it has been that long.,1.0,Libertarian,2021-05-24 03:54:14
"I agree with you idealistically, but when you think of the average American I would bet between some just not bring smart and a awful education system in some parts of the country, most cannot even research this on their own.  I don’t mean building a lab or getting a PhD in biology.  

First, many don’t know how to vet websites properly, and second, they might try
Trust sites that do not reference any data.  I don’t think you’re wrong, but the science says if we don’t get enough people vaccinated, more people will die from Covid, and there will be greater and greater chances for variants that could be more deadly.

On the other hand, we have a vaccine that has thus far been proven effective and safe, and that if we get enough of the population to take it and get vaccinated, we can not only stop the virus but also get back to normal.  

Yes, the vaccine went through faster than normal, but there was extenuating circumstances and in the end the pharmaceutical companies voluntarily chose to stick with a more rigid trial than required by law because they knew if doubt crept in that could kill the vaccinations.

I think Rand Paul is just being a dick about not taking the vaccine, and not because he fears the long-term consequences.",0.0,Libertarian,2021-05-24 04:04:32
"No recommendation for people to take the vaccine.  No emphasis on safety, just the distribution speed - creating the argument against safety.  One throwaway reference to safety.  This is more useful as an argument against vaccine safety than in support.

At the time (September 2020), there was no vaccine approved, so he had no evidence of safety.  

So, let's discard the bullshit statements from a President that repeatedly spoke out of thought, not fact.  This is evidence, but of the weakest kind.  Compared to the countless statements where he downplayed the risk of covid, this is a drop in the flood.

Give me something where he responds to anti-vaccinators.  Where he acknowledges that the vaccine is helpful in the fight against covid.  Where he recommends Americans that support him go get the vaccine.",7.0,Libertarian,2021-05-24 05:09:20
Good for him. I’m not either. Not because I don’t believe the vaccine works. I’m not getting it because I’ve had Covid recently and many people I know had worse symptoms from the vaccine than I had from Covid. Also it’s a form of passive resistance against those of you advocating for governments forcing vaccines on people.,9.0,Libertarian,2021-05-24 05:15:55
Are the chances of re infection different for people who received the vaccine vs those who had covid?,4.0,Libertarian,2021-05-24 05:30:11
"There is this.  I am going to start posting this everywhere, I suppose.  

[https://www.foxnews.com/media/trump-urges-all-americans-to-get-covid-vaccine-its-a-safe-vaccine](https://www.foxnews.com/media/trump-urges-all-americans-to-get-covid-vaccine-its-a-safe-vaccine)

I could criticize him for bitching about election fraud that is baseless, and not focusing on actionable things.  But at least there is some actual real statement out there.",4.0,Libertarian,2021-05-24 05:31:07
"Legit, I forget.

But I know I had covid, shit fuckin sucks.

I'm also fully vaxed because why not?

Worst case scenario, I have the same level of immunity. Best case, I'm safer from reinfection.

There's literally no downside unless you think you're the unlucky type who will catch an issue with the vaccine. THAT SAID, you should also get no OTC medicine since it has similar rates of hurting people.",2.0,Libertarian,2021-05-24 05:45:19
"I caught covid in February of 2020 and then again April 2021. Both times, I had very mild symptoms. I just kinda figure that now I’m immune for the foreseeable future, so I don’t really want to get the vaccine.

Though I have had people tell me I need to get vaccinated. I’m no doctor so Idk if it necessary, but intuition tells me I don’t need to be vaccinated for a sickness I just got over",1.0,Libertarian,2021-05-24 06:39:11
"So, to be clear, you ALREADY KNOW your body isn't going to make antibodies that will stop you from getting covid again simply from having covid, and that's the reason you don't want the vaccine, because you think you're immune.

My dude, that's some incorrect logic. If anything your body has told you that you AREN'T immune.",2.0,Libertarian,2021-05-24 08:17:22
It sounds to me like he is listening to the experts. Meanwhile you're listening to an eye doctor's opinion on viral pathology. Secondly no. Natural infection appears to have a viral immunity of somewhere between 3 - 6 months while the vaccine efficiency appears to be anywhere from 6 - 9 months. You have to understand there's a huge difference between a vaccination and a natural infection and how the body responds to it. Firstly the vaccine has absolutely zero covid particulates contained within it. It's designed as a primer to prime your bodies immune response in case of infection while a natural reaction is an actual infection with Covid. A vaccine doesn't stress your bodies immune response in the same way an actual infection does. He didn't give a valid scientific reason whatsoever because he has a fraction of factual data. In fact he's done nothing but lambast the scientific community led by doctor Fauci simply to cater to his constituents. This is coming from a man who was more than likely highly contagious working out in the Senate gym putting elderly people in harms way which directly violated their personal liberty.,0.0,Libertarian,2021-05-24 08:55:23
I saw data last week that we were number 2 worldwide in per capita COVID-19 vaccine adoption and number 1 worldwide in total vaccines administered.  We seem to be doing pretty well so far.,3.0,Libertarian,2021-05-24 10:43:50
"&gt;This sub literally had Chapo moderators for a time, not that long ago. If you've been on this site as long as your account, then I wouldn't expect you to know that, but there are a LOT of ""libertarian"" socialists who think this sub is for them.

Believe it or not, this isn't my first account and I've been here for like 7ish years give or take. There are almost exclusively Libertarian views expoused here with any level of love given to them.

&gt;It's free to everyone in the US. And there are side effects similar to the flu. Many people don't see the point of feeling like shit to prevent something that's similar to a cold, especially if they're immune.

Because death, ventilators, erectile dysfunction and permanent lung scarring are normal cold symptoms.... Oh wait...

&gt;And no, the chance for reinfection is negligible to the point of being non-existent. 

I mean, it's pretty common for non-existent,but okay.

&gt;You're straight up talking out of your ass and he has no responsibility to encourage anyone to do shit. They're adults. 

Yeah? Are they? Cause these are the same people who don't wear a mask unless an orange man tells them to. Sorry if I'm trying to push them to maybe help us hit herd immunity. But also, and this is important here, Rand Paul was elected to LEAD the country. Part of that is advocating for good things.

&gt;This is the dumbest reason I've ever heard. Vaccine side effects don't care how brave you are. 

I mean, your decision to get them is certainly characterized by it. Frankly if you're scared of covid vax symptoms you're weak and cowardly.

&gt;Rand is old by covid standards.

&gt;He's not even 60 and he's in great shape, so no he's not. Also, he already had Covid, and survived it just fine.

50 is old by covid standards you friggin donut.",1.0,Libertarian,2021-05-24 10:52:28
"True, but I would say you can require a basic understanding of operation or safety (license) for things that could kill others like cars or guns and anything that isn’t going to harm others have at it (fast food, drugs, whatever). 

I mean I’m not saying forcing citizens to take a vaccine is necessarily the right answer, but I would have zero issues with there being serious restrictions about what you can participate in if you’re not vaccinated.  Like if it’s legally mandated that you need to be vaccinated to fly somewhere, or enter government buildings, go to school, etc.  That way, you can not get vaccinated if you don’t want to, but you’re at least not going to harm those that are doing what they can to not catch Covid.",1.0,Libertarian,2021-05-24 10:52:44
"&gt;Well then you obviously have very little awareness, and/or you missed when the thing I literally just told you about actually happened. You are a very perfect example of how this sub is astroturfed. 

Or maybe I pay more attention to the content of subs than who's running them because I'm not an obsessive weirdo.


&gt;People still die from the common cold. 

Well no shit they do? Is it anywhere near 500k Americans alone in a single year when everyone is wearing masks and avoiding one another? Cause if not, then that's kind of a dumb comparison isn't it? You wanna measure how many people die from car accidents and stingray stabbings next? You know since we're equating two very different death counts and all and trying to equate them to one another.

&gt;No, it absolutely is not. No idea where you heard this but you should stop listening to them. 

From the several people I know who've been reinfected? I'll go tell them to alter their records to reflect your opinion.

To be clear, I'm not saying it's legitimately common, only that it's a higher risk than having any serious side effects from the vaccine.

&gt;Orange man implemented Operation Warp Speed, but sure go off on how his supporters don't want something he helped get out the door. 

I'm sorry think about what you just said. 

I mock a group for needing daddy to tell them something, and then you say ""but daddy GOOD ACTUALLY, now stop blaming kiddos for needing daddy"". Like damn, I'm consistent, I'm blaming the idiots who need their strongman fascist wannabe dictator for their inability to do things without him literally ordering them to do it. Having a vaccine is LITERALLY USELESS if people don't actually TAKE IT. That's like having a box of condoms in a drawer when fucking a prostitute.

&gt;We can't even hit herd immunity with very common illnesses like the flu. So your apology is not accepted because it's grounded in ignorance. 

I'm sorry, that's just legitimately stupid and you hurt my brain with it. Why do you keep comparing the pandemic we're going through with a cold like they're the same thing? We have more resources dumped into this and IF people complied we would in fact hit herd immunity. That's, how it works. You comparing it to something entirely different is a nonsequitor and annoying... Because it's dumb, and without context. 

&gt;No, part of that is advocating things his electorate advocates. Unless you live in Kentucky, that does not include your dumbass. 

Okay couple things. 1. He's a FEDERAL SENATOR so I am in fact part of the group that his decisions affect. 2. He should be reassuring his constituents that the vaccine is safe since the bulk of anti-vaxxers right now are Republicans and as a Republican doctor (albeit an eye doctor) they may actually trust him on this

&gt;It would be amazing if you had self awareness. 

Same brah. You're as aware as a cat lookin at a mirror.

&gt;Then you could reflect on the same exact logic being geared towards getting sick with Covid itself. But you don't so you won't. 

1 has a death rate, the other does not. Seems like simple fuckin math. But then hey, I have a first grade education.

&gt;No, it's not, dipshit. 65 and up are the ones who actually have to start worrying. And again, Rand, despite being in his late 50s survived Covid with very few symptoms.

Nah, 50 is. Sorry you're still bad at numbers. I hope you work using your body cause you ain't got much of a mind there rocky",1.0,Libertarian,2021-05-24 11:16:45
"&gt;That's not how it works

Well, it is most of the time, and neither getting the ""vaccine"" nor recovering from covid are clear to be effective yet. You're not ""vaccinated"" by such strict terms as you seem to understand if you get the shots.",1.0,Libertarian,2021-05-24 13:41:53
Because the immunity from having COVID lasts months or years less than the immunity granted by the vaccine.,0.0,Libertarian,2021-05-24 13:41:54
"&gt; ""he sees no evidence that immunity from the vaccine is better than the natural immunity he has from actually catching the disease"" which is a completely valid medical opinion

Its an opinion however its not currently accepted opinion. Looks more like having it is the equivalent of having one dose of the 2-dose vaccine.  And its likely if you had covid you only need one dose but there isn't enough evidence for it.  So err on the side of caution. He is grandstanding to say he wont take it to get attention and sympathy from trumpers and anti-vaxxers his motives are crystal clear.  If he wanted to help the nation he would get vaccinated to be on the safe side. and promote others to do the same.",1.0,Libertarian,2021-05-24 13:45:33
"Lol 👌 we need an annual flu shot but magically the covid vaccine is one and done? Not a single person has died from getting covid a second time. And if you're worried about variants, the vaccine doesn't protect against them anyways.",-2.0,Libertarian,2021-05-24 13:48:47
COVID is like having a more robust vaccine... with huge potential side effects,0.0,Libertarian,2021-05-24 14:49:54
"&gt;Again, my point is that calling out a public figure for openly making a choice you don't personally agree with because ""its a bad look"" for him to make is his own choice in the public eye is my problem

Again, no one's doing that. They're calling him out for making a choice and making it public *in order to make political gain*, not because he's simply stating it without ulterior motive. If anyone believed he (a) genuinely made that as a personal choice without consideration for its political impact and (b) openly stated it just because he was asked, without consideration for its political impact on him, then people wouldn't be criticising him in the same way 
 - although they would still have the right to criticise more generally if they wanted. Of the comments I've read, everyone criticising him doesn't believe in one or both of those things. You seem to be misunderstanding why people are criticising him.

&gt;I am also genuinely curious how your views translate to the flu vaccine.

First, no one is compelling anyone to do anything so you shouldn't really be sneaking those sentences into your comment(s). We're talking about whether it's ok to (a) criticise a choice, and (b) criticise a choice that seems to be more about political gain than anything.

Second, you might hear them criticising a politician for politicising their choice of whether to get a flu shot or not, that's the point.

Also, note, flu is *much* less deadly than Covid-19 so it's not easy to make direct comparisons even if the logic might be similar. Likewise, you'd find people's views probably change if Covid-23 has a 50 % death rate and is highly infectious - so my view of the flu jab is probably not so relevant here. But yes, if you take it to extremes then probably we all should get the flu shot too, to protect others. Yet I'm not a fan of taking things to extremes as where do you draw the line? To me it's a bit ludicrous to say ""deadly is deadly"" when nearly every disease has a non-zero mortality rate. The point is that, wherever the line might be, Covid-19 clearly seems to be on ""this"" side of it given the global health and economic impact it has had.

Edit clarity and typos",2.0,Libertarian,2021-05-24 15:31:12
"There was over a year in between being infected so I was immune for that period of time. The drug companies are saying people will need a booster shot after a year, meaning the covid vaccine also only makes you immune for a year. This is why I think there’s no real difference between getting covid and getting vaccinated.

I have pretty good reason to believe I actually was immune and not just lucky I didn’t get it. I live in an extremely red area with no covid rules, and I’ve not worn a mask or distanced since covid started and neither have 9/10 people in my city. Therefore, if I wasn’t immune, I probably should’ve gotten it several times if it really is as contagious as the government says it is.",0.0,Libertarian,2021-05-24 15:37:00
"
&gt;There was over a year in between being infected so I was immune for that period of time. 

I know a guy who's gf got covid and they made out. He didn't catch it. My point is, not catching it doesn't mean you're immune, it means you didn't catch it.

&gt;The drug companies are saying people will need a booster shot after a year, meaning the covid vaccine also only makes you immune for a year. This is why I think there’s no real difference between getting covid and getting vaccinated.

Because you're ASSUMING the BEST case scenario for natural immunity and the WORST case scenario for the vaccine.

&gt;I have pretty good reason to believe I actually was immune and not just lucky I didn’t get it. I live in an extremely red area with no covid rules, and I’ve not worn a mask or distanced since covid started and neither have 9/10 people in my city. Therefore, if I wasn’t immune, I probably should’ve gotten it several times if it really is as contagious as the government says it is.

Or maybe, and this is just me being me, you were immune for a shorter period, and then LUCKY.",1.0,Libertarian,2021-05-24 16:11:22
They should just give up. The vaccine protects people that get it. They need to realize that a mass vaccination to eliminate covid the way they eliminated Polio or small pox is just not possible in 2021. We are no longer mature enough as a people to act toward big goals.,5.0,Libertarian,2021-05-24 16:17:32
"We don't know how long [immunity lasts](https://www.nytimes.com/2020/12/05/health/covid-natural-immunity.html) from either, and boosters may be needed for the vaccine. People have been infected more than once, both with the vaccine and with natural immunity.

&gt;But there is a “massive dynamic range” in that immune response, with a 200-fold difference in antibody levels.

&gt;In people who are only mildly ill, the immune protection that can prevent a second infection may wane within a few months. “Those people might benefit more from the vaccine than others would,” said Bill Hanage, an epidemiologist at the Harvard T.H. Chan School of Public Health.",1.0,Libertarian,2021-05-24 17:14:22
Yes but they aren’t sure how long you’re immune. On top of that you’ll only be immune to probably the specific strain you got. I had pretty bad vaccine symptoms after getting COVID but that only proves how mild I had it. Vaccines will always give you more protection than an infection.,1.0,Libertarian,2021-05-24 19:21:53
People have died after recatching COVID. There’s still no reason not to get the vaccine even in his case. No matter how you cut it unless you have a specific vaccine intolerance get vaccinated,1.0,Libertarian,2021-05-24 20:29:10
"You’re fucking dense.... how you managed to meld those two ideas is beyond me. I’ve had vaccines, took the ones I had to to go to school. I get a tetanus booster when I’m due because I work around rust constantly and it sounds better than lock jaw. Prove to me this vaccine is safe and reliable. You can’t, the fda can’t, the vaccine manufacturers can’t. Their own papers prove that. My coworker almost died from COVID.. guess how they treated him? Ivermectin and hydroxycloroquine. He’s still kickin and also hasn’t had the jab. I’m not anti vaccine, I’m just not insane enough to get an unproven shot for something that I have a 99% chance of living through. Vitamin C, D and zinc work wonders... but hey to each their own.",2.0,Libertarian,2021-05-24 20:37:04
"Thank you for your medical documentation, though this has yet to be peer reviewed.

Id say that the definition of long term is the biggest variable in comparing this data to your original point. This study looked at various immune responses various points up to 13 months. While there were detectable antibodies, it also talks about the degradation of antibodies over that period of time. At this point we don't know how long the vaccines remain effective, but both the natural response and vaccine response in the body will fade over time. But Rand got COVID over 14 months ago, which is outside the range studied by this review. The data in the review would prove also that his immunity is greatly diminished. 

So again, thank you for the article, but it makes no comparison to the vaccine.",2.0,Libertarian,2021-05-24 21:40:31
"Unlike America, Canada doesn't have the supply to fully vaccinate their citizens willing to be vaccinated. When supply is available the US will fall far, far behind Canada based on first dose adoption rates in Canada. The US currently has a surplus of vaccine and is donating doses set to expire because there isn't enough demand. Evidence suggests the US is reaching its plateau in terms of vaccine adoption.

&gt;However, the lowest COVID-19 vaccine acceptance rates were found in Kuwait (23.6%), Jordan (28.4%), Italy (53.7), Russia (54.9%), Poland (56.3%), US (56.9%), and France (58.9%).

Lol if 6th lowest vaccine acceptance isn't significantly lower then others then we have a problem.",0.0,Libertarian,2021-05-24 21:44:50
"I am also on mobile, so I am not sure which person you replied after.  Perhaps that is not the person I am referring to, but the original comment I responded to specifically stated that it was wrong for a public figure to openly make this particular choice because it was a ""bad look"" and basically others might think it is ok to make that same choice about their bodies because Rand Paul did.  I agree with you that Rand Paul, like every other position, says things to appeal to his base.  You are raising a different point than the one I responded to.  You keep saying I don;t seem to get the difference between what you are saying (which I agree with) and what the person I responded to said (which I do not agree with).  I agree that we are completely free to criticize the choices others make, especially when made as a political stunt with potentially negative health consequences (I believe this is what you are arguing).  I do not agree that it is wrong for an individual in the public eye to make his own personal choice about what to put into his body just because others may see it and make the same decision.  That is what the person I responded to originally stated, and then you and others began making this different argument about being free to criticize people's choices.

&gt;I meant no one here is talking about mandatory vaccinations

I am here and I am talking about them.  I gave you links to them.  They are not hypothetical.  This is the problem.  You are saying private businesses should be able to exclude unvaccinated people if they choose, but nobody is making you go to those places.  As you said:
&gt;if those universities are private, then they’re totally entitled to require vaccination. As is any other private company

I completely agree with this and stated so previously.  The problem is that they are not private.  They are public state universities funded by the taxpayers and they offer cheap tuition to residents specifically because residents pay taxes to fund them and make them cheap.  Telling a resident student who has funded the school and attended for years that she cannot complete her degree unless she gets this vaccine IS forcing her to get the vaccine.  That is literally the government taking your money and then refusing you access to the services you bought unless you agree to this new condition.  The same argument is true for access to any of the state or federal buildings or services that are considering denying access to unvaccinated people.  You cannot say ""hey, this federal courthouse or public high school won't let you in without a vaccine, so just go find some other one that will"".  That isn't how publicly funded services run under a government monopoly work (which is precisely why libertarians prefer private service providers that offer choice for your money).

&gt;the actual discussion - which is whether it’s ok to criticise people’s decisions, particularly if they’re political decisions.

No, this was your argument that I never opposed.  I am 100% in favor of freedom to criticize, as stated above.  I am opposed to the notion that public figures are wrong for making their individual decisions known, as per the ""bad look"" argument I originally replied to.

&gt;making direct comparisons in the context of the point you’re trying to make a bit silly as I’ve already stated covid is clearly this side of “the line of whether people should choose to get vaccinated” even if I can’t tell you exactly where the line is.

Apparently your line is greater than 61,000 deaths per year.  That is a pretty strange and arbitrary line to draw for when we need to start caring about vaccination efforts.  I don't think ""I only start caring about this issue when hundreds of thousands of people die, rather than several tens of thousands annually"" is much of a foundation for your argument.",1.0,Libertarian,2021-05-24 23:28:32
"Criticism is your first amendment right, especially if it is a public official. And yes, I would hope a public official would take a more responsible stance. But he’s also already have COVID, so arguably he has antibodies. If I was in his position I would probably get the vaccine.",1.0,Libertarian,2021-05-24 23:56:05
"I was led to believe that the vaccine is about 90-95% effective and affords a herd immunity if taken up by everyone who can take it. About 1 in 300,000 people get fatal blood clotting from Astrazeneca's vaccine, which is better than the mortality rate of COVID. Pfizer's vaccine seems to be better. What is your take?
  
I understand your reservations about it but there is a case for taking the vaccine.",5.0,Libertarian,2021-05-25 00:12:38
"The covid vaccines are receiving the same research as the rest. Part of that research will be controlled injections of children. They did the same with every vaccine ever. Your dumbass jumped down my throat for supporting vaccination. Fuck you and all that you stand for you ignorant piece of scum that even dogs wouldn't touch.

Cry victim all you like but you need to face reality and if your child suffering a bout of whopping cough sets you straight they will live a better life. We both know that most children will suffer higher risk illnesses that aren't yet preventable by vaccination.",2.0,Libertarian,2021-05-25 00:41:01
"&gt;It pisses me off that Trump and his family got vaccinated in secret and didn't tell anyone.

[https://www.webmd.com/vaccines/covid-19-vaccine/news/20210317/trump-urges-americans-get-covid-vaccine](https://www.webmd.com/vaccines/covid-19-vaccine/news/20210317/trump-urges-americans-get-covid-vaccine)",1.0,Libertarian,2021-05-25 00:56:39
I fucking KNOW it has. You dumb fucks who don't know what the fuck you're talking about make this world a worse place. Every single fucking step taken to ensure the safety of a vaccine has taken place in the development of the covid vaccines. Just because they didn't sit on shelves for 6 years while the researchers begged and scraped for funding and filed thousands of unnecessary documents to keep them on hold doesn't make them unsafe. Fuck.,1.0,Libertarian,2021-05-25 01:19:27
"Well maybe if COVID produced welts all over the body and killed 30% of those infected, more people would be motivated to get the vaccine.",3.0,Libertarian,2021-05-25 06:16:33
"Here's a news article about it from CNN:

[https://www.cnn.com/2021/04/07/us/covid-vaccine-passport-explainer/index.html](https://www.cnn.com/2021/04/07/us/covid-vaccine-passport-explainer/index.html)

From the article:

&gt;Just like a national passport, a vaccine passport could allow the bearer entrance to a venue, like a crowded concert, or a foreign country that demands proof of vaccination in addition to a visa and valid national passport.

\^ they'll be able to use it as a digital database to see where everyone is at any moment.  It leaves a data trail, that is a fact.  The news story is propaganda attempting to normalize acceptance of it before they roll it out. Literally, here you go there it is.",0.0,Libertarian,2021-05-25 14:04:05
"I think the argument with the regular flu and Covid is similar, but to me at least, the big difference lies in that we can take steps to prevent the “common” flu.  Yes, it’s dangerous, and for those who die from it through no fault of their own, I do feel bad for them.  I don’t really have much sympathy for those who *can* get the vaccine, choose not to, then die from something very preventable.  If every kid in school has the ability to get vaccinated against the flu, then they are protected and that’s why I don’t think there’s an uproar over it.  I think if the vaccines we have now work just as well against Covid as our normal flu shots work against the flu, I don’t think masks should be required (just my 2 cents).

As for the homeschooling, again, I think that’s less of forcing someone than coercing (provided they have an option).  I don’t know what the bar is for being able to homeschool a kid, but from what I understand in some states at least it is VERY flexible, so I don’t think you need a post-doc or something like that.  Hell, one of my friends and his wife homeschool in Florida, and neither of them even have a bachelors degree if I remember correctly.

I think my main belief/point is this: if you want to be part of civilized society then there are compromises you need to make.  I am clearly not in charge of anything, but my olive branch to those who wish to not get a vaccination during an unprecedented viral outbreak would be to wear a mask (if that provided enough safety).  If everyone else can take adequate precautions and the individual not wearing a mask or getting vaccinated doesn’t make the situation worse, then have at it.

At this point I just don’t see any good argument for someone not to get the vaccine.  It’s been proven safe, the coronavirus has taken millions of lives, and it’s being offered for free (and in some cases, they are rewarding people).  If a virologist decided they didn’t want to get the vaccine, I could see why and would listen to their reasoning, but the vast majority of people don’t really have a clue as to the nuance of biology and need to rely on experts/scientists.  

Sorry if I got off track there, but to respond to another point of yours, I don’t have kids and pay taxes for schools.  It don’t bother me though, because even though I am never going to use them (not ever having kids), it’s still a worthy investment.  Same with healthcare.  I am not sick right now, but I will be one day.  

There’s an old argument about this (I.e. taxes/society) that us basically: what if you don’t want to pay taxes for the fire department and your house catches on fire?  Should the fire department just show up and then watch your house burn and the people inside die because you opted out?  It’s not a perfect system by any means, but again I think that’s what a civilized society has to deal with- you might end up with terrible leaders who piss away your taxes, or you might get some that can really build things up for all to enjoy/your advantage of.  Not everyone will benefit from the services provided by government, but you’re never going to make everyone happy.  Someone might enjoy public art, others might not care.  Some might love the state/national parks, others might hate the outdoors.",1.0,Libertarian,2021-05-25 18:10:40
"I'm just kind of doing a back of the envelope estimate here, but a case of severe Covid in a Medicare patient could easily cost half a million for tax payers. Medicare patients are much more likely to get severe Covid because of their age. So the break even point would be about 10 cases. My guess is that a lottery like this is likely to prevent more than ten cases. But without a definitive study it is hard to say for sure. Another question: is it better than a 5 million dollar advertising campaign? I find that hard to believe. I live in Colorado and I'm very pro vaccine, but I find the idea of a lottery for the vaccinated funded by federal tax dollars a little weird to say the least.",2.0,Libertarian,2021-05-25 21:51:13
"Why a rural area, believe it or not, COVID is worse in rural areas:  they don't have ready access to health care, but they do all shop, eat, and pray in the same places and occasionally take trips into the city, where they don't take precautions.  They are open to getting sick and when they do get sick they don't get timely health care.

As for the ""its everywhere"", that's not true.  This is a problem for conservatives who have bought into the right wing talking heads notion that protecting themselves and others from COVID is some attack on their rights and not basic common sense.

You know, if they were only risking their own lives, I wouldn't care.  They are adults, they can die stupidly if that's truly their wish.

  
But it's not their own lives.   Every person who gets COVID risks allowing it to mutate into a version that is worse.  Right now the vaccine works most of the time, but these assholes are going out of their way to give COVID a chance to break through.",6.0,Libertarian,2021-05-25 22:01:05
"I think my state,at least, has reported deaths in the single digits, as virtually no-one has died...
Are you sure about the human body's ability to become long-term resistant to Covid-19 after infection? From what I've heard, immunity does last, but surely not for over 20 years, especially with older, different SARS strains. For a while there academics were circulating that you only keep resistance for a few months (which might've been disproven, considering the vaccine is working)
There's also evidence emerging that the UK strain can lie dormant in the body and cause things like organ damage long after the infection.
Yes, if you are young, your chances go down, but 500,000 deaths in the U.S is a severly large amount - surely you would admit that medical infrastructure around the globe was and still is severly overloaded. The economic burden on India is a case-in-point here.

Don't get me wrong, however. You make a valid point about the power to lockdown setting a precedent...It's just a health and safety concern for me. Especially with the elderly and people who are immuno-compromised. That's why I think the sooner we all decided to get vaccinated, the better, as it makes it harder for the state to justify a lockdown in that sense.",1.0,Libertarian,2021-05-26 02:59:16
"You fucking idiot.  43 states at some point in the pandemic issued stay-at-home orders which forced businesses to shut down.  Nearly every state had a mask mandate at some point.  Nearly every state had restrictions on businesses, especially gyms, restaurants, and entertainment industries.  In addition OSHA threatened to fine any business into the ground if they didn't ""protect"" their employees by following nonsensical CDC guidance.

People aren't ""afraid"" of going out.  They simply don't want to go out for anything less than normal.  I stopped going to bars last fall not because I gave a flying fuck about COVID, but because I didn't want to deal with the state's moronic restrictions.  There is no point in going to a bar if I have to stay seated at my table and can't interact with anyone aside from the 3 people I came with.  At that point I'd rather just drink in my basement.  Likewise when sports started to come back, I refused to go to them not because of any fear of COVID, but because I don't want to wear a mask outside for 4 hours and deal with sanitation theater.  

The millions of people in the entertainment industry who lost income last year didn't lose it because people were ""afraid"" of going out.  There is plenty of demand for these industries, but no supply due to government restrictions and the fear of lawsuits (insurance rates are driven up based on guidance issued by the CDC, so it's indirectly the government's fault).  [71,000 people recently attended a boxing match in Texas with no mask or vaccine requirements.](https://sports.yahoo.com/canelo-alvarez-billy-joe-sauders-fight-att-stadium-dallas-cowboys-indoor-boxing-attendance-record-coronavirus-covid19-pandemic-035718870.html)

If the government implemented zero restrictions and those restaurants still closed, I'd be willing to say they closed because people were afraid.  But the reality of the situation is that even in states without restrictions, the federal government was still able to strongarm most businesses into complying with restrictions to some degree, which ended up affecting their bottom line, and in many cases meant the difference between staying open and bankruptcy.  If you don't see that, you probably shouldn't be hanging out in /r/libertarian.",1.0,Libertarian,2021-05-26 15:53:32
"I'm not against abortion, or the vaccine, I just don't believe it's an apt comparison. An abortion is a guaranteed willful killing of a living organism whether you agree with why it was done, while not getting vaccinated can create a potential risk of infection, but nothing at all could happen. Most people that choose not to get vaccinated might be uneducated, stubborn, or biased, but I hardly believe they are out to deliberately kill others. Also, isn't herd immunity based on people getting sick, then developing a natural immunity, regardless of being vaccinated? Paul already got covid so he has a far greater resistance to it already than most people his age. He has contributed to herd immunity already if that is the technical definition.",1.0,Libertarian,2021-05-26 16:41:18
Its [already](https://www.cnbc.com/2021/01/12/covid-mutations-all-the-major-strains-we-know-about.html) mutating. Vaccinated will already require semi-annual [boosters](https://www.cnn.com/2021/05/22/health/covid-19-vaccine-boosters-explainer-wellness/index.html). So...?,1.0,Libertarian,2021-05-26 18:56:53
"Good stuff.  Really feel like the US is offically moving past this pandemic and I hope the distribution can pick up pace in other countries.  If you're an adult who dies from Covid past this month, you're either really unlucky, or it's your fault for not getting the vaccine.",25.0,Libertarian,2021-05-26 20:54:50
If a healthy person dies from covid... it wasn’t covid lol. I think it’s bazaar so many healthy people who would be asymptomatic are risking a vaccine that isn’t proven... AAR .84 for phizer so I’m 1 percent more at risk of allergies lol.,-34.0,Libertarian,2021-05-26 23:19:34
"There is a case for criminalizing intentional spreading it's just hard to prove. 

For Covid they can take the vaccine themselves. This doesn't seem like a major issue.",3.0,Libertarian,2021-05-26 23:48:07
"Not true. There tests ongoing right now for each age group in trial. Not that you would read it but heres a great article with both pro and con viewpoints for a childrens shot or mandate. Many othe the professors including those at Tufts who say its not warranted. Yet you, the ignoramus spade caller would do it. 

https://journalistsresource.org/health/covid-19-vaccine-in-children/

 0.1% to 1.9% of all child COVID-19 cases in the U.S. resulted in hospitalization.

Under 2% of covid cases in children and adolescents require hospitalization. Thats lower than the flu. Yet you would mandate opening everyones children to injury to save your own skin. Force material into peoples bodies against their will.

You are not a libertarian.",0.0,Libertarian,2021-05-27 02:07:49
"&gt;I am a nurse.

No, you're not.

&gt;The people who can't be vaccinated probably already had it.

Or they're allergic or a vaccine is otherwise contraindicated.  People who already had covid can get vaccinated.

&gt;Either way, they go out into public, they accept the risk.

....which would be much less if the people who can get vaccinated do.

&gt;Children for instance, has a 0.00001% mortality rate, the only real group that can't be vaccinated.

Well, children, people with some autoimmune diseases, the immunocompromised, people who are allergic

But I guess their lives don't count?

""Nurse"" LMAO *maybe* you're a CNA.",1.0,Libertarian,2021-05-27 02:11:10
"&gt;Or they're allergic or a vaccine is otherwise contraindicated. People who already had covid can get vaccinated.

So we should fuck over an entire generation of children because a handful of people were told they shouldn't get the vaccine. If you had covid you don't need the vaccine. If you were in the medical field at all, you'd know this.

&gt;which would be much less if the people who can get vaccinated do.

People who don't trust the vaccination shouldn't get it. The individual is supposed to worry about their own safety, not everyone around him should accommodate their needs. You aren't even talking in general. You are literally talking about shutting down 320 million people for a couple thousand.

&gt;Well, children, people with some autoimmune diseases, the immunocompromised, people who are allergic

Like I said, choosing a couple thousand over 320 million people. Now, we have effective treatment options, but the immunocompromised children should be fearing the flu more than covid. It's much more lethal.

&gt;""Nurse"" LMAO maybe you're a CNA

Says the chump who didn't even go to college.",2.0,Libertarian,2021-05-27 02:19:53
"&gt;So we should fuck over an entire generation of children because a handful of people were told they shouldn't get the vaccine. If you had covid you don't need the vaccine. If you were in the medical field at all, you'd know this.

Who is fucking anyone over?  What?

&gt;People who don't trust the vaccination shouldn't get it. The individual is supposed to worry about their own safety, not everyone around him should accommodate their needs. You aren't even talking in general. You are literally talking about shutting down 320 million people for a couple thousand.

What are you talking about?

A couple thousand?  Seriously?  And you want me to believe you're a *nurse?*

#BWAAAHAHAHAHAHAHAHAHAHAHHAAHAHAHA",1.0,Libertarian,2021-05-27 02:23:24
"“Or it’s your fault for not getting the vaccine” oof, spoken like a true member of the cult of covid.

This sub really is a steaming pile of shit.",-15.0,Libertarian,2021-05-27 02:36:37
"1. The government admitted to lying about mask effectiveness.

2. Anti-Vaxers don't need to prove anything. The vaccine is not FDA approved and the manufacturers don't have any liability if they accidentally put poison in their covid vaccines. 

3. The goal is for Facebook and Twitter to control the narrative in it's entirety. It is sickening that people support them because they don't like what their political opponents have to say and want it to be shut down. That is until it happens to something that they support like the palistinians.",7.0,Libertarian,2021-05-27 07:21:16
"You should 100% think about a situation for yourself. That's a very good point. But part of that thinking should lead you to actual research (social media platforms are not qualifying research). That thinking should lead you to asking questions and seeking answers, not jumping to conclusions and making assertions.     
I have only one intro level course on the matter under my belt, and that course is now 20 years out of date... yet here we are and you're asking "" If it already existed out in nature then why didn't it become a pandemic before?""  
That rhetorical question displays a complete and total lack of understanding about virus mutation and evolution.   
Why do you think we don't have a vaccine for the common cold?   
Because it's not caused by a single, recurring, virus. It's a number of viruses that are constantly mutating and evolving.   
Most flu viruses that humans have ever experienced already existed among other animals but were unable to survive, or have an impact, in a human host... until a mutation. Then you have a virus spreading through a population with no prior antibody resistance/immunity.  
In 2009 when H1N1 (swine flu) was making the rounds, very few young people had any existing immunity but nearly one third of people over 60 had antibodies against the virus... likely from exposure to an older H1N1 variant in their lives.  When a new variant evolves that is dis-similar enough that existing antibodies don't respond, then we are at a risk of a pandemic depending on how contagious the new variant is. In Covid-19's case, it's very contagious.      
  
This seems like a real dunning-kruger scenario. I know just enough to realize that I am incredibly underqualified to speak authoritatively on the matter, but you clearly are lacking a fundamental basic level of education on the topic, but feel fit to make assertions on the topic while accusing any authority on the matter  of being a ""lier"".   

I strongly suggest you pick up some intro biology or epidemiology books at the city library and just read a chapter or two.",8.0,Libertarian,2021-05-27 14:12:01
"Not really. All the mainline covid/vaccine disinfo is coming from a small group of influential people. It's common people that share it, but the press has traced the vast majority of the roots to certain people that could be banned by moderators and purge a majority of blatantly false and manipulative posts.

Look what happened when trump got dumped by twitter and Facebook.",2.0,Libertarian,2021-05-27 18:47:35
"Because I feel bad for your Facebook, Twitter and r/politics mushed brain. The vaccine makers are attempting to receive FDA approval this month. https://www.cnbc.com/2021/05/18/covid-vaccines-what-full-fda-approval-means-for-you.html

You can't sue the manufacturers for any reason which is a first.

https://www.cnbc.com/2020/12/16/covid-vaccine-side-effects-compensation-lawsuit.html

You are welcome dumb fuck",0.0,Libertarian,2021-05-27 19:34:35
"What makes you think he had anything to do with that?   That system was in place before he got there.  

Trump’s the guy who said that covid was the like flu and that wearing a mask and social distancing was unnecessary.  He declined buying enough vaccine to actually cover people. He’s the one who didn’t bother to create a vaccine distribution system so people had to wait until Biden got into office.  

We got the vaccine despite Trump, not because of him.",2.0,Libertarian,2021-05-28 00:12:50
"But that isn't what Cotton was doing. He is just speaking on fox news.

The individuals who were in labs developing a vaccine for covid were in the labs....not going on fox news speculating about vaccines. What Cotton is doing is not ruling out a lab leak.",8.0,Libertarian,2021-05-28 14:57:29
"Is that really all you have to go on anymore?

""Oh no, a business is trying to protect it's customers health and safety! What about my privacy? My right to willingly choose to be a spreader of an airborne disease?"" 

Covid is real. The vaccine is safe and effective. Once approved by the FDA, it will be mandatory for certain things. Move on.",20.0,Libertarian,2021-05-28 16:18:47
"How about if they simply require either proof of vaccine or a negative COVID test (within a certain timeframe of boarding)? Would a testing option satisfy libertarian ideals?

I ask because that’s what a lot of colleges are planning for the fall.",0.0,Libertarian,2021-05-28 17:00:17
"I think there is a pretty good parallel between getting a vaccine and carrying a firearm. 

Is it somewhat inconvenient and potentially dangerous? Yep.

Is either necessary for you to live your life? Not really. The risk of you personally dying from COVID or from violence is relatively low.

Might it help preserve your life or other people’s lives under certain circumstances? Yeah, that’s the whole reason to do it

I know that it’s not a perfect comparison. I don’t know of any business that requires you to have a gun to enter. It’s just interesting that a lot of the people who think one is rational and justified think the other is completely unnecessary.",5.0,Libertarian,2021-05-28 17:06:38
