comments,score,subreddit,time_created
"You’ve met anti vaccine people before COVID too, but you probably weren’t wearing a mask and weren’t concerned about them. 
Do you have a Hep B vaccine, does everyone around you? How about TB?

Outside the area of vaccines, are you a good driver? Is everyone around you a good driver? 

How about food. Is all your food natural? How certain are to that there aren’t parasites in them?

You’re always at risk of others. You’ll never be certain that someone else isn’t going to hurt you. Living comes with inherent risk.",4.0,AskReddit,2021-06-04 21:44:03
"Nearly my entire family is both anti mask and anti vaccine, despite my uncle having Covid at some point.",-3.0,AskReddit,2021-06-04 22:45:29
"We have trillion or more dollars in debt and since 99.9999999999% of us are idiots we also have the highest covid rate, and anti vaccine people",0.0,AskReddit,2021-06-05 13:34:09
"Not getting vaccinated (not just for COVID) is really dangerous. Not just because you’re more susceptible to getting a disease, but are also more susceptible to spread it to other people who can’t get vaccinated (often they’re the ones most likely to die from the disease too). Many common diseases in the 20th century are more deadly than people realize. Measles for example hospitalizes one in every 4 people who get it. Meaning if nobody got vaccinated and just ran around our healthcare systems would almost instantly get overwhelmed. There used to be only 30-100 cases before the anti-vax movement gained traction, 2014 saw over 600 cases. The MMR vaccine is over 90 percent effective, so if you get vaccinated you’re saving about 3 people from getting hospitalized because on average you spread measles to about 12 people. We have a preventative cure that requires little time or commitment, and it’s imperative that people realize the implications of not getting vaccinated.",10.0,AskReddit,2021-06-06 03:12:39
Let me clear something up I’m not talking about the covid vaccine I’m talking about anti vaxxers opinion on vaccines I’m general,1.0,AskReddit,2021-06-06 15:01:23
"I never said there was no chance it would be effective I mearly said there's no way you can really know how it'll play out given the time frame. A typical vaccine can take 10-15 years to complete. So for instance your standard flu vaccine had years and years of research and up to now a few decades of real world applications. You can pretty much bank on knowing what will or won't happen at anytime. Shit if
I took the same vaccine every year i could tell you how I'm gunna feel the 3rd week of the 2nd full month after the 2 week period it takes fully incorporate into my system. Obviously that's a made up timeline cuz I have never had a flew vaccine. The last time I got sick was over 12 years ago and it was bronchitis for a week. I can't remember ever having the flu and I'm 36. I don't ever get sick from anything anywhere. So now take covid vaccines. They started them 17 months ago. The jammed a ton of people on it to rush it which can't be good. Not saying there are definitely mistakes made but logically there will be. They claim have done 3 trial periods at 6 months each. That's 18 months and yet they started 17 months ago. They either sped up the trials or everyone taking it now is the damn trial.  Typically they are 2 years each. So you can with certainty tell me how 300,000,000 million people are going to handle a virtually unknown vaccine with such little data? No fuckin way. You can't even know percentages of people that will never get sick, get sick and die quickly, get sick and die slowly, or not get sick after vaccination. And most relevant to me personally anyone who has had it, had it and been vaccinated, had it, got vaccinated, and got it again: I'm undoubtedly a bazillion times safer without it right this moment cuz I've never had it. I can't even have a 0.1% chance of spreading it or it killing me without ever having it. If I were to catch it tomorrow I would consider getting the vaccine cuz yes it's likely going to be successful with the money dumped into it  but we still don't really know. I may never catch it. So until there's some solid evidence that you're without a doubt significantly safer with it and absolutely risking death without there is nothing to say it's safe or effective. I'm not anti vax in any way I just am not buying into this bullshit like everyone else.  They could be feeling you fuckin arsenic and everyone is smiling an thanking them for it!",1.0,AskReddit,2021-06-06 17:20:10
"My mom HAS medical experience, vaccines take YEARS to make to fully take on a virus

And the covid vaccine took a supposed what 6-8 months to develop?

Yeak. Fuck that. And aren't there side-effects or something? On top of that I have my own slew of medical problems. Don't believe me. THE STAFF AT THE ER KNOWS ME AND MY SISTER BY NAME. And not in a ""oh FnLn is here"", but in a ""ah shit, what happened THIS time"".

So this isn't coming from someone in an Anti-vaxx family, or a child of a Facebook mom (or at least the kind you're thinking of), this is coming from someone who has enough medical problems as is AND one with a mom that has MEDICAL experience.",1.0,AskReddit,2021-06-07 07:10:23
"Like the game Hatred but instead of just a random guy who hates everyone, it would be a person who believes that the covid virus isn't real &amp; after seeing inocent people being arrested simply for not wanting it wear a mask.. he would start hunting down &amp; slaughtering mask wearers, Karen's who bitch at anti-maskers, &amp; people who've had the vaccine. At the final level, the mission would be to blow up the CDC building.",1.0,AskReddit,2021-06-07 12:51:29
"I prefer working from home, avoiding the commute and the politics.

My Mom fell in the bank in February and hit her head, so they called for an ambulance.

I didn't know until she called me two days later from hospital. She said: ""They are telling me I've got cancer, and it's very aggressive. I need chemo right away, or I'm going to die, so I start chemo tomorrow.""

At the time the provincial borders were closed; I could not go and see here without written permission from two different provinces. Then, we needed a place to stay when we got there. My wife refused to get on a plane, and she insisted on coming, so that meant we had to drive. I'm a slow driver, for me it's a three day drive and in one province they weren't allowing anyone from outside to do anything except stop for gas and stopping to sleep could result in a very large fine. So I started trying to figure out next steps.

After about 10 days, the chemo is going well but I get a call from my Mom. She sounds drunk.

""I've had a schhhtrroooke."" she says. ""I'm completely paralyyyyzzzed on my left schiiidddeeee.""

They can't give her bloodthinners to break up the clot because of her medical state. 

So my uncle decides to go down.  He moves all her shit out of her house into storage, and sells her house for her which was a massive help. After that he is talking about leaving, so I start making plans to go down just to be around for her, and then the hospital bans all visitors. So even if I can get permission from the provinces to travel down there, they won't let me in anyway. It seems like it's kind of hard to find a place to rent right now because everyone from other provinces have moved there for cheap housing, or rented the cottages to stay for the summer.

I still have some sort of PTSD from the horrifying way that my father died over a decade ago; I thought it was gone, but it's come back, and this time it's worse. 

I feel like I was not happy being locked down but I was able to see a path forward through the lockdown. I was devastated when my Mom got cancer, but we had hope from the chemo, and then the stroke she had just emotionally fucked me up. My Mom is doing much, much better now, she is out of the cancer ward, she somehow dodged these bullets and started walking with a walker, she still can't use her left arm but she is mobile again; she just got a new apartment and will maybe be moving out of rehab into the apartment in a month or two.

I'm in a much better place but the PTSD is kind of bad and I'm still having some trouble sleeping, it's making my own health problems a bit of a struggle. 

On top of that, I feel like my wife and I have spent the past year and  a half being very responsible with the lockdown, we follow the rules, we are still quarantining our stuff and haven't been inside any private property or business since March 2020. We really want to get the vaccine but we want to wait a little longer, because it's only really been given out for the past six months so we'd like to see a little more safety data, I'm thinking in maybe Oct or Nov it will have closer to 12 months data and we'll feel more comfortable with going ahead. We're both working safely from home, so it's not urgent. Half the people we know are anti vaxxers, so when we say we want the vaccine they get angry, the other half are vaccinated when we say we want to wait a little longer for more data they think we are nuts, so we get shit on by everyone. We honestly feel that we're doing the best we can to be responsible with the information we have, but everyone seems to get very angry about this topic. I don't think it would be reponsible to make a decision based on pressure from other people. This should not be an emotional decision and I'm getting really tired of taking flak from everyone.  

I feel like working from home could actually make me far more productive, but instead my home is my prison, my wife is constantly in a state of fear and anxiety from all the death filled news, my family is divided and it has real implications. They all got in the car and took my mom for a drive together, I'm like okay I know she needed to get out of the hospital, but you took an immune compromised person and sat in a vehicle with them in the middle of a pandemic and you think that's wise? I can't really question them because they are all adults; they have a right to do whatever they like. But, when we first started locking down we were doing it for the elderly people and people in their age group and it turns out they don't really seem to get it or they don't seem to give a fuck, which makes me wonder why I have been locked at home for a year and a half. It makes it kind of just seem like it was all pointless.

I'm just so tired of talking about Covid. I don't care if it came from a lab what difference does it make to me? All I need to know is how to protect myself. We think it's aerosolized vapours, we think government recommendations are the bare minimum, think about breathing in the winter, you can see your breath for like six feet. If you're jogging, laughing, smoking it's more. So six feet distance in public is the bare minimum but everyone else thinks we're nuts, and they get angry. Everyone just seems so angry.

We're doing the best we can. Covid is kind of like religion now, everyone has to find their own path and just respect everyone else's decision; that's just the way it is.

I'm just so tired. I just want to see my Mom; that's all.",1.0,AskReddit,2021-06-07 18:52:00
"A girl who I went to high school with was extremely spoiled. We're in our 40s she still doesn't wash her own clothes or knows how to cook for herself. She's an anti-vaxxer and announced that she was going ""live off the grid to avoid being forced to get the covid vaccine."" Nobody's forcing her to do anything and she'd be smelly and hungry in less than 24hrs. There's no fluff and fold in the woods Karen.",1.0,AskReddit,2021-06-08 01:00:55
"And by the way I never said i was rejecting  the vaccine.  I'm just not getting it yet. My whole stance from the beginning was that it was developed too quickly to know much about it. And we still don't know much about it as it's still young. There is a reason vaccines are studied for 2 or 3 years.  How is this vaccine going to be in  a year ? or  2?or  3? We don't cuz it wasn't given the time to be studied.  I'm covid negative so I can afford to wait.  Never said I was anti vax, that was a petty assumption made by you. And none of the rest of your comment applies to me either.. I've been. Sick once in the last nearly 20 years. I'm not rejecting Medicine I just don't need it .  Even if I was anti vax the answer to why the vaccine and not all medicine. Is cuz we know all about other medicines since they've been around forever  and this vaccine is barely  a year old. It we had the time for the usual test period we wouldn't be seeing the vaccine for a year and a half atleast  but cuz it got rushed and  testing got skipped  you want me to just trust that someone in the doubled workforce under extreme stress to get it done yesterday didn't make.a mistake? But you'll jump right in blind. Who's the sheep now??",1.0,AskReddit,2021-06-08 03:05:02
Again just cuz I'm skeptical on this doesn't in.any way make me anti this or uneducated or whatever you were spewing earlier. I got my other vaccines as a kid. Inigo the.flu vac cuz I don't tt the flu anyways.  So since there's no guarantee I get covid without the vaccine and there's no guarantee the vaccine kee8s me from getting. As far as I'm concerned the difference isn't enough to matter,1.0,AskReddit,2021-06-08 04:43:25
"I’m planning on only getting one vaccine. I don’t trust it but if I get one of them, then people don’t complain that I didn’t get it but at the same time I don’t have to say I had both to anti-vaccinators 

It’s all political, the vaccine affects my life very little. I’m not worried about Covid and I don’t believe in tracking chips so the only reason I got the vaccine was to keep people happy.",1.0,AskReddit,2021-06-08 05:12:33
"You are precisely the kind of person I'm talking about. You're in another universe.

&gt;Not necessarily. 

Yes necessarily.

&gt;As COVID can be deadly to the very old and very young, the people in between are the main group who are anti mask. It doesn't really affect that group of people. 

Yes, morbidity rates are higher with the elderly and immunocompromised. That doesn't really have to do anything with the fact that it can still fucking kill you if you're a healthy 20-year old (https://www.worldometers.info/coronavirus/coronavirus-age-sex-demographics/), and even if it doesn't kill you, you could still spread the virus to someone who it would be more likely to kill. This is a total non-argument.

A *massive* percentage of older folks were anti-mask (https://www.ncbi.nlm.nih.gov/pmc/articles/PMC7561164/).

&gt;At this point though who's wearing a mask?

Anyone who hasn't had access to a vaccine, anyone going into a federal building, anyone in a city that still has mask mandates, and anyone who doesn't want to outwardly appear like a right-wing conspiracy theorist.


Not everything is an opinion. Best food ever? Let's talk opinions. But if you want to argue over whether a triangle has three sides or not, you're just delusional. There's no real room for anyone's ""perspective"" with this shit. Masks are good, vaccines are safe, and you're mentally ill or intellectually deficient if you think otherwise. Unfortunately, that appears to include half of the country.",4.0,AskReddit,2021-06-08 18:17:57
"It depends on the type of vaccines and also the individual. The right wing has more anti-COVID vaccine sentiment and they’re ridiculed for it, which is odd, because the lefties who make fun of them were explaining 15 minutes ago that meningitis vaccines for 5 year olds cause autism and aren’t “natural”. Jenny McCarthy and her blonde, bimbo cohort. 

I don’t even necessarily think the right is “anti-COVID vaccine” so much as they’d like a right to choose whether or not to get one and seeing as how the vaccine is so new compared to others, it makes sense to be a bit wary of it. I’m somewhat right of center myself and am vaccinated against COVID. It’s just extremely frustrating how obvious it is that this thing is overblown yet the minute you say “hey I don’t think porous masks are doing much of anything” or “maybe if you’re outdoors or in your car, a mask shouldn’t be worn”, people lose their minds. It’s all political.",4.0,AskReddit,2021-06-08 18:59:18
"My mother is anti-vax, she has threatened to kick me out of the house numerous times if I get the vaccine. I cannot afford to live by myself. I don't have anywhere else I can go.

I want to get the vaccine, but I'm afraid my mother will find out. My area (LA County) requires proof of residence (Name, Email, Phone, Birth date, HI Info, Photo ID, Proof of Residence).

1. I can't have mail sent to the house about me getting vaccinated, otherwise she may open the letters and find out.

2. I'd prefer not to be emailed, though I think I can keep any messages private.

3. I'm afraid she may see the spot of the injection. I may be able to hide it if it is high on the upper arm.

4. I've heard that some people have a bad reaction to the 2nd shot. I don't know how I'll react or if I can fake a different illness if I do have a reaction.

I'm afraid of catching Covid once restrictions are lifted and I'm obligated or forced to leave the house more (work, family events, etc). I don't know if the vaccination rate in my area will be high enough for herd immunity to be effective enough to rely upon.",1.0,AskReddit,2021-06-09 00:45:24
"My mother is anti-vax, she has threatened to kick me out of the house numerous times if I get the vaccine. I cannot afford to live by myself. I don't have anywhere else I can go.

I want to get the vaccine, but I'm afraid my mother will find out. My area (LA County) requires proof of residence (Name, Email, Phone, Birth date, HI Info, Photo ID, Proof of Residence).

1. I can't have mail sent to the house about me getting vaccinated, otherwise she may open the letters and find out.
2. I'd prefer not to be emailed, though I think I can keep any messages private.
3. I'm afraid she may see the spot of the injection. I may be able to hide it if it is high on the upper arm.
4. I've heard that some people have a bad reaction to the 2nd shot. I don't know how I'll react or if I can fake a different illness if I do have a reaction.

I'm afraid of catching Covid once restrictions are lifted and I'm obligated or forced to leave the house more (work, family events, etc). I don't know if the vaccination rate in my area will be high enough for herd immunity to be effective enough to rely upon.",1.0,AskReddit,2021-06-09 00:51:05
"My mother is anti-vax, she has threatened to kick me out of the house numerous times if I get the vaccine. I cannot afford to live by myself. I don't have anywhere else I can go.

I want to get the vaccine, but I'm afraid my mother will find out. My area (LA County) requires proof of residence (Name, Email, Phone, Birth date, HI Info, Photo ID, Proof of Residence).

1. I can't have mail sent to the house about me getting vaccinated, otherwise she may open the letters and find out.
2. I'd prefer not to be emailed, though I think I can keep any messages private.
3. I'm afraid she may see the spot of the injection. I may be able to hide it if it is high on the upper arm.
4. I've heard that some people have a bad reaction to the 2nd shot. I don't know how I'll react or if I can fake a different illness if I do have a reaction.

I'm afraid of catching Covid once restrictions are lifted and I'm obligated or forced to leave the house more (work, family events, etc). I don't know if the vaccination rate in my area will be high enough for herd immunity to be effective enough to rely upon.",1.0,AskReddit,2021-06-09 00:52:21
"besides the whole anti-anything, some people who are immunocompromised and can't get the vaccine would die from getting covid.  basically, we are still in quarantine so that we reach high numbers of herd immunity and don't kill those that cant become immune.",1.0,AskReddit,2021-06-09 16:41:03
"You are absolutely right. According to the world I am a crazy anti-vax Karen because I don't really want to get this vaccine. If I have to travel to some foreign countries and they suggest I get vaccinated for Hep-A or Dengue Fever or whatnot. No problem! First one to go and get them because they have been around for decades. They are also similar in the type of mechanism by which they prevent infection, the covid vaccine has barely been tested, no long term studies and a completely new type of vaccine. Not to mention you can still get covid and pass it on even if vaccinated sooooo not sure why people are so holier than thou that get it. 

I had covid, very very mild symptoms, almost asymptomatic basically. I will take my chances with the virus. Those who prefer not to, go ahead and get vaccinated, they will be ""protected"" from the virus.",1.0,AskReddit,2021-06-09 21:26:37
Eventually there will be a covid strain that mutates into becoming more deadly not just more contagious and all the vaccinated will be mostly protected and the anti vaxxers will start to get vaccinated and there will be a temporary vaccine shortage,0.0,AskReddit,2021-06-10 00:28:01
"Yeah I was following all the various subreddits about it in January and around February I got really sick before people knew what was going on and started to mask up, quarantined, and it was not covid, just a flu of some sort due to being tired, then it hit northern Italy (I live in Rome) and I knew it was going to be a long haul and we would get hit hard again in the autumn and winter like we did. I just kept telling people, especially my mom in the states who is glued to Fox News, to take this shit VERY seriously. Thankfully she actually listened to me and my brother and came out ok. I've been tested about 9 times and finally got my first round of the vaccine a few weeks ago. 

The year and a half of quarantine measures did take a huge hit on my psychological health but I am bouncing back finally. The general response and the anti-maskers made me so furious that I could scream.",3.0,AskReddit,2021-06-10 11:46:01
"Yup. My dad has a story of when he was a kid, he was playing keep away from his dog and his sister threw the frisbee a bit to high, and the family dog jumped up and took a big bite out of his face. 

Well he had a large laceration along his right eye down from his brow to the top of his lip, along with a large, deep cut into his eye, and had to go to the hospital. 

No anesthetics, no painkillers, they just strapped him to a table and did emergency surgery to save his eye and used large needles and surgical tools and poked around his face while he was crying and screaming and eventually he passed out for the entire surgery due to fear. He was like 6. 

Now he has a crippling fear of needles due to it, and it wasn’t really ever his fault. Took him an extra month to get the covid vaccine, not because he was anti vax, he really wanted the vaccine, just if he saw the needle, he’d pass out, so when he got the vaccine he had to be blindfolded both times. 

I know this is true because I had a procedure done to my shoulder when I was a teenager and my dad wasn’t able to leave the room in time when they began to give me an IV to sedate me for the surgery and the second he saw the needle he immediately fainted.",90.0,AskReddit,2021-06-10 11:49:58
"For clarity's sake, I'm not talking specifically about the COVID vaccines, but rather vaccines in general, particularly their alleged (and unsubstantiated) link to autism. Also, not trying to dismiss your personal experiences - you may be right and I may be overestimating - but my claim wasn't meant to be that these guys directly cause everyone who doubts vaccines to do so, moreso that their ""research"" served as a catalyst for the modern anti-vaccine movement, and did irreparable damage to people's trust in medical sciences in the process.",2.0,AskReddit,2021-06-10 16:42:05
"We lost a lot of idiots. My friend's nephew just died from covid last week. He was an anti-vaccine, anti-masker and he leaves behind 8 children",0.0,AskReddit,2021-06-10 16:42:23
"&gt; All current COVID vaccines are currently still in the testing phases.

That's like saying the concept of gravity is still in the testing phase. Yes, we keep doing studies to learn more about them. But that doesn't mean they would be uncertain/unsafe/whatever.

&gt; We have no idea the long term ramifications of them.

That is wrong. We don't have a long-term study, trivially, but that doesn't mean we would have no idea. We also have no long-term study about the effects of combining a red sock and a blue sock on cancer rates. Does that mean we would have no idea about it? Of course not.

There is no vaccine that ever turned out to have long-term effects without any symptom in the months after taking it, and there is no plausible mechanism for that either. This ""concern"" is purely an invention from the anti-vaccination crowd to scare people. You could bring up the same ""concern"" for every mundane action and it would be as nonsensical as for the vaccines.",-17.0,AskReddit,2021-06-10 16:58:19
Nope I meant you. Just change the vaccine to COVID and it’s exactly what anti mask people said a year ago,0.0,AskReddit,2021-06-10 18:17:09
"I feel like you're being intentionally obtuse to what he's saying. He's clearly talking about only the Covid vaccines and not the billions of vaccines given for billions of people over many many decades. He's not defending the average dumb anti-vaxxer. He's literally only saying that it's not crazy for people to be a bit worried about these vaccines as they were rushed through. Hell, the CDC even paused J&amp;J back in April because of the blood clotting issue before they were able to confirm it was an extremely small risk. Are you saying women who fit the range of people who might have potentially been affected by that had no right to be worried?

You can keep screaming that it's not unknown as much as you want, but it's objectively not true. While *extremely* unlikely, we do not have any data for these SPECIFIC Covid vaccines for more a year out. I was happy to get my vaccine, but I'm also not blaming anyone for being hesitant to get theirs.",4.0,AskReddit,2021-06-10 19:33:32
I actually almost died from the covid vaccine! Not some anti vax bullshit but had an allergic reaction and was hospitalized back to back due to it! Despite this I strongly encourage everyone to GET VACCINATED!!! Myself and one doctor in Michigan had this sort of reaction in the whole of the US. IM JUST ONE OF THE MOST UNLUCKY PEOPLE ALIVE!!!,1.0,AskReddit,2021-06-10 22:58:01
"https://www.healthline.com/health-news/who-can-and-cant-safely-get-the-covid-19-vaccine

This answers the percentage question. That group includes pregnant and breast feeding women and young children, but stoping this virus is going to help everyone, I don’t want to think of anyone dying of this illness, even if it’s because of their own anti vax stance.",3.0,AskReddit,2021-06-11 02:38:23
"Anti-Maskers, this was before no one really took covid that seriously and when it wasn't at large yet. But then my mom and step dad are now anti vaxxers and anti maskers because of the coronavirus. They don't want me to get the covid vaccine (but my real dad is letting me get it behind their back)",19.0,AskReddit,2021-06-11 15:47:01
"Conservative to liberal. Raised in a deep red state. COVID-19 is what did it for me. Even more troubling than the response to the pandemic under Trump, was the constant anti-mask and anti-vaccine stuff on social media. The US fumbled the bag in almost every way it could until the vaccine rollout.",0.0,AskReddit,2021-06-12 10:40:39
"yeah my friends one of them

&amp;#x200B;

they arent anti-vaxx but since the covid vaccine apparently has none of the actual virus in it(which is what most vaccines do so you can safely build an immunity) they thinks its changing their DNA or something.",3.0,AskReddit,2021-06-12 16:39:21
"Hi, USA nurse here. 

I've seen THREE 18 yr olds pass away from covid. Nothing wrong with them other than getting covid and their lungs couldn't take it. I've seen a middle aged guy who was training for a marathon get covid, he didn't make it. I saw a guy who was an anti vaxer and avid outspoken anti masker, him and his whole family. He, his wife and her parents flew to Mexico, came back to the states, she recovered but her parents and her husband are dead. I didn't take care of the parents they were flown to another facility and passed away there. 

I'm all for peoples right to refuse a vaccine but, with all due respect, you don't need to be immune compromised or even have Copd or elderly to have serious complications from covid. All of these patients died while on ECMO and a ventilator, most of them also on CRRT.",3.0,AskReddit,2021-06-12 17:07:07
"Interesting, 226 cases of heart inflammation (not disease, inflammation). Since we are talking about heart inflammation, here is a [link t](https://www.ncbi.nlm.nih.gov/pmc/articles/PMC7385689/)o a study from the National Institute of Health, regarding just that. It shows that THREE-QUARTERS of people who recovered from severe COVID have heart inflammation (independent of pre-existing conditions something the CDC data isn't). 

Now which seems like a greater risk 75% or 0.00015%? 

Also here is another article from the [NIH](https://www.nhlbi.nih.gov/news/2021/covid-19-and-heart-bounty-questions) that talks about the fact the even asymptomatic people are at risk for permanent heart damage (not temporary inflammation). 

Please stop grasping at straws to support anti-vaccine theory, actually look into the data before spreading rumors and threating peoples lives.",1.0,AskReddit,2021-06-12 21:02:30
"I assume you mean in relation to “covid vaccine”? Being reluctant to take this particular “vaccine” at this time does not make one an “anti vaxxer”. The current covid vaccines are still technically and practically speaking, experimental. And a vaccine that must be reaquired every year or so and does nothing for many people because they already have healthy levels of antibodies that can work well against any covid strains is just not that important IMO except for those making billions from the scheme. 

Talk to me after the vaccines have been in real world use for 18 months and ACCURATE data has been gathered, and I may or may not have a different opinion. But until then, color me very skeptical.",1.0,AskReddit,2021-06-12 22:09:02
"How dare you share your opinion!  Downvote.  The rollout has been reckless from a medical perspective, for example they wasted tens of millions of doses on people who’ve already beaten Covid-19 and developed stronger antibodies than any vaccine.  They’ll also stick patients in hospice, pregnant women and there were also zero trials that involved any people on immunosuppressants like me.  On top of that the CDC decided to stop tracking breakthroughs unless the person ends up in the hospital.  The long term safety guarantee is purely speculation at this point considering the vaccines and they trialed aren’t even a year old yet.  And no, I’m not an anti vaxxer I get my flu shot yearly and am up to date on the others.",1.0,AskReddit,2021-06-12 23:56:58
"What if the anti-vaxxer, is a doctor?

(I’m not anti vaxxer, but the recent spate of heart inflammation in men under 35 who get Covid vaccine is incredibly serious, and should be egarded as such).",0.0,AskReddit,2021-06-13 00:31:48
"Not an anti vaxxer. But my argument moving forward will be. 2020 and Covid showed us what happens when the world doesn’t have a vaccine for a virus we can’t control. How did lockdown affect your life, and is that how you want to live? If they decide to argue against this, they’re even dumber than we think.",2.0,AskReddit,2021-06-13 00:59:41
There are more groups than just the “antivax” groups pushing the anti COVID vaccine conspiracies in predominantly conservative groups.,65.0,AskReddit,2021-06-13 06:32:01
"If you are referring to covid vaccine then the reason I am not vaccinated is because I have epilepsy and I am waiting for it to be ""safe"" and don't mess me up more. 

My point is that some people have health problems and are waiting. Not everyone is anti vax and you shouldn't judge all people if you don't know they are healthy or not.",1.0,AskReddit,2021-06-13 08:03:32
"Why the whole world is locked down due to Covid.
Why they're pushing experimental vaccines.
Why they're manipulating data of the efficacy of those vaccines.
Why Dr. FauXi lied and prevented the use of hydroxochloroquine.
Why my mum who has been ill her whole life and always blindly trusted western medicine wants my 11yr old healthy sister to get vaccinated when studies show natural immunity is more effective in fighting Covid as the vaccine halts the bodies ability to naturally produce antibodies.
Why magnets are sticking to people's bodies after they get infected.
Why there isn't an ingredients list available to the public of what is in the vaccines.

I'm not an anti-vaxxer. Per-se.

I'm merely asking questions. If you get offended and can't have a calm adult like conversation about the pros and cons of the vaccine, then you need to peel back the blinkers and breathe.

EDIT: Typos",-9.0,AskReddit,2021-06-15 03:05:23
"So you really have no evidence of whether or not it causes problems... this is just similar anecdotal evidence that has caused people to believe vaccines cause autism. You don't know their medical history or even what they actually died from given that you probably don't have autopsy reports. There is a very small chance when injecting anything in your body, that it could cause problems, an air bubble can cause a heart attack. Plus doctors wouldn't lose their job if they had multiple patients die from the same vaccine and questioned its safety. Plus there are multiple companies making them. So who is the over arching authority that is keeping doctors quiet about this? Plus it doesn't seem like liberal vs conservative. Anti vaxxers seem to be on the extreme of both political parties. Though before covid it seemed like they were mostly the far left. Now it is coming from the right too. I understand your fear though. Very often things we don't understand can be scary.",1.0,AskReddit,2021-06-15 10:14:55
"It is not worth testing out but I'll humor you.  I'm fully vaccinated as is the rest of my immediate and extended family and across all of us we have gotten all of the vaccines.  None of us have become or ever were magnetic.  So with a sample size of 23, we have proven the claim of vaccine magnetism false.

I know of exactly two people claiming it makes you magnetic.  One couldn't make a spoon stick to herself when she was trying to in front of a panel and the other just made claims. 

https://www.youtube.com/watch?v=RRkaWQJFkBQ

Also, please don't think that I believe or support any of what you originally posted.  Here are my calm, non-offended answers to many of your questions.


&gt; Why the whole world is locked down due to Covid.

A mostly true statement.  There were significant pockets of people who never bothered trying to meet any of the lockdown restrictions in all regions of the world.

&gt; Why they're pushing experimental vaccines.

""They're"" pushing experimental vaccines because that's the only way out of the lockdowns.  And just because something is experimental doesn't mean it was unsafe.  When they thought the AstraZeneca vaccine might have caused blood clots they stopped administering it until they could do more tests.

&gt; Why they're manipulating data of the efficacy of those vaccines.

Do you have sources on this?

&gt; Why Dr. FauXi lied and prevented the use of hydroxochloroquine.

This is a clue that you're either a troll or Qanon and have invalidated your claim that you want to have a calm adult conversation on the subject.  Dr. FauCi was in an extremely undesirable situation.  As one of the foremost experts in the nation on infectious diseases he had to placate a boss who liked to spout off nonsense as truth and would say anything to make himself look better so that Fauci could still try to keep the NIH moving in the right direction.  As for hydroxychloroquine, the FDA authorized it's use in some cases for three months starting in March.  Trump's FDA revoked that authorization after it was determined to not be beneficial.  In another train of thought do you think that hydroxychloroquine manufacturers wouldn't have jumped at the chance to make billions off of an existing drug for COVID verses having to spend billions (before making it back) to develop a new drug?

&gt; Why my mum who has been ill her whole life and always blindly trusted western medicine wants my 11yr old healthy sister to get vaccinated...

That's between your mom and sister.

&gt; ...when studies show natural immunity is more effective in fighting Covid as the vaccine halts the bodies ability to naturally produce antibodies.

Do you have any sources on this?

&gt; Why magnets are sticking to people's bodies after they get infected.

Here's another Qanon/troll hint.  No one has become magnetic after getting infected but lets pretend for a second that people were becoming magnetic after catching COVID.  Wouldn't that be a huge win for the vaccine?  

&gt; Why there isn't an ingredients list available to the public of what is in the vaccines.

I don't know what you mean by this.  [Here is an ingredient list for all three vaccines.](https://www.nebraskamed.com/COVID/you-asked-we-answered-are-covid-19-vaccine-ingredients-public)  Please keep in mind that not understanding that ingredients doesn't make them unsafe.

&gt; I'm not an anti-vaxxer. Per-se.

Great!  I hope that I have calmed your fears over the vaccine by providing insight into you many valid (and couple off the wall) questions and that you'll get your vaccine soon.  The sooner everyone has it, the sooner we can put this all behind us.

&gt; I'm merely asking questions. If you get offended and can't have a calm adult like conversation about the pros and cons of the vaccine,...

And I'm merely providing answers.  I was in no way offended and believe I am having a calm adult like conversation about the pros of a vaccine (I only provided pros because you only provided cons).

&gt; ... then you need to peel back the blinkers and breathe.

And we're back in troll/Qanon territory again.",0.0,AskReddit,2021-06-15 21:21:14
"Stupid anti-vaxxers who don’t fucking know how science works who are stuck in their paranoia and narcissism-induced alternate realities. No, you don’t get COVID from the vaccine. Stop being a fucking petulant child and fucking help us get rid of this idiotic pandemic so we can avoid having to go into lockdown because your self-righteousness gave the virus time to mutate again. 

I don’t fucking care about “your right to choose”. You’re hurting the rest of us with your selfishness and entitlement and “personal freedoms”. Fuck your freedom. I hope the government puts vaccine passports in place (taking into consideration that some people can’t take the vaccine for medical reasons, of course) just so you can either be forced into being an adult or suffer the consequences like the children you are.

And if the government doesn’t put vaccine passports in place, I hope natural selection does its job and does it well. Let the vaccinated people survive, and those who willingly not vaccinate suffer and die. It’s just a shame that the morons with a deathwish will invariably drag innocents down with them.",3.0,AskReddit,2021-06-16 02:05:15
"have you heard about the belgian guy that stole a bunch of heavy weaponry and still hasnt been found yet, he is trying to kill a guy that made the covid vaccine cause hes an anti vaxer",42.0,AskReddit,2021-06-16 18:56:17
"being skeptical/against a COVID vaccine is not the same as being anti-vax in general

i've been on the fence on getting a vaccine for a while because it's still widely untested

i'd rather wait and hear about other possible long-term side effects the vaccine could have

yet if you try to say this, people get all righteous and stupid ""lol just go get the shot""

no, shut up

i'd rather make an informed decision than a 'scared' one",2.0,AskReddit,2021-06-17 02:29:31
"Everyone talk all at the same time.  

Say something racist or misogynist.  

Say something anti vaccine or anti covid or how it’s all a hoax.  I almost died from covid.  Shut up.",1.0,AskReddit,2021-06-17 03:06:31
"The only thing Ben Shapiro owns is the underwear he steals from his moms‘s dresser.    That miniature Hitler and Richard Nixon wanna be, pontificates, rarely gets to the point, and produces a bunch of word salad. He doesn’t own anything, I have yet to see one episode where he’s owning anybody.   That’s merely a fantasy of yours.   I also find it hilarious that he’s 5‘3“ tall.  It must be hard for people to take you seriously when you’re a Smurf

If you’ve taken a good look at yourself, then you need glasses.   The Trump supporters and the right are a bunch of hateful idiots. And if you fit into that category, so be it.   I have no pity for you, and if you are a Trump voter, you deserve all of this derision.  

Go ahead and show me any liberal folks that have actually done bombings of abortion clinics. I’ll wait.  Show me some pictures of liberal folks that have been engaged in mass shootings.  And how about liberal folks who have blown up buildings or are engaged in national domestic terrorism.   I’m sure you’re gonna find that any day

And then you have a whole bunch of Republicans who want to make laws small enough to fit inside a woman’s uterus. The entire right wing is obsessed with what people do in the bedroom. That’s not liberal, that’s Republican, and you own that.  

And then you have Republicans who want to jail women for having an abortion, and then you have Republicans who want to make it really difficult for liberals to vote. And they want to make it really difficult for African-Americans to vote and for Latinos to vote. What party is actually creating all of these restrictions around voting?  

Transvaginal ultrasound? That was a  Republican idea

And then of course you had the law that was passed to prevent people from handing out beverages and food for people waiting a long time in a line to vote. Hint those were Republicans

Covid hit and then you have a whole bunch of Republican governors who have decided that the $300 people were getting a week was too much and they canceled that, and a lot of those people starved.   

Remind me which president was it that said Covid was going to end anytime soon, by April 2020.  He is solely responsible for the death of 600,000 people. Had his ego not gotten in the way the vaccine would’ve rolled out, but he thought that it was bullshit and he convinced other people that it wasn’t a threat
That wasn’t a liberal president, that was Trump
 
And remind me, pizza gate was a liberal conspiracy? And the deep state exists? Who pushed that theory? And qAnon is a liberal conspiracy?   

The two billionaires of Chick-fil-A have funded through their foundations, lots of anti-gay laws. By the way the people who run the foundation are republican and both of those billionaires are Republican. They suggested initially the idea of passing the anti-gay laws. Chick-fil-A has been caught three times now lying about the laws they pass, and then everyone finds out it was Chick-fil-A


You are severely misinformed. I hope you’re able to pull your head out before you have children.   It’s like you’re still living in 1940.    You are not alt right, you’re merely alt crazy",-4.0,AskReddit,2021-06-17 06:06:44
"Anti Vax.

In the 4 month period of the COVID Vaccine, COVID vaccines have the most deaths added up from the vaccine than any Vaccine deaths from 1997-2013.",-2.0,AskReddit,2021-06-17 13:33:10
"Mate you're not anti vax. 

Anti vax is what it was prior to 2020. Being against the rushed covid vaccine does not make you anti vax. Don't let them put that in your head.",3.0,AskReddit,2021-06-17 13:54:28
"I'm anti covid vax. Because you dont need a vaccine for a virus with a 99.980% survival rate. The politicians shut down the country, not the virus.",0.0,AskReddit,2021-06-17 14:36:20
"Very pro-vax. For several reasons.

First and foremost, every single reason I've ever heard for anti-vax ideology, once you dig into it, is based either on misinformation or extremely over exaggerated concerns for the very few legitimate risks.

Second, unvaccinated people provide a breeding ground for viruses to mutate and potentially develop into strains that our existing vaccines are unable to stop. These people, by refusing to get vaccinated, are quite literally public health risks. And in the case of the Covid vaccine specifically every single one of them contributes to prolonging the pandemic.

Third, even if the risks of vaccines were anywhere near what anti-vaxers say they are, the risks of not being vaccinated would still be far, far worse. Before vaccines the childhood mortality rate was double digits. With vaccines, it's less than one percent.",1.0,AskReddit,2021-06-17 14:38:37
"No real data or ""the test of time"".
I need to be sure its 100% safe with no long standing side effects or health issues before I get it or allow my kids to get it 

(We aren't anti vaxxers. We are all upto date with everything except covid vaccine)",3.0,AskReddit,2021-06-17 20:50:42
I’m only anti vax for the COVID vaccine. I feel as not enough research has been done.,3.0,AskReddit,2021-06-18 14:43:02
"I could probably talk for 30 hours about anti tech theory, the new world order, covid vaccine bullshit, and just how evil society is",2.0,AskReddit,2021-06-18 19:21:20
"So, I feel like these questions just get asked to antagonize “anti-vaxxers” but I’ll answer anyways. I’m 26, never got COVID, and still won’t be getting the vaccine.

I’m not “anti-vax”. I’m anti-this-vaccine. The conditions and pressure under which is was developed makes it inherently untrustworthy to me. The economic and social pressure and incentive to push this thing out could have been great enough for these already untrustworthy pharmaceutical giants to sweep “small” concerns under the rug during development. Perhaps a facet of the vaccine has a 7% chance of causing X problem later in life, but it will delay the vaccine by 2 years if we try to go around it. I think that would have gotten swept under the rug. I already don’t trust our government or big pharma much to begin with, and this wasn’t a great time for a leap of faith, in my opinion.

I also thoroughly believe that I have the health and strength to fight off COVID like any other illness. I think it’s wild how harshly and desperately I am pressured into inoculating myself against my will. If I don’t want to shove chemicals into my body I don’t trust, that’s my prerogative.

EDIT: I believe in science, I have a biology degree. But I don’t believe in these *scientists*",1.0,AskReddit,2021-06-19 13:31:43
"My life was threaten by a friend, who was drunk I guess, she randomly started texting me why she not getting the covid vaccine. She believed the Bill Gates, mico chip thing.

I had tried to explain that the vaccine has been tested, explained the scientific method which she should have learned back in elementary school, and she should probably listen to medical doctors, not cherry pick from people that confirm her anti vax beliefs.

Apparently her vegan cousin knows more than medical doctors and wanted to fight me or kill me.",1.0,AskReddit,2021-06-20 17:05:23
"Thank you for the reply and info. I'm not anti-vax, but I haven't had the covid vaccine yet and am planning on getting it in the next week. I appreciate it! Glad it cleared up relatively soon and you're doing better!",1.0,AskReddit,2021-06-21 21:24:30
COVID denialism/anti-masking/anti-vaccine,6.0,AskReddit,2021-06-22 16:00:11
"Trump *was* anti-vaccine, as far as I know he changed on this in 2019 when there was a measles outbreak and supported vaccines during Covid 19. He once linked vaccines to autism on twitter.",4.0,AskReddit,2021-06-22 17:10:50
"I didn't get the vaccine when presented with the opportunity because I don't think we've had enough time to develop them. mRNA vaccines are completely unprecedented, they were rushed out, and they're being developed by companies with *long* lists of putting money over health - like how Pfizer knowingly sold medicine with asbestos in it because they'd make a lot of money from the sales even when counting in the 800+ million dollar in reparations. Thing is that they can't even be sued now due to the emergency status shielding them from lawsuits.


I'm not at risk for dying of Covid, but I am at a high risk of heart disease and stroke given my family history, and I've already had 1 family member be hospitalised for heart problems after taking the vaccine. 


I'm not anti-vax. I take every vaccination that has been researched properly for extended periods of times. I think that the whole microchip meme is ridiculous and nobody is becoming autistic due to vaccines - but when the inventor of mRNA vaccines, Dr. Malone, and a whole slew of doctors and researchers, including a nobel prize winner, are warning against the damages of the vaccine then I take note, to not take these warnings seriously, that based on data, would be anti-scientific. 


There's evidence suggesting that the vaccines can cause infertility, birth defects, and miscarriages in women. They're not harmless. I believe they can become nearly harmless one day but I'm not going to inject it into my body based on some fear of Covid. 


Yet when I voice these perfectly reasonable points people get angry and paint me as an unscientific villain or a crazed conspiracy theorist. I've always believed in ""my body - my choice"" and me not getting vaccinated isn't putting other people at risk. It's actually a huge concern that the virus is mutating *because* of vaccinations. 


I will definitely continue to wear a mask and use hand-sanitizer and practice social distancing, and I'm all for other people making the choice to get vaccinated, it is their prerogative afterall.


Cue downvotes in 3... 2... 1...",-2.0,AskReddit,2021-06-25 02:37:44
Romania: Do you sin if you get the anti-Covid vaccine? Is sex ed good(we don't have it yet)?,1.0,AskReddit,2021-06-25 11:53:09
"Because they are being told what to believe and are believing it. Everything anyone, who anti covid Vax, will say against this vaccine a pure talking point told to them by someone else. No independent thinking. Sadly, they are now just lemmings dying in hospitals.",2.0,AskReddit,2021-06-25 17:20:30
I didn't. I got every other vaccine just not this one. I know people who got the Covid vaccine and refuse to get a flu shot. That doesn't make someone an anti-vaxxer.,1.0,AskReddit,2021-06-25 17:32:19
"The Covid vaccine was designed to get rid of a secret Russian experiment that is living in our bodies.
Or that anti-vax literature is formulated by some foreign power to weaken the US.",1.0,AskReddit,2021-06-26 07:34:40
"The vaccine argument is a bullshit argument. Medically speaking there are very good reasons for certain people not to take it. Anyone with anti-bodies because they've had COVID shouldn't take it. Pregnant women or people with other risk factors shouldn't take it. Ultimately its a personal decision between every person and their doctor. 

To be clear, I've been vaccinated, but I have no judgement on anyone who chooses not to.",1.0,AskReddit,2021-06-26 07:55:31
"Oh yeah
We have anti vaxxers in the UK and our vaccines are free if you don't make a wage. 

They're still mostly scared vunerable misled people. Im not sure about the statistics everywhere but here only 9%  of the population are hesitant to get the covid vaccine.

But 17% of 16-29 year olds are hesitant, the highest unemployment rate is currently in this age group.
All the vaccine age groups over 70 only have a 1% rate of hesitancy towards being vaccinated.

44% of black people are hesitant, there has obviously been a lot of pro and anti black protests over the past 2 years.

16% of parents with a child between 0-4 are hesitant where as only 8% of non parents or parents with children over this age are hesitant.

16% of adults who live in the most statistically deprived areas of the UK are hesitant where as 7% of adults in the least deprived areas are hesitant.

There's a massive correlation between financial instability, stress and government trust and whether or not you are an anti vaxxer.

I do feel sorry for them",1.0,AskReddit,2021-06-26 10:00:57
"I want to get the vaccine but all of a sudden during covid my family have become huge anti vaxxers (they used to get all there shots done) but now all of a sudden with covid they have come up with a shit tone of conspiracy theories  like if you get it you won't be able to have kids

They have even claimed to have spoken to people who work at the hospital and say that they are not getting the vaccine and since they are medical professionals we should trust there opinions more.

But the people they have spoken to that work at the hospital are not even the scientists working on the vaccines like I'm pretty sure one of the peoeple they spoke to at the hospital which says they ain't getting the vaccine isn't even a doctor and is littlery an ear surgeon and my mum has littlery tried to hide my brothers vaccine letter from him.

They are likely trying to force me not to get the vaccine when even one of my friends and even a teacher of mine got the vaccine and had no side effects other than the 2 day illness.à",1.0,AskReddit,2021-06-26 13:24:15
"I want to get the vaccine but all of a sudden during covid my family have become huge anti vaxxers (they used to get all there shots done) but now all of a sudden with covid they have come up with a shit tone of conspiracy theories  like if you get it you won't be able to have kids

They have even claimed to have spoken to people who work at the hospital and say that they are not getting the vaccine and since they are medical professionals we should trust there opinions more.

But the people they have spoken to that work at the hospital are not even the scientists working on the vaccines like I'm pretty sure one of the peoeple they spoke to at the hospital which says they ain't getting the vaccine isn't even a doctor and is littlery an ear surgeon and my mum has littlery tried to hide my brothers vaccine letter from him.

They are likely trying to force me not to get the vaccine when even one of my friends and even a teacher of mine got the vaccine and had no side effects other than a 2 day illness.",2.0,AskReddit,2021-06-26 13:26:33
"To add to this, when anti-maskers come into my work preaching that the vaccine is a ""save all"" I tell them about a friend that is stuck in an old-folks home and unable to have any visitors because they have Covid, despite getting the two-round vaccine. And how the FDA only approved it for emergency use. So it wasn't technically fully vetted and genuinely approved like a vaccine would be if it wasn't rushed.

I'm amazed that they're using celebrities to advertise the vaccine too 🤦 Since when are we supposed to take medical advice from celebrities?!?",2.0,AskReddit,2021-06-27 03:23:47
"TAKE THE GODDAMN VACCINE

Seriously, if Covid becomes endemic because of anti-vaxxers (plague rats) with Google PhDs, I’m gonna be pissed.",11.0,AskReddit,2021-06-27 18:05:53
"From what I've seen, this simply hasn't happened. The people I knew from before the pandemic who're antivaxxers are still antivaxxers. The people I knew from before the pandemic who were pro-vaccine are still pro-vaccine. The only thing I've seen change is that some, quite a few actually, of the people I know do not want to get this particular vaccine. The thing I've seen change, more than anything else, is people getting labeled as antivaxxers for not wanting this particular vaccine. I've also seen people getting labeled as ""anti-science"" or insulted in a myriad of other ways for being uncomfortable with a very new vaccine. So if you're not one of the people who wants to label anyone who doesn't want the COVID vaccine as somehow being against all vaccines, then there really is no argument here, as that is what I believe. But bear in mind that there are plenty of people who've developed the view that anyone who doesn't like this vaccine is an antivaxxer.",2.0,AskReddit,2021-06-27 20:32:46
"I’m not anti vax and I don’t vote. I used to make fun of the spiritual yoga libtards and Instagram witches that posted their anti vax stuff. This Covid thing is brand new and they are specifically against this brand new vaccine. It’s always been the SJW types not vaccinating their children.    


And if you really think the majority of flat earthers are serious you’re as dumb as a brick. They’re making fun of you. It’s the worlds greatest troll to show how dumb and gullible people like you are.",2.0,AskReddit,2021-06-28 11:03:54
"I was never completely anti-vax for everyone but I was personally anti-vax for myself. This was simply because I've had allergic reactions to vaccines in the past.

But I have had the Covid vaccine and I'm fine.",1.0,AskReddit,2021-06-28 11:59:39
"I was never really an anti vaxxer, but in all honesty you're probably not going to get a lot of them answering your question.

I didn't have an issue with vaccines in general, but I had an issue with one. In the Air Force we had to get the flu shot every year. But it wasnt the shot, it was the nasal spray. And every year I would get sick like I had the flu for two to four days after getting the spray. It was horrible. I always asked to get the shot but they wouldn't give it to you unless you were allergic to something in the spray, and as far as I knew I wasn't.

If I could've gone anti vax to avoid that spray I would've. Finally though, on my last year in, they added a new allergy on that list and it was something I'm strongly allergic to. I told them, got the shot that year, and never had an issue. Now I always get the shot, even had to argue with a doctor or two since then, and I never get anything stronger than a mild cold. Except for the covid vaccine, that one kicked my ass for two days.",27.0,AskReddit,2021-06-29 03:13:59
"that’s not true at all.

there are many medical officials, probably all, who talk about the vaccine and address the concerns one might have about it without judgement but that would require anti covid vaxers to actually be interested in hearing answers to their questions that aren’t what they are looking to hear. search on any medical site right now, it will talk about the vaccine and address concerns people have because they want people to take it and are transparent about it but again people who are anti covid vaccine arent really interested to learning about it, that’s why they get their info from youtube or facebook, because it tells them what they want to hear.

so it’s actually really easy to get your questions and concerns about vaccines answered.",0.0,AskReddit,2021-06-29 05:49:59
"Being anti-vaccine, against non-essential vaccines, and against non-FDA approved vaccines are all very different things. Chicken pox and measles are essential to society for children. 

Covid vaccines are an option. We do not know the long term side effects because it simply hasn’t been long term. 

Your body, your choice. Respect everyone’s choice.",-7.0,AskReddit,2021-06-29 06:53:09
"Sorry to hear about you getting covid. Don't think I will be getting the vaccine either, too much of a rush job for my liking. I'm not anti-vax at all, but there are absolutely no long term studies and it was developed over such a short time frame. If you happen to have any adverse reactions or even die as a result of taking it you/your family can't even sue the drug company.

One good thing was that because of covid we had no  work for the dole, instead the government paid for me to do a cert III in warehousing. Got to do it completely online and at my own pace, which made it easy. Was given 6 months to complete it, finished around half in the first week then just did the rest a few months later. Stupid thing was that I applied for recognition of prior learning for some modules but that was denied even though I had worked in the industry for over 5 years previously.",1.0,AskReddit,2021-06-30 12:26:46
"Severe side effects from covid vaccine is documented. BUT, it was a small percentage of those vaccinated and usually after the second shot. 

I haven't gotten the usual vaccinations in decades (flu, etc). I got the covid vaccination. 

Being anti-vax for usual vaccines I can understand. Being anti-vax to a virus that has killed 4 million people worldwide is stupid.",1.0,AskReddit,2021-06-30 18:04:09
"Ofcourse and then governments used the COVID-19 vaccine as some sort of diplomatic tool. The whole situation has been bizarre and for a while I backed the whole anti vaxers are retards narrative but something just doesn’t feel right about the whole situation. It’s like the popular narratives get bigger and people get overly aggressive defending them instead of having a normale debate and I don’t like it. 

If you write me off as just another retard I get it cause couple of months ago I’d have done the same.",2.0,AskReddit,2021-07-01 00:03:19
"You shouldn't condone anti-vaxx mentality/rethoric just because it's black people pulling the racism card in this case.

The great idea you mentioned is dumb as fuck. It undermines the swift vaccination effort. Not every black person has a white friend willing and able to go vaccine together at any given time. 

Black folks have been shit on in the past, sure, but it's 2021 and it's the COVID vaccine. Any black person that doesn't want to vaccine over the tuskegee experiment is being dumb as fuck.",-19.0,AskReddit,2021-07-01 14:02:55
"True story:
My sister is anti vax. Did not/would not vax her kid until school would not let him attend classes until he was vaccinated. Side note - that law requiring students be vaccinated is one of the best laws ever. 

She was anti Covid vax for herself. Our dad was pushing her to get it. We were pushing her to get it. Consistently refused. Fast forward two months... one of her close friends dies from Covid. Bam, suddenly ""oh shit"" clarity hits and she gets her vaccine. 

Proves your point solidly ;(",1.0,AskReddit,2021-07-01 19:21:19
"Anti vaxxers are people that think they know better than science and don’t want vaccines due to nonsense they believe about them. They cause autism, they contain mercury or unknown “chemicals”, there’s a microchip in the Covid vaccine, their kids’ immune systems are all they need, people die or get injured from them, etc… I doubt anyone thinks vaccines are good or useful, but refuses them simply because the “government” wants them to take them.",6.0,AskReddit,2021-07-02 09:57:16
"Before I say this, know I am not anti vaccine. I have done the MMR, tetanus, hepatitis, and flu vaccines without issue and I will continue to do so. 

Also, I am not and have never been on hormonal birth control, I am at a healthy weight, I exercise, and all of my labs are normal. TLDR: I’m healthy. 

The first Pfizer shot disrupted my menstrual cycle. I have *never* had an irregular period in over 25 years. But after the first shot I spotted on and off for two weeks before my normal period. It scared the shit out of me. 

I went to the GYN, and I asked her if this shot could cause that. She didn’t really commit to an answer. She told me she saw inflammation in there and advised me to track closely for two more months. If I see a pattern, then I’d need an ultrasound to determine cause. 

My period straightened out, so it was the vaccine. It seems harmless, so I intend to keep getting vaccinated, but this IS a real side effect for some women and people should know it. 

I don’t know if women who menstruate were excluded from the trials or what, but it looks like inflammation triggers for some women. They really should study this instead of talking about it like it’s some kind of social media phenomenon. 

The Guardian ran an article about it. 

[Guardian: Any menstrual changes after covid jab should be short lived ](https://www.theguardian.com/society/2021/jun/04/any-menstrual-changes-covid-jab-would-be-short-lived-experts)",5.0,AskReddit,2021-07-02 11:21:28
I wasn't paying attention and entered the Covid vaccine hub instead of the anti-Covid one :/ welp,1.0,AskReddit,2021-07-02 13:24:18
"When Trump was still in office and the covid vaccine was nearly finished, some liberal politicians were hesitant about it, probably just because it was ""Trump's vaccine"" even though he wasn't the one in the lab making it.

And now the tables have kinda flipped. There's vaccine hesitancy, but mostly falls towards those in the conservative camp. But anti-vaxers exist on both sides, but there is also hesitancy just on the covid vaccine due to how new it is and how quickly it was made. 

So much of covid has been made political",6.0,AskReddit,2021-07-02 16:04:50
"International travel is not a basic right….what makes you think anyone has a right to be let into anyone elses country?  What makes you think anyone has a right to have their necessary quarantine subsidized by other peoples tax because they wanted a holiday?

I understand its not ‘just a holiday’ - and i get it - i got caught out in a shitstorm while trying to travel as well.

But like, ‘why arent people protesting for their rights’ is the cry of the anti lockdown conspiracy theory wielding bill gates crowd who dont think covid is real.

Millions of people are dead.  Aus obviously needs to do something to allow the vaccine to take hold.  International travel is, again obviously, not going to be a priority.",1.0,AskReddit,2021-07-03 00:10:00
"I wouldn’t call myself an anti-vaxxer, but I don’t plan on getting the COVID vaccine, purely because I don’t fuckin need it and I’m not being forced to. I’m a pretty healthy dude, I ain’t got any auto-immune disease, and I’m young. Im not the people who need to be worried about COVID. I don’t know about side effects and all that shit.


Also I’m scared of needles and I will avoid getting shots of any kind unless I absolutely have to.",-3.0,AskReddit,2021-07-03 07:46:37
"Probably late to the party but… 

my best friend was totally against covid vaccine telling me how it’s a bad thing to so…didn’t listen to him and I took a first dose, he was still anti vaccine oriented…

we met few weeks ago at his place and he said to me that he don’t give a shit about covid passports because he will never let himself vaccinated and that he doesn’t understand why would someone do that.

An hour later his girlfriend showed up and said how they both felt shitty after first dose and that they have in two weeks appointment for a second dose…then he explained to me that he was two days in bed with fever after first dose…

I think alot last days about it and feel disapointed and betrayed…

Picture that…with those kind of friends, i don’t need enemies at all :’)",1.0,AskReddit,2021-07-05 22:26:19
"The answer I was looking for, I don’t either. I live alone I’m not in same state as my family. All of my friends are vaccinated and nobody wears a mask anymore here. It’s time to get back to normal, I’m not a doomer who liked the pandemic. I’m extroverted and missed live sports and music and going out and meeting new people a lot. Wearing a mask in my community you’re looked at as most likely anti vaccine. 

This may sound a little based but all these people on Reddit who are concerned about covid. Most likely are shut ins and liked that their antisocial behavior was considered responsible and not looked at as taboo. Also for a lot of these people they haven’t faced much adversity in their life so this was really scary and difficult.",273.0,AskReddit,2021-07-05 23:19:17
"I have several reasons because I have a boss who keeps asking 

* I don't fully trust that the vaccine is as effective as they say it is. 
* I still have my last remaining grandparent at home and I'd kind of like to keep her
* My allergies didn't kick me into a shallow grave this year. That was nice. 
* These new varmints scare the crap out of me. 
* I'm a fucking ugly human being with bad teeth and no dental insurance. I have a professional reputation post-Covid and I don't need my new coworkers/ customers thinking I'm a meth-head or something. It's just the ADD guys, I promise. 
* I now have a new phobia about large unmasked crowds that actually starts to send me into a panic attack. 
* I live in a Republican county that was largely anti-mask and openly celebrated the lifting of the mask mandate by holding a giant mask burning ceremony that made my blood run cold.",1.0,AskReddit,2021-07-05 23:35:42
"After I’ve been vaccinated with a mRNA vaccine regiment… which by definition does not make me anti-vax lol. 

Kids are the least likely to be hurt by covid. I feel for the immunocompromised. It’s a tough spot for them. There are many different ways they can limit their interactions, and the people that are able to get a vaccine and haven’t are the main issue.",1.0,AskReddit,2021-07-05 23:39:51
"Yes. I'm on public transit frequently out of necessity. It's a petri dish. Also some of my co-workers are anti-vax with the common sense and survival instincts of your average lemming. My risk of catching a variant is greatly reduced with the vaccine, but I got pretty sick with covid in the first wave in March 2020 and I don't feel like going round two in as many years with one of the new variants.",1.0,AskReddit,2021-07-06 00:02:41
"I was fully supportive of every COVID restriction we had the past year and a half, I’ve always though anti-maskers and anti-vaxxers were ridiculous. I got my vaccine in February. I’m not even an anti-masker; I’ll wear a mask with no argument if a store requires it.

What makes me mad now is people like you who suddenly guilt trip everybody for not wearing masks everywhere. Now that the CDC and the science doesn’t feel right to you, you’re suddenly telling people to ignore it?",3.0,AskReddit,2021-07-06 00:08:55
"&gt;I was fully supportive of every COVID restriction we had the past year and a half, 



X to doubt. 



&gt;I’ve always though anti-maskers and anti-vaxxers were ridiculous.


X to doubt. 


&gt;I got my vaccine in February.


X to doubt, completely unverifiable in general, impossible to trust anyone that claims so because they don't want to wear masks. 

&gt;I’m not even an anti-masker; 


Wrong. 



&gt;I’ll wear a mask with no argument if a store requires it.



If you need to be told to do the right thing you're a child. 



&gt;What makes me mad now is people like you who suddenly guilt trip everybody for not wearing masks everywhere.


Yes, exactly as we've done for a year now, and you people still aren't getting it, so the shaming will continue. 


&gt;Now that the CDC and the science doesn’t feel right to you, you’re suddenly telling people to ignore it?




WHO disagrees, virologists disagree, and the CDC is only factoring in for Covid, not other disease. They're also an arm of the government, the same government who is compromised by private-interests and who is entrenched in regulatory capture, whose primary concern is getting the money-machine running again. I'll trust the scientists who think cyclical climate-positive lockdowns are beneficial, as are masks for general disease prevention.",-3.0,AskReddit,2021-07-06 00:29:11
"No, stopped once I was two weeks out from last vaccination. I hated masks especially since I wear glasses and was happy to be rid of them. I also live in Nashville which while liberal for the South is still much more conservative than, say, coastal cities. Down here if you still wear a mask you're going to get stares and possibly some harassment.

The science is in and very clear that there's no point in a vaccinated individual wearing a mask since they're extremely unlikely to be carriers, even less likely to get sick, even less likely than that to develop severe symptoms, and it's almost unheard of for them to die. I know some vaccinated people are still very weary of going out (especially unmasked) because ""there's still a chance"", but this is science, there's *always* a chance. When you see probabilities of something at 90-95% like with vaccine effectiveness, the remaining % who are different (i.e. vaccinated people who get sick or die from COIVD) almost certainly had some unknown factor that made the vaccine less effective than normal (weak immune system, exposure to enormous amounts of virus, bad inoculation, etc). It's not like every time you go out there's a 10% chance you're going to catch COVID, for most vaccinated people that probability is more or less 0%.

The only reason to have the vaccinated wear masks is if everyone is forced to wear a mask, but there's no point to that either because the venn diagram of anti-vaxxers and anti-maskers is almost a perfect circle (""almost"" because I'm aware a tiny percentage are too immune compromised to get vaccinated).

We're also never going to reach herd immunity, COVID is here to stay as a permanent disease. That 70% figure that was thrown around at the start of the pandemic as the level needed for herd immunity was based on the original strain of virus. Now that more infectious strains are out there that figure is now up to over 95% of the population needs to be immune to stamp it out. Even without anti-vaxxers that wouldn't happen because of immunocompromised people, especially when you consider that it's very likely an even more infectious strain will evolve and that it's not 95% of the people in your country, it's 95% of the global population. So unless you plan to remain masked for the rest of your life you're going to have to get comfortable with no masks sooner or later. May as well rip that band-aid off now.",0.0,AskReddit,2021-07-06 00:42:00
"You can scroll through my post history for the past year and you’ll see where I’ve vigorously expressed support for the covid restrictions. You’ll be scrolling a while though. I carry my vaccine card around places, and I’ve got the appointment confirmation emails, as well as the v-safe texts from the CDC.  

Once again, how can you call me an anti-masker when I wear masks without argument when they’re required? 

The WHO recommends masks for fully vaccinated individuals, since most countries around the world have an abysmal vaccination rate at the moment. They’re making recommendations for the entire world, the CDC is making recommendations for the US. Just like how your local Heath department probably made different recommendations than the CDC did.  

If the CDC was interested in getting the money-machine running again, they wouldn’t have changed their recommendation on masks. They would’ve only changed their recommendation on distancing and businesses allowed to reopen. Masks have no impact on how much money a business can earn.",0.0,AskReddit,2021-07-06 00:45:00
"It's so tiring that people are saying that covid is over. It's not going away, ever. Especially not with the anti mask/vax crowd fucking everyone else over. With the delta variant now it's going to spread through schools so ridiculously fast. With the vaccine we can manage it but rolling it out to the world takes time.

Hoping that we don't see a vaccine resistant variant pop up, because it would be a shit show.",3.0,AskReddit,2021-07-06 00:56:06
"&gt;You can scroll through my post history for the past year and you’ll see where I’ve vigorously expressed support for the covid restrictions. You’ll be scrolling a while though. 



Nah you can lie online all you like, doesn't matter, your views are plainly clear here. 


&gt;I carry my vaccine card around places,

Doesn't prove anything, easily forged. 


&gt;and I’ve got the appointment confirmation emails, as well as the v-safe texts from the CDC.  


Can also be forged. 



&gt;Once again, how can you call me an anti-masker when I wear masks without argument when they’re required? 


Because you only wear them when required. You have to be told to do the right thing, like a child. 



&gt;The WHO recommends masks for fully vaccinated individuals, since most countries around the world have an abysmal vaccination rate at the moment.


So did many places in the US. 


&gt;They’re making recommendations for the entire world, the CDC is making recommendations for the US.


The US is in the world. The CDC is an arm of the compromised government whose primary concern is keeping the money-machine rolling for their donors. 



&gt;Just like how your local Heath department probably made different recommendations than the CDC did.  


Same issues. 




&gt;If the CDC was interested in getting the money-machine running again, they wouldn’t have changed their recommendation on masks. They would’ve only changed their recommendation on distancing and businesses allowed to reopen. Masks have no impact on how much money a business can earn.



They do, because it still makes people more hesitant to go out and ""return to normalcy"". They want you to forget that it ever happened, to ignore that it's not over, because they only care about the economic impact, not the lives lost.",-2.0,AskReddit,2021-07-06 00:56:52
