comments,score,subreddit,time_created
"I have an appointment for a first shot at Kaiser on the 15th but I ended up getting one sooner through a drive through. I can't figure out how to cancel the appt now - it gives me a phone number to call but I can't seem to get through to anyone on that line without being a Kaiser member. When it asked what department I wanted and I said ""covid vaccine"" it said ""okay transferring you to optometry"" and then left me on hold half an hour until I hung up.

I don't want to be a no-show but I don't know how many hours I'm willing to spend on hold with them. Anyone by any chance cancel a vaccine appointment with them before and have tips?",1.0,CoronavirusCA,2021-04-06 00:26:18
"I haven't had the vaccine, never once even been tested for covid, and I've been traveling for the past year, been great. I'm not constrained by your societal pressure.",1.0,CoronavirusCA,2021-04-06 08:18:59
"""Freedom"" might be the wrong way to think about it, but vaccine passports are not an unqualified good idea.  For instance, the *New England Journal of Medicine* has this to say:

&gt; Using Covid-19 vaccine passports to tailor restrictions, however, has drawn staunch opposition based on several weighty concerns.1 First, while vaccine supply remains limited, privileging people who are fortunate enough to have gained early access is morally questionable. Second, even after supply constraints ease, rates of vaccination among racial minorities and low-income populations seem likely to remain disproportionately low; relatedly, if history is a guide, programs that confer social privilege on the basis of “fitness” can lead to invidious discrimination. Third, the extent of protection conferred by vaccination, particularly against new variants, is not yet well understood, nor is the potential for viral transmission by people who have been vaccinated. Fourth, privileging the vaccinated will penalize people with religious or philosophical objections to vaccination. Finally, we lack a consensus approach to accurately certifying vaccination.

https://www.nejm.org/doi/full/10.1056/NEJMp2104289",1.0,CoronavirusCA,2021-04-06 12:07:49
"People just want to be vaccinated ASAP, it's not hard to understand dude.  And the CDC agrees with them.

FTA 
&gt;""For individuals who received the Pfizer COVID-19 vaccine, CDC continues to recommend getting the second shot 3 weeks (or 21 days) after the first shot, and to stick as close as possible to that recommended 3-week interval,"" Grusich said in an email. ""If it is not feasible to adhere to the recommended interval and a delay in vaccination is unavoidable, the second dose of Pfizer-BioNTech and Moderna COVID-19 vaccines may be administered up to 6 weeks (42 days) after the first dose.""",1.0,CoronavirusCA,2021-04-06 14:02:26
That is what he told me. He wasn’t able to celebrate my mother’s birthday due to 2 cops in his squad tested positive in mid March. Both tested positive for covid and both had the vaccine. Perhaps this testing is currently in effect right now and has not been always protocol.,1.0,CoronavirusCA,2021-04-06 17:33:46
Everyone will be able to get a vaccine within a couple short weeks and the vast majority of our truly vulnerable have already been vaccinated. If you want to avoid covid (which is a good move) just don’t go out until you get vaccinated...very shortly. There are tens of millions of people who have been vaccinated - let’s let them do stuff and patronize our businesses.,0.0,CoronavirusCA,2021-04-06 19:13:46
"Biden administration will not require COVID-19 vaccine passports, White House says.",1.0,CoronavirusCA,2021-04-06 19:47:07
"Sorry, but if the vaccine makes getting covid unlikely and maybe as bad as the flu if you do get it, and everyone has had a chance to get the vaccine at that point, then time to party. If you can get the vaccine and choose not to, that’s on you.",2.0,CoronavirusCA,2021-04-06 20:21:14
"Shows you how stupid the Govt took them this long and have created more issues rather than doing the right thing form the beginning. Can’t trust politics.
1. When RAPID TEST was introduce it was shutdown with negative votes why is that? Because it failed by stupid users who did not follow protocol. It’s all about politics. They push the tester that shoves all the way to your brain. Fcking hurts! Your telling me that the mucous inside my nose is less than my spit? Fck if I’m already infected it should show every fluid in my body . 
2 they lock everybody with out doing the testing. Then stupid Fuchi couldn’t come out with consistent order to put mask on or not or 6ft vs 3 ft now for school😂. 

Here’s the kicker folks do you really think this is OVER? Nope it’s not even when everyone gets vaccinated. Why? Because they lied to get the public from panicking, first they said once we get this vaccine all will be ok . Now those got vaccinated still get covid. This virus will be with us for a while even when everyone gets vaccinated. Wash your hands bring a mask use it when need be specially during flu season.",-1.0,CoronavirusCA,2021-04-06 21:00:30
"In that same twitter thread it shows it can be any of the three. 

They updated all the questions from twitter onto a FAQ page:
https://health.ucdavis.edu/coronavirus/covid-19-vaccine/index.html?fbclid=IwAR0VrbujjZa95VtMlYQ02kOdufsoLcwEWlRRvY9F7DzM9oIjJf24pFm8PkI

These are the options right now:
https://imgur.com/a/Zlp8pLt",1.0,CoronavirusCA,2021-04-06 22:25:12
Not true. https://view.ceros.com/abc/california-covid-19-vaccine-tracker/p/3,3.0,CoronavirusCA,2021-04-06 22:42:21
"&gt; Dummies in Orange County don’t want them.

Not true
https://view.ceros.com/abc/california-covid-19-vaccine-tracker/p/3",3.0,CoronavirusCA,2021-04-06 22:53:44
"Spanish Flu began in February 1918 and ended in April 1920. 26 months.

Asian Flu began in early 1956 and ended in March 1958. 24-26 months.

Hong Kong Flu began in July 1968 and ended in February 1970. 18 months.

Russian flu began in May 1977 and ended in February 1979. 21 months.

Swine flu began in January 2009 and lasted until July 2010. 19 months.

**Take the average of all of these and what have you got?** ***22 months.*** If COVID were to last that long, it would end in November 2021, causing us to lose another summer. *Please don't take this prediction too seriously, it's just a silly estimate.* It could last longer, it could last shorter. We may or may not have a fun summer. But I just wanted to put things into perspective for those who thought they could go back to brunch or something by June 2020 or whatever, because that's the exact opposite of reliable and realistic.

Kind of interesting how Neil Ferguson's prediction of ""18 months"" was being sold to the common public everywhere as an extraordinarily pessimistic prediction, when anyone who actually followed the science would have known that it was optimistic. A similar situation recently happened with the ""suppression until a vaccine"" approach. Now that vaccines are already here, the same skeptics who called for that ""targeted restrictions"" nonsense are *begging* the government to open up because the vaccines are here!

It's pretty obvious that they only ""follow the science"" when it agrees with their narrative. What they *really* wish to do is go back to normal and act like the pandemic never happened, disregarding the risk of spreading the virus in their individualistic mad rush. Which, again, is a hopeless dream not worth putting stock in.",1.0,CoronavirusCA,2021-04-06 23:45:23
Don’t let your guard down. The vaccine doesn’t prevent you from getting or transferring Covid,1.0,CoronavirusCA,2021-04-07 07:41:04
"Not completely; no vaccine is 100% effective.  The latest study on the mRNA vaccines, however, show 90% effectiveness against *infection*.  Can't transmit an infection you don't have.  So they don't completely prevent you from getting or transferring Covid, but they do reduce the risk of both of those things by 90% - just like pretty much every other vaccine we have for other diseases.",1.0,CoronavirusCA,2021-04-07 13:24:21
".... we’re well beyond this vaccine ending it. We fucked up so badly in the beginning, too many places are reopened too early, there’s no chance covid is going away.",1.0,CoronavirusCA,2021-04-07 14:03:50
"[CDC says the vaccines are contraindicated for people with severe allergic reactions to any vaccine component](https://www.cdc.gov/vaccines/covid-19/info-by-product/clinical-considerations.html?CDC_AA_refVal=https%3A%2F%2Fwww.cdc.gov%2Fvaccines%2Fcovid-19%2Finfo-by-product%2Fpfizer%2Fclinical-considerations.html)

(skip down to the contraindications portion)

A relative is unable to get the vaccine due to having had anaphylaxis in response to a previous (different) vaccine.    For people like this, (and people on immune suppressant medications, which are widely prescribed for a WIDE range of conditions), it's heard immunity that will eventually protect them.  But we likely won't be there in June, if enough people continue to refuse taking the vaccine.  Actual infection will eventually catch enough of those folks up to hopefully get us to a near zero level of circulating virus, but until then, anyone who CAN'T take the vaccine or for whom it's not effective, remains at risk.

If newly reported cases plummet, and circulating virus levels are very low, that's a different story of course.  I'm just asking people not to imagine that lifting restrictions indicates that that has happened, or that it doesn't matter ""because everyone who wants a vaccine, got one"".  It's not that simple.  Watch the case numbers and behave accordingly, regardless of the official restrictions.",1.0,CoronavirusCA,2021-04-07 15:00:50
"Yes they can (and I'm one of them, and I'm scheduled for the vaccine and will take it).  It's not that they can't take the vaccine, it's that it doesn't work as well for us.  One study showed only 30% of people on the particular immunosuppressant medication I have to take for a chronic autoimmune disease developed ANY antibodies at all after exposure to covid, and nobody has established what a ""protective"" level of antibodies might be, so even less than 30% of those patients might actually be safe from another infection.  Studies are still being done to determine the difference vaccines might make, whether boosters or higher doses might help, whether two shots are better than one (so far, definitely on the last one, meaning J&amp;J is contraindicated) etc, but the point is, the initial information isn't good.  70% of vaccinated people treated with a common medication might not be protected at all.  They would very much love to be, since so many chronic autoimmune diseases already put them at higher risk of complications from Covid, but stopping life-saving medication isn't an option.  So please don't just assume that everyone who isn't protected by June ""chose that"" and deserves what happens to them.

And btw, those are just two reasons I personally know about, because of my own experiences.  I bet there are others.",1.0,CoronavirusCA,2021-04-07 16:03:02
.ca didn't turn it around before vaccines started 35% of CA already had Covid.  That is why even though we have had BAD vaccine distributions we are still at low rate. LOSERS SOMETIMES WIN.,0.0,CoronavirusCA,2021-04-07 17:30:37
"I disagree.  There needs to be a tailored approach for each county, because they are all drastically different.  The amount of vaccine acceptance in each county is different, and it does make sense to allocate them more to the lowest HPI quartile since that's where people are more likely to catch covid and suffer severe consequences.

There is also hesitancy to take the vaccine some places, and getting those people to eventually sign on is important.  So there might be more appointments available in a rural county, but that makes it easier for someone who is hesitant to get it to just walk in.

Obviously places that have a high % that want the vaccine will have to wait longer to open up the tiers, that's just basic math.",1.0,CoronavirusCA,2021-04-07 17:32:43
"&gt; and it does make sense to allocate them more to the lowest HPI quartile since that's where people are more likely to catch covid and suffer severe consequences.

That's what ""the state should have picked a consistent eligibility criteria (employment, age, health conditions, wealth, whatever)"" followed by distributing by eligibility is for. To account for differences between the populations counties. They could use poverty, age, employment, or a metric that tracks health outcomes (ideally not HPI because that does not actually use any health metrics beyond insurance rate in its definition, but that's a different discussion). Or better yet a combination of the above.

Demand may certainly cause local shortages, but there is no merit to saying that a 47 year old asthmatic, overweight Bob working at Whole Foods while living with his mom in San Jose should legally not be able to get the vaccine until a few weeks after a 47 year old asthmatic, overweight Rob working at Whole Foods while living with his mom in the better-off San Ramon was eligible to get his.",1.0,CoronavirusCA,2021-04-07 18:24:47
"There won't be a wide unvaccinated population.  The June 15 reopening won't happen unless there is high vaccine uptake.

&amp;#x200B;

As for under 16's, from a risk perspective:

\-influenza is more dangerous for kids than Covid  
\-the car ride to the vaccination clinic would be more dangerous than Covid  
\-playing on a playground is more dangerous than Covid  
\-taking a bath is more dangerous than Covid

All of those things present more risk to people under 16 than Covid does.",1.0,CoronavirusCA,2021-04-07 19:00:34
The issue is the more people COVID runs through the more opportunities for mutations to develop which could potentially make current vaccines less effective. So vaccine avoiders could be doing more than just hurting themselves potentially.,1.0,CoronavirusCA,2021-04-08 11:26:33
"I feel like one of the biggest mistakes government and health authorities have been making is selling the vaccine as the ""gateway to the old normal"" or something like that. Even though I doubt anyone in the world has ever used that exact phrase, it's implicit.

Nothing, not even tightened security at airports, could make us feel ""normal"" again after 9/11. And so, nothing, not even a vaccine, can make us feel ""normal"" again after COVID-19.",1.0,CoronavirusCA,2021-04-08 14:19:14
"I just clicked 50+. According to this [article](https://sanfrancisco.cbslocal.com/2021/04/08/covid-vaccine-santa-clara-and-alameda-counties-change-appointment-scheduling-eligibility-for-those-age-16-and-over/), 16+ people are allowed to book an appointment today as long the date of the appointment is on or after the 15th.

Not really our fault Stanford hasn't updated the app to reflect the changes.",1.0,CoronavirusCA,2021-04-09 05:31:28
"that's not going to be viable in the long run -- they're going to have to test boosters on people vaccinated with other vaccines.

There are trials under way of mixed vaccines but it will be a while before they yield results; until then, the guidance is to stay inside the bounds of what has been tested.

CDC's advice is very strict but it's clear that they think that the risk of mixing is less than the risk of not getting a second dose:

&gt; In exceptional situations in which the vaccine product given for the first dose cannot be determined or is no longer available, any available mRNA COVID-19 vaccine may be administered at a minimum interval of 28 days between doses to complete the mRNA COVID-19 vaccination series. In situations where the same mRNA vaccine product is temporarily unavailable, it is preferable to delay the 2nd dose (up to 6 weeks) to receive the same product than to receive a mixed series using a different product. If two doses of different mRNA COVID-19 vaccine products are administered in these situations (or inadvertently), no additional doses of either product are recommended at this time.

https://www.cdc.gov/vaccines/covid-19/info-by-product/clinical-considerations.html",1.0,CoronavirusCA,2021-04-09 13:33:34
"Covid-19 vaccine antibodies only last 8 months

https://immunology.sciencemag.org/content/5/54/eabf8891

https://wwwnc.cdc.gov/eid/article/27/3/20-4543_article

Covid-19 illness antibodies only last 6 months

https://www.thelancet.com/journals/lancet/article/PIIS0140-6736(21)00575-4/fulltext

#Frankly, I don't give a damn if you take a booster shot, I'll take my booster shot happily, rest in peace downvoter",1.0,CoronavirusCA,2021-04-09 15:18:00
"Covid-19 vaccine antibodies only last 8 months

https://immunology.sciencemag.org/content/5/54/eabf8891

https://wwwnc.cdc.gov/eid/article/27/3/20-4543_article

Covid-19 illness antibodies only last 6 months

https://www.thelancet.com/journals/lancet/article/PIIS0140-6736(21)00575-4/fulltext

#Frankly, I don't give a damn if you take a booster shot, I'll take my booster shot happily, rest in peace downvoter",1.0,CoronavirusCA,2021-04-09 15:18:21
"Never said “cure.” I said “improve symptoms.” 

https://www.google.com/amp/s/www.cnbc.com/amp/2021/04/07/covid-vaccine-long-haulers-report-symptoms-easing-after-getting-shot.html",11.0,CoronavirusCA,2021-04-09 19:07:04
"One comment in r/COVID19:

https://www.reddit.com/r/COVID19/comments/mkizx1/weekly_question_thread_april_05_2021/gtycif1/

points at another piece of the puzzle.

There is another J&amp;J plant that got approval a couple weeks ago.   Before approval it was manufacturing not-yet-approved vaccine and storing it pending approval.   Those doses have now been approved and shipped and it's down to what it can normally produce in a week.

Reuters story from March 23rd:

https://www.reuters.com/article/us-health-coronavirus-johnson-johnson-va/jj-plant-authorization-clears-way-for-big-boost-in-u-s-covid-19-shots-idUSKBN2BF2MA",1.0,CoronavirusCA,2021-04-09 19:38:02
"it looks like the instruction is ""do not repeat second dose""


i googled ""pfizer vaccine protocol deviation"" to get the cdc guidelines:

[errors/deviations](https://www.cdc.gov/vaccines/covid-19/downloads/covid19-vaccine-errors-deviations.pdf)

it seems like this situation might call for VAERS reporting; do the people who administered the shot know that the second shot was administered early?",1.0,CoronavirusCA,2021-04-14 06:12:20
"Your parents should be fine. Single-shot of Pfizer or Moderna vaccine is 89% effective after 15 days. This is after a re-analysis that recognizes the original 53% effectiveness estimate for single-shot only looked up to 10 days after dose administration. Bottom line, two weeks after their second dose was administered is when they can start to considered themselves immunized.

[Citation](https://www.bbc.com/future/article/20210114-covid-19-how-effective-is-a-single-vaccine-dose)",1.0,CoronavirusCA,2021-04-14 08:21:48
"Single-shot estimate of ~50% effectiveness was based on a 10-day window after administration. When the window was expanded beyond 15 days, the effectiveness reached 89%.

[Source](https://www.bbc.com/future/article/20210114-covid-19-how-effective-is-a-single-vaccine-dose)",1.0,CoronavirusCA,2021-04-14 08:24:07
"You're going to have a lot of ""I don't know"" responses, even here. My best guess is that this vaccine was studied under conditions that the Pfizer vaccine was intended to be spaced out 21 days apart. A quick google search did reveal an article about vaccine grace periods and your question in more detail but gives no solution. [https://www.chop.edu/news/technically-speaking-don-t-make-mistake-scheduling-dose-two-covid-19-vaccine-too-early](https://www.chop.edu/news/technically-speaking-don-t-make-mistake-scheduling-dose-two-covid-19-vaccine-too-early)",1.0,CoronavirusCA,2021-04-14 12:09:09
"&gt;maybe take an action law suit against the clinic.

please take a moment to understand that the LAW does not PERMIT you to file a lawsuit for COVID vaccines. 

&amp;#x200B;

this is a ***standard*** practice for any vaccine.

&amp;#x200B;

Coronavirus vaccine makers are ***shielded from liability.*** Here’s why officials say that’s normal

[https://globalnews.ca/news/7521148/coronavirus-vaccine-safety-liability-government-anand-pfizer/](https://globalnews.ca/news/7521148/coronavirus-vaccine-safety-liability-government-anand-pfizer/)",4.0,CoronavirusCA,2021-04-14 17:43:35
"Excerpt: 

&gt; A man took his adult children to receive COVID-19 vaccinations over the weekend, knowing it was important for them to be immunized against the disease.

&gt; But he didn’t feel concerned about his own risk of catching the virus, despite the fact that older people and men are more likely to die from COVID-19, Barbara Ferrer, L.A. County’s public health director, said this week. He had not made plans to get vaccinated.

&gt; “I was worried about him, and so were his children,” said Ferrer, who encountered the family at a Los Angeles vaccination site. “What’s staggering to realize is that the very group of folks who have the higher mortality rate are now also the group of folks that have the lower vaccination rates.”



&gt; Throughout the pandemic, men worldwide have been far more likely to die from COVID-19 — because of a mix of biological and behavioral factors — but also less likely to have been vaccinated against the disease.

&gt; The data from L.A. County paints a troubling picture: Here, 153 of every 100,000 women have died from COVID-19, while 289 of every 100,000 men have.

&gt; But while 44% of women in L.A. County have received at least one dose of a vaccine, only 30% of men have.

&gt; And in the 38 states that have published a gender breakdown of vaccination rates, more women have been vaccinated than men in all of them, according to Kaiser Health News.",3.0,CoronavirusCA,2021-04-14 22:01:32
"To follow up on my prior message, this is just one example but there are many many others (although relative to the millions that have received the vaccine, the % is still small):

https://www.detroitnews.com/story/news/local/wayne-county/2021/04/08/vaccinated-metro-detroit-teacher-hospitalized-covid/7138360002/",2.0,CoronavirusCA,2021-04-15 06:49:13
"I agree with you. But it’s been doing this since April 4th at least. No one has fixed it. https://covid19.ca.gov/guide-immigrant-californians/

""You can get the vaccine for free no matter what your immigration or citizenship status is. Vaccinations do not count under the public charge rule. You should not be asked about your immigration or citizenship status when you get a COVID-19 vaccine. The federal government has confirmed they will not do immigration operations at or near vaccination sites and clinics.""",3.0,CoronavirusCA,2021-04-15 07:12:16
https://abc7ny.com/breakthrough-covid-cases-getting-after-vaccine-effectiveness-should-i-get-the-if-ive-had/10514476/,1.0,CoronavirusCA,2021-04-15 14:00:59
"From Dr. Fauci himself: https://www.independent.co.uk/news/world/americas/fauci-breakthrough-infection-covid-vaccine-b1830303.html

Here are a bunch of articles about people that not only had breakthrough cases but were hospitalized post vaccination (I'm not saying its common, this is still rare but given the number of people that were vaccinated we will see cases of it):

https://www.mercedsunstar.com/site-services/newsletters/afternoon/article250674834.html

https://www.detroitnews.com/story/news/local/wayne-county/2021/04/08/vaccinated-metro-detroit-teacher-hospitalized-covid/7138360002/

https://www.kfyrtv.com/2021/04/07/people-are-contracting-covid-19-after-vaccination-doctors-explain-why/

https://www.reviewjournal.com/investigations/rare-covid-breakthrough-cases-being-tracked-in-nevada-2324590/

https://patch.com/new-jersey/edison-metuchen/edison-man-hospitalized-covid-19-after-j-j-jab-reports

https://www.detroitnews.com/story/news/local/wayne-county/2021/04/08/vaccinated-metro-detroit-teacher-hospitalized-covid/7138360002/",1.0,CoronavirusCA,2021-04-15 14:11:01
"https://www.cffhae.org/patient-guide/covid-19-testing-and-vaccine-locations/#1615341857408-ece2bb03-584c 

Lots of open appointments in a bunch of these locations for today!!",2.0,CoronavirusCA,2021-04-15 16:04:35
"https://khn.org/morning-breakout/breakthrough-covid-cases-in-already-vaccinated-are-as-expected/

""About 5,800 people who have been vaccinated against coronavirus have become infected anyway, the US Centers for Disease Control and Prevention tells CNN. Some became seriously ill and 74 people died, the CDC said. It said 396 -- 7% -- of those who got infected after they were vaccinated required hospitalization. It's the first indication from CDC of how effective the vaccine is in real life -- and the first indication the vaccines do not protect completely against severe disease and death. ""

But wait..you're smarter than the CDC and your beliefs and feelings outweigh the data so....you must be right?",1.0,CoronavirusCA,2021-04-15 17:28:37
"I have to constantly fight this same thing. I am pro-Informed-Vax. I am not anti-Vax my wife and I get flu shots, our kid is all up to date on his shots. But this mRna vaccine, even though we have had others, is very unique.

And at the end of the day your gut feelings concerning your child will be accurate. Make sure you feel good about what you are doing. No one else will feel what you feel. They will have generic advice that might be great but its not as good as mother’s intuition. Knowledge is power you can do the same research most doctors will.

The downvotes and general responses you got made me sick this morning. Many people treating you like a peasant. Telling you to suck it up is appalling to me. Your work is doing you wrong regardless of covid from the sound of it.",2.0,CoronavirusCA,2021-04-15 17:45:16
"I understand that, although your methodology is actually not correct. 95% efficacy doesn't mean that 5% will get infected. It's more complicated than that and the % is actually a lot smaller than 5%. 

Nonetheless, the latest research reflects that mRNA vaccines could be around 90% effective against symptomatic covid. But it is ongoing given that there are new variants. J&amp;J vaccine is a lot less effective against symptomatic covid. 

I'm just saying that even with 90% or 95% efficacy there seem to be not only breakthrough but a lot of SYMPTOMATIC cases with even moderate to severe illness. Keep in mind that during the trials the vaccines were 100% effective against hospitalization and death; since then fully vaccinated people have been hospitalized and some have died. So that shows us that the vaccines are actually not as effective as they were in the trials.",1.0,CoronavirusCA,2021-04-15 19:12:59
"You need to quit harassing me. You were wrong and you refuse to accept that. 

I never cussed you out. That's a lie - the liar here is, you. 

You need to just calm down and accept that you were wrong and stating completely incorrect information and denying data presented to you. 

I shared evidence and articles with you multiple times. And yet again you are deflecting away from the data and the truth. 

Just accept that you are wrong and move on. And quit trying to claim that the incidence of covid post vaccination is so rare when it is really not THAT rare. The J&amp;J vaccine is actually less than 85% effective against moderate to severe covid. Think about that.",0.0,CoronavirusCA,2021-04-15 19:17:18
"Media messaging is very confusing. I would not be surprised if the vaccines protect against ALL of covid (including asymptomatic) but experts are hiding that so unvaccinated people continue to take precautions and don’t lie about being vaccinated in order to take masks off.

What is happening in Brazil should worry everyone. I think normal activities can happen now with precautions(ventilation, plastic barriers etc) but it would be unfortunate to be hit with a vaccine evading variant.",4.0,CoronavirusCA,2021-04-15 19:53:53
"The point of what I said is that it's really easy to spout statistics and be dismissive of people going through this when it's not happening to you. Fairly common expression. I know the statistics around death, no shit the vaccine helps prevent that. I'm not antivax I just keep seeing people referencing death counts as if that's the only indicator of damage being done.

I pretty clearly pointed out that death isn't the only consequence as there are people who get to go through year long recoveries that could leave them with permanent damage. It was something everyone kept in mind before vaccines came out. Now though, all anyone cares about is death rates as if that's the only bad thing that can happen to you.

Idk how my comment confused you. Pretty clearly stated that deaths not the only consequence of catching covid. That's it. Didn't say anything about the effectiveness of the vaccine at all. Don't know where you got that one.

What about bringing up long haulers has anything to do with the vaccines effectiveness? Or did you just lump me in with antivaxxers because you assumed my position based on me bringing up long haulers?",0.0,CoronavirusCA,2021-04-15 20:06:43
"What's alarmist is how things get presented at times..

If you've read all those articles you'll find they agree 100% with what the CDC and medical professionals have been telling us.

* All 3 vaccines are expected to still have people catch covid (~5% pfizer/moderna, ~23% j&amp;j)
* Pfizer/moderna showed 100% effectiveness in preventing hospitalization/death
* J&amp;J showed ~85% effectiveness preventing hospitalization/death
* Of the articles you linked the only vaccinated people hospitalized/dead where they know which vaccine they took were J&amp;J recipients
* Many of those mentioned in the article had serious heath conditions and were in known high risk age groups.

Tl;dr if you're in a high risk group get the two shots, otherwise j&amp;j to speed up mass vaccinations (if it becomes available again).",3.0,CoronavirusCA,2021-04-15 20:58:08
"https://www.bloomberg.com/graphics/covid-vaccine-tracker-global-distribution/

Go to the section ""The Path to Immunity in the U.S."" and select California.",1.0,CoronavirusCA,2021-04-16 21:14:08
"So true! Thanks for this beautiful insight. It also slows the process down a lot to give shots to so many *different* people. Instead, we should just have one guy sitting in a room getting injected with the COVID-19 vaccine 800,000 times a day. That way we don’t need to worry about Blue Shield!",1.0,CoronavirusCA,2021-04-17 14:54:46
"[About 80 Percent of K-12 Teachers and Staff Have Gotten a Covid-19 Vaccine Dose - The New York Times (nytimes.com)](https://www.nytimes.com/live/2021/04/06/world/covid-vaccine-coronavirus-cases#about-80-percent-of-k-12-educators-and-staff-have-been-given-at-least-one-vaccine-dose)

If you can't see the NY times article

[CDC: Nearly 80% of pre-K through 12th grade educators received COVID-19 vaccine – Boston News, Weather, Sports | WHDH 7News](https://whdh.com/news/cdc-nearly-80-of-pre-k-through-12th-grade-educators-received-covid-19-vaccine/)

[Updated COVID-19 Vaccine Eligibility Guidelines (ca.gov)](https://www.cdph.ca.gov/Programs/CID/DCDC/Pages/COVID-19/VaccineAllocationGuidelines.aspx#)

you can see there that in 1B educators and Emergency Services (police) were eligible for vaccines at the same time.Anecdotally, there are plenty of examples of police stopping people and not wearing a mask and going into stores and not wearing a mask. There seems to be a culture of virus denial it appears. I don't know how else you explain the extremely low vaccination rate.",2.0,CoronavirusCA,2021-04-17 18:03:02
Oh ok. Yeah that's probably going to come from the police department since the state isn't tracking the profession when administering the covid vaccine. Some other user posted a link that provide this information but it's a month old.,2.0,CoronavirusCA,2021-04-18 04:26:22
"Not LA but here in Cali

https://www.kcra.com/article/weve-educated-them-advantages-some-first-responders-dont-want-covid-19-vaccine/35570039",1.0,CoronavirusCA,2021-04-18 04:26:52
"Carbon Health just opened up a lot of spots again:

https://carbonhealth.com/covid-19-vaccines/los-angeles


And CVS also has spots available often:

https://www.cvs.com/vaccine/intake/store/cvd-schedule?icid=coronavirus-lp-vaccine-sd-statetool

(Sometimes it says that they're adding more spots, so just check back later if taht happens. You can play around with different zip codes if your own doesn't yield any results.)",1.0,CoronavirusCA,2021-04-18 09:26:54
"Healthcare workers is a consideration (but imo a somewhat small one relative to the 75 million+ who had it) 

My thoughts were more... People who distrust the scientific community and CDC are more likely to –

1. Not follow recommended covid precautions (social distancing, gathering, etc)
2. Not follow recommended vaccine advice",1.0,CoronavirusCA,2021-04-19 16:33:57
"More than anecdotal.   CDC suggests that people who have recovered from COVID are at least partly protected and can (at their option) wait to let others get the vaccine first:

&gt; While there is no recommended minimum interval between infection and vaccination, current evidence suggests that the risk of SARS-CoV-2 reinfection is low in the months after initial infection but may increase with time due to waning immunity. Thus, while vaccine supply remains limited, people with recent documented acute SARS-CoV-2 infection may choose to temporarily delay vaccination, if desired, recognizing that the risk of reinfection and, therefore, the need for vaccination, might increase with time following initial infection.

https://www.cdc.gov/vaccines/covid-19/info-by-product/clinical-considerations.html",2.0,CoronavirusCA,2021-04-19 17:16:32
"The U.S. Department of Heath has published a map showing how many are afraid of the coronavirus vaccine.

https://aspe.hhs.gov/pdf-report/vaccine-hesitancy-covid-19-puma-estimates",2.0,CoronavirusCA,2021-04-19 18:17:09
"It's measuring something different -- all californians (including kids too young to get the vaccine) instead of all californians currently eligible to get the vaccine.

According to CDC's tracker today at https://covid.cdc.gov/covid-data-tracker/#vaccinations :

43% of californians have had one or more doses.
55% of californians &gt;= age 18 have had one or more doses.
85% of californians &gt;= age 65 have had one or more doses.

""eligible"" would be californians over age 16.",1.0,CoronavirusCA,2021-04-19 21:21:53
"Influenza is the term that is used to describe thousands of variants. Humans have been battling flu (plural) for 6000 years and we have no idea how many strains there are. The vaccine targets 4 different types of flu, but it is by no means comprehensive.

There are a handful of known strains of Covid, and the vaccines seem somewhat effective against them, suggesting herd immunity is still possible.",5.0,CoronavirusCA,2021-04-19 22:16:39
"There are so many Republicans in our state that won’t take the vaccine. They will continue to spread COVID between themselves and minors and keep it alive forever. 

Here immunity will only happen when the vaccine is mandatory.",4.0,CoronavirusCA,2021-04-20 02:51:29
"Excuse any formatting errors please, as I’m on mobile at the moment. According to [https://covid19.ca.gov/vaccines/#Questions-and-answers](the state’s website/Questions &amp; Answers section), you do not need to be a resident. This was from a very cursory search, but I would say it’s worth looking into further.
 
“Do I need to be a California resident to get COVID-19 vaccine?

No. Vaccine distribution is based on eligibility irrespective of residency or immigration status.”",3.0,CoronavirusCA,2021-04-20 05:22:27
"Help us keep the front page a quick resource for those looking for California-centered coronavirus news. If you have an observation, anecdote, petition, or question, please post it in the daily thread or the Vaccine MegaThread

I also recommend you post in https://www.reddit.com/r/COVID19positive/ - the sub for discussing your covid 19 symptoms.",1.0,CoronavirusCA,2021-04-20 21:22:58
"The hard part is if they are minor procedures, then likely the only times you could be by her on either side of the procedure will be in preop type areas that only have curtains and are really cramped together. I don't really blame places for still being hesitant at visitors in that setting. I think in the next month or 2 visitor restrictions should open back up more unless we see a spike in cases. This inbetween restrictions is really hard to manage and frustrating for all. I wish proof of vaccine would allow admittance as I've only seen one case of a vaccinated person get covid so far.",1.0,CoronavirusCA,2021-04-21 17:12:37
"It looks like we have relatively few firmly anti vax people too, things should continue to improve.

https://aspe.hhs.gov/pdf-report/vaccine-hesitancy-covid-19-puma-estimates",15.0,CoronavirusCA,2021-04-21 18:11:49
"&gt; we have relatively few firmly anti vax people

Hah, you must not have gone to my high school! But I think you're right when it comes to the COVID vaccine specifically.",7.0,CoronavirusCA,2021-04-21 18:19:02
"J&amp;J's vaccine was troubled before that - deliveries had fallen off due to production problems.

There are now more solid reports that there are some serious problems at the US plant that was supposed to start making it (doses shipped so far in the US came from Europe).

https://www.wsj.com/articles/fda-finds-poor-conditions-at-contractors-plant-for-making-j-js-covid-19-vaccine-11619013558
https://www.nytimes.com/2021/04/21/us/politics/emergent-johnson-covid-vaccine.html",6.0,CoronavirusCA,2021-04-21 19:15:03
"There were references to two others among vaccine recipients in the J&amp;J slides to the 4/14 ACIP meeting.   

https://www.cdc.gov/vaccines/acip/meetings/slides-2021-04.html

https://www.cdc.gov/vaccines/acip/meetings/downloads/slides-2021-04/03-COVID-Shimabukuro-508.pdf

There was one case of a brain clot (CVST - cerebral venous sinus thrombosis, a blood clot in the large veins in the brain) in a 25-year old male in the vaccine arm of the phase 3 trial (and one in a woman in the placebo group of the trial).

J&amp;J's slides list seven ""post-authorization"" cases, one of which does not involve CVST but involves ""extensive DVTs"" (Deep Vein Thrombosis), and one which was ""Details pending"".   See slide 10: 

https://www.cdc.gov/vaccines/acip/meetings/downloads/slides-2021-04/02-COVID-Janssen-508.pdf

There's another meeting of ACIP coming up tomorrow; I'd check their website for updates tomorrow.",2.0,CoronavirusCA,2021-04-22 20:25:30
"Absolutely.   CDC's guidance is that people who have recovered from COVID are at least partially protected, and can, at their option, wait on getting the vaccine when it's in short supply to let others get it first:

&gt; While there is no recommended minimum interval between infection and vaccination, current evidence suggests that the risk of SARS-CoV-2 reinfection is low in the months after initial infection but may increase with time due to waning immunity. Thus, while vaccine supply remains limited, people with recent documented acute SARS-CoV-2 infection may choose to temporarily delay vaccination, if desired, recognizing that the risk of reinfection and, therefore, the need for vaccination, might increase with time following initial infection.

https://www.cdc.gov/vaccines/covid-19/info-by-product/clinical-considerations.html",1.0,CoronavirusCA,2021-04-22 21:11:14
There is immunization database for CA. I went to the doctor recently and the covid vaccine popped up in my records.,23.0,CoronavirusCA,2021-04-22 21:21:20
"Honey, HIV can deprive someone of life.  They never forced that and that was definitely a pandemic in certain communities once a upon a time.  

Look, I ain’t killing anyone. A virus may kill less than 1%.  Colds, flu, pneumonia, HIV, Hep—those kill more and you aren’t crying over that but they are community illness.   

If you want to force something g why not force that people get healthy and lose weight. Are they doing that?  But diabetes and obesity is the primary comorbity. Why the f are t they even making PSAs about that if it’s about saving lives?  Cancel soda and sugar?  Tax the hell out of it?   Why?  Cause it isn’t about the illness dummy. It’s about getting everyone to take their vaccine from companies can not sue and where governments are making them rich.  What’s in the vaccines or what will the vaccine now or in the future?  The focus is in the vaccine not the people who won’t need it.  If you’ve had Covid you have antibodies which is what vaccines are supposed to do anyways. But they aren’t saying those folks don’t need it.   And some people are naturally immune to Covid or effects.  Add them in with your pile of vaccinated people and you’ll hit your herd immunity.  I’ve had Covid already so I’m less worried.  I’m also taking my vitamins and making sure my weight stays down. I’ve specifically reduced sugar too.    I will regulate my body not you thank you very much.  And I don’t give a f what you do to yours.  Get as fat and sloppy as you want. Sleep with whoever and however many people you want. I don’t care.  You live your life and I’ll live mine.  I’ll stand that no one makes decisions over another persons body for anything. You sound ignorant.  They got you in their net.",0.0,CoronavirusCA,2021-04-23 18:23:10
"Funny.  You don’t know how much education I have but I can tell you I have a number of degrees and zero student loans already and I know this game well. I have worked in my field and make plenty of money for my age, a lot of which I have to invest prior to taxes so the govt doesn’t take too many taxes. And my business is already changing things here in America.  Your kids will prob be better for it. I don’t surround myself with know nothing students so much as business mentors who will really influence my life.  And they do. And the things they tell me!!!  It should be taught to everyone but seeing how many people try to plagiarize and fake doing their school work, how many don’t attend classes or flat out just don’t prepare for a class.  They should be embarrassed but they’ve been doing it so long they are oblivious.  

Do you know most of those who run major businesses and companies and those in government haven’t and don’t plan to take the vaccine?  They don’t send their kids to public schools for the most part. Most of them get private teachers too—they homeschool. And many of their kids start businesses. So, they basically don’t do what the public is told to do.  Hmm.  Yeah.  Are they dying by the buttloads?   Do you hear anyone saying that the more money or privilege you have, the more likely you are to die from Covid?   No.  It’s the older you are or the more co-morbidities.  Diabetes and fat. 

Right now, I’m doing just fine. I adjust well and quickly. I educate myself on everything and don’t just listen to the script readers on the news or the colorful commercials that have people who look like me.  In fact most of what I get as input is sought info, I don’t have tv anymore. Gave that up a couple years ago cause it’s a complete propaganda machine.  And should things change next fall for UC, I’ll simply join an online school somewhere else in the US or world.  Fine by me. I don’t have to go anywhere and funny thing is, I’m about to be able to work from anywhere and if I can do school from anywhere then I could be countless places in the world now can’t I?   Oh. There are plenty of places in the world I can enjoy because not every country is pushing the vaccines. I live free you can live in a cage—I see the bars.  And hey don’t forget that even if you get vaccinated, you still need to wear a mask and distance from the other humans no matter. Cause they just don’t yet.  There’s so much they don’t know!!",0.0,CoronavirusCA,2021-04-23 18:45:58
"The virus can't mutate if it doesn't replicate. Hospital workers are exhausted after 14 months of dealing with COVID patients, they're more work than the average intensive care patient and are prone to sudden deteriorations, which is extremely stressful for the people caring for them, not to mention their families. Sickness and health are not individual. If we can avoid vaccine escape that saves us all the trouble of booster covid vaccines. 

I don't think a legal requirement is the right answer, but we should absolutely incentivize people to get vaccinated. Require it for theme parks, airplanes, concerts, family reunions, restaurants. Employers should require it as well for all high contact positions. And make it as easy as possible to get- walk ins at every pharmacy, like someone said above. Heck give everyone a beer and a $100 visa gift card with their shot, I don't give a shit, we all benefit. Their hospital care would cost way more than $100.",0.0,CoronavirusCA,2021-04-23 18:46:10
"Does anyone know why California is distributing fewer vaccines in recent days? A few days ago we were pushing half a million jabs per day but now it's below 400k.

https://www.bloomberg.com/graphics/covid-vaccine-tracker-global-distribution/",1.0,CoronavirusCA,2021-04-24 03:22:58
"TLDR; In layman terms, covid19 does not mutate at a rate similar to influenza, so the probability of antigenic drift and a zoonotic jump is lower (compared to the flu; which makes this move about every 10-15 yrs on average). Furthermore, endemic is defined within a population, in a specific geographic region, by both the reproduction # of the virus and the percentage of those within the population who are susceptible to any future variants with defined phenotypes distinguished from current variants. Time is needed to draw this conclusion (is covid endemic, and if so, where?). Currently, we do not have the data to declare covid19 as an  endemic disease yet in the US. Chickenpox is endemic globally, for perspective.

Into the details......

(A) This should help bring clarity:

https://www.nature.com/articles/s41577-020-00493-9

(B) Endemic is defined by the steady-state prevalence of a disease in a population of individuals. Formally, it depends on the basic reproduction number of a pathogen multiplied by the number of susceptible individuals to the pathogen in a population (this is geographically dependent). If the product of these values approaches 1, then we have reached what epidemiology traditionally defines as “endemic steady-state”. 


(C) Measles, for example, is endemic in some regions of the world still. Chickenpox is endemic globally and is probably the best fit to this simple equation for determining when a disease is endemic in a population. This, again, is usually constrained to certain geographical regions (epidemics in the future). 

(D) So the pandemic will reach an eventual “end”, but like the four other infectious to human coronaviruses that circulate globally every year....and largely not talked about, we could anticipate epidemics of covid19 in certain parts of the world in the future. 

(E) One could hypothesize that covid19 will re-emerge in the future somewhere in the world, but simply as localized epidemics in areas of the world where herd immunity has yet to be obtained. 

(F) Three contributing factors that are under-study with respect to covid19 and evaluating whether or not it will or will not become endemic are the two usual parameters: 


(1) Antigenic drift in other hosts [think swine flu or bird flu], influenza infects other hosts (animals), the viral lineage diverges in the animal population, and these specific variants emerge again in humans by shear chance. Jumping the species barrier back into humans as a unique variant, often with attributes that enable the flu to induce severe illness in humans, as our immune system does not recognize these divergent variants that originated from the animal hosts and evolution in that population. This is somewhat unlikely with respect to covid19, this is currently speculation I must state. This hypothesis is based on the fact that covid19 has a gene that encodes for an enzyme that is used for checking the fidelity of genomic material as it replicates in a host and packages the genome into new viral capsids, which is quite unique attribute and may significantly reduce the probability of the above occurring.


(2) Number of susceptible individuals in a given population influences the probability of the pathogen re-emerging as a local epidemic in the future.

(3) Another contributing factor is the rate of vaccination. If the population is not vaccinated (with an efficacious vaccine) at a rate that can outpace the pathogens evolution, then the vaccines themselves can apply a selection pressure. This results in ‘escape mutants’, and covid19 can again emerge and infect those who were vaccinated and/or never contracted the virus in the current viral lineages. Thus,  the viral lineage diverges if the # of susceptible individuals is not reduced to the point of herd immunity in a given region. This would lead to another “peak” in cases in the future. Thus, it is of my scientific opinion that the rate at which we vaccinate, is of utmost importance right now. If we fail here, we are stuck essentially chasing the rate at which the virus evolves with either new vaccines and/or future boosters of the current ones. This scenario is simply a product of time and chance. It would also be quite costly in terms of damages to human health, but also from an economic standpoint. Imagine if we drove the viral lineages today...towards resistance to current vaccines. It frustrates me a bit here on this point, as we rolled these vaccines out quite slowly for a pathogen that spreads quickly and has a long latency in hosts. In addition, I think we should be testing people for covid19 infections prior to vaccination, or we could further increase the chance of vaccine resistant mutants emerging. It sort of baffles me that this is not being done prior to vaccination. I divulge, but this is an important variable as in (1) and (2). Our approach needs to be sound, and swift. Or we could unwittingly drive covid19 to become endemic in the US.


————
As always, I would advise following primary, peer-reviewed literature for sources instead of speculative, profit motivated media sources such as CNBC with regards to covid19 and diseases in general. I do not mean any disrespect stating this, but I find it is important that we ask more questions than we provide answers (especially those that are speculative, such as whether or not covid19 will become endemic, and moreover, where in the world it would become endemic). 
———-

I hope this brings some clarity. I am optimistic we will win this one! If SARS and MERS can serve as a reliable metric, we should be approaching herd immunity soon. If covid19 runs the same course as those epidemics did, then the virus will just “burn out” in due time.",1.0,CoronavirusCA,2021-04-26 08:51:50
"You're not crazy.   If it's been less than about 2 weeks from your first shot I'd be especially cautious (the phase 3 trials showed a measureable effect starting at around 10 days; before that there's not much difference in infections between vaccine and placebo).

If you want authoritative information, here's CDC's advice on what's ok when fully vaccinated: 

https://www.cdc.gov/coronavirus/2019-ncov/vaccines/fully-vaccinated.html

and CDC's guidance on immunity from prior infection:

&gt; While there is no recommended minimum interval between infection and vaccination, current evidence suggests that the risk of SARS-CoV-2 reinfection is low in the months after initial infection but may increase with time due to waning immunity. Thus, while vaccine supply remains limited, people with recent documented acute SARS-CoV-2 infection may choose to temporarily delay vaccination, if desired, recognizing that the risk of reinfection and, therefore, the need for vaccination, might increase with time following initial infection.

https://www.cdc.gov/vaccines/covid-19/info-by-product/clinical-considerations.html",1.0,CoronavirusCA,2021-04-26 18:21:48
Yeah the complaint I’ve been hearing from the covid deniers lately is why bother with the vaccine if we all have to continue wearing masks? I think Biden and the CDC are throwing them a bone.,8.0,CoronavirusCA,2021-04-28 10:33:28
"I took my numbers from ""[people fully vaccinated](https://view.ceros.com/abc/california-covid-19-vaccine-tracker/p/1)"", assuming these are the people that the 1400 people are a part of.  I also assume that
a ""fully vaccinated"" person is + 2 weeks after their full series of vaccines.  I could be off, but it should be close anyway.  

It could also be skewed, cause maybe only 1400 people were exposed to Covid.  We just don't know, but the 1400 people are all self reported as well, at least they weren't actively hiding, and were tested positive, and had symptoms.",9.0,CoronavirusCA,2021-04-28 23:04:31
"The J&amp;J study is [very readable](https://www.nejm.org/doi/full/10.1056/NEJMoa2101544) if you want more data on breakthrough cases. Over 4 months, 116 of 20,000 people got Covid despite being vaccinated. 348 of 20,000 people in the placebo group got Covid who were not vaccinated. That's what the ""66.9 efficacy means""; the vaccine blocked 232 of 348 cases, or about 67%. J&amp;J is a little less effective than other vaccines by this measure, but then again their trials were done later when more virulent strains were in circulation.

The more important result is that of the 116 vaccinated people who did get Covid, none get seriously ill or died. The J&amp;J vaccine is 100% effective in preventing serious cases.",35.0,CoronavirusCA,2021-04-28 23:53:42
"Fresno City College, affiliated with UCSF is doing no-appointment drive-up/walk-up.  

At 9am this morning (4/28/21), there was NO line.  None.  It is first-come, first-served.  

Pfizer, both first and second shots.  

Check the r/fresno sub:   https://www.reddit.com/r/fresno/comments/m3l1p1/fresno_area_vaccines_megathread/  

_________  
UCSF Fresno - COVID-19 Equity Project   
Where: Fresno City College. Enter at 2005 N Blackstone Ave, Fresno, CA 93703   
Vaccine Brand: Pfizer   
Available Appointment Times: Monday - Thursday 8:00am-2:00pm; Friday-Saturday 10:00am-2:00pm   
How to sign up: First-come, first-served or https://myturn.ca.gov or 1-833-422-4255   

https://www.fresno.ucsf.edu/cep/",1.0,CoronavirusCA,2021-04-29 02:50:18
"Excerpts: 

&gt; Angeles County is set to hit a milestone in COVID-19 vaccinations that no one is happy about.

&gt; For the first time, the county will not reach its goal of administering 95% of its weekly supply, officials said this week. The reason: Appointments for the first dose of the COVID-19 vaccine have decreased by about 50%.

&gt; . 

&gt; Health experts and officials have attributed the drop to a variety of reasons, including ongoing hesitancy around the vaccine and access issues.

&gt; . 

&gt; Countywide, officials said about 18% of residents have missed their second-dose appointments. Demand has also dropped across the state and the country.

&gt; . 

&gt; While transmission, hospitalizations and deaths related to COVID-19 remain low throughout the state and in L.A. County, health experts have said that ongoing vaccinations continue to be key in the fight against the virus. But a vaccination rate of 100% is unlikely, experts have said, and getting the remainder of unvaccinated eligible residents to get a shot could take some time. That, combined with children who are not yet eligible for a shot, is a substantial amount of the population, experts have said.",10.0,CoronavirusCA,2021-04-30 18:56:14
"Hello? Same damn newspaper bro. 

https://www.latimes.com/science/story/2020-12-12/why-fda-didnt-approve-pfizer-covid-19-vaccine-eua

“Yet none of this was enough for the vaccine to win official FDA approval. What it got instead was a more limited emergency use authorization.”",-9.0,CoronavirusCA,2021-04-30 20:19:23
"And another source, not fda approved. Sorry to inform you properly. 

https://www.kcra.com/article/fda-approval-covid-19-vaccines-could-help-fight-vaccine-hesitancy/36294483#

“As a condition of the emergency use authorizations issued for the Pfizer/BioNTech and Moderna coronavirus vaccines, those companies are expected to work toward asking the Food and Drug Administration for full approval — and some health officials are hoping it will happen soon.”",-11.0,CoronavirusCA,2021-04-30 20:29:37
"From what I understand based on how scientists have explained it, the way the (mRNA) vaccine works is that it introduces a foreign invader to your body so then your body is like wtf is this? KILL IT WITH FIRE and starts making antibodies.  The “double mutant” Indian variant [carries two mutations](https://www.forbes.com/sites/siladityaray/2021/04/20/double-mutant-covid-variant-heres-what-we-know-as-israel-reports-vaccine-efficacy-against-variant-first-detected-in-india/?sh=793b3e612fb3) including the which were previously seen separately in other variants but never together in one variant. 

I think of it as like Superman: I've seen Superman in his full costume before so now I know who he is. But once he puts on those glasses, suddenly he's Clark Kent and idk shit about him. 

Scientists/doctors, please correct me if I'm wrong.",0.0,CoronavirusCA,2021-04-30 21:45:10
"Yes. But a lot of people don't think about that. It's always ""I won't die and we don't know the long term effects of the vaccine"". But we do know the possible long term effects of COVID and they're not good.",2.0,CoronavirusCA,2021-05-01 01:25:48
CDC had to send a infographic on the advantage of the covid vaccine. I hope people are paying attention.,2.0,CoronavirusCA,2021-05-01 15:23:25
"I'll give it a try.

They want to count how many people have antibodies to the coronavirus.

Some people have antibodies because they had an infection and their body fought it off.

Some people have antibodies because they got the vaccine.

They want to find out how many people have antibodies. If they know how many people got vaccinated, they can do some math and figure out how many people had infections. (They can't get the exact number, but they can get an estimate of what percentage of the population had an infection.)

This is important because not everybody got a Covid test, especially very early in the pandemic. So this is (maybe) a better way to find out how many people really got infected.


Does that make sense?",3.0,CoronavirusCA,2021-05-02 04:13:55
"15 and younger still can’t get vaccinated and for many 16-50 appointments just opened up 2 weeks ago. Ones I know have first apt between may 15 and June 15. Many teens have vaccinated parents who are having parties, eating inside, not caring about spread to their kids bc “it’s no big deal if teens and kids get covid” -that’s what my college educated neighbor told me yesterday while having a 50 plus person derby party with tons of families - lots of kids and teens (all unvaccinated). Cdc also changed from 6 feet to 3 feet in classrooms so kids are sitting really close together. Kids in ca parents are hosting private proms, in person graduations etc. Not enough people have died or talked about their long covid issues. I hope none of the new variants popping up and continuing to spread and mutate break through the current vaccine barrier... that’s my main worry right now. Going through this all over again bc we let our guards down too early.",40.0,CoronavirusCA,2021-05-02 15:04:15
"It's really not scary. I went to CVS for mine and they had a seperate area in the pharmacy area set up. I was the only one and I was in and out within half an hour (that includes the 15 minutes they make you wait to make sure you are feeling okay after the shot.)


I booked my appointment on the CVS website. When I was checking there were tons of appointments, but that may vary depending on your location. (I just checked and where I am I could even book an appointment for today.) 

https://www.cvs.com/immunizations/covid-19-vaccine

You just have to answer a few simple questions and then it will show you locations and which vaccine they provide there. Let me know if you need any help!",2.0,CoronavirusCA,2021-05-02 22:30:19
"Yes and no. 

There are studies that show the risk is equal at nearly any indoor distance  in normal sized rooms (versus something like giant atriums) because of the way aerosols travel—and that 6 feet was always a guess based on the false assumption that it was solely droplet spread.

If that really is the case; there is no amount of indoor distancing that will make them any safer—then their decision makes scientific sense, and I trust that.

What I don’t trust is is their willingness to accept the risks to young people who can’t be vaccinated yet.

They haven’t shown that it is safer and 6 feet is excessive—it’s the same risk at 3-6-9-12 feet; and that they are going to force students to accept that risk no matter what; and are taking the excuse away that closure is necessary because 6 feet is impossible in some facilities. They’ve shown COVID is more, not less, risky because distancing (and deep cleaning for that matter) doesn’t reduce much.

To me, it simply cannot be done safely until a vaccine is available.

What might help (and not enough in my view) is ventilation and mask compliance; but in many of facilities and seasons ventilation is even more impossible to achieve than distancing. It’s also harder for teachers, parents, and students to visually inspect for efficacy and compliance, compared to distance and masks.

So I trust the science in this case; but I don’t trust their risk assessment—especially since they have already haphazardly adjusted and readjusted guidance to push schools to open for political and  economic reasons; not that they have been made safer for young people. They are willing to roll the dice when it comes to children’s health in a way I am not.

Nobody ultimately knows what the long term health outcomes are for COVID infection, and “kids aren’t likely to die” is an extremely low benchmark.",3.0,CoronavirusCA,2021-05-02 23:11:13
"Good lord. You seriously believe that pseudoscience about “variants” forming among unvaccinated people that may break through the vaccine?

You sound like you’re from the teacher’s union, arguing why kids should be tortured with masks next year.

I can’t believe that I actually supported teacher’s unions before COVID.",0.0,CoronavirusCA,2021-05-04 10:19:13
"You know, *you* were the one making a claim:

&gt;businesses are not allowed to alter their services for fully vaccinated customers 

And yet you think by making an ""educated guess"" you're ""debunking"" my counter-statement. That's not how it works. But, I'll play along. 

* https://www.msn.com/en-us/sports/mlb/sf-giants-fans-need-proof-of-covid-19-vaccine-or-negative-test-to-attend-games/ar-BB1fdnEn
* https://sanfrancisco.cbslocal.com/2021/04/22/csu-uc-covid-vaccine-requirement-students-faculty-california/

Your claim that business cannot alter their services rests on the assumption that vaccination status is something a business cannot consider. That is demonstrably false. As to the fact that CSU is a public institution and not a private business, it's absurd to think that a public (and publicly funded) institution has *fewer* restrictions than a private business. 

Florida's governor has prohibited businesses from requiring proof of vaccination, but that's in Florida and we're talking California here. I wouldn't be surprised if his executive action is overturned.

As to the original question, can a business refuse service without vaccination. Obviously (based upon evidence, not your ""gut"") the answer is yes.

* https://www.cbsnews.com/news/can-businesses-require-vaccination-proof-experts-say-yes/
* https://www.washingtonpost.com/outlook/2021/05/04/vaccine-mandate-legal-schools-businesses/

Some more…

* https://www.cnn.com/travel/article/qantas-coronavirus-vaccination-intl-hnk-scli/index.html
* https://finance.yahoo.com/news/penn-law-professor-predicts-businesses-will-require-vaccination-proof-140423925.html",0.0,CoronavirusCA,2021-05-06 08:21:16
"Looks like you got vaccinated at a seventh day Adventist church vaccination spot, they’re pro Covid vaccine so you’re good",5.0,CoronavirusCA,2021-05-06 15:20:50
"&gt;At some places the shots are prefilled and ready to go, at others the nurses mix the vax with saline and inject them.

then they're prefilled in the ""back room"" 

once mixed, Pfizer expires in ***hours***. 

**Interim Clinical Considerations for Use of COVID-19 Vaccines Currently Authorized in the United States**

[https://www.cdc.gov/vaccines/covid-19/info-by-product/clinical-considerations.html](https://www.cdc.gov/vaccines/covid-19/info-by-product/clinical-considerations.html)

&amp;#x200B;

that brochure is from the 7th day Adventists.

..while there's some mention of ""mark of the beast""

&amp;#x200B;

the tl;dr is.... ***get your shots*** (they even use actual science)

&amp;#x200B;

[https://www.nadadventist.org/news/covid-19-vaccines-addressing-concerns-offering-counsel](https://www.nadadventist.org/news/covid-19-vaccines-addressing-concerns-offering-counsel)

### Conclusion

Immunization, along with sanitation and clean water, has been foundational to the improved longevity seen around the world where these interventions have been applied. ***Vaccines have long been used by Adventist church members throughout the world.*** Along with good health practices, they have provided protection against many infections and prevented illness and death.

As we witness the global magnitude of the pandemic, the deaths, disability, and long-term COVID-19 effects that are emerging in all age groups, ***we are encouraging our members to consider responsible immunization and the promotion and facilitation of the development of what is commonly termed*** ***herd immunity*** (pre-existing community immunity of approximately 80 percent of individuals as a result of previous infection and/or vaccination).

&amp;#x200B;

#### Question: Can it be safe and effective, as it was developed so quickly?

**FACT:** Due to current technology, the SARS-CoV-2 virus was sequenced within days of its being identified, and work on a vaccine was started right away. The sample size for the large study is 40,000 people (the average FDA vaccine study sample size is usually only 27,000). We are two months into a two-year study. Data is being carefully monitored.

The first dose showed a 50-percent immune response protection. The second dose reached 95 percent protection! (Only Hepatitis A vaccine is higher, at just about 100 percent protection.) The study was well designed and represented U.S. demographics very closely, with the exception of Native Americans (and the ongoing study is working to rectify that). Efficacy and side effects were similar in all ethnic groups.",3.0,CoronavirusCA,2021-05-06 16:19:14
"You can absolutely still get covid with the vaccine and contaminate other people. It will just not get you in a hospital. But it might put other unvaccinated people in the hospital though. So no this isn't weird, wear your mask until they tell you it's safe (for example it just got OK in California to not wear a mask outside if you stay away from people you don't know).",1.0,CoronavirusCA,2021-05-06 16:35:34
"Where I went the nurse told her to keep wearing masks aterwards, that we might get shortness of breath, fever, shiver etc and we had to sit down for 15 minutes with signs warning of side effects in the next couple days. It's not unwarranted AT ALL since some people get very sick from it. I'm getting the second dose tomorrow and don't expect any less. It's not like it was out of context advise. A nurse giving a covid vaccine saying it can get you very sick for a couple days and to keep wearing a mask is NOT crossing a line or unsolicited.",0.0,CoronavirusCA,2021-05-06 17:29:16
"SAN FRANCISCO -- California could reach herd immunity by June 15, according to projections by doctors at UCSF.

""I am predicting that Gov. Newsom was actually right,"" said Dr. Monica Gandhi, an infectious disease physician with UCSF. ""June 15th is when we're going to be done...get to herd immunity.""

June 15 is about six weeks away. Gov. Gavin Newsom announced plans last month to fully reopen the economy on that date.
Recent Stories from ABC 7

Dr. Gandhi expects by that time immunity levels will overpower any ongoing transmission resulting in relaxed restrictions and more freedom.

""He's going to have to open up more without masks,"" said Gandhi. ""All of that will show us as we mingle, the cases aren't going up....that we have enough of the population being immune.""

While Marin County tops California in percentage of people partially vaccinated, there is still a major obstacle for county health officials trying to reach heard immunity: People who don't trust the vaccine.

So how do we know California is on track to meet that goal?

""Mark my words, Los Angeles going into the yellow tier is huge in terms of disease control. Huge,"" said UCSF lead epidemiologist Dr. George Rutherford.

Rutherford explains Los Angeles County moving into yellow is a signal herd immunity is closer than we think. Especially given the area has been plagued with COVID-19 hot spots throughout the pandemic.

""It means from a combination of naturally-acquired infection and vaccine immunity, they're really seeing a downturn in the likelihood of someone getting infected,"" he said. ""So there's your answer, if they can do it there, we can do it anywhere.""

VACCINE TRACKER: Here's how CA is doing, when you can get a coronavirus vaccine

San Francisco and most of the Bay Area are leading the way to get there.


73 percent of the 16 and older population has been vaccinated with at least one dose in San Francisco County. Whereas, 54 percent of the 16 and older population has been vaccinated with at least one dose in Los Angeles County.

In total, California ranks 11th in the U.S. for the percentage of the population that's received at least one dose - around 50 percent, according to Bloomberg's vaccine tracker.

""We'll reach herd immunity by mid-summer,"" Rutherford said.

/u/debuzy01 ask and you shall receive.",69.0,CoronavirusCA,2021-05-06 21:28:17
"I'm curious if under-16 is going to get vaccinated at a high level.  Many parents may figure the risk of COVID complications among children is so low, that it's not worth getting a vaccine.",9.0,CoronavirusCA,2021-05-06 22:26:07
"I am not qualified to agree or disagree but every shot helps. Age 6 month-11 Phase 3 trials are already underway. I think the 12-15 cohort P3 trials took 3-4 months to complete.

Below is Pzifer's announcement in late march for the 6m-11yr group. If they started around April 1 then they could be done by midsummer with approval (hopefully) by late summer. 

&gt; Last week, Pfizer and BioNTech dosed the first healthy children in a global Phase 1/2/3 seamless study to further evaluate the safety, tolerability, and immunogenicity of the Pfizer-BioNTech COVID-19 vaccine in children 6 months to 11 years of age. The study is evaluating the safety, tolerability, and immunogenicity of the Pfizer-BioNTech COVID-19 vaccine on a two-dose schedule (approximately 21 days apart) in three age groups: children aged 5 to 11 years, 2 to 5 years, and 6 months to 2 years. The 5 to 11 year-old cohort started dosing last week and the companies plan to initiate the 2 to 5 year-old cohort next week.",4.0,CoronavirusCA,2021-05-06 22:37:07
"&gt; Take into account that 1/2 of Republicans don't want the vaccine... 

There are 3 outcomes: 1) herd immunity through ONLY recovering from infections, 2) herd immunity through recovering from infections plus vaccines, or 3) death of the species.  So far in history we have seen #1 and #2.  Covid is #2 (or will be).  Republicans can either get vaccinated or become infected and therefore immune for a while, same with children.  They will all contribute whether they want to or not, one way or the other.",1.0,CoronavirusCA,2021-05-07 03:00:11
Maybe not in the short term but I think the state legislature will eventually add Covid-19 as a required vaccine.  At that point the vast majority of parents won't have much of a choice but to get their kids vaccinated.  I don't think that will happen this fall  but I could see that being a requirement by fall 2022.  Once that happens 90%+ of school age children in the state will be vaccinated because most parents aren't going to be willing to homeschool their kids to avoid getting vaccinated.,4.0,CoronavirusCA,2021-05-07 04:23:57
