comments,score,subreddit,time_created
"The COVID-19 Vaccine is a human experiment on millions of people. It hasn’t gone through anywhere close to the clinical trials a normal vaccine would be subject to.

(Not an anti-vaxxer, got my second shot just today).",2.0,AskReddit,2021-05-05 20:04:48
"Truly ignorant here. Why isn't the Covid vaccine a vaccine ""by definition?"" And who is arguing it's not a vaccine? Is it anti-vaxers? Because there would be a hilarious irony there.",9.0,AskReddit,2021-05-06 00:29:07
I'm not sure if it's the anti-vaxers in general or just people who are covid deniers. But because it doesn't have a weak version of the virus in it that it doesn't count as a vaccine.,9.0,AskReddit,2021-05-06 00:40:19
Oh they are indeed. People who don’t want the covid vaccine are called anti-vaxxers on a daily basis.,2.0,AskReddit,2021-05-06 01:32:32
Are you an anti-vaccine person or just against covid vaccine?,0.0,AskReddit,2021-05-06 02:42:38
"The thing is I don't actually mistrust ""science"". I love science and new scientific studies and all sorts of stuff. Shit I'm not even anti vax man. I think vaccines can be good. 

There is just something with this vaccine and covid in general that is extremely fishy to me. 

And there has been complications with the new vaccine, a lot actually. And even if you don't die from it immediately, what are the long term effects going to be? Why won't they say exactly what is in the vaccine? Why is there some much propaganda pushing it? 

it's just fishy man. 

And yes, I have always been extremely mistrusting of the government. And that is why we live the way we do, we try as hard as we can to not need to rely on society. 

Scientist may not be the enemy, but the government is. This is the same government that kicked my ancestors from their native land and forced them to march a thousand miles in the winter to a land that is shitty af. And to top it all off, they gave them blankets ( because it's winter ) that were infected with polio. 

This also comes from the same governments that my fiance's ancestors fought against for decades. And now because they didn't submit to them, their band of people are not recognized by the federal government as a native tribe. So they don't have the same rights.

These are the same governments that have lied, and lied and lied again for thier own benefit and control. 

Vietnam 
9/11
All the wars in the middle east

I don't believe anything they say, especially if they are trying to push it this hard. It screams ulterior motives to me. 

And yea honestly, you and I would probably get along. I get along with most people. Our views on death are definitely vastly different than most people, but we just don't view death as a bad thing for the soul. Yes, it would make me sad if my loved one or my dog , my grandma or whatever dies, shit I still feel bad killing a deer or an elk for my own food. But it doesn't make it a bad thing, death is just a transition to the next state.",1.0,AskReddit,2021-05-06 07:29:33
Anti-vaxx or not taking the COVID vaccine that will mutate for the foreseeable future requiring additional shots similar to that of the flu since herd immunity is our best option and the current vaccines doesn't cure/prevent spread.,1.0,AskReddit,2021-05-06 16:41:08
As in anti Covid vaccine or vaccines in general?,2.0,AskReddit,2021-05-06 16:50:54
Important question. I’m not anti vaccine in general but at the very least will hold off on Covid vaccine until there is more data on long term affects.,2.0,AskReddit,2021-05-06 17:07:36
"Currently the vaccines are solving this strain of the virus helping reduce fatalities. 100%. However this virus is acting similar to that of the flu which leads us to believe that there will be multiple iterations of the virus requiring multiple vaccines down the line (a year or years). Hopefully not but lets look at statistics. So with the current vaccines they don't remove the possibilities of a vaccinated person contracting the virus, being asymptomatic, and then passing the virus to non infected peoples. If you follow covid guidelines and are younger and of better health you have a reason to avoid the vaccine until more research has been conducted. It isn't a sure safe bet though and it is risky however the vaccine is not exterminating the virus as we had hoped and as seen recently with the UK mutations develop rapidly. Its not the best game of chance but if you drink eat at mcdonalds, drink alcohol or smoke you're also playing a game albeit with greater chances. The question is where do you draw the line. If the virus was completely eradicated from this vaccine and you didn't take it that is endangering the public similar to an anti-smallpox person would be. Right now avoiding the covid vaxx is avoiding a flu shot that has more likely dire consequences.",1.0,AskReddit,2021-05-06 17:47:55
"Calling people anti-science because it's not what one scientist says doesn't mean that. Pretending that there is ONE science is disingenuous to your argument because if it wasn't science it would be fact. For example. The ""science"" first on covid was don't wear masks because they don't do anything unless worn properly by professionals. Then everyone wear masks because why not, that makes sense, right? Then it's okay vaccines are coming so you don't have to wear masks cause you'll be immune. Okay now it's even with a vaccine you have to mask unless you're OUTDOORS? or the fact that if you get covid you're pretty much immune from it and apparently that doesn't matter to anyone. Or that there's no scientific evidence that re-usable cloth masks that are shoved in your glove box and aren't cleaned properly after every use are in any way shape or form useful, (they might actually be the opposite if you look into it).

So nah. Calling people anti science for something like that should have read ""anti-politics""",-2.0,AskReddit,2021-05-06 18:14:20
"Where have i said anything about being anti Vax, except for this ""vaccine""? How many of those millions that have died were at risk and likely would have died from ANY respiratory virus? That's not even taking into account countries like the uk that count your death as a covid death regardless of what you REALLY died of if you tested positive within 40 days? That sounds SUPER ACCURATE. 
Why are you so upset that peyote don't want to line up to be guinea pigs? You simply won't even acknowledge that the fda hasn't approved any of the treatments, making this a large test, rather than an innoculation. Not only that, not every single person needs to be given the Jab to achieve herd immunity. Viruses continue to mutate to become more transmittable, so are we expected to be given this shit year after year? If that's the case why get it at all? I'll take my chances with my human immune system that is well equipped to handle it. 
The fact of this whole thing is there is literally nothing i can show you/ tell you that's going to make you see anything other than what you've been led to believe. There is data out there to prove any point you or i want to make and youre not going to change your mind and I'm free to make up mine as i see fit. Until there is long term data proving this experiment is safe, im not going to put it in my body. You are free to do it if you feel like you need to. But you don't have any right to tell me i have to do it too.",1.0,AskReddit,2021-05-06 19:02:51
"Is it though? I usually take the approach of leaving people alone, but recently a family friend has been posting anti-COVID shit online and today I ""snapped"" when she posted a ""Proudly not vaccinated"" meme and I finally said something to the effect of ""The vaccine is safe and effective and there really is no reason other than selfishness or ignorance for not getting the vaccine"" and had my comment deleted and was promptly defriended. What good has that done? So few people are willing to reconsider their views and just isolate themselves in echo-chambers. Is it worth it? What good does it do?",0.0,AskReddit,2021-05-06 22:40:30
"Being skeptical about one rushed, experimental vaccine doesn’t make me an anti-vaxxer. 

Ive had all of my vaccines as a kid, and I wouldn’t hesitate to give them to my kid if I had one. But this rushed COVID vaccine simply hasn’t been studied enough for me to feel good about taking it.",1.0,AskReddit,2021-05-07 04:12:43
" Don't be anti-science and anti-vaccine. We have whipped many contagions with vaccines, including polio. Here is positive and healthy info from UPMC.

 At UPMC, we continue to vaccinate people 16 years old and older in our  communities. The COVID-19 vaccine is a safe and effective tool in  stopping the spread of COVID-19. To date, we have distributed more than  515,000 doses across all of the regions we serve.  
 

To schedule your vaccine today, visit [Vaccine.UPMC.com](https://click.notify.upmc.com/?qs=c850c5db6bfed2e89e22974b6c1b2a09b76efd94c103d83c124e5ad87258f992ac386188114b66b41696e04b88d14cde953741cb08475962). You will be able to schedule an appointment online or by phone at a convenient time and location.   
 

For more information about our COVID-19 vaccination efforts, visit [UPMC.com/COVIDVaccine](https://click.notify.upmc.com/?qs=c850c5db6bfed2e83368c08b1826fd5624dbb175d901744a6ca2807159056d19155e3474001a265b65dadce6c041137a6934cb72da450d5b).",2.0,AskReddit,2021-05-07 12:49:14
"Anything anti vaccine. Recently was having a conversation with a family member who was happy to get their Covid vaccine as soon as it was available but then went on to spew BS about vaccinating children for mumps, measles, etc. Nope, I don’t have time for that.",2.0,AskReddit,2021-05-07 23:12:10
"Twice? Whatever happened to once? 😂

Don’t argue statistics because everyone knows how inflated the numbers are. Not to mention how anyone who died in a hospital in 2020 was said to have died from covid which is untrue because there was financial insensitive to do so.78% of people who died from covid had pre existing health problems or where obese or where over the age of 70. So if you fall into that category and want to get vaccinated that’s on you. 

Im not anti vaccine you can feel free to take as many vaccine shots as you please. That’s your choice but don’t tell me what I should or shouldn’t do with my body. It’s my american right to choose for myself and not be forced by the government to take a vaccine.",1.0,AskReddit,2021-05-08 00:31:14
"My relative thinks covid is fake and is an anti vaxxer. He thinks, and so do his parents, that covid is a hoax made to track people, microchip everyone, inject them with a vaccine that will kill them in 5 years, and that it's all because he's so good at investing that they have to stop him from earning money... I can't make this shit up, but apparently he can",0.0,AskReddit,2021-05-08 01:41:17
"New covid strain renders any vaccine to be useless. People will developed the reverse anti-vac response, getting too cocky that they thought they're completely immune to covid and unknowingly spreading the new variants. We'll see a very high spikes due to Christmas. And probably massive death toll in January, almost comparable to black death.",1.0,AskReddit,2021-05-08 02:47:37
The Covid vaccine cause my father is an anti vaxxer and its annoying as hell to talk to him about cause his logic is wrong and his facts dont line up,1.0,AskReddit,2021-05-08 08:30:41
"If I *had* to get one, The J&amp;J. It's a trojan horse variation of an attenuated virus vaccine. So, the anti bodies produced aren't hyper specific to the original strain which, in theory, should make them effective to some degree against any new strains. 

The MRNA vaccines are specifically designed to produce the spike protein of the original strain thereby inducing an immune reaction to those specific markers. Which could make any newer variants invisible to the antibodies. They could also cause the lasting autoimmune side effects of COVID if a recent study about the spike proteins of COVID being the cause of the lasting effects proves to be true. 

Either way, all the vaccines have shown they prevent death or hospitalization from COVID in about 100% of cases. I just prefer the vaccine that works through traditional mechanisms as we know a lot more about these types and their lasting effects, if any.",1.0,AskReddit,2021-05-08 11:25:34
"im not an ""anti vaxxer"" but I think since I live in a free country we should have a choice in what we inject into our blood stream. If people want to get the vaccine to protect themselves from covid then go for it, if they feel threatened they are going to get sick and DIE then they should get the vaccine, not me a young healthy person (who would probably have minor symptoms if I ever get covid).",2.0,AskReddit,2021-05-08 17:15:01
"I recommend getting an anti body test before your eligability for the vaccine ends (if that's a thing in your country!). I've had people in my life that had covid, didn't get sick much and had antibodies at the time but tested again now and they didn't have anti bodies anymore!",0.0,AskReddit,2021-05-08 18:34:49
"I also did not know they had a a Restaurant ? Or do they just make pizza? 

It’s not just the free birthing, it’s the Covid isn’t real, it’s the anti-Max , the anti vaccine, the non belief in mental illness (she was trying to get her followers to help her get a woman out a psych unit who was locked up for “following the ideas she had”) she said she can detox her and heal her. Everything is just very dangerous. She has a large following and although she thinks she is correct and this is okay, it’s not.

Hit post too early. I hope your x does okay during birth! That’s an interesting decision after having that much trouble.",12.0,AskReddit,2021-05-08 21:25:20
Anti vax or people who are not 100% with the covid vaccine that has been rushed... They get lumped into the same thing nowadays unfortunately,6.0,AskReddit,2021-05-08 23:00:49
"Inform them that both the RNA viral mutiplication in the virus and the spike proteins found in the vaccine and the virus cause cellular inflammation and organell destruction. So the vaccine in some ways is a safer bet, but people with pre-existing conditions may have problems with either. A healthy lifestyle, good immune boosting supliments, and drugs like ivermectin are the best combined option for a quantity of people. I would tell them to concider the collective health picture individually. Anti-covid vaccine isn't the same as anti vaccine btw, some just want to fully proccess the data before. Assure them that things will most likely work out ok , unless they have significant underlying health conditions that would accelerate things.",3.0,AskReddit,2021-05-08 23:47:31
"Honestly at this point. . .COVID.  Like i dont know why it is but it seems like it and it shouldnt be.  Literally saw that they are making Dr Faucci dolls, there was that cringey song where someone was singing Mr. Sandman but made it about vaccines and their love for Fauicci, another song I saw that was done to a Lady Gaga song but was about loving Faucci and doing whatever he says and following him forever.  People taking vaccine selfies and demanding you show your vaccine selfie, there was literally CNN hosts ragging on Fox News hosts for not showing their vaccine selfies and saying that shows that they never got it.  You got the annoying pro-maskers preaching to people and the anti-maskers doing the same thing.  Its all really freaking weird and I dont understand how people like this can exist or why things have gotten like this.",1.0,AskReddit,2021-05-09 07:58:24
"i totally agree w all the other reasons here, but it seems like no one mentioned that it seems sketchy to me that republicans, who deny covid's very existence thinking its some sort of government scheme, are suddenly so eager to get the vaccine for something that doesnt even exist in their eyes, and the vaccine is being distributed *by the government*, the very same government they think came up w covid. plus, if im not mistaken, republicans are typically anti-vax. plus, the first people trump was giving them out to were the elderly and the natives, two categories of people he doesnt care about at all. youd think w how our society works, the first people theyd be giving it out to are the rich and those in power (who are also rich anyway); him giving it out to the elderly and the natives first seems more like testing to me. it doesnt strike me that hes suddenly become super caring and considerate to those hes never expressed any remote interest in before. plus, its a virus, and viruses can adapt and change, and i personally dont want routinely vaccines that might not even be 100% effective, id rather just keep quarantining",3.0,AskReddit,2021-05-09 18:45:37
"Most people, Republican or Democrat aren't anti-vaccine. Sure, threre was and is some skepticism about this specific vaccine, but it was largely because Republicans suspected there was an agenda being pushed.

They don't suspect that our government came up with COVID, but suspect China's government did.

The rich and powerful tend to support the Democrats anyway. Republicans say they support rich and the corporations, but most corporations and wealthy people tend to donate more to the Democrats.",1.0,AskReddit,2021-05-09 20:19:39
"avoid the subject if you know it'll only provoke an argument

my mum is mildly anti-vax (as in she's refused the covid vaccine) but at least doesn't get passionate about it like some people do",5.0,AskReddit,2021-05-09 23:45:55
"When it's not accurate. I'm pretty sure you meant people who are against the Covid vaccine, not all of them, right? Because that's what anti-vaxx sounds to me: being against vaccines in general.",0.0,AskReddit,2021-05-09 23:51:05
"How would you like your roads not built, electricity not working, streets not policed, buildings not built, sanitation not taken care of? Anti covid vaccine individuals work in labor intensive jobs that make the world go round.",0.0,AskReddit,2021-05-09 23:53:59
"Not wanting to take an experimental vaccine that’s already killed people, for an illness that poses no risk to most people…does not equal being anti-vaccine.

There’s plenty of people who’ve taken multiple vaccines who refuse to take the COVID one because of how rushed it was",0.0,AskReddit,2021-05-10 01:43:33
"Because they were developed faster than ever and the Pfizer and Moderna vaccines are an entirely new type of vaccine. Truth be told, we know less about the long term effects of these vaccines than a traditional vaccine, which can make people skeptical. Posts that simply try and paint those who are skeptical as idiots or paranoid don't do anyone any good. There are legitimate reasons to be wary that have nothing to do with traditional anti-vax thought or 5G conspiracies.

Before I get down voted to hell, I should say that I am fully vaccinated against Covid and did so at the earliest opportunity. I have also always encouraged others to get the vaccine. The risks of the illness outweighed the risks of the vaccine to me, but I understand how others can feel differently.",8.0,AskReddit,2021-05-10 03:06:06
"Because we need to know if the vaccine works without giving people too many problems. What those problems could be I don't know, every time I tried looking it up the first thing that comes up is the anti vaxxers. I'd imagine the CDC would be afraid the vaccine could be worse than the disease. Maybe paralysis, harsh covid symptoms, blood clots we've seen. Who knows (pun intended)",1.0,AskReddit,2021-05-10 15:35:53
"It's unfair and inaccurate to label everyone who specifically opposes these covid vaccines for *themselves* as ""anti-vax"". 

A lot of people who are refusing (myself included) do not think covid is an extreme mortal danger to them individually and think an experimental vaccine is a greater risk to them. It will be impossible to vaccinate 100 percent of the population. Social pressure, guilt-tripping, 'free money', etc has its limits. People have their own minds and intuitions.

It will be interesting to see how this plays out long-term. Will seemingly healthy and active people who refuse to get vaccinated and only mask when it is absolutely required be more sickly than the ones that received an experimental vaccination and wear a mask for long periods of time daily even when they're not required to? 

It will be fascinating to see the data on that in a year or two.",0.0,AskReddit,2021-05-10 21:42:18
"Yeah...there were a lot of tears right after it became clear that we couldn't continue to exist there. COVID was a shitshow there, they shunned masks and have generally been anti-vaccine for a long time. Then a beloved member of the congregation died horribly from it, and they blame the doctors for not using hydroxychloroquine. Which is a leap of logic in itself because they simultaneously believe COVID isn't real.",10.0,AskReddit,2021-05-10 22:01:50
"Preach. I am not “anti-vax”. I am just skeptical of a rushed vaccine for a disease with +98% survival rate in most age groups. I do think covid can be serious for sick and elderly and they have the freedom to mask and vaccinate, I chose to let my immune system do the work it was made to do.",-1.0,AskReddit,2021-05-10 22:40:49
"For some context, my girlfriend's mom is a religious anti-vaxxer and just found out yesterday that her daughter and I got our covid vaccine (happy mothers day?), and went into an inconsolable sobbing fit. I knew hearing we got vaccinate would upset her, but not to this degree. Some words were exchanged and we haven't talked since.
Edit: a word.",1.0,AskReddit,2021-05-11 02:16:50
"I’m not anti-vaxxer. So I think that people who don’t take them should have certain limitations on them, instead of us normal folk having to worry about them. With that said, if your talking the COVID vaccine. I’ll take that in 9 years, when the required amount of testing, trial and error would have been achieved",2.0,AskReddit,2021-05-11 05:46:05
"I dont want my covid vaccine yet. I find it weird that theres like six varients of the vaccine worldwide. And then it came out that 500 were sent to hospital in the UK alone  after the vaccine due to bloodclots. I will get one eventually. Just when ive got more confidence in it being safe.

Ive had all my other vaccinations no problem. Im not anti vax. However, I think that body autonomy is a paramount human right. And no one should have be forced into it, or have their rights taken away foe not wanting something put in their body.",2.0,AskReddit,2021-05-11 10:04:35
More anti israel garbage. The Palestinian authority didn’t ask israel for help to get vaccines https://www.jpost.com/israel-news/palestinians-we-didnt-ask-israel-for-covid-19-vaccine-652703,1.0,AskReddit,2021-05-11 13:05:35
"I already caught it. I'm young with a relatively strong immune system (I think at least) and I find the risk of a rushed vaccine to be greater than the risk of not vaccinating. Mind you a vaccine usually takes much more than a year to develop. The fact that we did it in 8 ish months is a bit worrisome as some corners may have been cut. 

Studying vaccines as an elective showed me the issues of a rushed vaccine. As the first commenter mentioned, the swine flu vaccine was one of them. 

Don't get me wrong, I'm not anti Vax. If I didn't already catch covid, I would definitely get it. I just weighed my risks.",4.0,AskReddit,2021-05-11 16:56:42
"No - it's made up - he's writing ""anti covid vaccine prose""",-32.0,AskReddit,2021-05-11 17:30:16
In his mind - he's writing anti covid vaccine prose.,-10.0,AskReddit,2021-05-11 17:30:26
It's a lie - they're trying to spout anti-covid vaccine bullshit.,-41.0,AskReddit,2021-05-11 17:30:50
"Yes, it is fair to call you anti-vax.  You're using the term ""experimental,"" which is a buzz word parroted over and over again by the anti-vax community with regards to the COVID vaccine, so it's highly likely you didn't come up with this on your own.  It's also 100% wrong (the vaccines are not experimental,) which you could have verified with a simple google search of reputable sources.",1.0,AskReddit,2021-05-11 20:08:22
"How it was told to me from my doctor "" I am 19"". You will have a much higher likely hood of getting sick or having a adverse reaction from the vaccine then you would actually getting the Virus. This is just me I am not a anti vaxer but I dont really trust something that wen t threw little to no testing before being pushed out to the public. Keep this in mind for the age group 18-24 years old the mortality rate has never gone above[.01% This is from the cdc](https://covid.cdc.gov/covid-data-tracker/?CDC_AA_refVal=https%3A%2F%2Fwww.cdc.gov%2Fcoronavirus%2F2019-ncov%2Fcases-updates%2Fcases-in-us.html#demographicsovertime).",1.0,AskReddit,2021-05-11 21:39:05
"No I’m not. For one I’ve had COVID so natural immunity. And 2, I don’t care how much public shaming Twitter wants to do, NO ONE knows what type of long term effects mRNA vaccines could have. I work in a hospital and the fact that there is a significant amount of doctors and nurses who have strong reservations is enough to make me think I would like to wait a while longer. Also I just wanna end by saying I am NOT anti-vaccine. I have every other vaccine that is recommended in the USA plus quite a few more for international travel. This topic is not as black and white as many people seem to think it is.",5.0,AskReddit,2021-05-11 21:58:37
People can get hurt and die from medications and pills right? Then why is it a conspiracy theory that people CAN get hurt from a vaccine? I know several personally who have been hurt from this new vaccine and that doesn’t mean I’m anti-vax nor does it mean that I don’t care about people who have died from Covid and think it’s a hoax.,8.0,AskReddit,2021-05-12 01:48:40
I think covid anti vaxxers are a lot more valid because it's impossible to have studied the long term effects of the vaccine. I'm only getting one due to being pressured. Go ahead and down vote me.,5.0,AskReddit,2021-05-12 01:54:48
"In my experience, most people who are against the covid vaccine wouldn't consider themselves ""anti-vax"". They just don't want to inject themselves with an experimental therapy that has no long-term data to support it.",4.0,AskReddit,2021-05-12 02:23:54
"We can't force people to stay home or get the vaccine apparently. 

But at this point if a bunch of trump supporter anti vax idiots get covid and die I'm not going to shed a tear.

If the virus is going to be around forever and we can still spread and mutate the virus even after getting a vaccine then I'm not sure what else we can do at that point.",1.0,AskReddit,2021-05-12 03:22:40
"It hasn't been asked because everyone knows the answer, or at least the limited options available. (I can only speak for the US)

I think the absolute best course of action is to make it illegal for them to go most places without the vaccine. Like maybe they can still go to the grocery store, but they have to use curbside pick up. Nothing indoors, no crowded events or transport. Make it incredibly inconvenient, but make them feel like it's still their option. Like I said previously, I truly deeply believe that 90% of this is about them feeling like they're being told what to do. It makes them feel big and tough and independent to be confronted by people and laugh in their faces. But if you watch videos, a lot of them try to take it back once they see that their actions have consequences. 

Forcing them to take the vaccine or pay fines or perhaps serve jail time is what they deserve, but with the political climate right now, it could be another step towards a breaking point. The ones willing to attempt insurrections are far outnumbered by the people who just want to fucking go back to normal. But the morons are the ones most willing to hurt other people. 

Option three is to just let nature take it's course. The anti-vaxxers will get sick repeatedly. But there's so goddamn many of them. They're going to pass the virus back and forth and the chances of mutation get higher the longer that goes on. If the correct mutations occur, which are uncomfortably likely, the vaccines could become ineffective. We'll get CoVID 21, worst case scenario. This is obviously the worst option. 

While a large majority think everyone SHOULD get the vaccine, less people would be willing to support forcing the vaccine on people through legal consequences. We need to find a reasonable level of inconvenience that will make their stupid asses realize that other people are allowed to shun them from society if they upset enough people.",1.0,AskReddit,2021-05-12 03:35:54
"If you’re polling antivaxxers that’s entirely different from anti covid vaccines.

A vaccine that’s NOT 100% effective against a virus with a survival rate of 99.7% only authorized for emergency use giving the providers full illegal immunity and using a technology that has not been tested on humans...

Would hardly call those people antivaxxers, I’d call them people who make informed decisions.",1.0,AskReddit,2021-05-12 04:07:08
"I live in a rural area but travel to the city for work. I have two different groups of friends. One side is pro vaccine, the other is anti (covid) Vax. I'm literally hearing both sides bitch about it all the time. How it is unfair, or not needed (if everyone else gets it why should I?) And the other side of how this vital this is to the population, how selfish it would be to not get one. I was tired of all of it. I got my shot but didn't tell anyone. Ripped up my paper and threw it away. When ppl ask ill either say I did or I idk if I will depending on who I'm talking to. Its not important to flaunt to the fact you have the shot.",2.0,AskReddit,2021-05-12 12:47:43
"Republicans are mostly just contrarians nowadays.  Who cares if the science backs it?  If the Democrats say to wear masks, then we're going to say not to wear masks.  If the Democrats say to get the vaccine, then we'll talk about how the side effects of said vaccine could be awful.  

I wish they weren't.  The GOP might actually be a viable party to vote for if I had any sense that they weren't just going against the Democrats just because the Democrats are their so-called enemies.  They'd run the country to the ground, and the whole time doing it, they'd profess how the Democrats would want to do it differently.  

Maybe that'll change, I hope it does.  I tend to lean towards Democrats and while I'm not contrary to the GOP as a whole, lately it has been impossible to defend their anti-science stance on anything.  I'm still waiting for a good reason why higher risk of American lives is worth it for the huge economy boon we'll get for opening during the pandemic and probably requiring us to close everything down again anyway.  I think of all the dead Americans who have died to covid and they can't give you their take on the matter any more..",5.0,AskReddit,2021-05-12 17:59:24
"&gt;  Do you tell these people they are idiots?

Yes. Yes I do.

The Jewish camp, our governor already banned their stupid asses. We were sick of these idiots after they made measles great again. 

https://bronx.news12.com/camp-seeking-new-location-after-advertising-entry-only-to-unvaccinated-children-staffers

Disclaimer - I belong to a reform temple and have conservative and Orthodox friends. I'm not anti-Semitic, I'm anti fucking idiots.

Sadly the second set of fucking idiots are in Florida and while my governor is a pervy douchebag, their governor is DeSatan. I don't expect any help from him.

https://thehill.com/homenews/state-watch/550948-teacher-at-private-miami-school-tells-students-not-to-hug-vaccinated

https://www.cnn.com/2021/04/27/us/miami-school-warns-against-covid-vaccine-trnd/index.html

This is only the tip of the Iceberg. The crazies have fled FB, Twitter, Reddit and YouTube after being blocked, shamed and disclaimered for lying. They have gone to redder pastures and the echo chamber is exploding with stupidity and lies. You will see more of this soon.",5.0,AskReddit,2021-05-12 19:08:50
"Domestic Policy

Biden signed the American Rescue Plan (aka COVID-19 Stimulus) providing $1.9 trillion of relief to the American economy

Biden signed an executive order to make the Department of Justice work on reducing the use of “ghost guns”

Biden ordered the Department of Justice to produce a rule clarifying when a device marketed as a gun brace turns a pistol effectively into a short-barreled rifle

Biden told the Department of Justice to produce model “red flag” legislation for all 50 states so that they could enact such laws against gun violence

Biden increased the minimum wage for thousands of federal contractors to $15/hr

Stimulus payments from the American Rescue Plan were sent via direct deposit just 24 hours after the plan was signed into law

Biden directed $2.5 billion in funding to specifically address America’s mental illness and addiction crisis

American Rescue Plan extended a 15% increase to SNAP funding, helping children who qualify for free lunch

The American Rescue Plan restores funding to veterans programs, including programs to assist veterans’ mental health, that had been cut under Trump

The American Rescue Plan adds boosted funding to the Affordable Care Act (Obamacare), providing new options for people who need health insurance and lowering costs for people already insured.

American Rescue Plan provides money to the airline industry, preventing tens of thousands of aviation jobs who will no longer be furloughed

Socially disadvantaged (including Black, Latino, Asian-American, and Native American) farmers will get $4 billion from the American Rescue Plan in debt relief, while another $1 billion will create a racial equity commission.

Biden will be nominating three Democrats to the USPS board of governors, which will lead to the removal of Postmaster Louis DeJoy.

Biden issued an executive order that will make American supply chains less reliant on foreign companies.

Biden revoked a Trump executive order mandating stricter work rules on people seeking welfare help.

Biden restored labor rights to workers at the Department of Defense.

Biden got rid of a Trump order that used COVID as an excuse for deregulation.

Biden undid a Trump-era mandate that said federal buildings had to be constructed in classical style.

Biden revoked a Trump order that suspended federal funds from going to purported “anarchist jurisdictions.”

Biden got rid of conservative officials stashed at the Voice of America and other broadcasting-related entities of the government.

Biden issued an executive order requiring political appointees to take an ethics pledge.

Biden signed pension relief, keeping more than 100 pension plans solvent and providing retirement benefits to millions.

Immigration/Border

Biden raised the cap on refugees being admitted to the United States to 62,500 from the 15,000 set by Trump.

Biden terminated contracts with companies to construct the border wall

Biden revoked Trump’s order banning Muslims from certain countries entering the U.S.

Biden reinstated the Central American Minors Program, a program begun under President Obama that allows minors from El Salvador, Guatemala, and Honduras to reunite with a parent living lawfully in the United States.

Biden terminated a 2018 Trump agreement that put up roadblocks to families trying to help undocumented immigrant children

Biden stopped ICE from targeting undocumented immigrants at COVID-19 vaccination sites.

Biden will allow migrant families that were separated under Trump to be reunified in the United States or their country of origin.

Biden revoked a Trump executive order suspending the issuing of visas that used the pandemic as an excuse to do so.

Biden canceled the National State of Emergency which had allowed Trump to divert federal funds to his border wall project.

Biden changed ICE rules on arrests and detentions so fewer people are kept away from their families.

Climate Change

Biden returned the United States to the Paris Climate Accord

Biden revoked the permit for the Keystone XL pipeline

Biden blocked drilling at the Alaska’s Arctic National Wildlife Refuge (ANWR)

Biden ordered a stop to the issuing of new leases for oil and gas exploration on public lands

Human Rights

Biden had the Health and Human Services Department (HHS) recognize that laws forbidding sex discrimination in health care also apply to LGBTQ+ people, reversing a Trump’s policy

Biden rejoined the United Nations Human Rights Council, after America left it under Trump.

Biden withdrew the federal government’s support of an anti-transgender lawsuit which sought to block transgender girls from participating in sports.

Biden extended federal fair housing protections to LGBTQ Americans.

Biden created a Gender Policy Council at the White House, rolling back the Trump administration decision to end a similar program under Obama.

Biden has more women and minorities as part of his Cabinet and key advisers than any other president.

Biden raised the cap on admitting refugees to 125,000 after the number had been dramatically lowered by Trump.

COVID-19

Biden directed every state, along with all tribes and territories, to make all adults eligible for a COVID-19 vaccine by May 1 2021

Biden invoked the Defense Production Act to accelerate vaccine development. This led to enough vaccine being produced to have supply for every adult American by May 2021 instead of the original date of July 2021.

Biden brokered an arrangement between Merck and Johnson &amp; Johnson to manufacture the single-dose vaccine.

The Biden administration will deliver more than 25 million masks to health centers and food pantries.

Biden directed the U.S. to donate $4 billion to international vaccine distribution efforts, as he promised during the campaign.

Biden secured 200 million extra doses of vaccine for a total of 300 million available vaccine doses by July 2021.

Biden deployed over 1,000 active duty troops to assist with vaccinations.

Biden invoked the Defense Production Act to make vaccines and PPE (personal protective equipment) like masks.

National Security

Biden barred Donald Trump from receiving intelligence briefings, citing his erratic behavior and the possible danger to U.S. security.

Biden told Russian president Vladimir Putin the United States would no longer “roll over” for his aggressive actions.

Biden rescinded the Trump administration’s decision to designate Iran-backed Houthi rebels in Yemen as a terrorist group. The designation was widely criticized by international organizations at the time.

Judiciary

Biden threw out 32 last-minute nominations offered by the Trump administration. Included in the rejections were judicial appointments supported by conservatives.

Environment

Biden delayed a Trump administration rule that experts said could have led to the unnecessary death of “billions” of birds.

Foreign Policy

Biden sanctioned Russia for their attempts at election interference and for the SolarWinds hacking attack.

Biden had the United States rejoin the World Health Organization (WHO)

Biden levied sanctions against Russian officials in retaliation for the poisoning of opposition leader Alexei Navalny.",1.0,AskReddit,2021-05-12 20:26:35
"My daily life has changed dramatically. 

1. News isn't about 
 what Trump tweeted today
2. Covid vaccine has allowed a bunch of my friends and coworkers to work together again
3. Living near Idaho, my city constantly had anti-mask idiots causing trouble. Couldnt shop without some maskless Karen fighting with a tired underpaid teenager in the winter and shouting about how they heard Trump say it's fake or they can drink bleach to wash it away. Now, they just STFU and shop like everyone else. 

So yeah things have gone on the up and up.",9.0,AskReddit,2021-05-12 21:47:03
"I don't think that it would be 5-10% but I think it would be lower. I do think Operation Warp Speed was a relative success in the development and approval of the vaccine. I don't think distribution would have been handled nearly as well on the federal level as it has been now.

- Low effort to reach vaccine-hesitant or underrepresented communities. Do you think his admin would make an effort for communities they considered ""BLM"" or communities that are anti-vaxx / covid is a hoax?
- Seems he and his friends / admin manage to profit off of any government spending at the cost of less $ for other effective spending. 
- Do you think the 1.9 Trillion would have been proposed or passed by Trump/Republicans. Or even anywhere near as quickly as it did.

I think local and state really are the drivers for people getting vaccinated, but all of the above would have certainly slowed things down.",-2.0,AskReddit,2021-05-12 22:04:54
"&gt; Which specific policies?

It’s common knowledge that trump had no plan for vaccine rollout and Biden admin had to create it from scratch. 

&gt; I disagree. I think the federal government did a decent job. The whole goal, according to the feds at least, was preventing the healthcare system from collapsing while keeping the economy alive. I think both goals were achieved.

The worst covid response in the world isn’t a decent job I’m afraid. 500k deaths is just unacceptable. 

There were plenty of things that could’ve been done to help. A covid relief bill, expanded testing, PPE funding, etc were all but ignored in the face of politics. Only when Biden finally got inaugurated did things start to move along. Since the election, Trump did zero to help with pandemic relief. Zero. All he did was whine about his lies that the election was stolen. 

&gt; The medical experts had inconsistent messaging on masks which hurt that. And the policies regarding masks are complete theater in some aspects.

What inconsistent messaging?

&gt; First, I think conservatives states with poor health care infrastructure would be be less prone to listen to Biden. And the big cities ran by democrats made their share of mistakes. I think you would have had a lot less buy in to the shutdowns and things like that under Biden.

“Less buy in” is still better than what Trump did, constantly fighting Democrats on trying to flatten the curve. The only thing keeping red states from progress related to the pandemic is lies and propaganda from Trump and Fox News. Anti-vaxxers, anti-masks, you name it. It’s like science itself is made up fiction to these people. 

&gt; Regardless, we had to strike a balance between the economy, society and surviving covid. In retrospect, I think the government did a ok to good job. We really haven’t dealt with anything like this in a century. Hopefully, we get past the politics and think about what worked and didn’t work...And what we could have done.

Obama admin left a pandemic response handbook which Trump essentially threw in the garbage so much of the learning was already there. If Trump swallowed his pride and listened to scientists and been an actual leader through one of the greatest crises ever, he probably would’ve been re-elected.",1.0,AskReddit,2021-05-12 22:59:53
"Trump wasn’t that bad, other than when he incited an insurrection against the government, mismanaged a pandemic that killed nearly half a million Americans, separated children from their families, lost those children in the bureaucracy, tear-gassed peaceful protesters on Lafayette Square so he could hold a photo op holding a Bible in front of a church, tried to block all Muslims from entering the country, got impeached, got impeached again, had the worst jobs record of any president in modern history, pressured Ukraine to dig dirt on Joe Biden, fired the FBI director for investigating his ties to Russia, bragged about firing the FBI director on TV, took Vladimir Putin’s word over the US intelligence community, diverted military funding to build his wall, caused the longest government shutdown in US history, called Black Lives Matter a “symbol of hate,” lied nearly 30,000 times, banned transgender people from serving in the military, ejected reporters from the White House briefing room who asked tough questions, vetoed the defense funding bill because it renamed military bases named for Confederate soldiers, refused to release his tax returns, increased the national debt by nearly $8 trillion, had three of the highest annual trade deficits in U.S. history, called veterans and soldiers who died in combat losers and suckers, coddled the leader of Saudi Arabia after he ordered the execution and dismembering of a US-based journalist, refused to concede the 2020 election, hired his unqualified daughter and son-in-law to work in the White House, walked out of an interview with Lesley Stahl, called neo-Nazis “very fine people,” suggested that people should inject bleach into their bodies to fight COVID, abandoned our allies the Kurds to Turkey, pushed through massive tax cuts for the wealthiest but balked at helping working Americans, incited anti-lockdown protestors in several states at the height of the pandemic, withdrew the US from the Paris climate accords, withdrew the US from the Iranian nuclear deal, withdrew the US from the Trans Pacific Partnership which was designed to block China’s advances, insulted his own Cabinet members on Twitter, pushed the leader of Montenegro out of the way during a photo op, failed to reiterate US commitment to defending NATO allies, called Haiti and African nations “shithole” countries, called the city of Baltimore the “worst in the nation,” claimed that he single handedly brought back the phrase “Merry Christmas” even though it hadn’t gone anywhere, forced his Cabinet members to praise him publicly like some cult leader, believed he should be awarded the Nobel Peace Prize, berated and belittled his hand-picked Attorney General when he recused himself from the Russia probe, suggested the US should buy Greenland, colluded with Mitch McConnell to push through federal judges and two Supreme Court justices after supporting efforts to prevent his predecessor from appointing judges, repeatedly called the media “enemies of the people,” claimed that if we tested fewer people for COVID we’d have fewer cases, violated the emoluments clause, thought that Nambia was a country, told Bob Woodward in private that the coronavirus was a big deal but then downplayed it in public, called his exceedingly faithful vice president a “p---y” for following the Constitution, nearly got us into a war with Iran after threatening them by tweet, nominated a corrupt head of the EPA, nominated a corrupt head of HHS, nominated a corrupt head of the Interior Department, nominated a corrupt head of the USDA, praised dictators and authoritarians around the world while criticizing allies, refused to allow the presidential transition to begin, insulted war hero John McCain – even after his death, spent an obscene amount of time playing golf after criticizing Barack Obama for playing (far less) golf while president, falsely claimed that he won the 2016 popular vote, called the Muslim mayor of London a “stone cold loser,” falsely claimed that he turned down being Time’s Man of the Year, considered firing special counsel Robert Mueller on several occasions, mocked wearing face masks to guard against transmitting COVID, locked Congress out of its constitutional duty to confirm Cabinet officials by hiring acting ones, used a racist dog whistle by calling COVID the “China virus,” hired and associated with numerous shady figures that were eventually convicted of federal offenses including his campaign manager and national security adviser, pardoned several of his shady associates, gave the Presidential Medal of Freedom to two congressman who amplified his batshit crazy conspiracy theories, got into telephone fight with the leader of Australia(!), had a Secretary of State who called him a moron, forced his press secretary to claim without merit that his was the largest inauguration crowd in history, botched the COVID vaccine rollout, tweeted so much dangerous propaganda that Twitter eventually banned him, charged the Secret Service jacked-up rates at his properties, constantly interrupted Joe Biden in their first presidential debate, claimed that COVID would “magically” disappear, called a U.S. Senator “Pocahontas,” used his Twitter account to blast Nordstrom when it stopped selling Ivanka’s merchandise, opened up millions of pristine federal lands to development and drilling, got into a losing tariff war with China that forced US taxpayers to bail out farmers, claimed that his losing tariff war was a win for the US, ignored or didn’t even take part in daily intelligence briefings, blew off honoring American war dead in France because it was raining, redesigned Air Force One to look like the Trump Shuttle, got played by Kim Jung Un and his “love letters,” threatened to go after social media companies in clear violation of the Constitution, botched the response to Hurricane Maria in Puerto Rico, threw paper towels at Puerto Ricans when he finally visited them, pressured the governor and secretary of state of Georgia to “find” him votes, thought that the Virgin islands had a President, drew on a map with a Sharpie to justify his inaccurate tweet that Alabama was threatened by a hurricane, allowed White House staff to use personal email accounts for official businesses after blasting Hillary Clinton for doing the same thing, rolled back regulations that protected the public from mercury and asbestos, pushed regulators to waste time studying snake-oil remedies for COVID, rolled back regulations that stopped coal companies from dumping waste into rivers, held blatant campaign rallies at the White House, tried to take away millions of Americans’ health insurance because the law was named for a Black man, refused to attend his successors’ inauguration, nominated the worst Education Secretary in history, threatened judges who didn’t do what he wanted, attacked Dr. Anthony Fauci, promised that Mexico would pay for the wall (it didn’t), allowed political hacks to overrule government scientists on major reports on climate change and other issues, struggled navigating a ramp after claiming his opponent was feeble, called an African-American Congresswoman “low IQ,” threatened to withhold federal aid from states and cities with Democratic leaders, went ahead with rallies filled with maskless supporters in the middle of a pandemic, claimed that legitimate investigations of his wrongdoing were “witch hunts,” seemed to demonstrate a belief that there were airports during the American Revolution, demanded “total loyalty” from the FBI director, praised a conspiracy theory that Democrats are Satanic pedophiles, completely gutted the Voice of America, placed a political hack in charge of the Postal Service, claimed without evidence that the Obama administration bugged Trump Tower, suggested that the US should allow more people from places like Norway into the country, suggested that COVID wasn’t that bad because he recovered with the help of top government doctors and treatments not available to the public, overturned energy conservation standards that even industry supported, reduced the number of refugees the US accepts, insulted various members of Congress and the media with infantile nicknames, gave Rush Limbaugh a Presidential medal of Freedom at the State of the Union address, named as head of federal personnel a 29-year old who’d previously been fired from the White House for allegations of financial improprieties, eliminated the White House office of pandemic response, used soldiers as campaign props, fired any advisor who made the mistake of disagreeing with him, demanded the Pentagon throw him a Soviet-style military parade, hired a shit ton of white nationalists, politicized the civil service, did absolutely nothing after Russia hacked the U.S. government, falsely said the Boy Scouts called him to say his bizarre Jamboree speech was the best speech ever given to the Scouts, claimed that Black people would overrun the suburbs if Biden won, insulted reporters of color, insulted women reporters, insulted women reporters of color, suggested he was fine with China’s oppression of the Uighurs, attacked the Supreme Court when it ruled against him, summoned Pennsylvania state legislative leaders to the White House to pressure them to overturn the election, spent countless hours every day watching Fox News, refused to allow his administration to comply with Congressional subpoenas, hired Rudy Giuliani as his lawyer, tried to punish Amazon because the Jeff Bezos-owned Washington Post",2.0,AskReddit,2021-05-12 23:06:37
"Normally I agree with you, but with Trump? No you see the immediate impacts.  

1.  The drastic change in covid responses.  No more bat shit insane alternative medicine, injecting bleach, anti-mask, self patting in the back, while hiring interns with zero experiences to head the purchase of medical equipments with their person emails ..... and a lot more.  Instead, vaccine is now distributed quickly and efficiently. 

2. hate crime reached the highest level in recent years because Trump promotes them.  He has a huge following that thinks white people are the real victims, Chinese immigrants are the causes of covid, Mexicans are the reasons you are unemployed.  I expect it to remain high or even gets higher this year because of trump voters anger about him losing the election, but it will decline. 

3. Morals and ethics.  I can’t even fathom how Trump’s antics would affect the next generations, and with another 4 years, some kids might just never be able to turn back.

4.  Relationship with our allies and foreign policies, like the tariffs, which affects millions of workers and companies, and the cost bear by your average consumers.

5. The department heads he pointed are all grifters like himself who were looking to enrich themselves.  Read Michael Lewis’s Fifth Risk.  A lot of organizational experience and wisdoms were lost when Trump’s ppl took over, and with another 4 years, I believe a lot of ppl who stuck through this tough period could have left too and caused irreversible damages to all US agencies. 

There are a lot more if I want to keep going. but no point for keep listing.",1.0,AskReddit,2021-05-13 00:25:24
"I mean, *some* of what you said is true. I’m not convinced Biden hired a group of genius, competent people to work with him. He is the anti-Trump in the sense that Trump wouldn’t shut up and Biden can’t finish a single sentence. I also think Biden has been absolutely horrible with COVID communication. He’s fully vaccinated and masked up for a Zoom meeting. Kamala Harris “kissed” her husband through their masks. Why? What message does that send to the people? Does he not believe in the vaccine or is he just virtue signaling to make people feel guilty? It’s fundamentally anti-science. Pulling the J&amp;J vaccine tanked vaccine support, too, so that’s bad.

However I’m personally a policy-focused person, so I’m unimpressed with the current administration so far. It’s only been a few months and it doesn’t look good. We’ll see what happens.",1.0,AskReddit,2021-05-13 00:54:02
"When the anti-vax girl in my class was arguing with the biology teacher about the Covid Vaccine. Not really embarrassing but I sat right beside her, so it was really awkward",1.0,AskReddit,2021-05-13 05:09:37
"No wonder people are distrustful, vaccines are tested for several years before they are mass produced and given to patients. It hasn't even been 2 years since research started for COVID vaccines, yet people were getting vaccinated since last year. This vaccine is the fastest to ever be approved, even the 1919 Spanish Flu vaccines were only approved 7 years later for civilian use. You can't argue that this is because of technological advancement, there is no way of speeding up research this much about the long-term effects of a vaccine. To be clear, I've been vaccinated multiple times in my lifetime and am not an anti-vaxxer as you might think. I just don't like to blindly follow the advice of giant for-profit med corporations.",1.0,AskReddit,2021-05-13 06:42:27
"Story might be a bit tangled, since I wasn’t there, but I know the major parts. Pre COVID vaccine time, my moms friend (not really) got married to their fiancé. Whole wedding was nice, no corner cutting, food was apparently really good, and cake was massive. Best day for both of them. 

Or so they thought. I lied, they did cut a very large corner. They are extremely conservative, and down to the bone anti-mask. If you came wearing a mask, you would be asked to leave. I guess someone’s aunt or someone had COVID, and almost everyone caught it. Their fiancé’s mother got it from them, was on life support, and eventually passed. Her sister, the ring bearer, caught it, didn’t hurt them, but contracted it to their 8 year old, who died shortly after. 

Might not count as the wedding being ruined, but I thought it might fit since it did happen from the wedding.",7.0,AskReddit,2021-05-13 17:31:03
COVID vaccine was the mark of the beast and the government had the Anti Christ in it,1.0,AskReddit,2021-05-13 19:00:18
"My guess is when people stop protesting about having to stay inside. You know, the people who ignore the pandemic rules and go to big parties then catch coronavirus and keep spreading it. So we’re stuck in this mess until we can restrain these people. But we might come up with a vaccine before we get them under control. In school they told us vaccines teach our bodies to fight against antigens from the virus so that our immune system will recognise Covid-19 if we catch it. I'm hoping for the vaccine rollout to come first, then all the people who go to these parties will get the virus without us, because they’re usually anti-vaxxers too. Good way to take out the trash in society.",1.0,AskReddit,2021-05-13 21:48:53
"I have two main reasons why I'm iffy on getting the vaccine.

The first is that we do not know if there are any long-term side effects. Yes, there may not be any based on earlier results/research (excluding blood-clots). But, some things have been shown to be harmful in the long run even though early science said it was fine. For example, everyone thought DDT was okay until later research showed it harmed birds. I'm cautious about taking a vaccine that has been developed rather quickly (yes the technology isn't so new but the specific vaccines are). Just because I'm wary of something that initial research says is okay doesn't mean I'm anti-science. In fact science is all about questioning things and seeking answers.

Second reason (and probably main one) is I have had bad reactions to vaccine ingredients in the past and am allergic to some of them. So, taking the vaccine is likely a much greater risk for me than most people.

I am not though being trifle with my health or the health of others. I wear a mask everywhere, use hand sanitizer often and try to stay at least 6 feet from people (with a mask) if I can help it etc. Based on what I've seen I'm probably one of the most cautious people in regards to getting/spreading Covid.",1.0,AskReddit,2021-05-13 22:29:43
"More people who refuse to believe anything covid related, or anti vaccine people.  These people refuse to listen to other people whom have spent there life’s in these fields. But they will listen about not drinking bleach?!?! Like really.",1.0,AskReddit,2021-05-14 02:58:09
"I’m immunocompromised and I’d really rather wait to see how the vaccine effects people.  It’s still in trials but there’s not enough evidence for me with people with my health history to consider it right now. I don’t even take the flu shot every year. I’m vaccinated against everything else but I can’t risk this.  

I already had covid as well. Shouldn’t my body have a natural defense?

I also know someone who had the vaccine and died two weeks later. And their partner tested positive right after vaccination and had to be hospitalized. They are downplaying the risks and shutting people down for even discussing the risks and that feels weird to me. I’m not anti vax but this doesn’t sit well. We’ve had pandemics before. Why are they pushing this NOW? 

I also don’t like that the companies are not liable for anything related to vaccine injury.  It’s a trial vaccine. That means there’s a lot we don’t know. There are people who will be effected by that. Fuck them, I guess? 

All of it has such a weird dystopian feel to it. I hate that it’s causing division among people. I hate all of this. But it is literally my choice to not take a trial vaccine when I’ve already had the virus and it didn’t kill me and I am immunocompromised as it is.",3.0,AskReddit,2021-05-14 03:59:26
"I’m generally very thorough about my medical care (get my check-ups, always get my flu shot, etc.) and for me not getting this is an extension of that. I know it’s unlikely that there will be negative side effects, but I’ve known several people who had negative cardiac responses, lost hearing in one or both ears, or similar side effects that I’d rather not risk. As it stands I’m in a very low risk age group. I actually had COVID and even though I’m overweight and have asthma, it was mostly a 2-week period of exhaustion and a sore throat. I’m not an anti vaxxer but I’m uncomfortable with a vaccine that we don’t know the long term effects of. 

Most of all I think at its core it’s a personal medical decision, and it makes me uncomfortable that we as a society has decided we can mandate that everyone around us make the same medical choice. How would everyone react if suddenly we were all supposed to go on birth control? And if you didn’t you were “part of the problem” ? I know it’s not a direct correlation but I wish people would be respectful and let everyone be the only decider about their own bodies.",2.0,AskReddit,2021-05-14 05:50:39
"I don’t really care if people are uncomfortable with taking Covid vaccines yet. As it’s understandable to be conflicted with getting new vaccines.

However, people who fucking Insist the vaccine is chipped or some shit.

They do a swell fucking job of making reasonable people with reasonable questions about new vaccines look like 5G virus flat earth anti vaxxers. 

Normally I like some good tin foil, as it’s cool to think about. but stuff like that annoys me.

I guess it’s not disprovable entirely. Like I cant go and get a vaccine and prove there’s not some secret MiCroChIp in it myself. But why the fuck would they need that when we all carry cellphones around?",1.0,AskReddit,2021-05-14 07:37:39
"Am pro-life but extremely pro-vaccine (to the point of being in favour of making them mandatory if we can't get to herd immunity with nicer measures such as paying people to get them). I assume that it's due to the movement (IMO wrongly) getting tied up in conservatism (though not sure why that would automatically end up being correlated with anti-vax views), and also because of a few cell lines derived from aborted fetuses being used in the testing process- leading to misinformation about abortions being performed to make vaccines. Though I suspect the Catholic church saying that it's optional and a matter of individual conscience is unhelpful to put it mildly (and a fundamentally stupid stance that likely causes abortions due to extending the length of the pandemic and keeping the demand high).

Tis a sketchy argument by conservatives though to say the least- most modern medicine was derived in ethically suspect circumstances (such as being tested on minorities, including interestingly birth controll pills), and while you probably wont agree with everything he says, [this guy](https://www.patheos.com/blogs/throughcatholiclenses/2020/12/12-things-less-remote-cooperation-in-evil-than-covid-vaccines/) does a good job at responding to the arguments.",1.0,AskReddit,2021-05-14 08:52:35
"Vaccinated people aren't at serious risk. I agree that refusing to simply wear a mask is selfish as shit and I think some people still will out of courtesy. In general, anyone in the ""at-risk"" groups have definitely had enough time and opportunity to get vaccinated. In my area, pharmacies, doctors offices, and hospitals have a surplus because it seems like all those that are going to get vaccinated have at this point. Do I hope more people get vaccinated, definitely. But at this point, they are generally the ones refusing to go get it. They tend to be the ones who think covid is a conspiracy and the vaccine is dangerous or whatever. It's like Saw, the choice is theirs. If they spread it amongst themselves, it's not going to be a mass outbreak due to the amount of people who are vaccinated. I also think people are aware of their friends and families stances and status in these regards. Many of the anti Vax types I'm aware of seem to hang out mostly with other like minded people. Let them spread it amongst themselves. It's the unfortunate truth.",1.0,AskReddit,2021-05-14 12:49:25
"Toxic people, parents who abuse their kids, bullies, fake people, people who start unnecessary arguments, trump people, people who won’t take the vaccine, anti-mask people, PEOPLE WHO DONT BELIEVE IN COVID-19!!!",2.0,AskReddit,2021-05-14 13:11:34
If masks work then why the six feet? If the six feet works why the masks? If they both work then why lockdowns? If all 3 work then why rushed vaccines? If vaccines work then why the “no liability” clause? I’m young and healthy I don’t need every aspect of my life controlled lmao. I’m not rlly anti mask or vaccine but still. Lmao I caught covid only when we couldn’t leave the house,2.0,AskReddit,2021-05-14 18:24:57
"As someone who believes that the vaccine is a good thing, I will not take the COVID vaccine for as long as I can. Besides it  being an obvious issue in terms of personal liberty, the fact of the matter is that it hasn't been tested sufficiently. Sure it does its job, but at what cost?

FYI, Once agin, I am NOT an anti-vaxxer. It's just that there has not been a chance for a proper study to be conducted on this vaccine when scientists that usually spend close to a decade in testing testing a vaccine to ensure that it is safe send this one to the market in about 1 year",1.0,AskReddit,2021-05-14 23:08:56
"If you don't understand how technology improvements dramatically revolutionized virology and vaccine production, then there is simply no other possible explanation for that claim other than you've never actually studied the 1918 pandemic.  Because that is simply not a claim that an informed, rational person could make. 

Even if you ignore modern communication advantages that allow instantaneous, around-the-clock access that includes the ability to instantly share massive files of simulations and computer-generated models across multiple screens all at once, with the additional benefit of all language barriers being eliminated with instant translations, then there are still obvious technologies that dramatically accelerated production.

One of those is the simple fact that humanity didn't even have many virologists in 1918!  Like, hello, that's a big deal.  In fact, science still thought viruses were liquids in 1918!  We didn't know they were particulate until the 1930s.  We didn't even know viruses could infect people until the 1900s; until then all the work was with tobacco plants (and again, we thought it was liquid or sap toxin based).

So that alone could account for literally years of R&amp;D being completely eliminated.  Years.

And how many more virus experts do you think exist today versus 1918?  How much more resources did the world throw at Coronavirus than in 1918?  Did all that make no difference to you?  Did that not matter?

What about the fact that these types of vaccines have been researched since 1989?  Meaning unlike 1918, we didn't start from *nothing*.  There has been a worldwide push for mRNA and RNA vaccines for literally decades.  Meaning the reactogenicity of these vaccines has already been known for years.  It was just a matter of making it work for Covid.

Literally nothing about your statement makes any logical sense whatsoever.  It's like you just heard someone say that statement, make weak justifications for it that you never once double checked, and now here you are spreading anti-vax misinformation.  

You should be ashamed of yourself.",1.0,AskReddit,2021-05-15 01:25:30
"How are we nowhere near that when we've had weeks of news stories on vaccine supply outstripping demand? \[https://www.cnbc.com/2021/04/30/covid-vaccinations-in-us-are-slowing-as-supply-outstrips-demand.html\]

I made a comment about how both sides are ignoring the CDC as they see fit. You responded by asking me to find an antivaxxer conservative (???) or shut up. Well...

1) I don't know why you asked for an antivaxxer conservative, since the CDC's recommendations aren't anti-vaccine or conservative, and

2) I'm not anti-vaccine or conservative (I don't believe, for instance, that gov't is the problem, not the solution)

I have no right to act like you're ignoring scientists? I can say anything I want! It's up to you if you put any stock in what I say (which you clearly don't—and, hey, look at that, you have that right!)

End of the day, if we're going to advocate 1) listening to scientists and 2) trust in governmental organizations (for instance, in the question of convincing vaccine skeptics that the governmental approval procedure is based in science and not politicized), **it would be nice if we comported ourselves in a way that showed we think governmental recommendations are based in science and not politicized**.

But, hey, you do you.",-3.0,AskReddit,2021-05-15 02:33:28
"Yes. I care about other people. There are still people who can’t be vaccinated and people in ethnic or cultural groups who have good reason to not want the vaccine or distrust governments. Heck, it’s only recently in my country that pregnant women could get the vaccine at all despite covid being a nightmare for us. 

I don’t want to kill some minority granny who is avoiding the vaccine because history has taught her that her people are treated badly and not cared about in the medical sphere. Or some minority grandpa who doesn’t speak great English and is only hearing anti-vaccine things in his own community. Or some pregnant lady with a history of miscarriages who was scared to take the risk with this baby. 

I obviously think that they should get it, but I can still empathise with their position and not want to risk infecting them.",1.0,AskReddit,2021-05-15 08:52:37
"I'm not anti vaxx (is it just me or is this getting like 'im not racist but')

But, It is my understanding that the vaccine doesn't actually kill the virus or stop you getting it, but just protects you, in my mind that should then be down to the individual to decide if they want that protection. 

Me, personally, I am a mid 20s guy, I grew up in the countryside, I rarely get Ill, or infections, when I heard it was more dangerous for overweight people I lost weight and took responsibility for my health. I have already had covid and didn't really think much of it(apologies to those this upsets) but I chalk that up to my immune system and the fact I literally ate mid as a child! 
My long term plan is to see how people react to the vaccine over time, I have health, time and patience on my side, I don't feel I need to rush. 

That said if I was 80 I probably would take it 
,Because my risk to health ratio,would potentially not be so great! 

Hope this makes sense!",0.0,AskReddit,2021-05-15 09:37:45
"I am fully vaccinated with a child who can't be vaccinated yet and I still say no because I want herd immunity to protect the community and her, not masks/social distancing. Removing masks broadly will pressure the vaccine hesitant to pick a side. You're either anti-vax or vaccinated, no more riding the fence hiding behind a mask up culture. Either accept your risk of not vaccinating and never knowing who is a denier and might give you COVID, stay home or get vaccinated!  The time to make a decision is NOW. No more prolonging this pandemic with vaccine hesitancy.",2.0,AskReddit,2021-05-15 10:12:41
"Well their logic is --&gt; government's only job is to find out devious plans to kill you, like in those movies, So everything the govt. says is bad for you. Wearing masks is bad. Vaccines contain microchip. ""I rather die than wear a face diaper"". cuz this is 'MURICA!!!

&amp;#x200B;

Its beyond hilarious seeing all those covid videos from the mainstream news channels. All of them are dislike bombed from the bitchute dwelling anti-vaxxers (how petty they are) and the comments are filled ""vaccine bad, mask  bad, mask = mark of the beast, vaccine = sheep"" circlejerk",7.0,AskReddit,2021-05-15 10:23:45
"I am still going to wear my mask. The anti mask crowd tend to be the anti vaccination crowd as well. So, I am just going to protect myself to the anti vax and also unvaccinated people. Plus, the vaccine is not a cure all solution for COVID. Like my parent's co-worker got COVID weeks after she was fully vaccinated.",1.0,AskReddit,2021-05-15 13:35:08
"Yes. There are mutated strains and we don’t know if the vaccine can protect against those, not to mention even if you are not infected with COVID-19 there is still a chance that you can pass it onto somebody who is not yet vaccinated and wearing a mask helps to reduce the risk. 

Also I don’t want to be confused with some stupid ass anti-vaxx or non-mask wearing Trump ass idiot lmao",1.0,AskReddit,2021-05-15 14:09:56
"Lots of things affect fertility and menstrual cycles. Common, everyday things and circumstances.

The opinions are opinions, yes. Doctor's opinions. Vaccines have been around for a long time, the theory and practice is well understood. 

Ivermectin is an antiparasitic. Covid is a virus, not a parasite. 

https://en.wikipedia.org/wiki/Ivermectin#COVID-19_misinformation

""As of January 2021, the U.S. National Institutes of Health COVID-19 Treatment Guidelines state that the evidence for ivermectin is too limited to allow for a recommendation for or against its use. Ivermectin is not approved by the U.S. Food and Drug Administration (FDA) for anti-viral use.""

""In March 2021, both the FDA and the European Medicines Agency (EMA) issued guidance that ivermectin should not be used to treat or prevent COVID-19. After reviewing the evidence on ivermectin the EMA said that 'the available data do not support its use for COVID-19 outside well-designed clinical trials'"".

""Ivermectin is not authorized for use to treat COVID-19 within the European Union. In the United Kingdom the national COVID-19 Therapeutics Advisory Panel determined that the evidence base and plausibility of ivermectin as a COVID-19 treatment were insufficient to pursue further investigations. The WHO say that ivermectin should not be used to treat COVID-19 except in a clinical trial.""

It's possible the drug might offer some protection against covid, but only in huge doses that exceed recommendations. There's been a ton more research done on the covid vaccine then there's been on ivermectin in high doses in conjunction with covid.",1.0,AskReddit,2021-05-15 18:25:25
"Anti vaxxers were always a fringe group. Most people who Arnt getting the COVID vaccine are just anti COVID vaccine, and will probably get normal vaccinations. At least that’s how it is with everyone I’ve heard who doesn’t want The COVID vaccine",1.0,AskReddit,2021-05-15 20:32:50
"There’s always somebody who’s gotta try to take a legitimate criticism and try to piece it apart bit by bit in an attempt to help those who should take that criticism seriously, dodge it instead. 

Anti vaxxing is bad and you should feel bad. “Uhhhrr it’s not tested” it’s been tested by millions so far. Across the world, across age groups and a plethora of underlying conditions, and far far far more individual cases than could reasonably be tested in any lab, ever. It’s freakin’ safe. Far safer than just catching COVID and spreading it to people who can’t get the vaccine. Btw the virus has been tested a lot too. It’s a lot worse to catch it than get the vaccine. 

But sure. Pretend your 30 minutes of reading conservative media “news” of an echo chamber is worth more than all that.",-1.0,AskReddit,2021-05-15 20:38:05
"They don't need to, it's all a plot to wipe out the anti-vax movement. When everyone who wanted the vaccine has it, they'll release covid-22 and it's gonna wipe out everyone who isn't vaxxed. You ain't woke if you think big gouvernement actually wants everyone vaccinated !





/s",1.0,AskReddit,2021-05-16 16:09:10
"Well full disclosure, there is a lot of generalizing when it comes to Covid. There seems to be a lot of thinking along political lines, which is why I was pressing you on your point. 

The news implies that conservatives are the only ones who are anti vax, mask, science etc. I know quite a few people who are ultra liberal who don’t vaccinate their kids and refuse to get the Covid vaccine. So I’m trying to point out draw attention to that fallacy. 

I have an elderly mother, senior citizen in-laws and school aged children so I rushed out to get the vaccine as soon as I could. It kills me that I have family members and friends who are on the fence about getting vaccinated and others who flat out refuse to.",2.0,AskReddit,2021-05-17 00:56:19
"First off, you really need to stop conflating people who are hesitant to the covid vaccine as being anti-vaxx.  There are certainly those crazy people that think all vaccines are bad and they should be summarily refuted.  

On the other hand, its not unreasonable for some folks to delay getting the covid vaccine, as it was developed quickly, has less testing, and uses an entirely new biological mechanism which hasn't been used in any widespread fashion before.  People who are waiting for more testing and full FDA approval are not crackpots, unless they also happen to fall into ""vaccines cause autism camp"".",2.0,AskReddit,2021-05-17 17:17:23
"Please see https://vaxfacts.ca/ please note all stats are based off of Canada and no sources are provided due to anti covid people claiming they're paid off and lying.  Another note from the creator, 
"" The reason my stickers don't link to any of them and why I felt I needed to make my own site is because they are (in my view) dry and technical, and skirt around some of the most common issues/questions raised by anti-vaxers, like why vaccine-makers aren't legally liable for side effects. I built this by reviewing dozens of anti-vax websites, posters, pamphlets, and CBC News comments, and addressing the most common questions directly. I tried to write conversationally, like how I would speak talking to a friend.""",4.0,AskReddit,2021-05-17 17:18:15
"Its definitely not worse then someone not getting something like a measles vaccine today, when it's been virtually non existent for years, if not decades. 

The covid vaccines dont prevent transmission, like these others vaccines do. This is a very important factor. Someone with the vaccine can spread Covid just like someone without the vaccine can. These vaccines are only made to prevent the effectiveness of the virus against the body, reducing symptoms.

I'm not an anti vaxxer in any way. I think they're all morons. For the people in my life, I've suggested they get vaccinated (covid) if they are older, overweight or have predisposed issues, making them much weaker against fighting Covid. I myself dont plan on getting one until it's made mandatory or I plan on travelling. I'm young and in general, healthy. 

These people with the microchip conspiracy theories are idiots that just need to be ignored and/or correct when heard, no doubt. Other theories are at least more plausible but obviously not concrete or fact.",2.0,AskReddit,2021-05-17 17:40:19
"Ah, well there's a major difference between Anti-vaxxers and anti-covid vaxxers. The majority of citizens in America still haven't gotten the vaccine.",1.0,AskReddit,2021-05-17 17:41:02
"OP said ""such as anti mask or anti vaccine' not just the covid vaccine. But my point still stands that opinions and facts are not the same. 

Fact: Masks do slow the spread of this as well as other viruses. 

Fact: The covid vaccines do work. 

Fact: Your chances of dying from covid are ridiculously higher than dying from a vaccine side effect.

Opinion: Those who can but choose not to get a vaccine are being either stupid, selfish, or both",1.0,AskReddit,2021-05-17 18:07:00
"&gt;You seem really uneducated in this subject. You’re clearly pushing tucker Carlson bullshit.

You are very ignorant. Please educate yourself:

* We have never given a medication to people (in this case, children) who were not initially studied in the trial before now. Never. No trial patients were under 18 for these vax. 

* The vax manufacturers are extrapolating the data for adults to adolescents and children. This is unacceptable. Children are not merely ""little adults.""

* The ACIP's (Advisory Committee of Immunization Practices; read more about them at the CDC's site) recommendations about safety and advise effects *will not be released until after the vaccines have been approved.* 

* Children have a 99.997% survivability rate for COVID-19.

* There's evidence that children actually act as a buffer and do not spread the disease.

* Other viral vaccines have been pulled from use with far fewer adverse effects than have been documented from COVID-19. See: 1999 rotovirus vaccine.

* We already have effective outpatient/inpatient treatments for COVID-19. 

Angelina Farella, MD, pediatrician, testified to these facts for the Texas Senate Committee on State Affairs (part 1), May 6th. She has given tens of thousands of vaccines in her office and is not an anti-vaxxer, quite the opposite. She is very pro-vax, except when it comes to the unapproved COVID-19 vaccines. Please learn about the facts. Stop being a science-denier.",1.0,AskReddit,2021-05-17 22:58:11
"I know few people that got vaccinated and still got covid. Lol so tell me what is the point if the vaccine doesn't do what it's supposed to?

In ER people who got the vaccine and people who didn't, got their blood drawn to see if all the vaccinated people had anti bodies. More than half of them didn't. So again tell me how this is helping anybody?

Shit like this stays hidden but if you're dealing with it everyday then you know. I don't care what everyone does but stop shoving shit like this down everyone's throats

Not in the mood to discuss with someone who's blindly following what people say is safe without any proof that there's no trouble to be had in the future",-1.0,AskReddit,2021-05-18 06:36:15
