comments,score,subreddit,time_created
"I don't even know how to respond to that.       

If you think conservative means let foreign entities attack your countries infrastructure, and you do nothing, you don't know what the word means.       

Even further no matter what politics you have, you don't let people attack your country.       

By the way Republicans created antitrust law and have always been the anti-monopoly party. We are against vaccine passports and largely want 1A to apply to the Legally protected online town square.         

Even libertarians would not be like, hey a foreign hacker group just killed gasoline distribution to the south east quarter of the country. That's either an act of war or an attack of terrorism.",-1.0,Conservative,2021-05-12 14:53:52
"Wow what a read

Here's the story:

Joe Biden, the phantom president, gave a speech recently that the world immediately little noted nor long remembered.

For the doddering, barely ambulatory, linguistically challenged Biden, his first address to Congress was intended as a substitute State of the Union speech, but like everything else he does, it fell as flat as he nearly did when scrambling up the steps of Air Force One back in March.

So let me help our poor president out: the state of the union is terrible, and getting worse. Examples abound:

• Russian hackers apparently just took out one of the most important pipelines on the East Coast, and it’s taken the administration more than a day to respond to this direct assault on our national security. But what’s the rush? The anti-American “progressive” left hates the oil industry anyway and is busy plotting an oil-and-carbon-free future for Grass Hut America, so overall, it’s a net plus!

• The American birthrate has now fallen for six years in a row, to a record-low 1.64 babies per woman. Some blame this on the dreaded COVID, but it would make more sense for births to rise, given that couples have had more than a year of snuggle time while riding out the “pandemic” and collecting government checks.

A more likely reason is the non-stop barrage of propaganda from the anti-human left, whose refrain has long been “how can you bring a child into this world?”—a world, by the way, they’ve been doing their best to ruin for more than half a century with abortion, divorce, and latterly, child sex-change operations.

• Speaking of COVID—caused by the CCP virus, which most independent authorities now agree could have been hatched in a lab in Wuhan—the practically state-run media is now openly fretting that vaccination rates are leveling off as Americans begin to ask themselves whether they want to voluntarily take part in the biggest real-time laboratory experiment in history.

And now, the FDA has authorized the Pfizer vaccine for use on children aged 12-15—a group that is essentially immune to COVID-19 anyway, while Washington—in collaboration,
 National-Socialist-style, with its media, tech, and corporate lackeys—will soon turn to vaccine passports, brothers under the skin of the old Soviet system of internal passports.

“The Food and Drug Administration on Monday authorized use of the Pfizer-BioNTech Covid-19 vaccine for 12- to 15-year-olds in the United States, a crucial step in the nation’s steady recovery from the pandemic and a boon to tens of millions of American families eager for a return to normalcy,” cheered The New York Times, the American equivalent of the USSR’s mouthpiece/newspaper Pravda.

• Around the country, especially in Democratic-dominated states, “homeless” encampments have sprouted like kudzu. The famed Venice Beach in Los Angeles now resembles the anarchic opening “Dawn of Man” scene from Stanley Kubrick’s film, “2001: A Space Odyssey,” with vagrants, derelicts, and hobos viciously attacking and beating residents and each other.

Meanwhile, across town in Angelino Heights, work crews just removed more than 35 tons of human biological and hazardous waste from Echo Park Lake and its surrounding park, which is similarly bristling with brand-new tents and, no doubt, cell phones.

• Meanwhile, “anti-racism” mania has now turned its sights on technology and discovered “techno-racism”—an unwitting and unintended discrimination against “people of color” that is, according to CNN, “baked into some of the technology we encounter every day.” The reference is to the difficulty some facial-recognition systems encounter in distinguishing between and among black faces.

“Even when tech developers and users do not intend for tech to discriminate, it often does so anyway,” says one critic. “Technology is not neutral or objective.”

• On the foreign-policy front, Russia is about to gobble up whichever bits of Ukraine it still desires, the communist Chinese just had a chunk of space debris crash-land in the Indian Ocean, and the manifestly unqualified Vice President Kamala Harris, has thus far managed to foul up the one job she has: the entirely Biden-made crisis at the U.S.–Mexico border.

Coming Apart

In short, things are coming apart and there’s no help in sight.

In 1920, just after World War I had come to an end, the Irish poet William Butler Yeats published what is likely his most famous poem, “The Second Coming.” To a shell-shocked populace stunned by four years of brutal slaughter, the world had indeed spun out of control:

Turning and turning in the widening gyre
The falcon cannot hear the falconer;
Things fall apart; the centre cannot hold;
Mere anarchy is loosed upon the world,
The blood-dimmed tide is loosed, and everywhere
The ceremony of innocence is drowned;
The best lack all conviction, while the worst
Are full of passionate intensity.

That could well describe our world today. The worst—the international, cultural-Marxist left—are indeed full of passionate intensity: an intensity fixated on destroying the old order “by any means necessary,” as their favorite saying goes.

In the half-century I’ve been interacting with them, they have pulled down the pillars of the American nation-state, wielding our own laws, customs, and Constitution against us.
“Mere anarchy,” indeed.

But anarchy is what they’re after, and always have been. One by one, they’ve eroded or even abolished constitutional protections such as freedom of speech, religion, and assembly found in the first amendment.

They’re publicly gunning for the Second Amendment now, and over the course of the post-FDR period have rendered the Ninth and 10th Amendments (which were intended to establish expressed powers/limited government) as nullities.

Now, in a capital still ringed by barbed wire, a confused old man sits at a desk signing “executive orders” designed to overturn any vestiges of his predecessor—whose aim, you may recall, was to “Make America Great Again.” The economy boomed, the nation became energy self-sufficient, race relations had at least stabilized, the Middle East was moving toward stasis, and both the Russians and the Chinese were under no illusions about our international intentions.

And then came the election and huge blunder of Jan. 6, and it all vanished. Well, as they say, elections have consequences.

“Surely, the Second Coming is at hand,” writes Yeats in the second stanza of his great poem. But be careful what you wish for: “And what rough beast, its hour come round at last / Slouches towards Bethlehem to be born?”

If you thought Biden’s first 100 days were bad, you ain’t seen nothing yet.",2.0,Conservative,2021-05-12 19:32:19
"I see. So a large percentage of anti-maskers, anti-vaccine and other COVID-deniers are growing “discontent” with an epidemiologist. Where’s the news here?",21.0,Conservative,2021-05-12 22:18:29
“It’s Donald Trump and his anti mast and anti vaccine sycophaths” you don’t realize Trump pushed that vaccine harder then Biden right?,2.0,Conservative,2021-05-13 15:19:01
"I'm sure they have been wearing N95s and will continue to do so until herd immunity is reached.

That being said, anyone that **can** get the vaccine, **should**.  And if you choose not to, well...it'd be nice if you wore a mask to prevent spreading it.

If you can't do that...at least you're only hurting yourself and other unvaccinated anti-maskers.",-25.0,Conservative,2021-05-13 23:59:46
"The firestorm on Twitter this morning has been amazing. Frankly, the left has been anti-science on all matters COVID for a while now, especially regarding outdoor masking, effectiveness of the vaccines against variants, surface transmission, transmission post-vaccine and a host of other topics while using anecdotal evidence or ""dude trust me"" rather than actual data to justify their increasingly paranoid attitudes. The reaction on the left to this is pathetic and shows their ideas were never based on science to begin with.",13.0,Conservative,2021-05-14 14:48:53
"It's your opinion and that's why you don't think it's wrong. It's just that people might not always agree with it. I'm ok with you not agreeing with me, but I base my answer on logic which has shown how your argument is flawed. 

Even you contradicted yourself about how it's not fair to assume 40% of the people refused because that wasn't said, but then you go make and assumption that all people who refused the vaccine would never get it.

There is a difference between refusing something at the time and being completely against it or anti vaccine. That's the part you aren't grasping and why you are wrong here. You used that as your main argument, but yet you don't realize why 40% of people who work under Fauci not have the vaccine is important.",0.0,Conservative,2021-05-14 23:11:50
"I think the issue is that the headline is suggesting that 40% of the people are completely against it or anti vaccine vs the definition you are providing of refusal. It's a sensationalist headline that is leading the reader to assume something that is not true. Which is the issue.

The person that wrote this headline wrote it with the intention that people would assume that there are employees under fauci that are proactively against the vaccine which causes doubt. Because if people within his team are opposed to it, then there must be something wrong with it that they are not sharing.

The only reason your answer might stand on ""logic"" is because you are defining ""refusal"" differently than most people would interpret it in this context. Sure, you can argue that someone not proactively getting the vaccine is a ""refusal"", but the way I would define refusal in this instance is someone proactively not getting a vaccine. 

For example, imagine if they had a mobile vaccine cart that literally drove up to someone and all they had to do was spend the two seconds getting the shot in their arm and no other work was required. You have person A who says yes, I was procrastinating and hadn't gotten around to it yet, I will get the vaccine. Then you have person B who says no, I don't want the vaccine (whether its because they are hesitant, or full blown anti vax).

Leading up to the mobile vaccine cart showing up, your logic viewed both person A and B as refusing to get vaccinated. My view was that person A was never refusing it even though it was available to them, they just procrastinated and hadn't taken the time to do it yet but person B is refusing it. Sure, person B can change their mind down the road but the are proactively refusing it right now which is the main difference compared to person A.

But in the end, you cannot logically disagree that this headline was written with the intention to have people believe that 40% of these people are opposed to the vaccination and do not have any desire to get it. That is purely assumption with no factual evidence to support it.",1.0,Conservative,2021-05-15 00:22:02
"Wow, 200 whole people! 

The polio vaccine scientist who decided to give it away for free would probably be a little unnerved by the modern anti-vaccine movement. 

Muhammad Ali would be considered an anti-American Marxist today and he pretty much was in his day. 

Pretty sure Trebek was a democrat too

I’m actually surprised Biden stopped this one given the liberal tilt of the 200 people",-2.0,Conservative,2021-05-15 01:15:41
"DJT should not run in 2024. IDGAF he wants to make money off politics by fundraising, BUT praise the lord if he doesn't run. I'll give you my takes on why Ron De Santis is Mr. Perfect for 2024.

1) It's obvious, Trump was a polarizing figure, every opinion on politics has to be either do u love him or do u hate him. That was a litmus test for everybody. He made politics about him, on the R or the D side. Say Mitt Romney &amp; Cheney, these are people that the democrats called neocon Christian extremists back a decade ago, now they are heroes to the Democrats. Tell me how weird it is, that a House member from the R side is getting non stop news coverage just because she said she hates Trump-can anyone tell me who the 3rd house member was back in 2015? See nobody cared back then, they only care now because it's a desperate attempt to bring the orange man back. DJT is the single biggest lightning rod - if you say something nice about Trump you're cool, if you don't you're cool to the democrats. And I know all of you are tired of it, I'm tired of seeing the same "" but Orange man bad"" talking points. I'm tired of refuting it, I'm tired of explaining to people ""Trump was bad, but can we move on"". I know all of us have seen the SAME talking points, ""orange man bad so vote democrat"" - online especially. This is the worst thing that can happen about politics - that obscures policy or any rational debate. Not just politics - it's culture now, it's everything. This is why the democrats DESPERATELY want the evil orange monster - who happens to be banned from internet, who happens to be retiring at his mansion, who happens to have 0 influence whatsoever, who happens to put blogs online is SOMEHOW A THREAT to the party. Go on CNN's youtube channel. Liz Cheney got more coverage than Israel Hamas conflict. Even the BBC was covering Liz Cheney which is the most funniest thing that I've ever seen. Why do international media care about what happened to the 3rd house member of a minority party in another country? Just tell me how ridiculous it sounds. Again, the same thing. The same thing. DJT is evil, DJT is lurking in the shadows, DJT will run again.  

2)That brings me to Joe Biden. Biden seems to be playing cool, he's only policy is being anti - Trump. But here's the deal. It doesn't last long, Trump isn't gonna be on the ballot anymore. He was handed a vaccine when he entered. Now the real policy questions starts. Inflation, tax, border, etc NOTHING drives republican turnout than these issues. And here's the thing about Trump. Why is everyone so SURE, that DJT will run again? Just because he said so? Because the media is covering him daily? Do u see CNN covering Trump in 2023 ?Who are these people who are so 100% sure that DJT will run again and win? By 2023 he might be irrelevant. Hillary was supposed to win 2016 but Trump happened, Trump was supposed to win 2020 with a booming economy BUT covid happened. So what if Trump becomes so old that he can't hold rallies anymore? Sure, he might before 2022 but all that is just R's using his name for money, Mitch McConnell said himself. Are people that delusional to see a 78 year old man holding rallies for the presidency? Who are these MAGA folks who are sleeping in their MAGA hats? Trust me if the economy booms like crazy, Biden will win, Trump will lose - because - ""It's the economy stupid"". BUT here's a big but here, if inflation continues then there's a different scenario. How long will inflation last? Is it a short term thing or long term? Or Biden can wave his magic wand and make it go away. What if Biden doesn't run in 2024? What if Kamala runs, every polling has her below 45. What if , what if, what if? 

3)Biden's victory was a political drive by - he was the anti Trump vote. I have friends and teachers who don't know shit about politics but trump was just repulsive to them and Biden didn't scare them as Hillary did - these people don't even know who Joe Biden's wife is - they voted for the first time and I'm almost certain they won't vote for Biden next time around - they literally don't care what Biden says, stands for, policy, etc. Who we must be focusing on is Joe Biden. Joe Biden is great only because he's anti Trump, Joe Biden's real test has just begun, Joe Biden definitely sucks he's allowed to exist as only Joe Biden - funny how liberals claim he's the next FDR and 50% approval - really bad for someone who is presumably the most popular president and got lucky to beat one of the unfavourable president, I cannot tell you how delusional liberals think they think R's have become weak and D's are strong ( when in reality THEY BARELY HAVE A SLIM MAJORITY). A tied senate, 7 seat house difference, etc. If Biden does an okay job and wins I'm sure everyone agrees that Biden will NOT last in his 2nd term - Jimmy Carter is 90 yr old, Biden would be 82 by then. I think he will last his first term, and campaign. If he wins, he will grant the keys to Kamala, just don't see Kamala running alone. If Kamala runs THIS WILL BE A GOLDEN EGG laid by Biden. This is why Ron De Santis MUST run. He doesn't scare moderates like Trump does - it's been PROVEN. He's above water with independents. Ask people why they're moving to Florida. What's the MSM gonna attack him on - ""Oh he's a carbon copy of Trump"". It's not gonna land. He counters all the attacks that Trump couldn't bear - spoonfed inherited wealth, crazy on twitter, KNOWS how to handle conflict, KNOWS how to handle influence, KNOWS how to own libtards and make them squirm, has 0 flaws and what will MSM do? Predictable shit like racist and sexist.

This is why I advice all the people on this SUB to tell their family members about Ronald from Florida. Everyone market Ron De Santis starting from today. Make people talk about him more. RON DE SANTIS 2024!!!!",1.0,Conservative,2021-05-15 08:00:00
"That's fair as well. I do think it was the downplaying of the virus and it's chances of spreading when everyone in the world knew it wasn't going away that led to people not giving credit to the previous admin. Although those 2 things (vaccine implementation and rhetoric in March 2020) are very different it gave them (democrats, anti trumpers) the ammo they wanted to give no credit to trump. 

And agreed the bin laden thing is completely different. That's why I chimed in there. Presidents should not take credit for the work of our great military members, no matter the target.",2.0,Conservative,2021-05-15 15:14:45
"Not getting the vaccine does not make someone an ""anti-vaxxer"". There are lots of reasons not to get the vaccine besides fears of side effects and 5G towers growing out of your ass.",1.0,Conservative,2021-05-15 16:26:04
"The reason I ask is less to do with anti-vaxers, more to do with keeping public school accessable for everyone. I'm a disability rights advocate, and halting public school vaccine requirements would heavily impact the already underserved populations I work with. 


Under the current system, vaccines (or a medical excusal) are required to attend the campus of a public school. If we stopped requiring vaccines to attend, there's a strong possibility that the vaccination rate of the general population would drop, whether from antivax ideologies, or people just generally not being bothered/taking boosters less seriously in younger children. We already hover pretty close to what is the critical percentage of the population you need to be vaccinated in order to contain outbreaks effectively. If outbreaks of certain diseases because commonplace in schools, children who previously attended under a medical exemption (who cannot recieve a vaccine because of immunity issues.... and who would likely die from a serious inflection like measles) would effectively be forced out. 


In my mind, that's not very fair to the children/families who have no other means of educating their medically fragile children. Parents who don't want to vaccinate still have the choice to not send their children to a public school, but children who cannot be vaccinated don't get the same luxury of choice. They didn't choose their medical status. Not everyone has the resources to homeschool, and some kids just need an in-person environment to learn. I don't personally believe an individual's choice not to vaccinate should make it so that a certain percentage of the population has to choose between risking their lives or not getting the free and appropriate education they are entitled to by law. To me that is the opposite of freedom.",-1.0,Conservative,2021-05-15 23:28:56
"Well, a few things. 1) Vaccine isn't 100% effective. I don't like Bill Maher much, if at all, but he's vaccinated and he just got it. 2) Variants. I'm vaccinated, and I want to try and limit chances at mutation, because I don't want this to become a seasonal thing. Now realistically will it? Yeah, because people are buying into a lot of anti-vax BS. But still, we have such a unique chance to stop a pathogen dead in it's tracks here, and alter history for the better.",-15.0,Conservative,2021-05-16 00:21:25
"Unfortunately that is right.    I’m seeing in some of the lib subs how’re they think people are saying ‘my body my choice’ about the vaccine seriously, being all ‘stupid anti vaxxers don’t see the irony of their statement after opposing abortion for years....’

Yeah dumbasses, we are saying it ironically, y’all are the fucking just too damn stupid to realize.",10.0,Conservative,2021-05-16 00:38:26
I don’t see how the definition has changed. Hesitant about an experimental vaccine is not anti-vax.,1.0,Conservative,2021-05-16 02:17:46
"You don’t have to accept the label. You can say that’s an improper use and if your argument is reasonable, people accept it. The more it’s applied anyway, the less it will have meaning. Similarly, “racism” means nothing anymore in a way other people understand. 

Was that an updated definition? I think that’s true for most anti-vax in terms of mandating proof of vaccination in schools. I agree with these mandates for legitimate vaccines like the measles vaccine but not with covid nor flu.",1.0,Conservative,2021-05-16 02:33:57
"Don't get me wrong, I don't think we have beat COVID yet - I am just as concerned about it as the next guy. But you also have to consider that the US was on a general upward trend in cases at the beginning of the summer, and at that time, it looked like it was the second wave, prompting Biden's messaging. Now, the US is on a sharp downtrend in cases. Also, 36% of the US population has been vaccinated so far, versus only 4.4% of the population of Singapore - Singaporeans are at a much higher risk of infection than we are due to that fact. Since Singapore is smaller, a lockdown would be much more effective there than in the US. A lockdown in the US would never work, because you and I both know there is a vocal minority that will never comply - just look at all the anti-lockdown protests that happened this past summer. Those weren't even full lockdowns.

You can say that the vaccine isn't as effective against the variants as they are against the original strain, but no vaccine is truly fully effective. So far, trials and recent real-world studies of the vaccines have shown its efficacy and that they are working to slow the spread. As long as the population gets vaccinated, I don't see why the CDC can't make that call now, considering how well the US has mobilized vaccinations.

I will admit, however, that this recent guidance seemed more politically motivated rather than based on the science.",4.0,Conservative,2021-05-16 05:19:14
"There are plenty of people who are hesitant to get the vaccine, for a variety of reasons. 

The people who are strictly Anti-Vax, those people were trump supporters.",2.0,Conservative,2021-05-16 23:07:42
"This article is basically confronting a collectivist argument with an individualistic argument when it comes to vaccines. This country has become so individualistic and anti-collectivist that it actually harms individuals. 

Not getting the vaccine is both the wrong decision for the collective and for the individual. It's absolutely irrational to refuse the vaccine, especially after it is shown to be safe and effective, and magnitudes safer than the disease it prevents. 

It's simply self preservation to get the vaccine, but people are refusing it out of spite because they are children who don't want to be told what to do. This isn't intellectualism or even concern for safety. It's spite.",-19.0,Conservative,2021-05-17 09:48:59
"Food for thought:

I’m a fiscal conservative, social moderate who seems to be in the minority within my own party when it comes to mask wearing. I believe in freedom and personal responsibility, but in this case, I think mask wearing is the responsible thing to do. 

If it means I’m less likely to get myself or my family sick, or accidentally get someone else’s family (especially children) sick by wearing a mask for a few more months, I’m happy to do it. But it seems like many conservatives vehemently disagree on this point which brings me to my conspiracy theory...

What if the CDC is suggesting lifting the mask guidelines for those who are vaccinated with the full expectation that many of the diehard conservatives will not get the vaccine and will also not mask up? (Aka will lie about being vaccinated and unmask)

The COVID-19 virus is still very prevalent in the general population so when we start taking the masks off there’s very likely going to be a spike in cases, especially in the unvaccinated. 

It sort of makes you wonder if they’re hoping a bunch of anti-masking Trump supporters will get it and take each other out to thin out the voting block.",-30.0,Conservative,2021-05-18 03:57:17
"A vaccine can be highly functional and you can still catch the disease. 

So the anti-vaxxers are not only endangering themselves, but others that cannot take the vaccine, due to health issues. So the fallacy in your argument is their choice only matters to them, and it doesn't.",1.0,Conservative,2021-05-18 14:43:38
"I was vaguely aware of this and decided to read up on it to see how true/effective it was.   
 The article I read was at the following link from the History Channel: 

[https://www.history.com/news/smallpox-george-washington-revolutionary-war](https://www.history.com/news/smallpox-george-washington-revolutionary-war)

Some interesting parallels:

&gt;Washington eventually made the bold decision to inoculate all American troops who had never been sickened with smallpox at a time when inoculation was a crude and often deadly process.  
&gt;  
&gt;...  
&gt;  
&gt;Armed only with a primitive understanding of contagion and immunity, Washington had to decide between several anti-smallpox schemes, each with its own significant risks.  
&gt;  
&gt;...  
&gt;  
&gt;Variolization still had a case fatality rate of 5 to 10 percent. And even if all went well, inoculated patients still needed a month to recover. The procedure was not only risky for the individual patient, but for the surrounding population. An inoculee with a mild case might feel well enough to walk around town, infecting countless others with potentially more serious infections.  
&gt;  
&gt;...  
&gt;  
&gt;When Washington weighed the risks at Boston in July 1775, he feared that a large-scale inoculation would sideline his troops, or worse, lead to a full-blown epidemic. So during the Siege of Boston, Washington opted for a strict quarantine of both sickened soldiers and civilians. Civilians showing smallpox symptoms were held in the town of Brookline, while military cases were sent to a quarantine hospital located at a pond near Cambridge.  
  
“No Person is to be allowed to go to Fresh-water pond a fishing or on any other occasion as there may be a danger of introducing the small pox into the army,” wrote Washington on July 4, 1775, his second official day as general.  
&gt;  
&gt;...  
&gt;  
&gt;By the following winter, Washington and his troops were camped in Morristown, New Jersey, where the threat of smallpox was as dire as ever. America’s stoic general waffled back and forth on whether to inoculate or not, even making the mass inoculation order and then rescinding it. Finally, on February 5, 1777, he made the call in a letter to John Hancock, president of the Second Continental Congress.  
  
“The small pox has made such Head in every Quarter that I find it impossible to keep it from spreading thro’ the whole Army in the natural way. I have therefore determined, not only to innoculate all the Troops now here, that have not had it, but shall order Docr. Shippen to innoculate the Recruits as fast as they come in to Philadelphia.”  
&gt;  
&gt;...  
&gt;  
&gt;Thankfully for the Americans, the 1777 inoculations in Philadelphia went off without a hitch and without tipping off the British. Even more remarkable was that a second major round of smallpox inoculations was conducted in the middle of the infamously unforgiving winter of 1778 when Washington’s troops were quartered at Valley Forge.  
  
“Notwithstanding the Orders I had given last year to have all the Recruits innoculated, I found upon examination, that between three and four thousand Men had not had the Small Pox,” wrote Washington in January 1778, “That disorder began to make its appearance in Camp, and to avoid its spreading in the natural way, the whole were immediately innoculated.”

So Washington forced a lockdown and then forced all non-immune Soldiers to receive a potentially fatal vaccine (where the science was not well understood because it was still an emerging field) on not one but two separate occasions.  However, he only did this after heavily weighing the pros and cons of vaccination versus leaving the troops unvaccinated (another article said disease, not just smallpox, caused 90% of deaths during the Revolutionary War), going so far as to order the vaccination and then rescind the order before changing his mind and reordering the vaccination.",38.0,Conservative,2021-05-18 15:30:43
The problem is the mask guidance is for vaccinated people only.  Anti-vax and people that refuse to get the vaccine are still not going to wear masks even though the new guidance says they should continue to wear them.,11.0,Conservative,2021-05-18 16:40:15
"The only friend I have that isn’t getting the vaccine is a left wing anti-vaxer. My highly conservative father in law got it, as did most of the other conservatives I know. Im kind of a moderate, and most of my friends are moderates as well, all vaccinated as soon as we possibly could. Everyone I know is vaccinated, except for that one guy. Even his wife is vaccinated. Edit: except for the young kids, as they aren’t allowed yet.",0.0,Conservative,2021-05-18 16:56:25
"I am not getting an experimental vaccine. That's just the long and short of things. However, if I understand this article correctly, if I refuse a vaccine and thus do not have a vaccination card, I may be refused service. That brings me to my next point: bribes work.

I cannot think of a single person making $12.50/hr to poke people with a needle that wouldn't take $300 to fuck off real quick. I am not advocating that anyone does this. Just throwing it out there, $300 is a small price to pay not to participate in some kinda mass experiment.

Edit\* I am not anti-vaccine. I am anti-experimental vaccine. Vaccines work.",6.0,Conservative,2021-05-18 21:27:19
"Um, wasn't Kamala Harris the one on record saying she wouldn't trust a vaccine from the Trump administration?

Also, maybe the reason people weren't so big on the vaccine was for the longest time they still weren't allowed to take masks off or stop social distancing.  So basically the pitch was ""let us inject this experimental vaccine that we rushed through approval into you for no benefit to you since it won't change all the nonsense we make you deal with now"".

Can't imagine why people weren't so keen on getting it.

This isn't me being ""anti-vaxxer"" by the way, I'm fully vaccinated myself, I'm in one of the risk categories, and I also have constant interactions with my parents since they live close to me and have my daughter over to visit their house constantly.  In my case the vaccine was a worthwhile risk.

But if you are a healthy young person who doesn't have interactions with high risk people, the vaccine is not necessary for a disease that for them is no more dangerous than the flu.  We know this from the statistics of co-morbidities and age on the death rate.

But honestly when I see stuff like this.

""many in his cult""

we know that talking with you is kind of pointless.",1.0,Conservative,2021-05-19 14:04:22
"I genuinely can not wrap my head around the anti vaccine movement. It’s such a shame it seems to be conservatives that are behind it, gives the rational of us a bad name to be lumped in with them",61.0,Conservative,2021-05-19 14:44:02
"No. I just browsed there. There are a few decent posts/memes but it's way too blatantly ""anti vax"" for me. I'm completely fine with people choosing not to take the vaccine and I'm fine with people choosing to take it. I'm also completely unafraid of the virus because I'm not in any sort of risk group. If my work tells me ""you will be required to wear a mask at work unless vaccinated"" then that's enough for me to get the jab. 

But I'm absolutely not jumping on either side of NEVER VACCINATE or LITERALLY BAN PEOPLE FROM EVERYTHING UNTIL THEY GET THE VACCINE. Both sides are absolutely shit-house nuts crazy and I ain't about that.",8.0,Conservative,2021-05-19 15:18:39
"It's not a genuinely ""anti-vax"" movement though. It's a pro-choice, pro-bodily-autonomy movement. I'm not anti-vax (I would never try to stop someone from getting it if they want it), I personally just don't want this particular vax, and I don't want to be punished by the state for refusing. I'm young, healthy, not vitamin D deficient... and I probably already got covid and didn't even know (in which case I have natural immunity and don't need the vax anyway).

Plus we now know that the vaccine doesn't stop you from getting infected or spreading it - it just prevents the development of symptoms. So this whole ""Do it to protect others"" thing is complete BS - the vaccine is for your benefit alone.",8.0,Conservative,2021-05-19 15:32:03
"I am not anti-vaccines. I have had several vaccine shots in my lifetime. I am against monopolies of vaccines, quickly tested and greenlit through with zero legal redress allowed by law and which are being used as a 'key' to everyday activities I was getting along fine with anyway. 

It's funny to me that the biggest 'vaccine deniers' are actually rival vaccine companies bashing each other more than we conservatives ever did.",24.0,Conservative,2021-05-19 16:06:22
"I wouldn't say its anti vax. There's completely anti vax, and then there's being against getting the covid vaccine for now. 

My wife's a nurse, I'm in a front facing communications job - we're around a bunch of people and family. We didn't really alternate our lives outside of a few months last year before just getting back to normal. Luckily we live in Texas... but anyways, we both got our pokes as quick as we could around february and march, we trusted the data (or at least as much that was out by that point).

I also understand the people that are hesitant, because we truly don't know the long-term effects. For all we know there could be some ridiculous side effect that doesn't start until you reach X age, or it's in your system for X amount of time - and there's zero data to argue against that perspective, other than just trusting what's available now. 

95% of those people have every other vaccine available to them. They are just choosing to wait on the science. 

The ""idiots"" are the ones that think there's all sorts of crap in these things. I mean for one, the signal i get on my phone now is worth getting the shot for. from no bars, to 5G within days.",43.0,Conservative,2021-05-19 16:10:48
"My fiancé has a brain tumor that was found when she was young.  She went on chemo when she was a young teenager.  No body is still sure what the effects of chemo are on a person during that time period, and even the possibility of having kids has been questioned from her cancer doctors.

She's hesitant to get the vaccine as there isn't much known about long term side effects, and really doesn't want to put herself more at risk for not being able to have kids or something of the sort.  She's not at risk and is a fairly healthy person so there isn't much of a priority in jumping in to get the vaccine right away.

Additionally

&gt;I genuinely can not wrap my head around the anti vaccine movement. It’s such a shame it seems to be conservatives that are behind it

Anti-vaxx in general is a bipartisan problem not related to conservatives.  YOU only think they are conservatives because you spend too much time on Reddit getting told that.  I guarantee you that there are plenty of people who are very much liberal and haven't gotten the vaccine yet for whatever reason - just like conservatives.",0.0,Conservative,2021-05-19 17:49:59
"There is no such thing as 100% immunity and you know it hence why you ask to try and vindicate yourself. The vaccines don’t give you 100% immunity either so I guess we should all just lockdown and wear a mask for the rest of our lives. 

Or we can be reasonable and realize the intent is to reduce risk to a low possibility...which is already known to be the case for children and in fact healthy young adults as well. 

If you think children should wear masks and get a vaccine you are anti-Science. Sorry.",2.0,Conservative,2021-05-20 02:32:15
"Honestly members of the cult of caution and anti-maskers/anti-vaxxers are two sides of the same coin

If you don't have a vaccine wearing a mask doesn't make you a sheep as it does prevent the spread of disease in group settings. If you are vaccinated not wearing a mask is ok as you have a drastically lower chance of catching, getting seriously ill from, or spreading the disease.",1.0,Conservative,2021-05-21 21:32:27
"I would also argue that the studies have been done to show that voter fraud really isn't a thing. There's lawsuits happening now over the 2020 election that have turned up.... one republican using his dead mom. 

Karen's pretending to be vaccinated to go out while being anti-vaccine though? Pretty sure we've all seen that one.",18.0,Conservative,2021-05-22 21:50:38
"I feel like at this point is dumb to say they don’t. The vaccines available currently do an excellent job at preventing the spread of covid. 

I think the hangup most anti-vax people have at this point is the side effects/long term implications of the vaccine. Not saying I agree with a lot of it, but I respect people’s right to be skeptical.",18.0,Conservative,2021-05-23 15:51:26
"I wasn't talking about international travel or about anti-vaccine types. Other countries have the right to require vaccines in order to enter, but that's a different scenario. Tell me, do you honestly think that the grocery store, the coffee shop, or the hardware store has the legitimate right to ask for *any* medical information (not just vaccination  staus) from you at the door? That is completely unacceptable and a dystopian abuse of power. I can't fathom the audacity of people who would dare to ask such a thing. Those who would demand that from you deserve a broken nose. Outside of the school nurse and your doctor, your medical information is solely your business unless you intend to travel abroad.",2.0,Conservative,2021-05-23 22:35:48
"This is my biggest rub with every fucking claim that COViD vaccine caused something. Like, really... How many people lose their hearing on daily average? Has that number increased with the vaccine? No? Then correlation is not causation.  
Just like I told my nephew on FB when he posted his 100th ""anti-vaccine"" meme: ""We get it. You don't want it. Fine. But STFU about it. We got it, we wanted it. Enough rhetoric.""",11.0,Conservative,2021-05-23 22:48:06
"&gt;Also, the long term effectiveness is unknown.  
True.  

&gt; The ability to still spread is unknown.   

Technically, but it can be reasonably inferred that it is low due to the presence of antibodies. This is the case with any vaccine.  
&gt;The ability to still get covid is still there  

Which is the case with any vaccine because no vaccine is perfect. Usually you don't get sick at all, but if you do you get a mild case. This is nothing new. What is new is acting like we still need to follow draconian and often anti-science restrictions after being vaccinated. All vaccines produce the same net effect when it comes to their target disease.",3.0,Conservative,2021-05-23 23:54:17
"During which cases were way down, just like now, because coronaviruses don’t like the heat.

As I said, maybe we are seeing a drop because of the vaccine, I just don’t think we actually have any scientific evidence of that. And no, I’m not anti getting the vaccine if you want to, I don’t think it is microchipping you or any of that crap. I just am saying that this is a vaccine that has not had any long term scientific study and we do not know how effective it is over the long term and we should prepare ourselves for the reality that vaccine or not COVID is going to become endemic akin to the flu or the common cold, and we need to learn how to live with it.",0.0,Conservative,2021-05-24 00:49:32
"The complaint isn't that he's making his own choice - its that he went out and said ""I'm not getting the vaccine!"" without mentioning the fact that its primarily because he's already had Covid. Which makes the statement look like its just for brownie points with anti-vaxers, even though he knows that it will lead to more people who should get vaccinated, deciding not to.",-4.0,Conservative,2021-05-24 05:17:25
Also the anti vaccine people could be seen as “sheep” putting people in boxes and then arguing isn’t helping teach.,0.0,Conservative,2021-05-24 12:07:24
"You underestimate how angry some people are. They are so pissed about the restrictions that the vaccine has become their next target.

There are people with an irrational level of anger about the vaccines who are now firmly embedded in vaccine conspiracies which were previously on the lunatic fringe of the conservative spectrum. I'm seeing it because I live it with some of my family members. These are people who have decided to shut off their brains at a level that matches any member of the squad. It's blind faith in junk science, just substitute anti vax for climate change.",-1.0,Conservative,2021-05-25 02:19:38
"Thanks for asking and listening. Ironically, I'm pro-vax, but that's because I have years of data to look at and can adequately asses my risks. It isn't anti vax to want to wait and see what the long term side effects (if any, are) especially since I've already had Covid and fall into the group with a less than .5% of serious risk/fatality, especially when there is no liability if I am injured by the vaccine. Also in a twist of irony, if I was to take one, I would want Johnson and Johnson because it's the only one that appears to have the most negative information widely available.

Its disappointing that I'm considered anti-covid/anti-vax for this line of thinking.",5.0,Conservative,2021-05-25 15:12:18
"&gt;I don’t think you all realize how often immunization records are required.

This is an observation based on relativity, not on quantity.  I'm not saying how often, but clearly you think it's a HIPAA violation, or even sillier, a 4th amendment violation- which it very obviously isn't.  So clearly *you* don't understand how often it is. 

&gt;You remarked on ""how often"" it was and then replied with no additional examples of domestic commerce or industry.

Fine, when looking for childcare facilities, some places will require them, then turn you or your child away if they aren't vaccinated. 

Are you happy?  Or do you have more qualifiers to suggest my examples aren't good enough?

&gt;Basic commerce is a right.

No, it's not.  Can you show me in the constitution where it says you have the right to engage in commerce with every private business?

&gt;Making it only accessible to people who will inject themselves with   
government mandated drugs is hilariously anti-liberty.

It's not government mandated.  You don't have to take it. 

&gt;Even for something as trusted as a measles vaccines, let alone something  
 that has been allowed to bypass the usual standards of drugs for   
testing.

Yeah, like I said, I understand people who don't want to take an experimental vaccine.  But you can't go around making shit up like it's a violation of our rights when private businesses choose not to sell to you.  Or if government buildings require to take an additional safety measure and wear a mask.

You have the choice to either get vaccinated or wear a mask.  What's more anti-liberty is telling private companies who they can and can't sell to.  Or to put a ceiling on the safety preferences of a private business.  People that choose not to be vaccinated are not a protected class.  They aren't being discriminated against.  It's not discrimination if it's based on a choice you make.",2.0,Conservative,2021-05-25 21:08:59
"You can be afraid of anything if you try like that. 

I don't think anyone should be forced to get the vaccine, and that we should be 100% open yesterday whether you're vaccinated or not. But most of this anti-vaccine stuff is just generic anti-vaccine (ie, quackery) applied to the covid vaccine. Given that hundreds of millions of people have taken the vaccine, you don't have to rely on experts to be honest with you. You can see for yourself and make your own conclusions. Personally, I'd rather have something made in a pfizer lab than in a chinese lab.",16.0,Conservative,2021-05-26 14:46:49
"We knew that masks were effective against some diseases. What we didn’t know was would they need to be federally mandated. Yes, he wanted to make sure that hospitals had the supplies for those who would get the worst of it but we also didn’t know how many infected by COVID would be asymptotic. We were not aware that you were more likely to be infected by an asymptotic person than a symptomatic. All these things combined meant that the health officials consensus on masks changed. 

We aren’t agreeing on what we are arguing. I don’t think we ever will. You won’t give any other examples because you are so hung up on this one. You say I can’t agree that Fauci lied to the American public due to some nefarious reasoning. I can’t agree that he’s just some idiot when he will forget more about his field than I will ever know. 

If you want to talk about governments being authoritative and anti scientific all you need to do is look at the direction the Republican Party is going. 

You just seem to have some understanding of the disease more than anyone else in the world. You say we’ve had a fairly stable virus but we here if new mutations all over the place. As those mutations were tested with the vaccine the vaccine was proven to be effective against more and more of those strains health officials became more lax on mask wearing.",1.0,Conservative,2021-05-26 16:06:18
"Its fucked because I was always a more liberal person. Real talk tho, both parties are different heads of the same snake imo. Both will fuck your world up just the same. 

Conservatives - religious zealots and military cosplayers, vaccine deniers, and anti-maskers. 

Liberals - Don’t understand math or how the economy works. Likes to institutionalize racism. 

Literally both parties are a fucking joke, I really wish there was a realistic 3rd option. At this point both sides want to fuck me in the ass, its just who is going to bring more lube at this point...",4.0,Conservative,2021-05-26 17:12:32
"&gt;You have a leftist vibe about ya...Do you know that?

Doubtful. I'm the furthest right person I know.

&gt;I notice that a lot with posters on this sub who claim to be ""conservative"", but all spout leftist talking points, hate Trump, are DEEPLY entrenched with the church of Covid.

Well you're way off base then with me. I voted for Trump twice, have never spouted a single leftist talking point, and think that at no point did covid justify *any* of the measures that have been taken. 

But to pretend the vaccine itself is dangerous? That's not supported by any evidence I've seen. All i see is generic anti-vax arguments being regurgitated.

&gt;Enjoy your RNA editor, though

mRNA doesn't edit anything. It has a half life of a few hours naturally, maybe extended to a few days in the vaccines. 

Now the virus, on the other hand, does enter your cell nucleus and edit your genome. So pick your poison. Chinese lab engineered virus that permanently alters DNA, or pfizer lab made mRNA that doesn't alter your genome and is no longer present in your body after a few days.

&gt;Oh, it isnt 99.7%...its 99.97%, make sure you get that straight, my man.

Whatever it is, the vaccine reduces it by orders of magnitudes.",5.0,Conservative,2021-05-26 18:13:36
"Fauci himself acknowledged the mixed messages on masks was detrimental but that it was ""well meant"" to protect the healthcare worker supply.  That's not a conspiracy theory.  It's not new data BS.  It's Fauci admitting to distorting the message to promote his ends.

On the NYT calling him out on ever changing percentage vaccination required for heard immunity

&gt; When polls said only about half of all Americans would take a vaccine, I was saying herd immunity would take 70 to 75%,"" Fauci said, according to the paper. ""Then, when newer surveys said 60% or more would take it, I thought, ‘I can nudge this up a bit,’ so I went to 80, 85.""

Making a pronouncement under the guise of ""science"" based on opinion polls...

Again, not a conspiracy.  He's a self acknowledged BS con artist. He's not speaking science.  He thinks he can use the guise of science to manipulate the message to achieve his desired ends.  Of course that backfires.  And anyone who supports science should object to this type of behavior.

When science isn't settled.  Real scientific types say so.  They don't make authoritative (as if they know about which they speak) statements to the contrary, especially when it goes against the actual scientific consensus.

Here's your anti science man, rejecting studies on the effectiveness of masks in Asian countries to stop respiratory viruses to spout some face touching messaging that would eventually be parroted by every anti masker out there.

https://m.youtube.com/watch?v=PRa6t_e7dgI&amp;feature=youtu.be",1.0,Conservative,2021-05-26 23:46:06
"I understand your point,  and trust me,  as much as I don't like this type of vaccine (and no, I am NOT one of those idiots who are anti vaccine and are the reason diseases that were practically nonexistent, like whooping cough, are back in the population ) I don't trust that the majority of the population in my state have actually been vaccinated.  I know too many people who have refused the vaccine entirely,  or for the  Moderna vaccine only got the first shot. A majority of these in my state also refuse to wear a mask. Like I said in places like Texas where people are more responsible and respectful of others the mandates aren't needed. Here,  I don't think anything is going to do much good because people don't give a crap.  It's mostly the young people who figure they have nothing to lose who are refusing any of the precautions.  I got exposed because some idiot my age,  who does have preexisting conditions himself chose not to wear a mask around his coworker (my cousin) or us. He also had two people in his house that had already been diagnosed.  One wore the masks as soon as she knew, and the other didn't. Neither had been vaccinated,  to the best of my knowledge. All of us were. My point is even with the vaccine you still have to use your brain. The idiot in question was vaccinated,  but still got it and passed it along because he didn't use any precautions.",1.0,Conservative,2021-05-27 02:38:22
"Instead of sequentially, the vaccine safety and efficacy steps were completed in parallel. No steps were skipped, they were just completed at the same time. Also, these vaccine technologies were being researched and tested for YEARS before this. The information is out there and all above board.

I can appreciate the idea of individual liberty while also having no respect for people who don't get the vaccine and think they're fucking morons. I'm sick of coddling anti-vaxers",9.0,Conservative,2021-05-27 12:10:37
Just because you don't get the vaccine doesn't make you an anti-vaxer.,-6.0,Conservative,2021-05-27 12:51:45
"They weren't developing the COVID vaccine for years. They were developing M-RNA vaccine technology for years. They developed the COVID vaccine with this new technology for a few months. I'm pro vaccine. I don't know if there is a vaccine besides the COVID jab that I don't have. The difference is, we haven't seen how M-RNA vaccines affect humans over the course of five or ten years. We haven't seen how COVID variations of the M-RNA vaccines affect humans over five or ten years. A lot of these medical conditions from things aren't readily apparent in the first few years. If you'll remember, they forced a lot of soldiers to take a malaria pill that rotted a very real amount of their brains. 

Wanting to wait a bit and confirm there isn't any weirdness doesn't make you anti-science. It makes you cautious to trust Big-Pharma which used to be a pretty non-radical position. Especially if you've had COVID because your immune system is pretty readily available to defend yourself.",-1.0,Conservative,2021-05-27 13:36:52
"There isn't any concern among the scientific community regarding the long lasting effects of an mRNA vaccine because it behaves exactly like the mRNA in our bodies. All they needed to do was modify the genetic code to match the spike protein for SARS-CoV-2.

It absolutely makes you anti-science if you don't trust the medical consensus among the most prolific and educated community in the world",2.0,Conservative,2021-05-27 13:45:24
"First of all, was I forcing anyone to do anything? No, I just called people refusing to get the vaccine anti-vaxing dumb fucks. Getting the vaccine increases the well-being of humanity, not getting it actively harms humanity. So I think it's established which one of us is operating under that moral premise.

Your argument can be exactly applied to the concept of slavery.

Me: ""Slavery is abhorrent and it should be abolished""

You: ""You sit in your ivory tower and cast judgements on those who don't do as you say. You are the one being selfish for trying to force people to follow your ideals""

You just don't like criticism for actions you know are bad. That's it. You're a bad person yet you don't want the criticism",1.0,Conservative,2021-05-27 14:00:26
"&gt;First of all, was I forcing anyone to do anything?

Yes, and when they don't do as you say you cast judgment. 

&gt;No, I just called people refusing to get the vaccine anti-vaxing dumb fucks.

Yeah and that's wrong, dumb fuck. 

&gt;Getting the vaccine increases the well-being of humanity, not getting it actively harms humanity

No.

&gt;So I think it's established which one of us is operating under that moral premise.

Yeah it's me.

&gt;Your argument can be exactly applied to the concept of slavery

No it can't lol. 

&gt;You just don't like criticism for actions you know are bad. That's it. You're a bad person yet you don't want the criticism

Nah I just don't like pompous fucks like you who think they are morally superior for no reason. Get fucked. Forcing people to do things isn't moral (which goes against your stupid slavery argument 🤡)",1.0,Conservative,2021-05-27 14:05:13
"I'm not anti-science I have a literal masters in Biology. If you WERE pro-science you'd know that testing invitro, which is the only testing available until the vaccine  became readily available showed some unknowns. Oxygen being in the 2' position during mRNA vaccination can cause it to react and cleave into 5' - 3' phosphodiester bonds. The effects of which are unknown.  

You'd also know that in similar testing to the COVID-19 vaccine with the E-Coli disease resulted in alkalization of the nucelli of the cell when treated with M-RNA therapy.

You have to remember, their job isn't to prove the COVID-19 vaccine is dangerous; it's to prove it is safe. Which is easier than proving it is dangerous.",2.0,Conservative,2021-05-27 14:48:08
"It still isn't being talked about nearly enough. It is blatantly anti-science that we aren't discussing the fact that we are either very close to or already at herd immunity. If you take the 40% of adults who are vaccinated and the 100-200 million Americans who are estimated to have had COVID, even accounting for some overlap, that's probably 65-80% of Americans who have some level of immunity now

With those numbers in mind plus about 1.5m more vaccines being administered daily still, we are very clearly at the point of moving on from this pandemic. Combine that with the fact that high risk people have had more than enough time to get the vaccine, so the argument that we need to protect others is irrelevant at this point. All adults and high risk people have had enough time and access to make a risk/reward decision for themselves, and immunity to the virus is more than high enough to stop a massive case spike",3.0,Conservative,2021-05-28 01:43:35
I've gotten many vaccines in the past. I get a tetanus shot when my time is up for another. I'm not getting the covid shot though. That doesn't make me anti Vax. The cons outweigh the pros for me when it comes to covid vaccine.,8.0,Conservative,2021-05-28 17:47:21
"There are literal anti-vax Facebook groups that predate covid. Groups of parents who post about how all vaccines are bad and cause autism and how natural remedies like essential oils will cure all. Apparently (I don't have FB anymore, so I can't confirm) the anti-vax groups are still up and running, but individual posts exclusively about the covid vaccine are being taken down.",1.0,Conservative,2021-05-28 18:39:11
"I think he's hearing you as saying ""I'm not an anti-vaxxer, in which case you would be justified in dismissing me as a crazy person.  But it doesn't apply to me.""

It's definitely true, people are throwing that insult around like crazy and it's really annoying.  There's a huge difference between, ""this disease isn't something I'm worried about, so I don't want the vaccine and I don't think coercion and deceit are acceptable,"" (where I am)  or ""This is a really new vaccine and I don't feel that the risks are worth it to me compared to the small risk of the disease"" and ""All vaccines are poison and cause autism!""",7.0,Conservative,2021-05-28 21:55:38
"Where are all the whiny leftists who hate big pharma on the vaccine? Oh, that's right. Demanding we all get the vaccine post-haste. Pfizer's great for their anti-anxiety meds and fixing covid but they hate them over drinks at the cocktail party where they're mixing booze and painkillers.",1.0,Conservative,2021-05-28 22:20:36
"There is no guarantee that this vaccine for Covid will be effective indefinitely.  It may have to be updated yearly like the flu shot.  Are we going to not let people travel if they don’t have a flu shot?

Measles was starting to come back in places where anti-vax people were pushing a false agenda.  Like Samoa...

Why not start with something like that?

Oh wait, because you can’t force people to take a drug that they don’t want...

Much less travel without it.

It’s just not constitutionally viable.  And for good reason.",0.0,Conservative,2021-05-29 05:39:35
"Well are you solely anti-covid vaccine or anti-vaccine in general? Because I’m talking about if you’re the latter. Yeah, you’ll most likely survive covid if you’re young, but the other terrifying diseases, like measles or hepatitis? Good fucking luck.

And I’m not wearing my mask anymore because I’m vaccinated, so that was kind of a moot point.

Oh, and yes, the vaccines are extremely effective.",1.0,Conservative,2021-05-29 19:07:29
"The mRna shots are considered experimental gene therapy by the FDA, they are not on fact a vaccine and are not recognized as a vaccine. The MSM has successfully branded them as a vaccine so that anyone that has any hesitancy towards taking this experimental drug is called an anti vaxxer. Makes it easier to attack someone as an anti vaxxer opposed to attacking someone for not wanting to be a guinea pig in a clinical trial for a new experimental shot.",2.0,Conservative,2021-05-29 20:21:54
Our society has made protected classes and one of those classes either is or is arguably sexual orientation. Being Trump isn't a protected class and being anti vaccine isn't a protected class.,3.0,Conservative,2021-05-29 21:18:15
So let's see nobody under the age of 16 can get the vaccine because they're not susceptible to the virus but the school's make kids under the age of 16 wear a mask un-freakin'-believable thank you you leftist Democrat pieces of shit anti-American communist fucks,3.0,Conservative,2021-05-29 23:04:29
"No that was tongue in cheek for.... Lets create a virus that kills old people and those with compromised immune systems, then create an experimental vaccine that kills even more people.... and sterilises them for a virus we created. Then demonise anyone who refuses it as..... one of them anti vaxxer morons. Its not a Preventative Vaccine if 30% of the people who get the Vaccine are showing up having Covid.",1.0,Conservative,2021-05-30 00:42:13
"I want to know if you had covid, if you get a exemption? I am all for the vaccine personally, Just already have the anti-bodies and I am a healthy adult. 

I also think it should be a individual decision if you want it or not.",18.0,Conservative,2021-05-30 14:58:23
"Governor of Florida who was a JAG lawyer in the Navy before becoming a House member in the Florida legislature. He only did a partial lockdown for one month. During that time he read a bunch of books on how viruses work. Determined locking down wouldn't be helpful due to the science and data .

Let kids go back to in person school. Passed policies to protect the most at risk people, the elderly. Made sure they received the vaccine first if they chose to.

Passed anti-rioting laws making it more severe to do so. Made it legal to drive through a riot of people in the street to escape danger.

Passed anti-censoring legislation for big tech.

Doesn't play liberal media games and hits them back and stands up to them. But does it better and more tactful than Trump so he doesn't come off as mean.",39.0,Conservative,2021-05-30 15:36:22
"Lol I have researched this to the end because I struggled if I should get the vaccine or not. In the end I am in the low risk age group (6k deaths nationally), already had covid, it doesn’t stop you from spreading covid and it doesn’t stop you from getting it again. Not to mention all the people I know who have complications right now from the shot from just mild fevers to spinal disk swelling. I talked to my kids pediatricians for them and they recommended to not get it for the kids because they are in such a low risk age group and there isn’t any long term studies on effects. Frankly it’s assholes like you who try to sell it like it is some holy water that freaks people the fuck out and then gets nasty with those people accusing them of not understanding and blindly trusting pharmaceutical companies. Seriously just fuck off with your anti intellectual authoritarian thought process and go back to the hold you crawled out of",1.0,Conservative,2021-05-30 16:04:32
"It’s a literal mRNA vaccine that disappears and breaks down once it works, ‘long term side effects’ are irrelevant as, they are physically not possible.

Oh and despite the overwhelming evidence and paediatricians everywhere saying it’s safe, pro-covid vaccine individuals are the ‘anti-intellectuals’ lmfao.

Why don’t you go and get angry at the public school system for requiring proof of vaccinations for enrolment :’( how dystopian and authoritarian!!! :(((",1.0,Conservative,2021-05-30 16:10:32
So my pediatrician recommended against it and now I’m anti science lol.....so all the scientific peer reviewed papers I have read regarding my natural immunity to covid because I had it are now worthless because some kid on the internet thinks science is like a religion. the school system doesn’t require a flu shot does it? Quit dealing in absolute fallacies and acting like being skeptical of the covid vaccine is like being agains the polio vaccine. That is the crux of anti intellectualism which is blindly following anything and using your appeal to authority to justify your lack of critical thinking,1.0,Conservative,2021-05-30 19:25:12
"I am against the government mandating people getting vaccines. There very well could be long term side effects we don't know about from the vaccines.

That being said, we do know there are long term complications from COVID. Some people who would have been considered asymptomatic still had physical damage to their lungs. As somebody who has suffered through long COVID, I can also tell you that I don't think there's any likely vaccine side effect that's worse than COVID. And given the current facts, you're far more likely to get long term issues with COVID than any of the vaccines.

Also, private businesses have a right to require employees or customers are vaccinated in order to do business with them. Conservatives taking an ""anti vaccine"" stance when it comes to private businesses is yet another reason why I left the conservative movement. I don't think conservatives actually care about small business or liberty anymore.",-6.0,Conservative,2021-05-30 23:07:29
"I am not anti vaccine, I take many proven long use safe vaccines.  I just took a tetanus.  I simply don't trust these vaccines yet.  I will be happy to wait for the eager masses to be guinea pigs.",5.0,Conservative,2021-05-31 00:58:06
"Let WHAT go unnoticed? There were clear signs leading up to the Holocaust and literally none of them are happening for anti vaccination people. A good percentage of the population agrees with you and even some entire states are enacting laws to prevent ""anti vaccine discrimination"". You're full of shit",2.0,Conservative,2021-05-31 04:24:04
"How sad that it's Fauci life's work and he got so much wrong...

Anti-masking, wrong...
Travel ban on China, wrong...
Vaccine timetable, wrong...
Airborne vs surface transmission, wrong...
Efficacy of cloth masks, wrong....
And now we find out more each day about how Fauci's life's work included funding EcoHealth, which turned around and did gain of function research with the support from Fauci and the NIH. He will go down in history as being connected to COVID, but not the way he wanted...",20.0,Conservative,2021-05-31 20:15:49
"So long as it’s private property, who cares. 

Don’t want to pay? Don’t go to the concert.  Seems pretty simple to me.  I wouldn’t go to a concert that wanted me to provide medical information anyway, sooooo….

I still don’t understand the anti-vaccine movement, but whatever… it’s your choice.",-1.0,Conservative,2021-05-31 22:57:02
"No, that’s not what I suggested at all.

I don’t believe in forced vaccination, particularly when it’s a newly developed vaccine, but really in any case.

I have zero problem with anyone getting a vaccine. I am not anti-vaccine. What I do have a problem with is government and corporations working together to force people to get it against their will. Same thing with masks.

The frustrating thing is that the types of people who are demanding that we should be compelled to get this vaccine are the same types of people who were telling me 15 years ago that pharmaceutical companies are all trying to kill me (which I always disagreed with then, and still do).

I also have a problem with anyone who questions the status quo being silenced. The left now celebrates this new power by media corporations, they love it.",6.0,Conservative,2021-06-01 03:19:34
"&gt;I don’t believe in forced vaccination,

No one does.

&gt;I have zero problem with anyone getting a vaccine. I am not anti-vaccine. What I do have a problem with is government and corporations working together to force people to get it against their will. Same thing with masks.

This is what everyone believes.

&gt;The frustrating thing is that the types of people who are demanding that we should be compelled to get this vaccine

Literally who?

&gt;are the same types of people who were telling me 15 years ago that pharmaceutical companies are all trying to kill me (which I always disagreed with then, and still do).

There's a difference between big-pharma profitting off your death via the pain pills they told doctors to prescribe and a free vaccine during a global pandemic, but sure.

&gt;I also have a problem with anyone who questions the status quo being silenced.

Literally everyone would have an issue with this. Thankfully, I cannot think of a single person who has been silenced. Can you?

&gt;. The left now celebrates this new power by media corporations, they love it.

What does this even mean? All I'm getting is that you're not a rebel. No one here is, as far as I can tell.",-5.0,Conservative,2021-06-01 03:23:05
I’m not anti-vaccine. I have no problems at all with anyone getting the vaccine if you choose to do so.,1.0,Conservative,2021-06-01 17:26:25
"Blind anti-conformity is just as bad and not punk as blind conformity. Punk has always been about the rational criticism and rejection of specific aspects of society, not embracing media induced vaccine panics.",1.0,Conservative,2021-06-01 17:49:03
"Not being vaccinated isn't the disability, but their disability may be preventing the vaccination. Therefore, it is a discrimination against their disability, regardless of how few people might be affected by this. It's no different than discriminating against transgendered individuals, when they make up a very small portion of the population. Discrimination is discrimination.

&gt;But the vast majority trying to get on a cruise while being unvaccinated  
 are purely just selfish antivaxxers and have no legal leg to stand on.

The cruise lines should have no legal leg to require a vaccine passport. Not wanting the vaccine for whatever reason doesn't inherently make that person an anti-vaxxer, but nice try in lumping them all together.",1.0,Conservative,2021-06-01 21:00:11
"&gt;Not being vaccinated isn't the disability, but their disability may be preventing the vaccination. Therefore, it is a discrimination against their disability, regardless of how few people might be affected by this.

I LITERALLY just said this is not an issue, did you not read a single thing I wrote? Here's a refresher:

""they may have a case for reasonable accommodation on an individual basis but will not uniformly affect a company's vaccine requirement""

As long as reasonable accommodation is made for those people then they are not in violation of ADA requirements.

&gt;Not wanting the vaccine for whatever reason doesn't inherently make that person an anti-vaxxer, but nice try in lumping them all together.

The vaccine is free, widely available, rigorously tested, and approved by the FDA, whatever reason they have can only logically be that they are for some reason averse to getting the vaccine, and are therefore anti-vaccine.  They are antivax, what more do you want.",1.0,Conservative,2021-06-01 21:30:44
"Yes members of the GoP are the same people responsible for flat earth theories, anti mask rhetoric, anti vaccine,  anti science rhetoric, etc.  Who would trust science coming from the party of anti-science?  That's my point.  I'm not blaming all Conservatives... but the same people who spew that anti-science bullshit are the same ones spewing this lab bullshit.  I can't listen to advice from someone who won't even vaccinate or wear a mask.   And that's why nobody believed it.

GoP was fighting like little man-babys about having to wear masks in the Senate/house.   Like little spoiled children... and im supposed to take science advice from those man-babys?

Zero credibility.",0.0,Conservative,2021-06-01 21:59:19
"Kinda like how we've dealt with the flu for a generation?  Viruses mutate, that's how they work.  The virus itself will never go away.  Also when viruses mutate, generally they mutate into something less severe but more transmissible.  

COVID is real, but it has been a massive political tool and the amount of people drinking the fear Kool-Aid is insane.  Ask yourself, why do they even have to give incentives to get a vaccine for such a ""deadly"" virus?  Did half the country suddenly become anti-vax?  I also know plenty of doctors and people in the medical field who advise not getting the vaccine just yet.",1.0,Conservative,2021-06-02 12:26:31
"It's not so much scared of unvaccinated people. If they want to kill their parents and aunts and uncles that's their business. It's appalled at the lack of intelligence and acres of selfishness. So yeah, I'm all for making flights, amusement parks, concerts, sporting events, etc for vaccinated people only. 

And a dirty secret Tucker doesn't tell his viewers is that he himself and his family are vaccinated. But he spreads the anti vaccine stuff on thick during his show purely for money.",3.0,Conservative,2021-06-02 17:45:36
"It's a straw man argument.  I'm not afraid of the non-vaccinated, just irritated that people care so little about their fellow citizens that they spread misinformation about the vaccine to encourage people to not get vaccinated.  Also still wear my mask in most public places cause I don't want to be mistaken for an anti-masker.",3.0,Conservative,2021-06-02 18:52:27
"No vaccine is 100% effective and the more a disease spreads, the more variants emerge.  Why do you think we occasionally have measles outbreaks despite a working vaccine?  This is why anti-vaxxers are so frustrating.",25.0,Conservative,2021-06-02 19:12:12
"I love this new narrative where if you decide not to take a single vaccine that hasn’t been fully FDA approved and has no long term testing results you are now anti-vax. You could literally take every vaccine known to man other than the covid vaccine and suddenly you’re an anti-vaxxer.

Way to push the commie leftist talking points.",3.0,Conservative,2021-06-02 21:18:27
"Even without living a normal life this virus has worse effects on immunosuppressed people than the norm. Getting the vaccine if able is a much smarter and safer decision than getting a disease like covid that victims of it are having issues even after recovery from the primary ailment. The problem with covid is when someone gets it and spreads it before severe symptoms arise they can get many others infected which can have severe consequences. Someone's bad decision can lead to the harm of someone else and end up forcing others to suffer consequences of the anti vaxxers actions. Not to mention, the more infections and viral particles that are created, the more the likelihood of a mutation that renders the vaccine useless/ forces more booster shots putting people at uncessecary risk. In summary, someone's choice to be anti vax could lead to unnecessary negative consequences.",4.0,Conservative,2021-06-02 21:28:40
"I mean, I think it could make a nice narrative.

""I used to be an anti-vaxxer, but after reading the science, I realized that Trump wasn't trying to kill us with the vaccine.""",3.0,Conservative,2021-06-03 11:35:06
"&gt;Ok, that's a fair point, but they declared the commission's ruling, which had effectively required him to bake gay wedding cakes, a violation of his religious rights. So they did rule he doesn't have to make cakes he's not comfortable with. Free speech is irrelevant to the vaccine issue in any case. 

They ruled the commission violated the free exercise clause because some of its members made explicit anti-religious comments. They didn't rule that the baker had a first amendment right to refuse to bake the cake. They didn't opine on that question at all. Because of that, he's currently still facing litigation about baking a different cake.",1.0,Conservative,2021-06-03 15:55:34
"Yes, but free speech is not relevant to the vaccine issue.

Free speech and religious rights are not the same thing. Vaccination status is a third, but if it falls into either category it would have to be religious.

Making a cake is not speech. It's not a great argument. The commission had ruled in favor of others that didn't want to put anti gay messages on their cakes, but ruled against him who didn't want to tacitly support something against his religion. This was determined to be hostile to religion.

I believe that when all is said and done he won't be forced to make a cake that is offensive to him. But it's unlikely they would allow him to refuse to sell pre-made cakes.",0.0,Conservative,2021-06-03 16:02:18
"51. Cancelled President Trump’s plan to let more physicians prescribe an opioid-treatment drug  
52. Rejoined the World Health Organization without it undergoing needed reforms  
53. Appointed Xavier Becerra as HHS Secretary, despite having no health care experience, suing Little Sisters of the Poor, and locking down churches in California during the pandemic  
54. Appointed the former Pennsylvania Department of Health Secretary, Rachel Levine, to a top HHS post, even though she issued an order sending COVID-positive patients to nursing homes  
55. Refuses to hold Governor Cuomo accountable for his deadly nursing home order and cover-up  
56. Failed to establish a national COVID-19 testing strategy  
57. Falsely claimed he had a vaccine distribution plan when he in fact relied on President Trump’s plan  
58. Signed an executive order mandating masks on federal property but then hours later was spotted without a mask on federal property  
59. Issued executive order allowing critical race theory in the federal workplace  
60. Rescinded federal workforce reforms to empower the federal bureaucracy and allow massive bureaucratic power to go unchecked  
61. Rescinded federal workforce reforms to reduce the time federal employees spend on union activities instead of their jobs  
62. Revoked President Trump’s efforts to expand access to apprenticeships across America  
63. Won’t enforce an Ofﬁce of Labor-Management Standards rule that requires labor unions to disclose certain ﬁnancial records  
64. Supports $15 minimum wage, which is estimated to kill 1.4 million jobs  
65. Signed a $2 trillion spending package into law under the guise of “COVID relief”—even though an estimated $1 trillion in previous spending remains unspent  
66. Spending only 5% of funding provided in the Democrats’ spending package to reopen schools in 2021  
67. Spending $1 billion in taxpayer dollars for a COVID-19 vaccine PR campaign after undermining its safety and efﬁcacy during the 2020 election  
68. Bailed out locked-down, poorly managed states with $350 billion dollars with no strings attached  
69. Prevents states receiving recovery relief funds from cutting taxes for residents within their borders  
70. Provided $570 million for additional paid leave to federal employees so they can watch their kids Zoom into school  
71. Enacted the largest expansion to Obamacare since its creation in 2010  
72. Removed NLRB General Counsel and Deputy Counsel in an unprecedented move  
73. Purged the EPA’s science advisory boards of members who don’t share Democrats’ radical environmental beliefs  
74. Removed a respected scientist who was overseeing the U.S. National Climate Assessment   
75. Instructed the Attorney General to make it easier for prison inmates to have materials about gaining access to the ballot box  
76. Nominated David Chipman to head the Bureau of Alcohol, Tobacco, Firearms, and Explosives, despite having a long record of seeking to limit Americans’ Second Amendment rights  
77. Pushed the Department of Justice to pursue substantial gun reforms that attack the Second Amendment rights of law-abiding citizens  
78. Advocated for packing the Supreme Court  
79. Advocating for changing the Senate ﬁlibuster, which he defended for years while in the U.S. Senate  
80. Supports H.R. 1 to send money to Democrat politicians  
81. Supports an unconstitutional bill to grant D.C. statehood  
82. Withdrew commonsense rules requiring U.S. universities and K-12 schools with foreign exchange programs to disclose ﬁnancial ties or other connection to Chinese state-run Confucius institutes, which seeks to sway students and adults into believing CCP propaganda  
83. Proposed a rule to establish priorities for grants in American History and Civics Education programs, speciﬁcally to “projects that incorporate racially, ethnically, culturally, and linguistically diverse perspectives” such as Critical Race Theory and the 1619 Project  
84. Rescinded regulations put into place by former Secretary Betsy DeVos to protect college students in Title IX hearings  
85. Issued an executive order denying funding to schools unless they allow biological males in female bathrooms, locker rooms, and sports teams  
86. Rescinded President Trump’s order prohibiting federal funds from being spent overseas to fund abortions  
87. Rescinded President Trump’s pro-life policy of preventing federal funds from being provided to organization that make abortion referrals  
88. Froze Trump Administration rule aimed at lowering Insulin and EpiPen prices  
89. Returned the U.S. to engaging with the unreformed U.N. Human Rights Council  
90. Appointed Linda Thomas-Greenﬁeld as U.N. Ambassador, despite giving a speech at a Confucius Institute and who has since said “white supremacy is weaved into our founding documents and principles”  
91. Reconsidering lifting sanctions on Iran in order to rejoin the ﬂawed Iran Nuclear Deal  
92. Released his Fiscal Year 2022 budget nearly 70 days after the statutory deadline  
93. Proposes to raise non-defense spending by 16% in Fiscal Year 2022, despite already signing into law a $2 trillion spending bill  
94. Proposed a 43.4% capital gains tax  
95. Proposed a tax hike, which could hit families, not just individuals, making $400,000 a year, breaking a promise to the American people  
96. Proposed a $2 trillion so-called “infrastructure” plan, and only 6% of the spending is for roads and bridges  
97. Proposes to spend $600 billion of spending on radical Green New Deal provisions in the “infrastructure” package  
98. Peddled false talking points about the Georgia voting law and encouraged the MLB to move the All-Star Game, which is hurting local Atlanta-area small businesses  
99. Supported Speaker Pelosi’s efforts to overturn the results of an Iowa congressional race despite the results being certiﬁed by bipartisan state election ofﬁcials  
100. Shelved a new commission to study police reform in favor of left-wing, anti-police legislation  
101. Destroyed the historic Middles East peace of the Trump Administration by lifting sanctions and funding Iran who bought missiles for Hamas so they could begin assaulting Israel.",3.0,Conservative,2021-06-03 20:01:14
"Even if you want to give him some credit for Operation Warpspeed, half his followers are anti-vax now and won’t take the vaccine anyway.

Trump wouldn’t support contact tracing because, in his own words, “If we did very little testing, we wouldn't have the most cases. So in a way, by doing all of this testing, we make ourselves look bad.” One of the best methods to track and contain the pandemic, but we can’t do it because it’ll make Trump look bad.

He did such a shit job providing PPE that the owner of the New England Patriots had to fly the Patriots’ jet to China to buy n95 masks. He had anti-mask rallies for the entire pandemic which killed his own friend, Herman Cain, and turned the White House into the densest collection of covid infections in the world, except for maybe a hospital in India two weeks ago. They couldn’t announce a nomination for the Supreme Court without a superspreader event.

Trump was making fun of Biden’s mask at the presidential debates in October, nearly a year into the pandemic, and a week later Trump himself was hospitalized with covid. Did he show up positive at the first debate in an attempt to infect Biden? He never did release his testing results or provide a timeline. Mike Pence wouldn’t wear a mask at the Mayo Clinic, where every patient has serious morbidities.

He railed against mail-in ballots during a pandemic. Look at the graph of covid infections and deaths and look what happens right around the election. 

Democrats are falling apart so badly they won a majority of all branches of government, meanwhile republicans are censuring any colleague who says Trump isn’t the current president.",4.0,Conservative,2021-06-04 11:30:10
"Being anti-COV19 vax is not the same as being anti-vax. Vaccines in general when FDA approved and properly tested before distribution (AND without all these forces and bribes to get it) are ones I can get behind… for a virus that is more similar to a flu rather than something more deathly like Ebola, it’s not needed for everyone. It’s also unfair to the people like myself who recovered from the virus a few months ago where the symptoms were not as harsh as others AND I now have the antibodies which removes the need for the vaccine.",7.0,Conservative,2021-06-05 17:08:10
"&gt;But what mainstream conservative media people are claiming you shouldn’t get vaccinated?  (None, of course).

Paywall, copy paste

opinion host Tucker Carlson has consistently derided efforts to promote vaccination. “Almost 4,000 people died after getting the covid vaccines,” he warned last week, implying causation where experts say there is none, and relying on self-reported and unverified data from the Vaccine Adverse Events Reporting System.

But elsewhere on the schedule, many other Fox commentators have talked up the benefits of vaccination — sometimes clashing with their own colleagues on air.

“There is so much freedom,” Fox &amp; Friends co-host Ainsley Earhardt said during a segment on Monday morning, telling viewers that she and her two co-hosts have been vaccinated. “I will tell you when I got it, it was just like, 'Okay, now I know I’m not going to get [the virus]. I’m not going to die from it if I do get it.”

Her co-host Steve Doocy said getting vaccinated was “a relief,” adding that “it’s the people who have not gotten the shot, which, ultimately, they’re the ones who are in peril.”

But a third co-host, Brian Kilmeade, appeared to defend those who have chosen not to get vaccinated. They are “making their own decisions,” he said. “If you don’t choose it, that’s okay.”

Meanwhile, Fox News anchors such as Bret Baier, Dana Perino and Bill Hemmer have posted photos on Instagram of themselves getting a shot. Harris Faulkner, who hosted a town hall meant to “debunk common myths” about the vaccine, told viewers in a public service announcement in February to get it if they can. And last month, Fox News senior political analyst Brit Hume said that he was fully vaccinated and urged “everybody to do that.”

Hume added, however, “I can certainly understand why people would be hesitant.”

Fox News commentator and rising star Tomi Lahren is more than hesitant. “You know what? I personally will not get the covid vaccine, and I personally will not be forced to get it,” she said on her Fox Nation streaming show last month. “If you want to get it, by all means, please do. If you want to wear one, two or five masks while driving or walking alone, by all means, please do.”

If that sounded a bit sarcastic, Lahren has also dismissed the benefits of wearing masks, which she has called “face diapers.”

Fox News host Sean Hannity has been on something of a vaccine roller coaster. He said in January that he was “beginning to have doubts” about getting a shot, despite telling friends he was planning to. On his radio show last month, he said he was “not anti-vaccine” but did not plan to reveal whether he eventually got one.

“It’s none of your business,” Hannity said. “I probably would have told people my decision until everyone started demanding that I tell them what my decision is.” He said taking the vaccine “has got to be an individual decision” and encouraged his listeners to read about people who have had negative reactions to the vaccine. (He didn’t specify what they should read, but the Centers for Disease Control and Prevention’s literature makes clear that severe side effects to the vaccine are rare.)

After going back and forth for weeks, Hannity ultimately said he would get a shot.

His colleague, Laura Ingraham, said last month that Americans might not see a benefit in getting the vaccine if they won’t be able to immediately “have your life back.” She called it a “bait-and-switch” and added, “I think that’s the number one problem they’re having with this messaging on the vaccine, because they’re like, ‘Why should I get a vaccine? I’m not even going to get my freedom back.’” (The CDC announced this week that fully vaccinated people can go about their lives unmasked in most situations.)

On April 1, co-anchors Hemmer and Perino talked on air about getting the vaccine, and Hemmer told viewers that he was scheduled to get his first shot the following day. “You’ll be fine,” Perino assured him a few weeks later, before he went for his second shot. She even made light of a common side effect: fatigue. It’s “a great excuse to take a nap,” Perino said.

But the next month, Hemmer seemed to have second thoughts about his decision. He criticized President Biden for suggesting that vaccinated people continue wearing masks when close to one another and wondered aloud: “Can I rewind the hands of time and not make that decision to get the second shot? Or even the first one?”

Last month, “The Five” co-host Greg Gutfeld revealed that he and his co-hosts have been vaccinated and added, in a rare moment of self-criticism, that they were “hypocrites” for not returning to normal and hosting the show in-person.

“We have the vaccines, and we have the rapid-testing. There is no reason for us to be doing this all the time, unless it’s legal [nonsense],” Gutfeld said. “We’re controlled by lawyers.”

The man at the top of the company food chain, Rupert Murdoch, has come out strongly in favor of being vaccinated. After receiving a shot in December in the United Kingdom, Murdoch said in a statement that he “strongly encourage[s] people around the world to get the vaccine as it becomes available.”

That was the same month that Carlson told his Fox News viewers efforts to promote the vaccine were “too slick.”

“It all seems a bit much,” Carlson said. “It feels false because it is.”

Tucker Carlson villainizes journalists on his top-rated show. Then the threats pour in.

In February, Carlson said that Americans “are being discouraged from asking simple, straightforward questions about [the vaccine]” and potential side effects. “If the vaccine was so great, why were all these people lying about it?”

Last month, Carlson theorized that vaccinated people were being asked to still wear masks in certain circumstances because “maybe [the vaccine] doesn’t work and they’re simply not telling you that.”

During an appearance on CNN Sunday, network medical commentator and George Washington University professor of medicine Jonathan S. Reiner criticized Carlson’s commentary and called him a “saboteur.”

“That’s precisely what he’s trying to do: sabotage the vaccination program,” Reiner told The Post.

While opinion show hosts are generally given more latitude than traditional news anchors to take controversial positions and push back on government orthodoxy, Reiner argued that Carlson and his colleagues still have an obligation to be truthful.

“I think Carlson’s vaccine commentary does not just have the potential to discourage viewers from getting vaccinated,” he said, “but for reasons clear only to him, they are actually intended to discourage vaccinations.”

Carlson’s comments are particularly noteworthy because of the outsized role he plays in right-leaning television. His show, “Tucker Carlson Tonight,” is regularly the most-watched program on Fox News, consumed by millions of people every night — and even more in video clips that spread quickly across the Internet.

“Viewers tend to trust those whose programming they regularly consume,” said University of Pennsylvania professor Kathleen Hall Jamieson, an expert on conservative media. “Combine that trust with ongoing exposure and reinforcement in other media channels, and a popular host who creates or reinforces concerns about a covid vaccine or about covid vaccination in general can reduce the likelihood of vaccination among devoted viewers.”",5.0,Conservative,2021-06-06 04:49:20
