comments,score,subreddit,time_created
"I don’t understand the hate for Trump. I’m Canadian so I’m able to somewhat have an objective opinion, but on paper, Trump was probably the best president y’all have had in a long time. Record low unemployment, first President to not start a conflict in his term, multiple peace accords. 

Going off of what everyone hates about him, Biden has done in spades. Children in cages? Built by Obama and Biden, the numbers of total children in detainment tripling. Trumps mishandling of covid? Democrats called trump a fear monger and racist, discredited his vaccine policy, only to fumble the ball when they were given the responsibility. Police brutality/racial inequality? Statistically, police brutality is nonexistent between races, and his plan to rollout massive investment into black communities(500 billion I think it was) was axed on Biden’s first day. Abuses executive orders? Biden has more executive orders in his first hundred days than the past couple Presidents combined, most undoing the good policies set up by trump.",2.0,Conservative,2021-06-12 03:06:51
"They aren't ""willfully spreading the virus"" just because they don't get vaccinated. Willfully spreading a virus is a biological terror attack. That right there proves you are intolerant. You are equating ""Nah, I don't need a vaccine. Covid wasn't very common around here, I'm not at risk for it, and this vaccine is just a big clinical trial where we don't know all the side effects yet"" with ""MUAHAHAHAHAHAHAHA! I SHALL KILL ALL THE OLD PEOPLE WHO ARE VULNERABLE TO THIS DISEASE AND HAVEN'T ALREADY BEEN VACCINATED! MUAHAHAHAHAHAHAHAHA!"" by using that terminology. 

&amp;#x200B;

Just because someone doesn't have the vaccine doesn't meant they won't get Covid, and just because someone gets Covid doesn't mean they can't realize ""Oh, I have Covid-like symptoms. Perhaps I should stay home."" 

&amp;#x200B;

If that's your opinion, you must actually super hate Governor Cuomo, because he DID put Covid positive patients into nursing homes, where the people most vulnerable to Coivd live. 

&amp;#x200B;

No, the flu is not Covid. It's killed far more Americans, going back centuries. Covid only killed so many because we have more old people alive now than in any other era of history, where many would have been killed by TB, typhoid, the flu, smallpox, heart attacks, cancer, winter, summer, fouled water, fouled food, and a myriad of other diseases and conditions that affected people back in history. 

&amp;#x200B;

 Covid didn't shut down the global economy, the governments shut it down because they decided the least useful method in combatting it. Instead of educating people about it, they decided to make everyone afraid of it.",17.0,Conservative,2021-06-21 19:33:50
"This is a hilariously biased article. Point by point:

1. Hydroxychloroquine has, in the last few months, shown efficacy for hospitalized COVID-19 patients. NOT as a method of prevention or as a prophylactic as Trump seemed to indicate.

2. Most People, like Dr. Fauci, never claimed there was no possiblity it was a lab leak. The problem was that some people would draw a thin line between possible lab leak and intentional bioweapon, then use both possibilities to fuel anti-asian hate. Evidenced by an increase of hate crimes against Asian immigrants and Asian-Americans. 

3. The Hunter Biden issue isn't a real scandal. There's no evidence the Biden family is 1/4 as nepotistic as the Trump family is. There's also no evidence that his forgotten laptop has anything truly scandalous or illegal on it. End of story. Stop watching Tucker Carlson.

4. This one is fair. But does no one think it bad taste to take a photo op in the EXACT place where there were protestors? Not to mention the evangelical darling holding the Bible upside down.

5. Again pretty fair, and a horrible look on Biden for drilling Trump on information lacking reporting.

6. This is also pretty fair. The problem? Despite receiving his miracle, vaccine storage and distribution was a miserable failure until the Biden administration took over. 
(Why put quote marks around ""experts"" when they're referring to people who literally developed major vaccines?)

7+8. They use a SINGLE example among a n=50 sample size here. Florida's numbers are about on par with California, but the other places they mention, like NY and Michigan have done much better thus far. The sentiment of 'resitrictions don't work' is laughable. The clear trend is that lockdowns and mask wearing made the pandemic far more bareable.

9. CRT is nothing more than a conservative media boogeyman. It's an almost exclusively collegiate level academic method of viewing statistics and behaviors. Children are not being taught it in elementary class rooms. I hate cringey race-baiting work seminars as much as everyone else.

10. The border was an issue under Trump, conservatives tried to pretend it wasn't. Since then, Center and left leaning media has acknowledged Biden hasn't changed much of anything despite saying he would, and center-right to far-right media is pretending that it is only JUST NOW a problem.",23.0,Conservative,2021-06-24 21:26:49
"My comment was super aggressive, I apologize. I respect anyone doing their own research and wanting to be safe, I just hate that it seems like mass hysteria is being created by many sources over a very safe vaccine, safer than the unknown long term effects of covid, I want things to get back to normal, and propaganda efforts against vaccines is standing in the way of that IMO",1.0,Conservative,2021-06-25 04:51:15
Why are you denying reenlistment and turning down that next stripe? Hmmm I wonder. Almost as if this will inevitably be another way of separating anyone who disagrees with the current direction of the military. Hate to think how quick the FDA will validate the vaccine to bypass the military loopholes. Will be interesting to see in a few years when longer term studies are finalized what adverse reactions we gave members due to fear mongering.,3.0,Conservative,2021-07-06 02:00:26
"Sir, if you’d refuse to get a damn vaccine, I’d hate to see what happens in combat when your life is in danger",10.0,Conservative,2021-07-06 04:41:37
"Wait remember the timeline, the vaccine was deemed ready 1-3 days after Biden was announced the winner. The stopped live counting Covid deaths on the news as soon as Trump left too. 

Something that's been bugging me for awhile now is back in 2016 all my non-straight friends, and these are 25-35 year olds not dumb attention seeking teens,would post on Facebook about how Scaaaaared they are of Trump being president. How Trump plans on taking them away in military vehicles to throw them in FEMA camps. They would go in about how Pence is even worse with intent of using electro therapy to zap the gay out of them. So who gave all these people this impression of Trump in the first place? If the Right were this paranoid delusional the Liberal media would have a field day over how ridiculous and conspiracy theory-esque it all sounds. 4 years later they never admitted they were wrong, since Trump didn't target LGBT people even once...yet somehow they still talk as if he had, wtf. This joke of a ""tolerant"" community Gatekeeps out anyone on the Right from even being a part which makes no sense. Even the churches they hate oh so much pander to them now. 

Same with Trump being racist. Where did that come from? Because he campaigned as a strong border security President? How does that alone make someone a White nationalist. Or because as a private citizen Trump dared question Obama's birth certificate publically 4+ years prior? That means he hates non-Whites? They're the only two examples I could imagine some emotional person cry racist. It's so weird to still hear talk of Trump being evil and all his supporters extremists when nothing the opposition says meets reality even closely. I don't think these loud opinionated people watched even a single hour long stream of Jan 6 either. Get out of here with ""Practically 9/11Two""",3.0,Conservative,2021-07-06 17:58:44
"Jeebus, would you guys calm down? This isn't forced vaccination. A lot of people that aren't yet vaccinated say they can't get to a vax site, can only get there after close, or hear messed up info about how half of people WILL get blood clots and die within 48 hours of the vaccination. If you don't want it, nobody can force you and you can tell them to beat it, but it's still a foolish sticking point.

I don't get it, should we be grateful for ""Trump's vaccine"" or hate it for being from the gubmint? I'm vaxxed and personally jazzed about the fact I haven't had so much as a sniffle for nearly two years, despite all the protestations that masks don't work. Especially since my dad is high risk. Myself and my nurse friend ALWAYS wear masks out, but our less-stringent friends keep getting drop-kicked. I totally understand not wanting to believe the feds just cuz they said so, but at a certain point you have to believe the evidence.",0.0,Conservative,2021-07-07 13:25:08
"Why does evryone hate Trump's vaccine so much? Trump himself has been vaccinated and has urged everyone else to do the same.  

https://www.foxnews.com/media/trump-urges-all-americans-to-get-covid-vaccine-its-a-safe-vaccine",-6.0,Conservative,2021-07-07 13:46:09
"Sometimes I like this subreddit, and sometimes I fucking hate it…I have friends involved in covid vaccine development and literally all it does is vaccinate you. Anyone who says otherwise hasn’t done enough reliable research.",4.0,Conservative,2021-07-10 04:34:05
"You’re having a tough time with this.  It’s as if you inhabit a mirror universe where YouTube finds it politically advantageous to belong to one oppressive hegemony that disregards biology and uses a stranglehold on the only real communication available since Covid to relentlessly hammer the world with their approved nonsense and hate for the other side.  

Pride Boi!   Here’s a Pride Boi!  I found one of the terrorists!  Bring the untested vaccine for his justiceizing!",2.0,Conservative,2021-07-13 00:32:53
I choose to take the vaccine. I am a chain smoker married to a man who has a slow acting but stage four cancer. We are both elderly. Both of us hate the way that politicians are trying to use vaccines in a way that denies individuals the freedom to look at all the facts and make their own decisions.,6.0,Conservative,2021-07-13 05:47:01
"I’m not buying the narrative that conservatives are holding up vaccine numbers.  Every one of my conservative friends do and family 100% got the vaccine.  We all hate the DNC and all involved.

What’s happened is a small very vocal sect of conservatives are loudly disavowing the vaccine resulting in this stereotype.  There are a shit load of democrats out there quietly refusing the vaccine.",2.0,Conservative,2021-07-13 18:54:40
I am only defending the vaccine here. I just want everyone vaccinated. I hate wearing a mask as much as the next person.,-1.0,Conservative,2021-07-16 02:08:16
"THANK YOU!!! You are right on the money! And before you all scream at me, let me throw some facts at you:

I am one of those people who SHOULDN'T be vaccinated -- yes, we actually exist! My children are the same way. Every single time we've had a vaccine of any kind, we've had serious terrible reactions. For me, when I was four and got vaxxed, I got an immediate rash, then had a seizure, ended up in a coma, needed brain surgery, and actually died on the table. When I was 17, I got a stroke 20 minutes after receiving the MMR. I told my husband I would compromise with him on the vaccines, and get the kids everything but the MMR. Well, we did that, and within a few hours of getting all the others required at age two, my son started exhibiting symptoms of Diabetes, which he now has to live with for the rest of his life. 

Therefore, I hate the general bullying that accompanies people like us. For us, vaccines are a health hazard. A lot of people have a lot of reasons for not getting the Covid vaccine. Have a little compassion. They're not doing it just because they're Republicans and hate the left. They have legitimate reasons that no one else has the right to overstep, especially with HIPAA laws. You can't force or mandate something as serious as this, especially for people like myself. It truly is dangerous for us, and I'm not going to risk my life so some stranger can think they are safer if I'm vaccinated. That has absolutely no logic to it, and the argument for it is a bunch of garbage. 

But I'll tell you what most people like me do that most vaccinated people DON'T do: if my kids or I get sick, we STAY HOME from work and school. We go to the doctor and take our prescribed medicine. I don't assume that all the vaccinated people out there are safe from getting sick, because I know they can still catch something from me if I'm contagious. 

See, I'm not an anti-vaxxer; I'm an EX-VAXXER. There's a reason why my family does things the way we do, and whether or not the haters want to admit it, I'm being RESPONSIBLE about HOW I'm doing them.",0.0,Conservative,2021-07-17 06:27:10
"You're completely off base here, I'm not sure why you even came to this sub other than to spew hate. You're just turning more people off from getting vaccinated by being a disgusting bully. You're not doing advocacy any good with that approach. The best thing people can do is research it for themselves and understand the risk to benefit analysis for them personally and consult with their trusted physicians. You are clearly not qualified or in a position to preach to anyone and just spewing hysteria and hateful nonsense because you dislike certain people. None of what you are saying is accurate or factual. The vaccine has great benefits for some and for others it's not black and white, you're in no position to judge anyone.",12.0,Conservative,2021-07-18 08:19:48
"Looking back over the past several months I see now that along with fraud, some conservatives aided Trump's loss. They just didn't like him, and they didn't like the tier of voters he brought along with him. Ronna here, Black Rifle Coffee Co, National Review, most of Fox News, all seem to revile Trumpers. The media made them think Trumpers are low class, poorly educated, racist, unadvanced, conspiracy minded, xenophobic, evangelicals, who hate the world beyond the US borders. And many fellow conservatives right here in this sub loathe Trumpers as well for these reasons.

A few weeks ago my family grilled burgers and brats on Independence day and a friend of the family came over. At one point he expressed his certainty that Trump would be back in office before the end of the year. I felt a little embarrassment well up in me because I think that's simply impossible, and that's when it dawned on me that Ronna and other conservatives must think this way about Trumpers. But at the same time I thought that, it also dawned on me that liberals feel no such embarrassment. They stick together and that's how they've gotten so far, and why America is on the cusp of accepting socialist philosophies that will transform our unique nation.

 So stop and think a minute before you condemn that conservative who thinks the vaccine is dangerous, even if they think tiny cameras are injected along with it, and pause before you try to ""correct"" someone who thinks home schooling is the only way to save our kids. These are the folks who will vote along with you on election day. Don't discourage them from helping keep America free.",17.0,Conservative,2021-07-18 11:45:38
"I wouldn't want to imagine the numbers we'd be facing without masks and elevated personal hygiene along with social distancing, it's difficult to speculate, but given what the mask does i've no doubt it prevented a lot of covid-19. And remember, one person doesn't infect 1 other person, 1 person could infect hundreds in the 14 days before they even remotely start noticing something's off, and that's a normal person.. If you're a public person who's hosted an event those numbers can grow in the extreme.

In no specific order i'll adress the questions you posed:

You asked why i thought influenza was under-reported instead of covid being overreported..:

Covid-19 pcr tests determine those numbers, and i have to assume that any medical oversight agency such as the CDC when it comes to infectious diseases base their numbers on actual positive tests. With that in mind I've seen that the flu won't indicate as a false positive in any current covid-19 test, you can look this up for yourself as well.  


I really hate referencing webmd, i really do, and i really wish they'd quote WITH sources on their materials, but it seems they want to make people believe that they're the one's who figured all this out on their own.. But here you go: [https://www.webmd.com/lung/coronavirus-transmission-overview#1](https://www.webmd.com/lung/coronavirus-transmission-overview#1)

Now i already know this won't be enough for you, and I know that because i long ago learned that it's difficult to change someone's opinion even if it is based on misinformation with facts.. But, i gave it the old college try, and my hope is that people who read this deep down the thread will pause and engage the old noggin' and do their own research, or at least question their beliefs especially if they know the source MIGHT be bad.. And also remember Trump IS pro-vaccine if that helps =)

And if you really did get banned from the social media as per your claims it couldn't of been over 1 magic question.. There's no way, there must've been something else going on which you didn't inform us about in that case.",2.0,Conservative,2021-07-18 16:09:28
That's why I don't understand the unnecessary hate on people whom won't take it. It will not end covid nor stop mutations. It is for personal protection purely. If one wants to weigh the risks and decide to take it or not that's all good do so. Don't need to hate on anyone for not doing what they want when it comes to this. I'm not even anti vax or anything just if you actually read up on it these vaccines only do so much.  There are also real cases of adverse effects of the vaccine mind you low chances but if healthy and covid won't do much too you why impose an extra risk upon one's self?,7.0,Conservative,2021-07-18 16:56:29
"Yeah you really hate the black and brown people that are vaccine hesitant.

And this is stupid. If you're under the age of 40, there is absolutely no reason to get the vaccine.",1.0,Conservative,2021-07-18 18:24:47
"It's a vaccine, hate it or love it. 

I am not for passes or forced vaccinations, but to compare required vaccinations with the nazi regime and all of its cruelty is such a hyperbolic and disgraceful comparison in my opinion. 

Schools already required vaccinations before covid.

There's no way that missing vaccinations leads to concentration camps.",-6.0,Conservative,2021-07-19 21:28:53
"You read more into the facts then I stated. Considering you used a Twitter post as proof of fact and I used the CDC website shows how simple you are.
Your hate and name calling shows just how mean you are. (and simple)
So be it.
A vaccinated person can spread the virus. A very small percentage thank God. You can all use sorts of names but it remains a FACT by the CDC and the manufacturer.
If people don’t want to take the vaccine thats their right. I just want to encourage them to do the right thing. The vaccine isn’t 100 percent neither was Polio, smallpox, or measles. Use all BS information you want. I stated a fact and it pissed you off.  GOOD
If you aren’t vaccinated…..
Don’t expect an open welcome in job, school or family as you kill our kids. When and if the virus mutates enough to attack the young you will see a radical change in opinion. IMHO it will.
Simple enough?

Be angry all you want it don’t change the facts or science. I wouldn’t call you a liar just misinformed and easy to jump to radical conclusions.",1.0,Conservative,2021-07-19 23:41:39
"I’m 36 and have no major health issues. I didn’t choose to get the vaccine because I’m afraid of getting COVID, I chose to get the vaccine because the sooner COVID stops spreading the sooner the US can go back to normal. I hate wearing masks and I hate that small businesses have been failing. The quickest way to end that is by getting vaccinated. I’m willing to take the risk for my fellow Americans.",2.0,Conservative,2021-07-20 21:49:26
I won’t be able to get the vaccine because I want this shit to end. I want this to stop spreading. That being said I hate the fucking shaming that’s going on of people who don’t want to get it. I’m healthy I’m in decent shape. I still got the vaccine because I don’t wanna spread the stuff. I also don’t think shaming people is going to help them get the vaccine either people need to just do what they want.,1.0,Conservative,2021-07-21 14:56:45
"Hey, both sides of the aisle hate Big Pharma!

I guess my view is, is it not easier to just make an effective vaccine, and then rely on all of the ant-vax doubters to keep the virus spreading, and thus keep the need for the vaccine alive?

Seems simpler than trying to make a vaccine that will pass clinical trials, but somehow intentionally be designed to be ineffective enough to keep needing boosters. They didn't need to do that.

So long as large percentages of people refuse to get vaccinated, this virus will just keep hanging around long enough for all our kids to need the vaccine, and for us to eventually need booster doses.",1.0,Conservative,2021-07-21 18:03:04
"I’m the only one in my family that’s unvaccinated. It’s been very lonely because I have no one like-minded to talk with, to have discussions about vaccine hesitancy and pros and cons and sharing information. I hate that we cannot have these discussions in society as a whole. It’s just vaccine vaccine vaccine. Tag me back about your drive home. I’m curious to hear. Safe travels!",2.0,Conservative,2021-07-22 05:07:33
"I mean guys, the vaccine is great. Like the pandemic is basically over for the vaccinated. The chances of dying from covid when one is vaccinated is basically zero. Sucks to be one of the unlucky few, but people still die from the common cold, so… you know. I’m happy to have gotten my vaccine. I believe the libs are going crazy about covid and always have been in their own way, and my only qualm is with their (*for some reason*) disdain at the idea that *MAYBE* China lied about the origins of the virus and that it really did leak from a, I don’t know… the Coronavirus lab in Wuhan? 
Besides the point. 45 vaccinated people dying from covid sucks. It’s a bummer. You know what’s worse? 610,000 unvaccinated Americans dying from covid. It’s a good vaccine. No vaccine is perfect for everybody, but this one does a damn fine job and I’m stoked to have it. We’re conservatives everybody, we need to be rational conservatives. The vaccine is a miracle. Just because the left are being assholes about it doesn’t mean we shouldn’t take it. It shouldn’t be political. But because Trump was president when covid started it’s been made political and it’s unfortunate. They are crapping on us for being so anti vax and quite frankly anti science. I hate that conservatives are being looked at as stupid right now. Even though Fauci is a questionable character, he wasn’t behind the development of the vaccine. I trust the vaccine and so should you. It’s already saved so many lives.",-3.0,Conservative,2021-07-22 06:02:49
"That’s the one thing I never understood was the aversion to the vaccine. 
I understand if one wouldn’t wanna play with the RNA ones but they can always do what I did and get the J&amp;J shot as it’s delivery is traditional. 

I hate the media so waited to see what DeSantis did before I got mine.",2.0,Conservative,2021-07-22 13:50:59
It's ironic that conservatives hate misinformation yet continue to spread false information about the virus.  Covid is real and the vaccine is safe.  Idiots like this are going to cause the virus to run rampant for another year.,-33.0,Conservative,2021-07-25 02:31:03
"And that's the ONLY reason you're still not free to do what you want. Stop making it all about politics and just listen to not only the American scientists, but also the indipendent ones from around the world, and you'll see that masks do definitely help when combined with keeping 1.5 meters distance. If you're afraid of any side effects from the mrna vaccines I can fully understand that, honestly, but there are also traditional vaccines for covid out there. Those are far from experimental outside of the USA, where the government you hate so much isn't quite sure whether they should use it or not. See how it doesn't make much sense to somebody outside the USA? ""I hate person x. I don't trust the vaccine because person x says it might not be safe""...",1.0,Conservative,2021-07-26 11:36:36
"Great question. Kind of brings up another point. When someone dies of covid, while on their deathbed from underlying conditions, it’s a covid death. When a bunch of people die within 2 days of getting the vaccine, with underlying conditions, it’s an underlying condition death. But back to your question, most of it is self reported data (which is to be rightfully questioned) but when you have the government and healthcare system dead set on jabbing everyone by any means necessary who am I to believe? I can just as easily tell myself that they have their agenda and will release data accordingly. I hate it but it really was all lost with the stance swapping by the democrats. Should have just told people to make educated decisions and to think about others. A unified bipartisan stance in November 2020 and we wouldn’t be having this discussion (for the most part).",5.0,Conservative,2021-07-26 12:26:21
"Can't put toothpaste back in the tube. In addition, if breakthrough infections are low, people can at least protect themselves against the virus. I feel for the few people who can't get vaccinated for various reasons, but most of the people having issues with Covid now have only themselves to blame, as they could have taken the vaccine. It's a sad situation and I hate that people are getting hurt, but it really does feel like personal responsibility at this point.",2.0,Conservative,2021-07-26 16:27:12
"I’m originally from Knoxville, personally I am very far left on the political spectrum, and I can’t fucking stand liberal bullshit on this. They are just doing this holier than thou, my shit don’t stink, look at all my Etsy masks. They are not truly into politics, they just hate that trump said mean things. Now I can’t stand Trump myself, but Obama was useless and Joe is not doing much better (caveats on the CTC and ending the Afghan war). 

If they really cared about saving lives they would be going into communities and working with community leaders on spreading information about the vaccines. Breaking Points with Krystal and Sagaar did a good piece on it. The people that are staunchly against the vaccines aren’t going to wear masks anyway for the most part, so it’s just a slap in the face to all those that got the vaccine and accomplishes nothing. People can chose to get it or not. It’s America after all and we still have a few freedoms left. If you are unvaccinated and you get the coco and die, that is your decision. Doesn’t seem difficult to understand.",2.0,Conservative,2021-07-27 00:06:44
"Right on dude. I got the vaccine a while back and feel fine but I can mess with the idea that there is ruthless profiteering behind the vaccines. I hate how distracted our news and social media keeps us all while the Industrial Complexes keep voting themselves money.  In the meantime our civil liberties, privacy rights and safety net protections continue shrinking while Tucker Carlson is calling out BLM protests and blah blah blah. The Industrial Complexes (Military, healthcare, education, prison, financial) are the biggest problem in this country and until it’s exposed and dismantled by some courageous and brave citizens, we will remain in the decline that we’re currently in.",1.0,Conservative,2021-07-28 18:35:30
"Literally I hate the left. Hannity isn’t anti-vax at all, he just wants his viewers to be able to make their own decision based on the scientific research behind the vaccines. Many people in America have questions about the vaccines since they were created rather quickly compared to how long it usually takes to make a vaccine, and that’s perfectly fine. The American people have a right to know what is in these vaccines and if they are safe, and they shouldn’t be shamed or cancelled for simply expressing that viewpoint.",1.0,Conservative,2021-07-28 20:17:08
"Sarah Huckabee Sanders said she took the Trump vaccine and she felt good about it because Trump took it 

I feel like people can’t decide to hate or love the vaccine

The vaccine is good and we should take it - and Trumps operation warp speed DID make it possible. So now we need to take it",1.0,Conservative,2021-07-29 01:02:39
"Yeah, unfortunately you're misinformed.

While it's never been in use on a major scale like this - this technology has been in the works since the 90s. In fact, they've been working on making mRNA vaccines a reality for over a decade - as there are major pluses that come from using that as opposed to the usual active or inactive viral vaccine.

Also there is a much larger population of people that are at risk than you realize. Hence why there were so many deaths in New York, so quickly, before measures like social distancing and mask wearing was implemented.

And even if you are not in the at risk group, you could be a vector for the virus and infect people who ARE. Meaning you don't die of the virus but grandma, who you inadvertently infected, could.

Lastly, I am conservative. But I'm also a doctor. And I hate how much hostility there is to something as useful as vaccines on this sub.

And the fact is, vaccines prevent many millions of illnesses and save numerous lives every year. You don't have to look very far to see that - as a result of widespread vaccine use, the smallpox virus has been completely eradicated and the incidence of polio, measles and other childhood diseases has been drastically reduced around the world.

I hope this helped sway your opinion. There are people getting sick and dying out there because people don't want to get vaccinated. I don't like masks. But I certainly don't like getting others deathly ill either - especially if it might be because of my own actions.",1.0,Conservative,2021-07-29 14:37:50
"No one has ever said that you can't get it if you're vaccinated. They have always said you can still get it and spread it, but you get over it in days instead of weeks, and the symptoms are minimal. That has been what every doctor and the cdc have said since the vaccine was issued. 

The problem now is half the country won't get the vaccine. So we got to go back to masks. 

I'm not a pro faucci nutjub. I hate the guy. And everyone involved is a moron to me. But the science has never changed , or the message. People are listening to dumbass website by antivaxxers Instead if thier doctor.",1.0,Conservative,2021-07-30 15:43:57
"I agree that the vaccine is still very effective against the Delta variant, so I wish everyone would just go get the vaccine (and children were eligible).

Unfortunately, the CDC has found that vaccinated individuals carry the same viral load as unvaccinated individuals when they are exposed (less symptoms but still able to infect others). I personally hate wearing masks. If the vaccine was available to all I would say well the unvaccinated have made their choice, but children still can't and the Delta variant has led to increased hospitalizations of children (heard that on the radio with regards to Arkansas).

Hmm, did you look at slide 20, with the four charts showing probability of increase in infections per week in the y-axis and vaccination coverage in the x-axis? The one surrounded in a red box appears to be the US with Delta's R-value, and the blue dotted vertical line is our current vaccination coverage. The brown being no masking, the tan being only unvaccinated masking, and the purple being everyone masking? I may be reading it wrong, but it seems to show a substantial decrease in the likelihood of increased infections with everyone masking verse only unvaccinated masking. I am no expert though so if you read it differently I would be interested in knowing how.",1.0,Conservative,2021-07-30 16:11:56
"The math makes sense for most people, but yes. Decide for yourself. I just really hate seeing the misinformation on this sub. I see a lot of posts/comments about how terrible the vaccine is and basically none about how it's good. A lot of people here are repeating the same talking points that Kamala Harris and Joe Biden did when this same exact vaccine was supposedly ""Trump's vaccine.""",1.0,Conservative,2021-07-31 03:47:09
"I hate the ""get the vaccines and get back to normal"" business. Getting a vaccine is a *medical decision.* Threatening to screw your whole life up if you don't make a certain medical decision for yourself is utterly horrible. Dangling a normal life like a carrot is beyond sick. I can't say I'm surprised though; they already had been doing the same thing to welfare recipients for years. And we'd gotten off lucky here in Sydney before this outbreak, but I always knew there were no guarantees....",1.0,Conservative,2021-07-31 06:13:28
"What am I supposed to do? I want people to get the vaccine. Mandates are unconstitutional, and I'd never advocate them. I would just like real information to be posted and for people to come to the logical conclusion to get vaccinated themselves through evidence-based persuasion. I know that the Moderna vaccine greatly reduces your chances of being admitted to my floor of the hospital. I hate having to see patients struggle to breathe just because they won't get the shot. Again, it's their choice, but I want people to know the serious potential consequences of their choices.",1.0,Conservative,2021-07-31 13:44:51
"Here’s a link to a writeup about it:

https://www.news-medical.net/news/20210608/No-point-vaccinating-those-whoe28099ve-had-COVID-19-Findings-of-Cleveland-Clinic-study.aspx

FWIW I’m sorry you are getting downvoted for trying to have a rational discussion,I hate reddit even when it agrees with me.

My personal believe is that vaccinating children,people with previous infection, and childbearing aged people with no comorbidities is reckless.  Although deaths in these groups are highly publicized, they are statistically rare, and this isn’t just a new vaccine it is a totally new class of medicine.  Requiring mass deployment is insane.

But my personal belief is that this is very much about political precedent from people that want control.  If these politicians really believed what they were shoving down our throats they wouldn’t constantly be breaching their own covid rules.",1.0,Conservative,2021-07-31 16:05:30
"They know that the vaccine is much less effective than hoped, but they keep lying to the public to push the vaccine. Masking everyone will just create more hate and bully pressure towards the unvaccinated. 
Once most are vaccinated and it still doesn’t work, THEN what? This is just another stage in a sinister game.",1.0,Conservative,2021-08-01 14:04:55
"Does anyone have an actual number for % of vaccinated Republicans? I reckon it’s beneath the national average, but I wonder if it’s lower than largely democratic city areas. Keeping in mind Republicans are also far more likely to live in rural areas where there are far fewer sources of infection. 

I hate to boil it down to this data comparison, but I think a telling statistic will be: who has lower rates of vaccination, conservatives or the African American community. ***I*** don’t agree with that being a good or healthy comparison, chiefly that an ethnic group and a political group aren’t analogous, and there’s crossover (black conservatives). 

If the left insists on being so morally righteous about vaccinations and institutional trust, we will be forced to point out their hypocrisy toward their pet communities. 

As someone who got the vaccine, I *almost* want to go back in time to **not** get vaccinated just because fuck all these authoritarians. But I also like having a little piece of mind that Covid symptoms will probably be far less harsh ***when*** or if I eventually get it.",1.0,Conservative,2021-08-01 18:17:48
"I think it will hurt the economy even more.  My husband makes pretty good money in California, and pays a ton of taxes.  He will take a leave of absence if they force him to get a vaccine (already had covid and recovered during the worst of it).  So there go his tax dollars.  And they are banning non-vaccinated people from restaurants, bars, and concerts.  We don't need to go to those places.  Won't that hurt businesses?  

A lot of the Trumpsters that the libs hate, and don't want to get the vaccine, make good money.  They also have savings and can afford to quit their jobs if they need to. So if there are enough of them that will be a loss of tax dollars.  And then even more loss of money/taxes when they are banned from eating out.

Also I will home school my kids if I have to.  And then the schools will lose money because they get paid daily for each kid that attends.

I'm stocking up on Omaha Steaks and get most of my shopping items from Amazon.  Service at restaurants is crappy right now and they are cutting corners with less quality food while raising prices. So it's not a big loss to not go out.",1.0,Conservative,2021-08-02 02:41:31
"Right. My entire issue with the conversation that is being had is the goal post is moving all over the place under the guise ""the science changes"" which is kind of a cop out if you ask me. People who act like ""the science changes"" but ignore the fact that leadership said if you are vaccinated you don't have to wear a mask...if you knew ""the science changes"" then you should have known this was a real poor decision so early in the vaccine rollout. 

Science is not the only thing that changes though. The metric for success under the Biden admin is also something that seems to be fluid. 70% vaccinated America is now 70% kinda vaccinated america. The Biden admin and their blind constituents are praising the ""70% success"" even though that aggregate accounts for people who have only had 1 shot in a 2 shot treatment. This has got to be the dumbest shit.


Why am I not surprised reddit as a whole is not more critical over this? If this was Trump they would have found every reason in the book to be pissed and burning down the front page with Trump hate...the unfortunate reality is were in full on Democrat jerkoff mode with no signs of stopping. insanity.",1.0,Conservative,2021-08-03 00:29:32
"Bro I hate trump but the vaccine was created by some of the brightest minds in the world. It has nothing to do with trump. For fucks sake, Pfizer is a Belgium company.",1.0,Conservative,2021-08-03 01:04:35
"&gt; I would not like to take the 1% or even 0.1% chance my kid ends up in the hospital.

Hate to break it to you, but 0.1% is so small that 1) ANY disease, not just COVID, could result in hospitalization and 2) other kids masking will hardly make a difference.

I’ll give you a point on the long-term side effects, but just like anti-vaxxers who say they fear long-term vaccine side effects, that’s a card that kinda unfairly gets to be played now simply because we won’t have that data for a long time.

&gt; How about until they have the ability to receive a vaccine?

Not sure how much longer this will be. But kids 12 and older (where most of the COVID deaths under 18 are coming from) are already eligible and the vaccine has a chance of being FDA-approved before the school year starts.

&gt; I'm not going to try and convince you of anything, but I will say this is not my understanding.

https://www.cdc.gov/flu/highrisk/children.htm#danger

Less than 350 Americans under 18 have died with COVID in the last 18 months. That’s less than the number who died from the Swine Flu. The seasonal flu varies but can kill up to 200 kids a year, maybe more. With half the country fully vaccinated and kids 12 and older vaccine-eligible, the annual COVID death rate for kids is likely less than that.",1.0,Conservative,2021-08-03 01:08:55
"While the lockdown rules remain in place, the protests against injustice spill out onto the streets. Tens of thousands of people crowd into major cities.

Few wear masks and social distancing is non-existent. 

Clashes with police ensue, and in America protestors loot stores, attack residents and start fires. A retired black police officer called David Dorn is among dozens of people who are murdered in the chaos.

After months of telling you to stay at home to avoid spreading COVID, doctors explain that rather than being a mass COVID spreading event, “protest is a profound public health intervention”.

Big Tech companies go into overdrive to stop the spread of disinformation. All discussions of alternative points of view regarding the efficacy of masks and lockdowns, as well as the origins of the virus are censored.

Attempts to discuss the negative impact of lockdown on health and mental well-being are suppressed. 

As the year runs on, with a pivotal American election looming, President Trump promises a huge push to develop a vaccine.

Kamala Harris, who is later elected Vice President, says that she would not take the vaccine if Trump told her to.

On the eve of the election, a publication in America releases a damaging report about Hunter Biden, son of presidential candidate Joe Biden. The story alleges corruption which may involve his father, as well as drug taking, use of prostitutes and more.

Twitter and other social media companies prevent the story from being shared. The media lines up commentators to claim the story was “Russian disinformation”.

Once his father wins the election, it becomes clear that several key elements of the story are likely accurate and the laptop from which the information was recovered is in fact Hunter Biden’s laptop.

Meanwhile, the numbers of COVID patients and deaths turn out to have been wrong. 

For some time, anyone who died at any point after a positive COVID test was counted as dying of COVID, even if they were killed by a drunk driver.

This figure is later revised again. The number of people who are in hospital because of COVID also turns out to be incorrect.

Now that racist Donald Trump is no longer President, closing borders is no longer considered xenophobic and is widely advocated for in the media.

The racist conspiracy theory that the virus came from a lab is now also allowed to be discussed and appears likely to be the most credible explanation of the origins of the virus.

Imagine your horror as you learn that the reason thousands of people died in the first wave of the pandemic was that elderly patients with COVID were allowed to be released back into care homes.

This is especially true in the UK and in New York, run by Governor Andrew Cuomo, brother of CNN anchor Chris Cuomo.
Governor Cuomo’s publisher suspends promotion of his book about leadership during the pandemic amid the enquiry into nursing home deaths.

Meanwhile, Texas and Florida which remained open continue to thrive.

In the UK, the Health Secretary, the person responsible for saving lives, is found to be cheating on his wife with a married aide in breach of social distancing rules.

The man making the rules for you does not follow them. 

It is at this point that the vaccine, which you were initially told would need to be given to the vulnerable before restrictions are lifted, becomes the main drive of Government policy and media commentary.

The same people who told you Brexit would never happen, Trump would never win, that when he did win it was because of Russian collusion, then because of racism, that you must follow lockdowns while they don’t, that masks don’t work and then that they do work, that protests…

…during lockdowns are a “health intervention”, that ransacking black communities in the name of fighting racism are “mostly peaceful”, that Jussie Smollett was a victim of a hate crime, that men are toxic, that there is an infinite number of genders, that COVID didn’t come…

…from a lab and then that it probably did, that closing borders is racist and then that it’s the most important thing to do, that the Hunter Biden story is Russian disinformation and then that it’s not, that they would not take Trump’s vaccine and then that you must take the…

…vaccine, that Governor Cuomo is a great COVID leader and then that he is a granny killer, that the number of COVID deaths is one thing and then another, that hospitals are filled with COVID patients and then that many of them caught COVID in hospital…

These same people are now telling you the vaccine is safe, you must take it and if you don’t you will be a second class citizen.",1.0,Conservative,2021-08-03 15:26:30
"&gt;I'd just like to point that fear is also a very good motivator for division.

Facts, which is why they want to keep us separated in little boxes, and have us base our identities off of our irrelevant differences (like skin color or sexual preference), rather than all of our similarities.  They hate things that should unite us, like love for the flag and our country.

&gt;What the people want is one thing, too, but I don't really believe that anybody big in government wants to have less control.

You're right.  Except for a few outliers like Rand Paul (who I don't even really like tbh and disagree with often, but the man is definitely principled), and Trump (who was only probably that way because he didn't rely on politics for his income).

&gt;I don't think there's any grand malicious conspiracy or secret cabal.

But even ignoring the swamp rats seeking personal gain who sell out our country to places like Russia, Ukraine, and China, or sell their crackhead son's finger paintings anonymously for half a million dollars, there are definitely unelected bureaucrats (who are so partisan to the point of being radicalized), that narcissistically think they know what is best for this country and have abused the powers that we have given them.  Not sure if it's the ""deep state"" or what.  I personally call them the corrupt establishment.  And to be clear, it's not only Democrats in it (there's also Republicans like Bush, Cheney, Romney, McConnell, etc.).

&gt;When either of them mention covid or the vaccine, a hyperlink to the CDC website is inserted at the end.

Your intentions are good, and that type of stuff might be possible with people like you, but that's never what happens unfortunately.  You give them those powers, they'll abuse them, and never give them back.

&gt;I apologize for any disjointed or misplaced ideas.

You're good.  It's always encouraging to speak with rational Democrats.  I'll have to try to seek out conversations like this after browsing Twitter, so I don't lose faith in humanity lol.",1.0,Conservative,2021-08-03 19:30:25
I find it comical and sad that you have to clarify you are pro vaccine before declaring belief in freedom to avoid the backlash religious fervor of hate.,15.0,Conservative,2021-08-04 12:35:48
"Threatening people with losing their jobs if they don’t comply to vaccine order 

covid passports etc

i am double jabbed but hate that people are being bullied into having the jab",12.0,Conservative,2021-08-04 14:35:52
"To quote the great Ron Swanson, ""The whole point of this country is if you want to eat garbage, balloon up to 600 pounds and die of a heart attack at 43, you can! You are free to do so. To me, that's beautiful.""

It's your right to die of a heart attack early on. It's not your right to infect others. You do what you want with your body. You have no right to inflict harm on another person's body. If you claim your body your right to not wear a mask, it's our body and our right to remain healthy. No one likes to be couped up in the house, right or left. Humans are sociable and need that connection with others. 

Nobody on either side likes wearing masks. We hate it as much as you. But we also care about our fellow citizens, even if you don't and can't care about anyone past your own nose. We could've been well past this like New Zealand if this wasn't politicized,  wasn't called a hoax, and all the misinformation disappeared.

 It may have a 1-1.5% mortality rate, but that's still a potential between 3-5 million deaths. About 650k people die from heart disease each year, and that's something that can usually be handled with personally with a good diet and exercise. By the end of the first year in January 2021 with covid, we were at 433k. 

Now that's a sizeable gap, but that number could be lower if people weren't selfish and wore a mask. I'm counting my blessings none of my family and friends who caught it succumbed to the virus, but for the hundreds of thousands of others, it's a slap in the face that you're given the opportunity to play a role in getting this virus under control, but you squander it with your selfish personal freedoms. It's a slap in the face for the people who CAN'T get the vaccine because of whatever unlucky genetic lottery they inherited, and you WON'T because of the misinformation, bat shit crazy anti-vax conspiracies, or don't want to be part of the ""experiment"".  

And because of that, mask mandates are coming back again. Both my girlfriend and I have to start wearing masks AGAIN at our jobs because some people won't do the bare minimum. In the long run, if you're sick and tired of the virus and all the mandates, just like the left is, and everything else, just wear the damn mask so we can finally get this under control. Otherwise, it's going to be the same loops over and over and the virus kills off people who were too stupid and selfish to do the bare minimum.",4.0,Conservative,2021-08-04 15:10:25
"But then why do you trust your dentist? Why would you trust astronomers, or even engineers? Why would you trust the company that made your laptop knows what they’re doing? 

I’m exasperated that the pandemic and the vaccine have become political, and the subject of these conspiracy theories. Does it make sense that the entire medical establishment is conspiring to keep the pandemic going indefinitely and suppress the truth that the virus is harmless and easily cured with vitamins and an ancient anti worm medicine, while the vaccine is a deadly toxin? 

I’m dead tired of the pandemic, and I hate that my kids, too young for the vaccine, are at risk, I resent having to wear a mask, and I have the distinct impression that this wouldn’t have been necessary if everyone had been on the same page",1.0,Conservative,2021-08-05 01:32:35
"What? Lmfao, no real freedom is when your life and others aren’t constantly put in danger by the uninformed/insane such as yourself who can read that and go:

&gt;Real freedom is doing what you’re told?

You’re just latching on to what’s left, because you know that what I said is correct about average and vaccination, you just can’t bridge that information with your whole thing on individual choice. It’s called cognitive dissonance—a recognition of the aporia that exists between the real world and the world inside yourself. It’s why you talk about Pravda’s and Barack Obama’s birthday parties. Instead of charting the world as best you can to reconcile those contradictions, you turn to hysteria, conspiracy theories: a poor man’s cognitive mapping. I said that from a position of empathy dude. I don’t hate you or anything. I love this country so much that I want everyone to be safe. It doesn’t mean holding people down and giving them newfangled shots, it means being receptive to a genuine desire to help people, and the vaccine drive/campaign is just that. Unfortunately, to ensure that freedom, there has to be consequences for those that want to exercise their freedom so radically. And I have no problem with that, as long as they know that they are not an island and they must reckon with that properly.",1.0,Conservative,2021-08-06 04:52:22
"1. Im vulgar? Because I used the word teat? To describe your 'mindless drawing to the easiest answer provided' to be the same as breast feeding. Wait is breast feeding vulgar to you? 

I didn't sat tit, knocker, melon, fun-bag, boob, or rack so I'm sorry can you specifically inform me where the vulgarity lies in my statement aside from your own childish interpretation of a PROPER TERM FOR A BREAST. 

2. You think I'm wrong. You're entitled to that. However im going to point out that I'm not ruling out vaccines. Im saying this one specifically is a joke. If you can still catch/carry/spread it after getting it, then people choosing not to indulge in it shouldn't be bringing condescending hate from someone who just seems to be a regurgitator of what they are told by their government and health agencies. There are profits involved in medicine that are astronomical. Money brings corruption to any agency. Your blind faith in what the medical corporation has to say, is rather sad actually. 

Hmm im trying to follow your point form here, and seemingly you can't seem to organize a numbered statement, or count past 2 for that matter. Yet somehow you're asking if I think I'm smarter than epidemiologist. 

3. (Sorry if this number is beyond your comprehension. Truly.) No I of course am not more educated than a doctor who has spent a long time researching the control of spread of a disease. I'm just a simple dealership mechanic. Don't assume my level of intellect however. 

4. I understand the 4 types of vaccine and how each of them works in the body. Im not against the science you half-wit. Im against the application based on profits and the untrustworthy levels of conflict of interest that exist between the companies producing the drugs, and the companies approving them for human consumption. Im against the lack of liability towards pharmaceutical companies when they mess up (and to deny that they ever mess up is just ignorant and delusional). 

5. (I see you gave up numbering things at this point so im going to also summarize) 

Take your shot. Or don't take your shot. It should be a free choice without social consequence. It shouldn't be incentivized, it shouldn't be limiting, and it shouldn't be mandatory. If it makes you feel safer, then by all means feel safer. Be safer if you will. If I choose that the risk associated with the jab is higher than the risk of catching covid, then that should be my choice. If you can still catch/carry/spread the virus after receiving this vaccination, then yes. I still stand by the idea that it is worthless. That doesn't require evidence. Thats just common fucking sense. (THAT was vulgarity in case you required clarity) 

**mic drop**",1.0,Conservative,2021-08-06 23:27:35
"I agree, in medical school we were taught the 4 pillars of medical ethics. One being patient autonomy (ie ""informed consent""). I don't know what happened to the medical community but I do not support mandated vaccination, ESPECIALLY with a vaccine that is still in the experimental emergency use authorization stage and not FDA approved. 

If the FDA new it was safe and efficacious, it would be approved the fact it isn't means they are still wanting to see the data and we should allow the population to right to wait and see that data too. This is politicians overreaching and overstepping our fairly well trusted approval system. I hate that I am only a handful of doctors that don't support these mandates.",27.0,Conservative,2021-08-07 22:15:34
"&gt; I hate that my kids, too young for the vaccine, are at risk

You don't specify their actual ages, but COVID-19 risks to anyone under 18 are vanishingly small. From March 2020 to February 2021 in the UK fatality rate from COVID-19 for under 18's was [just 0.0002%](https://www.nature.com/articles/d41586-021-01897-w).",1.0,Conservative,2021-08-08 06:40:52
Hate to break it to you... the vaccine passport is already a thing in Europe.,1.0,Conservative,2021-08-08 15:23:00
"They're cramming this down everyone's throat despite questions about long term effects that could be catastrophic. Unless the goal is something like depopulation, having at least some cohort of unvaccinated out there as a control group should be prudent. Brave stand by the deputies.

Question to the trolls who only flash ""we hate law enforcement"" when they see this, you're a female deputy who is either pregnant or wants to have kids. How confident would you be getting an mRNA vaccine? You have a family history of neurological disease, in treatment for other viral infections? Willing to risk ending up in a facility with a drool cup to prove your wokeness?",14.0,Conservative,2021-08-08 15:39:58
This sounds more like a reason to get the vaccine than hate Obama lol.,-29.0,Conservative,2021-08-08 18:05:20
"Facts. I'm pro-vaccine and even DNA editing (inorder to remove bad genetics) and yet I still want to wait. I'm a healthy individual and there is no evidence asymptomatic adults or kids should be wearing masks..

When did the left start kissing that ass of Big Pharma? They used to hate them and now all of a sudden  we aren't allowed to live life unless Bug Pharma 'allows' us.. this is sad.",1.0,Conservative,2021-08-08 22:45:43
"Well, I'm coming over here after being banned on r/pics for saying something mild against the vaccine. Fuck all of the real fascists out there right now!

The Democrats breath fear and hate into our society. We need to support states like this, Florida, and Texas!",5.0,Conservative,2021-08-09 09:08:19
I hate this argument from the left. Flu vaccines have never been required for anything except healthcare. You never had to take and prove you took a flu vax to take a cruise. This is absurd. The vaccines we are required to take actually prevent the disease. Flu and rona vaxes do not fit the definition of vaccine until they changed the definition to fit the narrative.,4.0,Conservative,2021-08-09 13:37:08
"That's me! I hate how any sort of vaccine hesitancy for any reason is lumped into one ""anti-science, selfish idiot"" pot.",5.0,Conservative,2021-08-09 18:31:04
"I’ll probably get hate for this, but i don’t get the obsession of hating vaccines and masks that the right has. If everyone masked up and received the vaccine, this might have been the end of Covid. Now we are prolonging the lifespan of the virus and giving it a chance to mutate. It doesn’t hurt to put on a mask for 15 min at a grocery store to potentially stop transmission to another customer (fellow American). I am socially and fiscally conservative but I guess this stance makes me politically homeless. Identify politics really sucks",-8.0,Conservative,2021-08-10 18:11:20
Like I’m scheduled to get the first dose of the vaccine this morning and I honestly feel like an idiot doing it. Absolutely nothing says that this is a good idea other than a bunch of evil people people that will hate me no matter what I do.,7.0,Conservative,2021-08-11 10:56:40
"Probably because we are talking about participation in society as a whole; a grocery store, restaurant, bank, federal service building, a school, and even your place of employment you may face denial based on your vaccine status. 

Additionally, if you do not comply with a vaccine record search or validation you will be criminalized for being on the premises. Law enforcement will be called and you will prosecuted stemming from not providing a vaccine card. You will face fines or imprisonment for non-compliance with a voluntary or mandated medical procedure. 

Why does the government have to violate your Fourth Amendment Right when they can coerce businesses and corporations to do it for them. 

Sorry for the downvotes, I gave you an updoot to level it out, We don't hate you just leftist ideas.",3.0,Conservative,2021-08-11 21:13:04
"Wuhan style lockdown? Yet to see a video of doors being bolted shut

Like all aus covid articles I see here it lacks a lot of context. If our approach is so wrong why do deaths remain so low despite a bungked vaccine rollout. You cant pin that on our borders beung shut because we have still had outbreaks weve gotten under control

If we hate freedom here so much why have we spent most of the pandemic in most of the country walking mask free, going to music festivals, pubs, clubs, night clubs and full capacity sporting events (without covid risk). Even today most of the country doesnt have restrictions 

The fed government inexcusably fucked our vaccine rollout, i dont think its moral to throw the vulnerable to the wolves before theyve had a chance to get immunised if they choose

Itll be a different conversation around lockdowns once the rollout is complete",1.0,Conservative,2021-08-12 00:47:06
"I’m not on the right and I’m not on the left, I hate overreaching governments. This is not political for me. It doesn’t take a vaccine specialist to make a risk assessment on a new, unapproved vaccine that has only been released for emergency use, especially when the risk of the virus is more than likely going to replicate flu symptoms for the majority of the population. The fact is that there are no long term studies, the vaccine only stops some individuals from having strong reactions to the virus, it does not stop transmission and has only been approved for emergency use. I would be completely happy to get this vaccine if it was out of testing phases and was approved (as I am with every other vaccine). People are free to make there own mind up on whether they want this new vaccine or not and should absolutely resist any coercion. We live in the west. We are free.",3.0,Conservative,2021-08-12 21:58:49
"&gt;we were told the vaccine would slow the spread, protect everyone from getting it.

  
That was undeniably true from December 2020 to June 2021 (6+ months). The mRNA-based vaccines had a \~94% efficacy against the initial alpha variant of covid, according to Phase 3 trial results from Moderna and Pfizer. For the initial alpha variant, the immune system primed with 2 shots of the vaccine was able to react much faster to the virus than when unvaccinated. Because of the faster immune response given by the vaccine, antibodies are able to remove the virus from your system at a faster rate, reducing the virus's ability to rapidly multiply and cause symptoms to a vaccinated person. This also meant that infected vaccinated people emitted a low virial load--low enough where infected vaccinated people didn't risk infecting others. Hence, getting the vaccine protected everyone else around you.  
  
But obviously the delta variant of covid reduced the efficacy of the vaccines to around \~80% because the delta variant does a better job at evading the immune system than the alpha variant. This gives the virus more time to replicate/multiply inside someone to the point where it can cause an infected person to emit a virial load capable of infecting everyone else around them.  
  
However, despite this, vaccines do still help your immune system ramp up faster, thus reducing the damage that the virus can cause on your lungs. Covid kills you with pneumonia, and in cases where you do narrowly make it out, it causes scar tissue in your lungs, permanently reduces your lung capacity. (This is why you should avoid getting it.)

&amp;#x200B;

&gt;Because many time, hard truths three months ago are false later.

I hate to break it to you, but there are no such things as hard truths, except if you're a religious person (then I suppose God is a hard truth). You have to understand this. With science and engineering, recommendations and designs can change when new data comes in. However, this is a good thing. It would be stupid to just completely ignore new information on a changing threat and ignorantly go about your day.  


&gt;so let me ask you this, if I have had COVID, and I could spread COVID as easily if I was vaccinated or not, snd if hard truths become false in months...why would I not be hesitant?

  
For vaccines, we understand their biochemical mechanisms, meaning how they work under the hood. They're pretty much one-and-done deals that disintegrate after they serve their purpose.  
  
Furthermore, taking the vaccine can still potentially save your life and your children's. Most people struggling for their lives in the ICU right now are unvaccinated. Vaccines don't stop you from contracting covid, but they allow your immune system to ramp up faster, which minimizes the symptoms you experience and the potential long-term damage caused by scar tissue in your lungs.  
  
Another risk of covid is that if your immune system reacts too slowly to it (if you're unvaccinated), covid may spread to your spinal cord or brain and lay dormant there, later manifesting itself as something else when you're older and weaker. In fact, this is the case with chickenpox. Unvaccinated people who went to the chickenpox parties when they were younger are at risk of developing shingles later on in their life, because the chickenpox virus hides in your spinal cord and later emerges as shingles.",4.0,Conservative,2021-08-13 03:10:21
"Funny. Someone told me it would be ready in 3 weeks two months ago. It will eventually be approved, no doubt. Even if there was something wrong with it, the FDA can't really come out and say ""so, the federal government that gives us our budget and administered this into some half of the population actually overlooked X and Y.""

I want Barrett to stand up for what's right, and furthermore, this precedent was not made with Covid in mind. Attempting to utilize it if it was is inviting the future exploitation of it. When the vaccine is FDA approved and passes the test of time, I'll happily get it. Until then, it's experimental. You can hate that it's experimental, but it *is* experimental.

Until then, the forced law would be forcing people to inject experimental medication into their body. This is a fact. Supporting it is shoveling your rights away like coal into a steam engine.",1.0,Conservative,2021-08-13 11:00:07
"nice jump to conclusions idiot. I can hate the mandate and have the vaccine...

but you keep tossing comments out there like you know what someones done because you are an army medic and have insight.

i wonder what baseless claims youll be leveling when we are at 99%. ""If that 1 percent would step up, cases wouldn't still be on the rise...i think one of them is this guy in the Reddit sub whose never mentioned it!""",3.0,Conservative,2021-08-13 12:03:31
"Commercial air travel in Canada now requires travellers to be fully vaccinated. Of course when the vaccines came out they said vaccine passports would not happen, but the Delta's giving them all the political cover to do this now. If you check in with /r/canada these people are cheering this on, and seething with hate against ""anti-vaxxers."" Their delight for this is absolutely repulsive.",1.0,Conservative,2021-08-14 13:00:24
"Don’t get me wrong…I thoroughly support your decision to not get the vaccine if that’s the decision you’ve made. I just hope you’re doing it for the right reasons and not just to thumb your nose at the fanatical dipshits on the left that are so demanding about it. I sometimes feel like some people will refuse the vaccine simply as a political decision, which just gives the liberal vaccine demanders more incentive to promote policies that negatively affect non-vaccinated people. 

I realize that the decision whether to get the vaccine is based on unproven scientific data that is morphing every day, and the long term effects of both the virus and the vaccine are unknown. I feel like you’re your own best advocate when it comes to your health and only you can best asses the risk vs reward of getting the vaccine.

And personally, I find it absolutely ridiculous and unacceptable how non-vaccinated people are being treated. You’re still a human being and an American citizen. It’s disturbing that the left thinks that further restricting civil liberties and mandating the vaccine is the right way to move forward.

As for why get it? Otherwise normal, healthy people have died from the virus. That was something I didn’t want to risk based on some health history in my family, so I chose the vaccine. I can’t speak on behalf of your health or your acceptance of risk. If you don’t think it’s worth the risk, I won’t argue over it or hate you for it.",2.0,Conservative,2021-08-14 22:25:26
"technically, but not in the ways that matter. Like in rights, or freedom, or liberty. 

God I hate living here. I'm engaged to an American and will be applying for a green card once we're married, but its looking like to even be allowed to leave Canada I'll have to get a vaccine passport",-2.0,Conservative,2021-08-15 13:41:15
"Yes, thanks. They sort of switched language but she was saying she wouldnt trust trump ONLY, but would take the “trump” (hate this language because hes not a scientist/doctor, nor does he have any part in making it) vaccine if other medical professionals signed off. Keep digging!",9.0,Conservative,2021-08-15 21:00:18
"I don’t give a fuck man.

I hate Americans that are too stupid to tell when someone is lying to them about eLeCTion FrAUD and VaCCiNE bAD",1.0,Conservative,2021-08-16 21:15:28
"He's vaccinated like they want everyone in the world to be. If he dies, isn't that an indictment on their vaccine? For the record, I'm vaccinated, but hate the idea of mandatory vaccinations, vaccine passports, and the constant virtue signaling from leftists about getting the vaccine.",5.0,Conservative,2021-08-18 14:15:00
"You've said that three times already. You are wrong. You're ""own research"". Read the actual studies. Talk to actual professionals. Talk your your doctor, talk to an infectious disease doctor, speak with a microbiologist. There is no good reason to not get the vaccine besides you just wanting to say no because you want to be against recommendations. You are wrong and hate being called out.

If you're unvaccinated and get covid do you're own research and treat it yourself at home",3.0,Conservative,2021-08-19 01:50:11
"There was a brief, fleeting moment of sanity where this vaccine is available to everyone, so either get it or don't.  Don't and you put yourself at risk of serious Covid illness, simple as that.

Now my head is spinning trying to keep up with the logic.  We HAVE to mandate vaccines because they're so effective.  OK but why?  What do you care if someone who you apparently hate refuses the vaccine and puts themself at risk?

They're spreading the virus to vaccinated people! OK, but you're vaccinated and protected from serious illness.

The vaccine isn't 100% effective! Then what is mandating going to do?

What about the kids?! There have been fewer children/day hospitalized/killed from Covid than in a normal flu year.  In fact, it's about at half the rate.  And I guarantee as soon as children are able to get the vaccine, you'll come up with a new excuse, because you have for a year and a fucking half why we have to follow your bullshit rules that clearly do absolutely nothing to slow the spread of Covid.",22.0,Conservative,2021-08-19 15:05:11
The people pushing the vaccine are clowns. They seem to hate science. Risk vs benefit is not a thing to these morons.,3.0,Conservative,2021-08-20 21:38:40
"I absolutely have buyer’s remorse.

I got the two stabs in April when they opened up in my state for my age bracket.  I was told this was needed to get back to normal.  I like to travel, hate wearing the masks, and had covid back in February.  But if I wanted to travel, people were talking about vaccine passports and not letting you in without proof.

We were told the Pfizer vaccine was 95% effective against reinfection, higher than normal vaccines and it gave me hope.  Then we find out it’s only 39% effective - but at least you won’t end up in the hospital.  Except I didn’t end up in the hospital the first time I had it, and don’t see any indication that reinfection would anyways.

I have both antibody types now, but when traveling I need to still wear masks, get a COVID test exiting and entering the country, show pages of proof... and some chief epidemiologists are saying we’ll probably need to keep these controls in place for 15 years.

The office I work in, which was allowing people to come back in and work now wants everyone masked at their desk all day long, even if you’ve been vaccinated.  

Why the hell did I even do this for?  

Like ‘flatten the curve’, ‘we can stop wearing masks after Biden’s first 100 days’ and ‘just for two weeks’, it seems that ‘do it to get back to normal’ was also a lie.",27.0,Conservative,2021-08-22 18:11:18
"I hate to say, but most of them went getting it under Trump. Why? Because people like Biden and Harris said they weren't getting the ""Trump vaccine"" until a lot of further review. They didn't hesitate to get it once Biden was ""elected"" president. Sorry, but if they had objections back then while being more in the know than the average American, I'll take a pass now until long term effects have been established and discovered. No one knows how this gene therapy is going to affect us down the road, especially seeing as they couldn't get it approved for the past 20 years. Even the creator of mRna gene therapy has reservations about using it for Covid. It's simpler to take HCQ and a Z-Pack at onset than to reengineer your body for life with something that can't be removed. No thanks.",1.0,Conservative,2021-08-23 19:06:37
"I am the biggest Republican ever.

* Voted Trump twice
* I own over 20 guns
* I want to see 50 foot concrete wall spanning entire Mexican border
* I am strongly against voting rights and mail in voting
* I hate almost all social programs because I think they encourage people to be lazy.

I am basically what every liberal on r/politics would describe as a complete POS.

However I am also a scientist, and a healthcare worker, and was vaccinated in late December as soon as I was able to get the vaccine.

This is not a political issue people, its just science and common sense, get vaccinated.",1.0,Conservative,2021-08-24 00:43:10
You’re right. It’s unfair and there are a lot of puppets. I hate that shit. I just hope you can put that aside and still get the vaccine even though many will continue to lie for political gain,-8.0,Conservative,2021-08-24 01:45:42
"How to say... I can see where you are coming from. Those who refuse to take the vaccine choose to take the risk with genuine COVID instead of the relatively much smaller risk from the vaccine. They choose the risk, and they probably should take that responsibility for their choice.

But at the same time... considering that people who have taken the vaccine have much, much lower chances of dying even if they do get the virus... it also makes sense to argue the opposite.

Well frankly... I do not know which the right answer is... This is a complicated situation and I think each choice has got its pros and cons. Ideally everyone who has no reason not to take it takes the vaccine imo but ofc I can see why people have become so averse of it. It has become sooo politicized and I swear I hate the shame tactics being used, and the the elites treat the average people as if they are stupid and just say stuffs and opinions they think will get people to take the vaccine instead of just giving the facts as they are and then giving their opinions only when necessary.",-2.0,Conservative,2021-08-24 05:39:37
"&gt;All the vaccines are doing is acting as ""treatment"", or a ""theauraputic,"" however they don't act as vaccines, as in they're not preventing transmission, nor are they aiding in herd immunity.

Not true. You cannot receive the vaccine as a treatment. The vaccine still provides great protection against you being hospitalized.

If you do get the virus after you are vaccinated the odds likely favor a more mild case of the virus. 

Getting vaccinated is not a burden on customers. Everyone needs one for their own good. 

The real fear with the virus has been and remains overflowing hospitals. If the hospital has more patients that it can care for, everyone else that needs treatment suffers more. All cause morality spikes with a non-functioning health care system. People suffer worse health outcomes because their problems are not treated as fast as they normally could be. 

Graphs like this in the St. Louis area should not be happening: 

https://scontent-ort2-2.xx.fbcdn.net/v/t1.6435-9/239606878_371654561156381_5659059901264702483_n.png?_nc_cat=100&amp;ccb=1-5&amp;_nc_sid=973b4a&amp;_nc_ohc=jxYFetqFGgEAX_UwbYH&amp;_nc_ht=scontent-ort2-2.xx&amp;oh=3c4cf0bbe4243370117a6f7224ee9e34&amp;oe=614A7B93

The vaccine if everyone got it would prevent the recent uptick in hospitalizations. I bet good money that vast majority of people getting hospitalized for COVID-19 are not vaccinated. 

Furthermore, pay attention to when hospitals are talking about cancelling elective procedures. Hospitals make their money off of elective procedures. They hate canceling them and only do it because they fear a surge of COVID-19 patients. 

Help your fellow human out and get vaccinated. We all have to our part to save the health care system in case any of us need it.",1.0,Conservative,2021-08-24 08:29:53
"&gt; If it is preventable let’s prevent it

....er, hate to break it to you, but the COVID vaccine doesn't prevent catching COVID, passing COVID along, or dying from COVID.  

&gt; Do you agree with my seat belt example?

I sure do.  I grew up in an era when seatbelts were not mandatory, so seeing as auto's built without seatbelts don't have to be retrofitted, yes, I like your example very much and will not be getting the vax.",1.0,Conservative,2021-08-24 14:53:31
"&gt; I'm a pro vaccine, anti-mandate. I don't know why this position is so difficult for people to understand.

Oh they understand it perfectly.

They just want a reason to label half the country as “anti-vaxxer conspiracy nuts” so they can have an excuse to hate people and believe they’re on the “correct side of history.”

The vast majority of conservatives share your view. Get as many medically-cleared people vaccinated as possible, but don’t mandate it. That’s not remotely the same thing as anti-vaxx, nor is it the “wrong side of history.”",206.0,Conservative,2021-08-24 15:14:12
"It's both amusing and sad to see their hate shifting. When there were no vaccines last year, they were targetting their hate towards people who weren't a fan of lockdowns or social distancing or whatever. Even if those people followed the rules but they didn't like the fact that it occurred - they were all lumped into the same group.

Now that the majority of the population is vaccinated (at least where I am in Alberta), they are now shifting their putrid hate towards people they deem as ""anti-vax"". Even if they're vaccinated but they think there should be no vaccine passport or mandate. They'll get lumped into the anti-vax category.  

I guarantee you if theoretically 100% of the population is vaccinated, these same people will find another reason to hate on those they deem to be inferior. Probably something about how people getting their 3rd or 4th booster shot to be great people and the rest are anti-vax. Wouldn't be surprised considering how much they want to hate other people.",41.0,Conservative,2021-08-24 16:32:43
"Preseason tickets are worthless unless they are very good seats. Hate to break it to anybody but nosebleed seats in a big stadium, like New Orleans are impossible to sell for Preseason games, vaccine or not.",1.0,Conservative,2021-08-25 19:14:11
"I completely get the resistance to masks, especially for children because it's really dumb. I hate lock downs and think they are pointless, same thing with social distancing. I disagree with almost all of the lefts stupid authoritarian policies and I don't exactly agree with his using companies as a proxy. However, I don't understand why people don't get the vaccine. I understand it's hard to listen to what crooked Joe Biden and his leftist buddies are telling you, but the vaccine will protect you for the most part and will make the left fuck off.  Millions of people have already gotten it, including me, and still not any major side effects. I like to think the FDA does it's job on approving them. I think we should all just get the vaccine.",1.0,Conservative,2021-08-25 21:48:29
I’ve never heard anyone say anything about the vaccine making one immune. The hell? When certain surgeries are being put on hold where in some cases people had been waiting many months you have to sit and think hmm there has to be a middle ground we can all agree on so we can at least keep medical staff sane and not burning out. The amount of hate/vitriol I have seen thrown at people who are just trying to do their jobs is just inhumane.,7.0,Conservative,2021-08-26 04:17:11
"I just hate our government is trying to go this route instead. We could just give out a $2,400 vaccine/stimulus check to everyone who gets vaccinated now or before and it would convince a lot more people. Maybe like $100 to just watch some videos at the clinic for why they are better to take than getting the virus. People are inherently terrible at calculating statistics and risk",-28.0,Conservative,2021-08-26 13:27:11
"I hate to break it to you because like all woke you know nothing. IC Units are designed to be at near capacity.  Like airplanes they are very expensive to maintain and therefore need a butt in every bed/seat.  The number of patients actually suffering from just COVID is very small.

The vaccination has risks.  It doesn't ""save lives"" because the survival rate of COVID is essentially 100% with treatments.  And people are still getting COVID after the vaccine. 

Maybe people like you should stop listening to CNN and actually learn to know what you're talking about.",21.0,Conservative,2021-08-26 13:59:52
"That's not the whole story though. The article notes this is due to waning immunity from the vaccine after 6 months, so Israel is giving boosters which is decreasing spread.

This is still super disappointing news though. I hate the idea choosing between a boosters or a COVID infection every 6 month for the rest of my life.",1.0,Conservative,2021-08-26 14:39:58
"Trump rolled out a vaccine ""warp speed"" faster than any leader in the history of this planet. Also, when Trump left office, the Taliban controlled how many territories? Zero. I hate to break it to you but he's no longer president and hasn't been for some time but keep trying to deflect from dementia Joe's absolute creation of the worst foreign policy disaster since Saigon.",5.0,Conservative,2021-08-26 14:44:33
"False. High viral loads are being found in the vaccinated. Take your pick of source.
I have had the disease. I will not get vaccinated. Period.

I do hate masks. I will not wear one again. With or without a mandate. Period.


: https://apnews.com/article/health-coronavirus-pandemic-79959d313428d98ab8aa905bbe287ba0

https://www.cbsnews.com/news/covid-vaccine-delta-variant-infections-carry-same-virus-load-unvaccinated/",6.0,Conservative,2021-08-26 17:06:10
