comments,score,subreddit,time_created
"How can you, in good concience, mandate an experimental drug whos long term side effects are not known? There, at the very least, needs to be an alternative, like hospitals use to do with the flu vaccine. It seems very anti-liberty to force someone to have a medical procedure, let alone an experimental one...i wad calling this from the start saying they were going to use this virus as a reason to curb liberties, and here we are....half the nation cheering the idea without realizing the ramifications.

Plus, the very legality of the matter is still [up for interpretation ](https://www.google.com/search?q=legality+of+mandating+covid+vaccine&amp;oq=legality+of+mandating+covid&amp;aqs=chrome.1.69i57j0i22i30j0i390l2.5901j1j4&amp;client=ms-android-samsung-ga-rev1&amp;sourceid=chrome-mobile&amp;ie=UTF-8) and will likely reach a higher court before a legal precident can be set on the matter.

""The statute that established the EUA process says that individuals must be informed ""of the option to accept or refuse administration of the [EUA-approved] product, of the consequences, if any, of refusing administration of the product, and of the alternatives to the product that are available and of their benefits and risks.""
Legal experts are divided on what this directive means for the legality of requiring vaccination with a vaccine authorized for emergency use, the report noted. The courts have not yet interpreted this provision of the statute.""",34.0,Conservative,2021-06-10 00:21:55
That's why we have a vaccine. They can't die from covid when they're vaccinated right?  Good thing trump got that vaccine pushed through. He and America probably saved a lot of the elderly for the entire world.  Now they can cruise carefree.,1.0,Conservative,2021-06-10 02:15:53
"There is an alternative, Ivermectin, works well as a preventative and a treatment to reduce severity, lots of data supports it helps in these ways against covid. Binds to spike protein. This is known because the drug has been around for a long time. Comes from Japanese soil originally, Japanese scientist discovered it. Fights wide spectrum of parasites. Has been widely used pre covid in Africa and during covid. Lots of data available. Super safe. Patent expired. Easy to mass produce cheap. Emergency authorization for experimental vaccine would not have been approved if there was an alternative. There was. This was buried. Its worth the long watch but thats a movie trailer version.",8.0,Conservative,2021-06-10 02:17:49
My step daughter is ashamed of this country. 17 years old. Wants a vaccine for covid to make friends at school. Our schools are raising a generation of people ready to stand down.,13.0,Conservative,2021-06-10 03:02:42
"There's a couple of issues:

*  COVID is not deadly to children.  Haven't less than 1000 children died in the US from COVID?

*  There are other diseases worse than COVID that children can get.  

*  This vaccine is not even fully approved by the FDA.  Even then, I've read about 1/3 of all medical treatments/devices are recalled at some point.  In other words, despite best efforts, clinical trails don't find everything and not everything is known until the stuff is used in the general population and enough time has passed.

*  Countries can set their own rules to enter.

*  Fear over stuff like vaccine passports becoming too common.  Like, to work at most jobs, you need to have been vaccinated for COVID.  Or to go grocery shopping.  Even when there isn't a good argument to have a vaccine other than ""Just Because""",3.0,Conservative,2021-06-10 13:22:55
"I’m old enough to remember when the legacy media told me Covid started in a wet market, Fauci was a saint, Cuomo and Whitmer were Covid heroes, and Trump was the devil for focusing on a vaccine. As usual, the legacy media literally got everything wrong.",9.0,Conservative,2021-06-10 13:39:42
"You are arguing that the fetus is a baby or child, but that argument doesn't hold up when someone else doesn't see it as a baby or child but a fetus. It is worth pointing out the word baby is defined as newly or recently born. Aborted babies are never born, birth is defined ""the start of life as a physically seperate entity"".

The family shouldn't have any say in the matter, I am not sure why anyone would think they get a say in the matter of abortion. As for fathers, it is unfortunate, but I do not think they or the government should be able to regulate someone else's body.

As for vaccines, schools and daycare already require you to have proof of vaccines, I am not sure why it is so controversial for a college to require another vaccine. You have already been vaccinated against polio, chickenpox, measles, mumps, rubella, hepatitis B and others.

Even if the US doesn't issue a vaccination passport, other countries can which mean you couldn't travel unless vaccinated, and other countries already require proof of vaccination for things like polio and yellow fever. So again this isn't something new.

I am not saying I think the US should require the vaccine, I do think private businesses should have the choice of whether they require them. I personally do not think COVID should be treated any differently than the flu in terms of vaccination. Employers can require it, but for everyone else it is their choice. Public education though has a precedent so it is hard to argue that they cannot require another vaccine.",0.0,Conservative,2021-06-10 13:41:01
"&gt; You are arguing that the fetus is a baby or child, but that argument doesn't hold up when someone else doesn't see it as a baby or child but a fetus. It is worth pointing out the word baby is defined as newly or recently born. Aborted babies are never born, birth is defined ""the start of life as a physically seperate entity"".

People use to make the same type of arguments about Black people to justify slavery and racism.  What kind of racist are you?

&gt; As for vaccines, schools and daycare already require you to have proof of vaccines, I am not sure why it is so controversial for a college to require another vaccine. You have already been vaccinated against polio, chickenpox, measles, mumps, rubella, hepatitis B and others.

Did you ignore the part where I stated these diseases are worse than COVID especially in children?

&gt; Even if the US doesn't issue a vaccination passport, other countries can which mean you couldn't travel unless vaccinated, and other countries already require proof of vaccination for things like polio and yellow fever. So again this isn't something new.

Again, I never said this was a problem.  I said countries can set their rules for entry.

&gt; I am not saying I think the US should require the vaccine, I do think private businesses should have the choice of whether they require them.

Question, do you think a baker can refuse to make a cake for a gay wedding?

&gt; Public education though has a precedent so it is hard to argue that they cannot require another vaccine.

Public education doesn't require all vaccinations and one can question the prudence of specific vaccines in that policy.",1.0,Conservative,2021-06-10 13:51:04
"I don't think anyone is deceiving anyone. I think people are blindly accepting what the ""experts"" are telling them. Sure the ""experts"" are saying that the likelihood of something bad happening to you from the vaccine is highly unlikely. I'm sure they are being honest about that... but we know time and time again that there are uncertainties they don't know about. This vaccine hasn't been tested long term. We don't know what this will do to us after 5,10,20+ years. I encourage all at risk people to get it because it's better than not getting it is it will save your life. But for those that are healthy, you're better off getting covid, getting natural immunity, and bypassing the vaccine to avoid the risk all together.",1.0,Conservative,2021-06-10 15:07:07
"Personally i dont really care since im vaccinated, but i care for the people who cant get the vaccine for one way or another getting covid from people who are fully capable but choose not to. And i dont think the government should play a part the regulation of it but i do think we should push vaccination on a cultural level.",1.0,Conservative,2021-06-10 17:14:11
"There’s only two possibilities with that. 

1) Patent squatters. Somebody wanted the patent for a COVID vaccine before it was much of a thing. Doesn’t matter if they had a design for one or not. 

2) Lab leak/engineered virus. The implications here are massive if true and evidence is lining up that this is true.",2.0,Conservative,2021-06-10 21:34:21
People are so stupid. Of course they tested positive for the bio weapon the vaccine has the same spike proteins that’s cause the same problems as covid. Hence why I see people coming in fully vaccinated with myocarditis and strokes from age range of 20-40 more then ever. Difference is the actual virus seemed to effect people more in the 55 plus range.  Can’t wait to see the long term effects of this vaccine disaster. Follow the science is such a joke it’s pathetic,-2.0,Conservative,2021-06-11 01:42:10
"I’m not giving Biden credit to shit.

We actually have Trump to thank for operation warp speed.  That’s why cases are plummeting and the economy is booming.  

Yet, I still see dipshits on this sub shit talking the vaccine that is allowing us to recover, not to mention that Trump recommended and is still trying to glorify hydroxychloroquine despite Trump not even getting it when he had covid.  A crazy ass lady who said “STDs come from having sex with demons in your sleep” is who the Republicans latched onto until her BS came out.

&gt;	imagine what it would have been if we didn't needlessly shut the country down.

Let’s imagine what the virus actually does…you know spread person to person through the air.  Had we done no lockdown what the fuck do the think would’ve happened?  Do you *actually * scientifically think that things would be the same?  Do you really think that not a single person more would’ve been effected had we not social distanced and masked?

I think we bungled the shit out of the lockdown, but I do still understand why it ultimately did save lives.",8.0,Conservative,2021-06-11 02:32:19
"Proper testing takes years. This vaccine was rushed and not fully tested. Dont run around saying ""trust the science"" when the science is not completed yet.

Most folks like me trust vaccines because they are fully tested. The COVID vaccine does not fit that category and pretending that people who dont trust it ""dont trust the science"" is a load of shit and honestly its an anti science thing to say.",15.0,Conservative,2021-06-11 03:19:48
"Well, we were never told that the vaccines would 100% prevent COVID. Depending on which vaccine they decided to get, we're looking at 60%-95% effective, so it makes sense that some people will get it after being vaccinated. The fact that they're asymptomatic is good news for the efficacy of the vaccines, though since no details were given about them there's a chance they were both young and healthy and would've been asymptomatic anyway.

More importantly, I'm happy to hear that it was two people who shared a room. Though they're asymptomatic and unlikely to spread it (I'd wager they both got it from the same source rather than one spreading it to the other), there's a justified fear of vaccinated people incubating a more dangerous form of the virus since it will face different selection pressures in the vaccinated vs. the unvaccinated. If their infections can be contained to just them, that's great.",-6.0,Conservative,2021-06-11 04:24:58
"Forgive the double reply but honestly i have to say this.

The tech in the COVID vaccine is amazing stuff. A brand new tech, never used before and it actually may be the key to curing cancer. Thats fucking amazing. Thats science at work.

Rushing the vaccine out without proper testing is not good science. Usually a vaccine needs about 3-5 years of testing before its good to go. And thats using the old methods. Methods we are familliar with.

When someone like you runs around acting like anyone who does not want the shot ""just does not trust the science"" it honestly pushes people away from gpod science and towards anti vaxx bullshit. I cant stand to see it because you pretend to 'love science' when you clearly demonstrate you dont understand the most basic principals around the scientific method.


Edit: i wrote this while warming up on the treadmill so try to forgive any typos lol.",2.0,Conservative,2021-06-11 04:26:12
I’m curious how they knew they had Covid if they were asymptomatic and had to come with a negative test and proof of vaccine🤔,3.0,Conservative,2021-06-11 04:54:02
"Do you understand how statistics and efficacy rates work? They take group A. Unvaccinated.  Group B. Vaccinated

Group B has a rate of 20x (95%) LESS than group A of having a bad reaction to covid/ contracting it.

Not meaning 5% of people who get the vaccine still contract covid. Meaning they individually would get covid or have major reactions TO covid at a rate 20x less often.

If you were to vaccinate the population  you would basically see covid die out because eventually the disease can not spread anymore.

On average if a covid infected person would spread it to 2.2-2.7 people on normally, cutting that down by 20x brings it down to 0.11-0.135

Meaning less individual cases meaning less spreading meaning less individual cases, herd immunity is achieved and covid essentially dies out as even if a few remaining people get it, it can't spread in time before the infection ends.

So in this case 5% is NOT a big number. Heck an efficacy rate of 50-60% is considered pretty huge tbh.",9.0,Conservative,2021-06-11 06:11:19
&gt;Shit tests equal shit results. They “cured” COVID with a vaccine but can’t cure the **common cold**? Hhmm…Call me a skeptic.,1.0,Conservative,2021-06-11 06:15:56
"Vaccine not 100% effective, this means you are not 100% guaranteed to not get infected.

Then there is the % reduction on moderate, severe and death, which on the good vaccines like Pfizer, Moderna, Janssen, are all high 90s.

--

That's why you have some 130 million vaccinated individuals and of those, I think only about 400 died with a positive Covid test.

--

Exceedingly rare, but the only things in life that are 100% are Death and Taxes.",74.0,Conservative,2021-06-11 06:51:00
"The thing is, since they passengers/crew of the ship were vaccinated it’s no surprise they would’ve tested positive for COVID. You do realize that a vaccine contains a weaker version of the actual virus, so that it’s easier for the immune system to combat the full strength virus?",-2.0,Conservative,2021-06-11 11:11:29
"Sister in law, who works from home, got the vaccine after having covid. No idea what that did to her natural immunity, but stupid none the less.",4.0,Conservative,2021-06-11 11:25:40
"Sarcasm, please? This vaccine is an mRNA vaccine that does not contain a “weaker version of the actual virus.” Even with this vaccine it is still possible to contract COVID-19",1.0,Conservative,2021-06-11 12:20:32
I had to show ID to get my Covid Vaccine.,2.0,Conservative,2021-06-11 12:29:33
"&gt;In one thread people bitch that it isn't lethal and you can sleep it off with 99.8 effectiveness and the vaccine is useless. 

Serious people aren't claiming the virus isn't lethal. For the vast majority of the population, over 99%, the virus isn't lethal. So maybe you are just struggling to understand basic common sense reasoning for people opposing mass hysteria over the virus. 

&gt;Two threads down and in here people are clutching pearls over the scores of dead people who could have been saved by this drug. Why be so skeptical over the actual vaccine and at the same time take whatever trump says about hcq as gospel?

You aren't very bright are you? Trump advocated for vaccines and treatments. He's the damn reason why a vaccine was developed and authorized for use in such a shirt period of time. And while the vaccine was being developed he advocated for **TREATMENTS.** 

I can be against vaccine mandates, lockdowns and mass hysteria over a virus with a 99+ percent survivability  and also be in favor of vaccinating people at high risk and allowing treatments to be available for those that are hospitalized. I didn't get vaccinated despite Trump being a advocate for Covid vaccines. The same is true for millions of Trump supporters which blows a hole in your narrative that people just blindly support Trump.",3.0,Conservative,2021-06-11 12:36:20
"10-20 years from now, ""have you or a loved one suffered after getting the covid 19 vaccine? You may be entitled to significant compensation. Call the law offices of Hur and Durr at 1-800-328-7448.""",6.0,Conservative,2021-06-11 12:41:45
"No. Those strains, or variants, are mutations of the original covid virus. Colds are multiple different viruses, some rhinovirus, some coronavirus, some other viruses.

The flu has many strains with entirely different receptors which mutate rapidly, requiring a vaccine every year. It's entirely different than covid, whose spike protein has remained pretty stable.",1.0,Conservative,2021-06-11 12:46:50
Cue all the zombie-stupid liberals who believed you couldn't get COVID after getting the vaccine.,0.0,Conservative,2021-06-11 13:04:41
"Leaves you with a 10% chance in contracting and spreading. So the vaccines are working but it’s just like the flu. I think most people forget viruses are not curable, only treatable. Hence why you can still get the flu or Covid being vaccinated. 

If we keep acting like we can’t just live life because we’re afraid someone’s going to test positive for Covid, then wtf have we been doing with flu this whole time? Which a flu epidemic wasn’t to long ago in the USA which was 2017, over 100,000 deaths with millions of cases and a failed vaccine, failed 80%.",2.0,Conservative,2021-06-11 13:38:17
"&gt;That liberals never believed that you couldn’t get it after after the vaccination.

I've conversed with probably a dozen of them on Reddit who believe just that. So, you're flat wrong that there aren't zombie-stupid liberals who believe you can't get COVID after getting the vaccine. In fact, I'm not sure why you even bothered to try and refute. it. Very bizarre.",-2.0,Conservative,2021-06-11 14:01:10
"One, it's not in perpetuity. Two, yes, a vaccine makes more money because the other drugs are already in use and cheap. The extra value from them used to treat covid 1984 is much less than the money they got to rush vaccines.",-4.0,Conservative,2021-06-11 14:05:06
"Less than 300 kids under the age of 18 have died from covid-19. There is not one recorded case of a child under 18 dying who didn't have a comorbidity.

Now that our seniors are vaccinated we need to stop talking about this stupid vaccine.",48.0,Conservative,2021-06-11 14:37:04
"How about they pay attention to the VAERS numbers (if they're accurate) that show the deaths and incidents from the jab in adults?  All of the vaccines added together that have ever been given don't have near the deaths and complications that these vaccines do.  I think it's nearly three times the deaths with this vaccine over the total of all others.   300 kids deaths are to many and considering they are low risk.  Not acceptable.

And speaking of accuracy.  How many states are reassigning covid deaths to what people actually died from?  Good old plandemic.  Don't see that in the news much.  

Glad I waited to see how this played out and am still paying attention.",13.0,Conservative,2021-06-11 15:02:45
"No vaccine makes you immune. Even MMR and other childhood vaccines. The point is that your body will hopefully  recognize the virus if you are exposed to it. Most people are able to fight it off but some people still get sick (most times less severe).  I had the MMR  vaccine as a kid and a few months later still caught Rubella. 

With this covid vaccine there is a lot to be worried about. I've seen discussions and research on:

- Pathogenic Priming. 

- Spike Protein (not the actual virus) being the cause for vascular tissue damage.

- Spike protein being found in organs and tissues (especially the spleen and ovaries)

While searching today I found this site that mentions a lot of issues with the new vaccine. [Did Ya Know About The Vaccine ](https://ratical.org/PandemicParallaxView/CovidVaccineDataSheet.html)",3.0,Conservative,2021-06-11 16:53:58
"Are you actually mentally deficient?

https://immunizebc.ca/ask-us/questions/was-development-covid-19-vaccines-rushed-or-pushed-through-do-we-really-know-it%E2%80%99s

Literally explains how they were not rushed. They were tested properly, but you refuse to do any of the “research” you tell others to do.

Literal thousands upon thousands of people have been included in the testing process among all of the  vaccines that have been developed. It’s not some conspiracy, it’s not partisan, take the fucking vaccine and prevent others from around you dying. It’s that simple.

You are anti-science when constantly deny the literal fucking SCIENCE that is telling you that you objectively wrong.

It’s fine to be scared, but full on denial is something else.",0.0,Conservative,2021-06-11 17:45:46
"""Heart inflammation in young men higher than expected after Pfizer, Moderna vaccines: U.S. CDC | CTV News"" https://www.ctvnews.ca/health/coronavirus/heart-inflammation-in-young-men-higher-than-expected-after-pfizer-moderna-vaccines-u-s-cdc-1.5464486

Sure bud. Im sure they tested it long enough to see this one coming too.

They rushed the testing. Thats a fact. If you want to deny a fact thats fine but you are making it hard for lots of people to make an informed decision on the subject because you run around shouting how anyone not wanting to get the shot is ""anti science"".

""Can Covid-19 Affect Your Period?"" https://www.healthline.com/health/menstruation/can-covid-affect-your-period#covid-19-and-menstrual-cycles

Oh look. Another totally ecpected side affect that they totally did not miss in testing and was totally not discovered after the fact when they rolled out the vaccine to the general public.

""Why Canada is suspending use of AstraZeneca vaccine in people under 55"" https://www.cbc.ca/amp/1.5968657

Wild. Its almost like these things would be caught in the testing phase....

But sure. Keep running around telling everyone else that they are anti science.

Fucking smoothbrained moron.",1.0,Conservative,2021-06-11 17:51:15
"https://www.muhealth.org/our-stories/how-do-we-know-covid-19-vaccine-wont-have-long-term-side-effects

https://www.beaumont.org/health-wellness/blogs/covid-19-vaccine-hesitancy-addressing-common-concerns

https://immunizebc.ca/ask-us/questions/are-there-long-term-side-effects-caused-mrna-covid-19-vaccines-how-do-we-know

Minor side effects are to be expected with any vaccine, look at polio as a prime example. The technology used in the COVID vaccine, MRNA, has been used for decades.

You are literally wrong. They did not rush things, they moved at faster pace because they can work on multiple phases of trials at the same time. Glad you dropped the skipping part though, that’s progress.

It’s not useful cherry picking random (and extremely rare) side-effects to concoct some bullshit narrative.

No vaccine has ever been side-effect free, and COVID vaccines are safer than a lot of other standard vaccines that have been used in the past.

I don’t know what else to say to you, but I hope you’re actions don’t lead to the infection of someone you care about.",0.0,Conservative,2021-06-11 17:58:58
"This is getting clear that you are going to refuse to see any thing that goes against your religous views on 'science'. 

The side effects show up during normal testing. But when you rush, skip steps and cut corners you dont know untill the vaccine reaches the general public. But you dont want to believe that. So you dont.

Most vaccines are safe and effective. The COVID vaccine is an unknown because its not fully tested. Also the vaccine is not the only way out of this bullshit, you have just been beaten to accept that. If you want the country to re-open, then talk to the politicians. People like you are the only reason this shit is still going on. 

We know COVID targets certain folks and we have treatments for it. But instead of dealing with COVID in a directed and smart manner, we just shut it all down. Because people like you are scared sheep. Its fucking stupid and so are you.",1.0,Conservative,2021-06-11 18:22:35
"I never said herd immunity doesn't work - it does. I'm asking if it's been properly tested with vaccines as opposed to natural occurring herd immunity from catching the wild type virus (like what happened with Measles in NYC).

The graphs I've seen (over 100-200 years) show a steep decline in measles - before the vaccine occurred. Was this because of better nutrition, hygiene etc? 

Btw I'm not saying vaccines don't work, but there has been a heavy push that vaccines cause herd immunity - I just ask if there was any studies? My friend had said there weren't - I tried searching and couldn't find any.  All I found was wild type herd immunity from people who actually catch the virus - since it's usually life long immunity from that you can pass antibodies to your kids etc.  

What's weird is that if you had covid, and then got the vaccine, your natural covid antibodies are wiped out. You cant donate plasma now. I worry a bit about pathogenic priming too.",1.0,Conservative,2021-06-11 19:16:06
"And, you know, there’s a fucking vaccine (several) on the market that legitimately do improve your chances by some crazy order of magnitude if you do contract the virus (once again by some crazy order of magnitude less likely than no vaccine).

That very same vaccine Trump was so proud to bring to market, his own supporters are fearful of and instead point at other medicine to treat Covid. Why? What the fuck is the point?",8.0,Conservative,2021-06-11 20:34:22
"My sister is a manager at Walgreens. Yesterday, a 17 yr old girl came to get her 2nd shot. She walked about 15 feet and dropped. Heart stopped, breathing stopped.  No other health problems.  The medics came and started her heart, but she is intubated and in a coma.

  The ""Covid"" vaccine is not a vaccine. According to Immunologists, the ""vaccine"" is not to protect people from Covid. It's real purpose is to inject spike proteins into the system, which permeate the heart, lungs, and other  organs in the body, including the ovaries. Its final goal is to kill people in order to depopulate the Earth.. Look up Bill Gates, who talked about this starting 10 years ago.. The clinical trials don't complete until 2025. You're being lied to. It is foolish people would put this into their bodies at this stage of clinical trials.

https://ambassadorlove.wordpress.com/2021/04/28/world-doctors-warning-stay-away-from-the-vaxxed/

https://www.lifesitenews.com/news/vaccine-researcher-admits-big-mistake-says-spike-protein-is-dangerous-toxin

https://www.citizensjournal.us/commentary-salk-institute-scientific-paper-spike-protein-are-in-all-covid-test-vaccine-by-design-causing-deadly-blood-clots-and-cell-damage/",2.0,Conservative,2021-06-11 20:34:56
Whaaaa....? A weaponized spike protein augmented by the chinese military was chosen as the antigen for experimemtal vaccine technology and its causing harm to humans who are at almost no risk to covid..? Whoulda thunk..?,8.0,Conservative,2021-06-12 00:48:11
"The Covid vaccine was rolled out under Trump, but there's still loads of people who don't want to take it. That's your right to die...",5.0,Conservative,2021-06-12 01:18:36
"I mean, that’s what the initial research showed. I was a Covid case investigator for six months, that’s what the health department based it’s policy on (and by that I mean we told infected people that they would have immunity to reinfection for about 90 days, but that immunity wanes at different rates in different people). In the early stages of the pandemic, people thought we would use immunoglobulin from people who had survived Covid, but their blood wasn’t showing antibodies six months later. Besides the fact that Covid can kill or injure you, reaching heard immunity through vast infections overwhelms your health system as we’ve seen over and over again. Even if you need a booster, which we may, I don’t know, the risk of infection is much higher than the risk of vaccine sequelae. There’s some diseases we don’t get natural immunity to, like Coxsackie. You can just get that over and over again, which is terrible. The immune system isn’t a one size fits all kind of thing.",2.0,Conservative,2021-06-12 01:29:16
"First of all i *love* shitting in mailboxes, so good sourcing. Carlson’s entire point is that *we don’t know anything* about this vaccine, but are mandating children and young adults, who are statistically not in any peril from COVID, get a jab that could in fact cause heart inflammation. Don’t gloss over it and call it vaccine alarmism for the *toothless confederate rubes* ,especially considering that its largely minorities who are refusing the vaccine, not any demographic who is *bowing* before Tucker Carlson’s every word",1.0,Conservative,2021-06-12 02:35:06
"I see some anecdotal comments about knowing a lot of doctors who aren’t vaccinated. This was the report I was referencing: https://www.forbes.com/sites/brucejapsen/2021/06/11/ama-96-of-doctors-are-vaccinated-against-covid-19/?sh=771caa0c591c

There’s always survey biases, but it’s still a small minority that aren’t getting the vaccine.",1.0,Conservative,2021-06-12 02:48:35
"I don’t understand the hate for Trump. I’m Canadian so I’m able to somewhat have an objective opinion, but on paper, Trump was probably the best president y’all have had in a long time. Record low unemployment, first President to not start a conflict in his term, multiple peace accords. 

Going off of what everyone hates about him, Biden has done in spades. Children in cages? Built by Obama and Biden, the numbers of total children in detainment tripling. Trumps mishandling of covid? Democrats called trump a fear monger and racist, discredited his vaccine policy, only to fumble the ball when they were given the responsibility. Police brutality/racial inequality? Statistically, police brutality is nonexistent between races, and his plan to rollout massive investment into black communities(500 billion I think it was) was axed on Biden’s first day. Abuses executive orders? Biden has more executive orders in his first hundred days than the past couple Presidents combined, most undoing the good policies set up by trump.",2.0,Conservative,2021-06-12 03:06:51
"There is almost certainly something there it has nearly been proven at this point.

Much of Peru was saved using Ivermectin. In the most recent episode they discuss some meta data study that is due to be published soon.

All the criticisms of the current data analysis have been incredibly nitpicky while at the same time we have emergency use authorization of a vaccine technology that hasn't had near the same rigorous expectations.

And what is truly amazing of Ivermectin is that it is virtually the safest drug in medicine. We have decades of data and use to pull from. So even if the drug was only 20% effective it would be beneficial for widespread use since it has nearly no downside.
In addition it is extremely cheap and easy to manufacture with an expired patent. 

And that expired patent is a hint to the perverse incentives that are in play.

The company that owned the patent and rights to Ivermectin, Merck, spent decades promoting its safety and effectiveness world wide. It even was awarded a Nobel Prize for it's work in Africa. But now that Merck has reversed narrative and proclaimed the drug is dangerous in a recent release. They cited no study or data to support this new position. But they also have failed to mention they have a partnership with Johnson and Johnson to manufacture their vaccine and Merck is also working on their own treatment that will require Emergency Use Authorization.

And now we are onto FDA Emergency Use Authorization. Part of the EUA requirements is that NO current drug or treatment alternative exists. Ivermectin being a suitable alternative would force them to face this. 

The negligence or malicious greed that is begining to be exposed is on levels we haven't seen before. At this point there are ""experts"" who could be guilty of causing millions of deaths for hiding this. For damn sure those people are fighting like hell to ensure that Ivermectin is never accepted as a Covid treatment.",4.0,Conservative,2021-06-12 06:10:56
"Yeah, it strange because legally an employer cant require a vaccine that is only available because of an EUA. That part baffles me. Theres all kinds of lawsuits popping up now because of it. They just dont care. The science is ignored when it doesnt fit the narrative, how can you even trust the medical industry? And now with the delta variant vaccinated people are getting covid again. Covid is hot spotting in china and canada again. It's like its endless. The vaccine isnt stopping it. Even half the CDC and the NIH havent been vaccinated. What does that tell you? Lol. Also you think more people would study history. In the 60s they did this with the swine flu. Made the vaccine mandatory and it led to a multi billion dollar class action lawsuit. That's why they cant make the covid vaccine mandatory and it's also why you cant sue vaccine makers anymore. That's why everyone has a choice to not be v as vaccinated in america. It's important to study history because it repeats itself.",5.0,Conservative,2021-06-12 11:08:47
Used to be an essential worker. Got 2 different strains of covid. I have robust antibodies and a history of adverse reactions to vaccines. The doctor literally told me not to get the vaccine.,14.0,Conservative,2021-06-12 11:14:44
"Operation warp speed was an effort, lead by Trump, to get a covid vaccine faster than any vaccine had ever been created. He succeded, which was especially impressive considering it's an entirely new type of vaccine. He removed FDA testing barriers and trials in order to get it to the public as fast as possible. 

That's generally what it is, off the top of my head while I make breakfast.",1.0,Conservative,2021-06-12 13:24:14
"My concern is how long until these vaccines are no longer EUA? Then all the companies that are offering incentives for people to get the vaccine won’t have to have any incentives and people will still have to get the vaccine. I know of way too many young people who have gotten horrible side effects like vomiting and severe joint pain where they required taking multiple days off of work after getting the shot. Why would anyone do that to themselves on purpose, knowing that the vaccine isn’t 100% effective and the chances of getting very sick from Covid are low? And don’t give me any BS that the severe reaction to the shot just means that the person would have gotten really sick (and possibly died) if they had Covid. That’s just nonsense.",3.0,Conservative,2021-06-12 13:40:19
The guy above me since he said he both had COVID and got the vaccine and anthrax.  It was a joke.,1.0,Conservative,2021-06-12 14:02:57
"Well,im not sure of the rate of adverse reactions in the vaccine, but I do know that your chances of surviving covid if youre under 65 is about 99.98%. Media was telling us all about long term covid effects, but honestly, they should be the last people we trust, given they were pivotal in spreading the unnecessary covid panic and the constant lies Fauci and the CDC fed us throughout. Not a single person I know that had the virus has had any lingering effects. My stepdad had trouble smelling and tasting a little while after he recovered, but thats it. 

On the other hand, lots of people around me are complaining about adverse vaccine reactions. My boss has been hetting bouts of vertigo since vaccination, one of my coworkers has developed chronic chest pain, someone that works for my stepdad caught covid from the vaccine.

If medical professionals are telling you *not* to think about adverse effects when it comes to a vaccine made for a virus with a 99% survival rate, be extremely wary, those doctors are obviously trying to turn a profit off of you for their pharma buddies, they do not care about your health and well being. 

Id say our health organizations and leaders have proven themselves either incompetent, haphazardously dishonest, or some mixture of both to the extent that it would be safer to practice the opposite of their reccomendations than to actually follow them.",1.0,Conservative,2021-06-12 14:08:43
"Yes you are likely to survive COVID if you are a fairly young, healthy person, but that doesn't mean you won't have serious, long lasting complications. Damage to the lungs and heart, permanent loss of taste and smell, even cognitive damage. Not to mention the period of actual infection which can range from mild to absolute agony. Yes the vaccine can prevent catching covid entirely, but more importantly for a person like yourself it will reduce the chances of those serious effects if you are infected. mRNA vaccines have a pretty spotless track record, and these are proving to be highly effective. Don't let some conspiracy spouting idiot on facebook screaming ""do your own research"" scare you away from a very important step to take in keeping yourself and those around you safe.",1.0,Conservative,2021-06-12 14:24:54
I think you’re misunderstanding slightly. The implication from the article is that vaccination is beneficial and stops people from experiencing the long-term effects of covid that they researched in this study. Only when the spike protein from Covid itself infects the cells and creates more viral copies is it causing deleterious consequences. The vaccine prevents this.,1.0,Conservative,2021-06-13 03:37:19
"https://www.cdc.gov/vaccines/covid-19/downloads/Information-for-laboratories-COVID-vaccine-breakthrough-case-investigation.pdf

&gt; Clinical specimens for sequencing should have an RT-PCR Ct value ≤28. 

This was put out Feb 2021 you lying scumbag.",1.0,Conservative,2021-06-13 03:55:37
"https://www.cdc.gov/vaccines/covid-19/downloads/Information-for-laboratories-COVID-vaccine-breakthrough-case-investigation.pdf

Policies were changed Feb 2021.",1.0,Conservative,2021-06-13 03:56:05
"Yes only trust the approved experts with their fancy degrees, that have been wrong over and over and over about, basically everything where it comes to covid. The ones who called Trump crazy for saying we would have a vaccine by the end of the year.        

You should definitely only listen to people with fancy degrees about sociology and economics as well. They were taught by old Communist professors and have no experience out in the world or running a business, but they know what's best for you!        

Just wow.",-1.0,Conservative,2021-06-13 16:12:53
"A vaccine by definition has a little bit of the malady it is meant to fight, in it. The covid shot does not. Just like the flu shot does not and is why it is called a shot and not a vaccine. Vaccines are designed to destroy the cause of the sickness and be done with it, like the MMR vaccine or the Polio vaccine. One and done. You do not need ""boosters"" with a vaccine.",-1.0,Conservative,2021-06-13 17:36:45
"I’m not against the concept of vaccines (or whatever you want to call this one), but I feel like this one was rushed. I’d like to have a little more confidence in the safety of this vaccine before I receive it. Especially since I’ve already had covid and the Cleveland Clinic said that the vaccine isn’t any more effective than having antibodies from the infection.",-1.0,Conservative,2021-06-13 17:53:06
"HCQ is routinely given as a prophylactic anti malarial. It has a well established safety profile. The Covid vaccine is now reported to have caused dozens of teenagers to develop myocarditis. Is that a bad thing, since they have a very low risk of bad outcomes from Covid itself? Hmmm.",1.0,Conservative,2021-06-13 18:33:01
"The FEMA taskings weren’t precautions, they didn’t have the spare doctors and nurses to send to podunk fly over country for no reason.

I mean just think about the dozens of cities bigger than yours where people could be staged just incase. Even to your south in the other Dakota they didn’t send 60 nurses just incase.

Unlike moving a massive ship, it takes just 24 hours to get rapid response medical teams on station, and the teams where only sent to the worst of the worst locations.

Yet you still like to pretend it didn’t happen, what a joke.

No news source, it was my friends who were getting the taskings, I got to hear it right from them.

The deployments were relatively hush-hush because we had a commander in chief who was trying to downplay everything so the movements barely made military publications.

You’re so close to admitting covid was a big deal, you even call it a bio weapon, but you refuse to put any responsibility on Trump.

The guy who downplayed it 24/7.

The guy who held rallies in spite of the pandemic.

The guy who talked in private about it being a big deal but down played it publicly.

The guy who accused our countries doctors of lying about cases, even as we see the heightened death toll in 2020.

The guy who got the vaccine in private.

The guy who said HCQ would save us, but then didn’t take it when he got sick.

The guy who was so scared of Covid he got  medivac’ed to Walter Reed and became the first president ever to use the ER landing landing pad instead of the much more secure Presidential landing pad. 

Yeah, that’s who you are propping up. And are doing so while ignoring reality.

You talk stages, but you’ll never leave denial, you can’t, you clearly can’t bare the weight of reality.",0.0,Conservative,2021-06-13 19:42:14
Why do I need the vaccine if everyone who is concerned with getting covid can get the vaccine themselves?,14.0,Conservative,2021-06-13 19:49:03
I am not aware of any U.S. jurisdictions in which the COVID-19 vaccine has been made mandatory - can you link to more info on this that lists where it is mandatory?,1.0,Conservative,2021-06-13 20:28:26
"DEFINITION: Vaccines give you immunity to a disease without you getting sick first. They are made using killed or weakened versions of the disease-causing germ or parts of the germ (called antigens). For some vaccines, genetic engineering is used to make the antigens used in the vaccine.

NO Covid-19 in the shot annnnd, people are getting adverse reactions or sick.",1.0,Conservative,2021-06-13 23:46:29
"Not a vaccine. Research it yourself. Show me where any semblance of Covid-19 is in the ""vaccine"".",1.0,Conservative,2021-06-14 00:12:46
"I got a vaccine and think most people should too. But I also trust my vaccine works, so even if I'm around you, I'm good. The idea that the world must stay closed forever or you lose your rights forever for covid is lunacy.",4.0,Conservative,2021-06-14 01:35:41
"I got a vaccine, but either way, this baby murdering bitch can go to hell. Her spot is already reserved.

And for the record, her rhetoric on COVID contagion is bonkers. She refuses to acknowledge that children are at low risk for serious illness and low risk to spread. And she refuses to acknowledge that people who have had COVID and recovered contribute to herd immunity.

But she will happily run an organization that butchers babies alive in the name of “reproductive health.”

Let’s not take public safety advice from a mass murderer.",3.0,Conservative,2021-06-14 07:06:13
"&gt; ""What's the carrot going to be?""

&gt; ""How can we incentivize people to get vaccines?""

That's such a paternalistic way of thinking.  Citizens are not the government's children.  The incentive to get the vaccine is that you have less of a likelihood of getting covid.  The government absolutely should not have any way of incentivizing people to get the vaccine.",3.0,Conservative,2021-06-14 08:01:42
"I don't know, I'm kind of torn on this. 

The judge is oviously an assclown but I believe that employers have the right to set standards and policy for their workplace and if you don't like it, you don't have to work there. 

Was there something in the hiring contract that stated they could do this? Or was it something new that was out of the ordinary. It seems like a hopsitsl could require employees to be vaccinated from other things, why not covid? The love of my life is a nurse and is required to get her flu shot and tb test annually. Is this really that much different? 

On the flip side, Im a big believer in vaccines but I don't trust this regime and their hard push for the vaccine makes me weary. Also, the idea of vaccine passports in America is frightening to say the least.",0.0,Conservative,2021-06-14 08:28:33
"Trump wants you Vaxxed. Fuck that guy.

https://www.webmd.com/vaccines/covid-19-vaccine/news/20210317/trump-urges-americans-get-covid-vaccine?back=https%3A%2F%2Fwww.google.com%2Fsearch%3Fclient%3Dsafari%26as_qdr%3Dall%26as_occt%3Dany%26safe%3Dactive%26as_q%3DDoes+Donald+Trump+support+vaccination%26channel%3Daplab%26source%3Da-app1%26hl%3Den",-27.0,Conservative,2021-06-14 21:36:56
I’m happy to hear you didn’t give him the covid vaccine,2.0,Conservative,2021-06-15 02:14:03
"The examples you’ve provided are all not mandatory - no one from the government is going to hold you down and inject you with COVID-19 vaccine.  

You’ve ignored the other half of the equation: becoming vaccinated may be necessary … but only if you want to continue to receive the benefits of engaging in that activity with those same employers/schools (e.g., receive a paycheck, receive educational instruction).  

If your employer requires you to become vaccinated for COVID-19 in order to continue employment with them (or your school requires it to remain enrolled), and you want to remain unvaccinated, there’s a simple solution: quit.  Go somewhere else, do something else (or not, as you choose).  

You’re not entitled to continue to remain employed in that job, and you’re not entitled to continue to attend that college, if you’re not willing to fulfill the *contractual* requirements of doing so.  

Freedom of choice is freedom from government mandate; but it is not freedom from consequence.  

All choices have consequences.  If you don’t like the consequence of being vaccinated (in your example, risking exposure to what you perceive to be a vaccine with uncertain long term effects), then by all means, exercise your freedom to make the choice to remain unvaccinated.  But don’t pretend that making that choice doesn’t also have other consequences: including continuing to be at higher risk of severe medical outcome if you do contract Covid-19, and potentially losing your job if you work in a hospital where your unvaccinated presence puts your patients (people who are already sick or injured) at higher risk of exposure from a serious, contagious disease during a pandemic of that disease, for example. 

Also, for the record, the pediatrics opinion piece you linked to refers to  vaccinations that are “mandatory” in order to attend younger-aged schools. Even in *those* instances, the government isn’t forcing anyone to get vaccinated (for Covid-19, or for measles, or for whooping cough/pertussis, or for anything else): again, those things are only required if you want to continue to enjoy the privileges of the school system on offer. If you’re not willing to satisfy that precondition, feel free to homeschool your kids: plenty of people do, and they even get government subsidies to do it. https://moneydoneright.com/fast-money/free-stuff/money-homeschooling-from-government/ 

So, hypothetically, let’s say you’re right: let’s assume all of the Covid-19 vaccine options out there might be worse than the disease they protect from, and might have terrible long-term medical consequences that are as-yet unknown.  Just like everyone else in the U.S., you’re going to have to choose for yourself whether that hypothetical possibility is worse than the non-hypothetical reality of significant, widespread death, long term and short term disability, the severe economic and social impacts of what’s required to limit community contagion without vaccine (e.g., quarantines of individuals known to be exposed, shelter in place - including business shut downs - for communities whose medical resources are stretched), etc.

Faced with that choice, many many people are choosing to take on personal risk of (potential, hypothetical) negative vaccine effects in the future, in exchange for the personal and societal benefits of dramatically reducing the non-hypothetical impacts of the pandemic now, ASAP.  That’s why they’re making that choice: not because they’re stupid, or because they’ve never heard of thalidomide or Agent Orange or the Tuskeegee syphilis experiment, or because they’re government boot lickers, or because they don’t care about their freedom of choice.  They’re making that choice because they have evaluated the options before them and selected the one that Ali’s most appropriate for them. 

Sounds like you have a different value system, and you’ll therefore make a different choice.  But let’s be clear: it *is* a *choice*. No need to pretend that the inconvenient consequences that might arise from your choice are somehow the government’s fault, as opposed to the difference between the your values and the value systems of your employer, college, school administrators, etc. 

If, God forbid, 20 years from now I have some negative medical impact due to the Covid-19 vaccination I volunteered to get a few weeks ago, I won’t blame the government for the outcomes of that choice either.",0.0,Conservative,2021-06-15 04:34:50
"Early this year in California they passed a law that all hospitals were to test all of their employees for COVID every single week.  The mask &amp; vaccine Nazis were creaming themselves with joy.  

Now, five months later, not once has there been any weekly COVID testing done - at least not at any hospitals I worked at.  This idea seems to be more of the same: something  they can put down on paper &amp; pat themselves on the back about; but in the end it accomplishes absolutely nothing - as usual.",5.0,Conservative,2021-06-15 05:45:42
"Exactly, it's over lol. I'm curious what percentage of the population that doesn't have the vaccine was previously already infected with covid... my guess is very high (meaning they are effectively vaccinated as well).",12.0,Conservative,2021-06-15 11:26:43
"As far as I'm aware no-one who has been vaccinated has died from covid, so if people die who have refused the vaccine, well that's on them......",-2.0,Conservative,2021-06-15 11:41:31
"This is a slippery slope. At first it was a lockdown. Then there was an extension on mask mandates until a vaccine happens. Then there was an extension on masks until a certain percentage of the population gets vaccinated. Now there's going to be a vaccine passport just to not wear a mask. Next will be a vaccine passport just to do business and then a passport just to have a job.

Does no one else see the issue here? I hear about it being private info which I get, but my main worry is we're separating a group of people that feel they don't need the vaccine for a virus that is mostly gone. Cases have dropped significantly. You hardly hear about hospitalizations and deaths. Even with these new strains that you hear about in the news, apparently it's not being transmitted as much because you only hear about it once and that's it.

So I see no reason to separate a group of people from the rest of society. They're not anti-vaxxers. Because they're not shitting on the people getting the vaccine. They're against themselves getting the Covid vaccine.",3.0,Conservative,2021-06-15 12:35:05
"No… I mentioned how multiple countries, including the US which I assume you live in, have seen a drastic decrease of covid cases thanks to the vaccine, despite multiple new highly infectious variants coming out from India. There is no explanation other than the fact that people got vaccinated. The vaccines are a modern day miracle developed very quickly thanks to President Trump’s warp speed efforts in cutting regulations and red tape. Countries that have reached a high percentage vaccinated have enjoyed cases drop radically. Not to mention that in countries where you can prove your vaccinated status, mandatory quarantine is exempted. Why are you ignoring the facts on the ground, is it because it doesn’t match your narrative?",0.0,Conservative,2021-06-15 13:17:10
"No...   You're not understanding me here.  All of those who need to be vaccinated have been vaccinated.  Anyone who needs it, and has not gotten one has made a CHOICE.  Those who have been vaccinated can get COVID, but will very likely not have major complications from it at this point.  It no longer matters if (most) children get COVID.  They were never big spreaders of COVID to begin with.

I'm sorry to hear about your story, but this is the post vaccine world now, and we all can move on.  The big test for the planet will be this coming autumn.  That will tell us a lot.  If things start going south for some reason in fall, then we act.  Right now, it's a little ridiculous to act like we all need to be super careful.",1.0,Conservative,2021-06-15 15:16:40
"Vs how many people have died of COVID? 

33 million Americans are confirmed to have come down with COVID, 600k have died. 

172 million Americans have had at least one vaccine shot and ~800 have reported heart PROBLEMS. 

If you’re making a risk assessment against vaccines with this information you’re just dead wrong and not reacting to actual data.",-1.0,Conservative,2021-06-15 16:08:17
"I was perma banned from nfl for saying that I think these healthy 20 year olds can afford to wait to get the vaccine, especially if they already had covid. Seemed like a logical thought from me but they don’t want me being impressionable to their young base. The most popular Articles there the last month are users shaming people who aren’t vaccinated.",60.0,Conservative,2021-06-16 12:28:43
"idk.  Did Trump specifically give orders sending Covid patients into Nursing homes?
Did he tell everyone that everything was just fine and to come on down to Chinatown for dinner?
Did he tell people not to trust the vaccines?
Did he shut down businesses in the middle of no where that had zero Covid risk?

Did he do what he could to bypass bureaucratic nonsense to get supplies where they needed to go?  

Did he launch operation Warp Speed to get the FDA to focus on vaccine approval and set up logistics so everything would be ready when the vaccines were?

Did he say Vaccines would be ready by December?

And yes, we are up to 600,000 deaths by Covid.  But there isn't a thing anyone could have done any better without shattering the constitution.",8.0,Conservative,2021-06-16 13:35:01
"Troll lmao. 

You can't argue with what I said because you know your argument is bullshit, so you whip out the ""covid hoax"" thing. So original 😒

And Trump never called Covid a hoax. And logically speaking, why would the guy who called it a hoax commit full bore to streamlining the vaccine process to end said hoax? Your whole argument here doesn't make sense.",2.0,Conservative,2021-06-16 15:17:03
"I find it hard to believe that the leader of the free world (at the time) who had every person who came in contact with him was tested to excess for Coronavirus antibodies. The man who does not smoke, and does not believe in drinking (because of family alcoholics). Who has a personal staff of chef's, and a personal staff of Dr's around all the time. And who actually exercises to an extent when golfing and walking for events, did not get sick from a ""virus"" that has a better survival rate then the flu, pneumonia, or even other more common colds we fight every year.  


Call me a conspiracy theorist, or whatever you want, but this is propaganda for Pharma, create 2 forms of treatment for the public for profit (weather from tax money through emergency covid relief or donations, or other ways of funding)

1. A new form of controversial vaccine for the public
2. Create a new ""cocktail"" treatment for the public

Both profit in mass while the public takes said new treatments.

Oh yeah and not to mention Trump propped up HQC for some time and was blasted from the media for his outrageous claims that a simple pill (which has been used for malaria type virus treatment for some time in other countries and works like a charm) was the cure. 

Now I am not denying 100% that he didn't get sick, but I find it hard to believe he took some ""new treatment"". Instead he probably took HQC, with some Zinc, and a lot of Vitamin-C. All while getting some rest and staying hydrated, out of the publics eye away from the media to make it seem like this new ""2nd treatment"" is better then the Jab.",0.0,Conservative,2021-06-16 15:38:14
"

&gt;Your words show your insecrurites

How?


&gt;And that orange asshole had nothing to do with RNA studies.

What did I say about Trump helping with RNA studies? Do you think I was implying that Trump was in the lab researching it himself? 😂

https://www.google.com/url?sa=t&amp;source=web&amp;rct=j&amp;url=https://www.cbc.ca/amp/1.5806820&amp;ved=2ahUKEwifw6aFvpzxAhVPVs0KHZOpD7oQFjAOegQICBAC&amp;usg=AOvVaw1m0YDZ0jpuYpSpdwqhBUQr&amp;ampcf=1
The Teump administration's Operation Warp speed gave billions of dollars to the vaccine companies (except Pfizer) but also pre-purchased hundreds of millions of doses. Not only that, but his administration helped to streamline the approval process.

&gt;The vaccine process started before he was even elected.

The covid vaccines were already in the making in 2016, three years before the virus first emerged? Citation?

As Biden would say: come on, man.",3.0,Conservative,2021-06-16 15:41:23
2 doses were 96% affective? What 70% of the time? Bs numbers i know several people that have gotten vaccine mainly elderly who still got covid after. And thats just people i know personally,1.0,Conservative,2021-06-16 20:08:55
"Has anyone else noticed but anytime you see a post on here about Covid, you immediately get an ad from get vaccine answers or some other government vaccine campaign, even if you have reported the ad is harassment and blocked all of the different accounts every time you see it? At this point I am reporting every vaccine ad as targeted harassment at me, because that’s what it feels like.

As a teacher who had to wear a mask at work all day for the last year, that’s disgusting and I’m going to go burn them all now",27.0,Conservative,2021-06-17 00:18:17
"That’s laughable trying to give credit to trumpet for anything to do with the vaccine rollout. Sure he helped get warp speed the funding, but the actual drug companies did the heavy lifting. You do realize that Trump doubled-down on saying that covid would go away when the weather got warmer and then when it didn’t he basically buried his head in the sand. He singlehandedly was responsible for the 550k American deaths due to his incompetence. The only reason things turned around for the US is that Biden won the election, put competent people in charge, and there you have it, problem solved. The timelines don’t lie, just people trying to change history do.",0.0,Conservative,2021-06-17 04:06:55
"correlation vs causation. 

Facts it been in america for over a year.  

Fact a large population of americans had already caught it and didnt get tested

Fact a large populatin of americans caught it got tested

Fact the test was changed resently to reduce the number of cycles meaning you will have a drop in positives already

Fact the vaccines have been proven to kill over 3000 people and thats only reported

Fact we know the covid reported numbers were inflated due to the governments involvement, more money for the hospitals for covid patients. Going to die of cancer you hvae covid now so we can take care of you get the drift. 

Fact if you have already caught the virus you dont need the vaccine if most the population caught were asymptomatic then the numbers were going to drop anyway.  You fail t use critical thinking or any research in your bs of a claim please enjoy your day and understand that covid wasnt as bad as it was made out to be.",0.0,Conservative,2021-06-17 07:36:32
"&gt;Discriminatory liberty?! LOL Liberties that were adjusted because of a PANDEMIC.

You are a caricature of the ignorant, lol. Replace PANDEMIC with literally anything.

&gt;The flu A) has a vaccine, B) we are usually able to predict the flu strains that year and C) the flu is not typically a pandemic, although it has occurred in the past. The flu is vastly different from what has been occurring now. 

lol, you didn't even read what I wrote. 

&gt;You should include the data for that lightning claim because it sounds like you are incorrect. 

Less than 300 people under 25 have died to COVID with no comorbidity other than influenza. Only 1/10 people actually catch COVID.

&gt;You do realize that the age group that are hit the hardest are the adults/elderly? Which also happen to make up a majority of the church going crowd.

Yeah, they go because of this little concept called self-determination. They decide the risk of getting mauled by a bear or getting hit by a car is worth going to church.

&gt;No one is infringing on your religious beliefs. No one is telling you what you can and can't believe. No one of telling you that you can't pray to your God. They are saying you can't gather in church for a while when a respiratory virus pandemic is occurring. 

Clearly there are people that believe you are making contradictory statements here, or they would not be risking prison to follow their faith in more authoritarian regions.

&gt;So the gist of this is that it's okay to say fuck those people that are at risk because my wants supersede their lives. It's not even a need situation, it's a want. That's pretty sad.

That has quite literally always been how it was, yeah, and for good reason. People who are at-risk need to protect themselves. Everyone else live their lives as normal.",0.0,Conservative,2021-06-17 08:03:08
"""big pharma"" eh? All the big bucks they are going to make off this cheap, 2 dose vaccine?

You're not addressing the main point. These governments have ABSOLUTELY no motivation to pay a dime more for drugs than they need to AND they are very used to dealing with ""big pharma"" in order to negotiate far better deals for their citizens than in the USA. 

You are also ignoring the fact that there is absolutely no evidence than the drug is in any way effective against covid.",0.0,Conservative,2021-06-17 10:50:21
"&gt;""big pharma"" eh? All the big bucks they are going to make off this cheap, 2 dose vaccine?

[Covid vaccine profits mint 9 new pharma billionaires](https://www.cnn.com/2021/05/21/business/covid-vaccine-billionaires/index.html)",8.0,Conservative,2021-06-17 11:06:25
"Scientists refused to look ontobthe wuhan lab leak because givernment officials were silencing the issue as they are trying to now. Trump was proactive aboit the putbreak, before any other country he enstilled the travel bands and quarentine when covid cases were only in the 100s, to bpame all of the covid deaths on 1 man is ignorance especially when that one man tried to help after all, that vaccine that you al praise was started by trump.",-12.0,Conservative,2021-06-17 15:00:15
"I agree, plus I think they didn't want any therapeutics at all, in order to get emergency approval of the covid vaccine.",2.0,Conservative,2021-06-17 17:46:06
"Apparently the existence of the lab was a question because without any evidence they pointed the finger at the wet market across the street instead of the level 4 bio lab researching bat corona viruses.  In fact, we now know there were no bats in the wet market as they come from 800 miles away.

The first paragraph of the article:

***France's Luc Montagnier says SARS-CoV-2 virus was the result of an attempt to manufacture a vaccine against the AIDS virus***

&amp;#x200B;

But here's a more direct quote since you don't know how to google.

***He said: “We have arrived at the conclusion that this virus was created.” He accused “molecular biologists” of having inserted DNA sequences from HIV into a coronavirus, “probably” as part of their work to find a vaccine against AIDS.***

[https://www.connexionfrance.com/French-news/Disputed-French-Nobel-winner-Luc-Montagnier-says-Covid-19-was-made-in-a-lab-laboratory](https://www.connexionfrance.com/French-news/Disputed-French-Nobel-winner-Luc-Montagnier-says-Covid-19-was-made-in-a-lab-laboratory)

There is a link to the interview there but of course it's in French.",1.0,Conservative,2021-06-17 22:09:22
"i think he/she meant November 9th:

https://investors.pfizer.com/investor-news/press-release-details/2020/Pfizer-and-BioNTech-Announce-Vaccine-Candidate-Against-COVID-19-Achieved-Success-in-First-Interim-Analysis-from-Phase-3-Study/default.aspx",36.0,Conservative,2021-06-17 23:18:11
If you Google “hydroxychloroquin Covid” you’ll should find studies that say it works—now that everyone had a vaccine .  Don’t get me wrong—I like having a vaccine but when politics is deemed more important than possible treatments in an emergency situation my blood boils.,1.0,Conservative,2021-06-18 11:40:10
"If universities and colleges can mandate that their students be vaccinated for things like tetanus, the COVID vaccine should be no different.",-12.0,Conservative,2021-06-18 11:48:46
"  You are a liar.   Phase 3 trials have been done since November 2020 for the pfizer vaccine.    Pfizer has already submitted all the required research to the fda for full approval in May.   I have included links below to backup my claim.   So my question to you is are you ignorant or purposely spreading misinformation to fit your narrative?   

https://www.pfizer.com/news/press-release/press-release-detail/pfizer-and-biontech-conclude-phase-3-study-covid-19-vaccine

https://www.npr.org/sections/coronavirus-live-updates/2021/05/07/994839927/pfizer-seeks-full-fda-approval-for-covid-19-vaccine#:~:text=Ethics-,Pfizer%20Seeks%20Full%20FDA%20Approval%20For%20COVID%2D19%20Vaccine%20%3A%20Coronavirus,currently%20granted%20to%20the%20vaccine.",2.0,Conservative,2021-06-18 16:50:38
