comments,score,subreddit,time_created
"https://www.nytimes.com/interactive/2021/us/covid-cases.html

 ""Nothing in life is to be feared. It is only to be understood.'
--Marie Curie

My personal suggestion is to trust the data, stay optimistic, I believe those who go into the profession of saving lives genuinely want to. I celebrate your decision to choose, it's a free country.

I'm christian for example, and the Bible states that humans are basically good, all humans have something of God’s character and likeness.“You have made them a little lower than the angels and crowned them with glory and honor” (Psalm 8:5). A vast amount of humans, all trying to do good, developed the vaccine to help us not harm us purposefully, I have more faith in humanity than to think I'm being injected with ill intent.

Be well",1.0,Republican,2021-06-19 18:56:39
I don't know what some peoples intent is or isn't. I just don't trust these vaccines. I'm not an anti vaxxer for the most part. But I try and weigh the risk verses reward of any vaccine and I'm out on these covid vacinnes.,1.0,Republican,2021-06-19 20:14:25
"Oh, just come out and say that if you don’t get vaccinated you’ll lose your job, be prevented from traveling and end up in a government detention facility at gunpoint. You know he wants to. 

I mean, c’mon man, the government can’t funnel more of your tax dollars to Pfizer, J&amp;J and Moderna if you won’t take the product. Gotta pump up those stock values man. Top shareholders above my pay grade are breathing down my neck man. So let’s do this the easy way. Don’t be like Cornpop. Just take the vaccine and all future versions that’ll come out when the new Covid 21 and 22 variants are soon announced. C’mon man, top shareholders are counting on you, the American public! And believe me, you don’t want them pissed. Don’t make me lockdown your businesses. I really don’t want to man, so let’s do this the easy way. Let’s make those top shareholders happy! Are you with me? C’mon man, let’s do it! Awesome, now go light a sparkler and celebrate the Fourth!",2.0,Republican,2021-06-20 04:42:10
"Keeping businesses open was exactly the right answer - though to be fair, thanks to the Chinese and WHO lying to everyone at the beginning, we didn't know that immediately.

It turns out this pandemic was about as deadly as the flu.  We just didn't have a vaccine for it or natural immunity to it - but the survival rate was heavily dependent on age.

People in the age groups of 0 to 19 have a 99.997% chance of survival if they contract COVID-19, the age group of 20 to 49 a 99.98% chance, 50 to 69 years old 99.5% and 70 years old and above a 94.6% chance.

The correct decision would have been to stay open, but take special precautions to protect the elderly.  Then the disease would have run its course in a few months without destroying the economy.

Instead, we shut everything down and in several states, shoved infected people into nursing homes, with predictable results.",1.0,Republican,2021-06-22 16:07:20
"&gt; The WHO didn't ""lie"", they said we shouldnt panic buy masks because they didn't want a shortage of PPE for Healthcare workers.

They also said the virus wasn't contagious between humans, when the Chinese knew very well otherwise (and the WHO would have known had they actually investigated rather than taking the word of the Chinese government).

&gt; Did the flu kill a 9/11's worth of people a day, totalling over half a million deaths in america over the course of 2020? 

The flu killed almost no one in 2020.  They were all recorded as COVID deaths.

In other years, even after there was a vaccine, Flu deaths have occasionally topped 100k, and before there was a vaccine, more.

&gt; And we barely even closed down. 

Oh, that's why half of small businesses closed their doors and never opened back up (3/4 in some places).",0.0,Republican,2021-06-22 18:41:52
"This is how I feel. There's no such thing as a trusted news source when it comes to covid. Any mainstream media company has been caught lying so much in the last year.... if they told me the sky was still blue I'd go outside to make sure it hadn't turned green. 

That's why I refuse to get the vaccine. I hope I am just being paranoid and everyone that gets it is alright and healthier for it. But when they censor even mild critics of it while at the same time giving the companies handing it out total immunity to being sued.... that raises red flags to me. They say to ""trust the science"" but I'm flat out of trust at the moment.",2.0,Republican,2021-06-23 00:13:26
"Vaccine Adverse Event Reporting System https://www.openvaers.com

124 pages of COVID INJURIES &amp; DEATHS shortly after taking “the vaccine”…OMG

https://www.pdf-archive.com/2021/03/08/copy-of-reports-of-injury-after-v/copy-of-reports-of-injury-after-v.pdf

Injection ('vax') is very dangerous. Dark Horse podcast has all the details.  https://podcasts.apple.com/us/podcast/how-to-save-the-world-in-three-easy-steps/id1471581521?i=1000525032595

""...more than enough evidence on the Yellow Card system to declare the COVID-19 vaccines unsafe for use in humans. Preparation should be made to scale up humanitarian efforts to assist those harmed by the COVID-19 vaccines and to anticipate and ameliorate medium to longer term effects. As the mechanism for harms from the vaccines appears to be similar to COVID-19 itself, this includes engaging with numerous international doctors and scientists with expertise in successfully treating COVID-19."" https://www.francesoir.fr/sites/francesoir/files/urgent_preliminary_report_of_yellow_card_data_9-6-2021.pdf",1.0,Republican,2021-06-23 12:42:06
"[clown town part 3: pfizer edition](https://www.nytimes.com/2021/01/12/health/covid-vaccine-death.html)

“ThE rIsK iS HiGHeR fRoM CoViD iTsSelF”

No its not.... not from myocarditis or this. 
🤡🤡🤡🤡🤡🤡🤡🤡",1.0,Republican,2021-06-23 16:11:45
"COVID itself can also cause heart inflammation in children, not just the vaccine. I saw a friend this week who sits on the board for a major hospital in New York who told me this.",1.0,Republican,2021-06-24 14:11:58
"&gt; The WHO just didnt know how infectious it was at the time.

The Chinese government knew.  ...and the WHO would have known if they had bothered to look.

Keep in mind, a Chinese military scientist applied for a patent for a COVID vaccine in February of 2020.

&gt; How do you know that ALL flu cases this year were classified as covid?

ALL of them weren't.  Have a look at 2020 and 2021 Flu deaths as compared to previous years.

&gt; That's why we have PPE loans.

The government loan programs were mostly not available to small businesses, except in theory.  Only a few banks had access to them, and they restricted access to their clients.",1.0,Republican,2021-06-24 20:27:35
"Na most of us knows what's in the vaccine and people are still getting COVID-19 even though they've been fully vaccinated SMH shameful on the evil vaccinations schemes , hey just keep down playing the other medical ways that are 100% cures because it's not profitable by big pharma .",1.0,Republican,2021-06-25 03:29:54
"Here are a number of sites proclaiming the same as the OP

I can't seem to find it on goodmorningamerica.com... only this tweet

https://www.today.com/health/immunocompromised-covid-vaccine-response-may-not-protect-patients-t218420?

https://southernillinoisnow.com/2021/06/24/covid-19-vaccines-safe-for-kids-despite-rare-heart-complication-what-parents-should-know/

https://www.mycentraloregon.com/2021/06/24/covid-19-vaccines-safe-for-kids-despite-rare-heart-complication-what-parents-should-know/

But Yeah, let’s play the heart inflammation lottery with our kids. I’m especially appalled at people who get it for their kids",0.0,Republican,2021-06-25 17:34:41
If the vaccine is so safe and so effective how come there is still COVID checkmate liberals.,-2.0,Republican,2021-06-25 19:05:13
"I’m a republican who has been volunteering to administer the vaccine for months. Literally haven’t seen a single patient have any serious side effects, just the usual soreness and general immune response effects. Seen plenty of patients die from covid at my hospital though, and those who survive usually end up with some pretty serious respiratory/cardiovascular/renal/GI/neurological problems along with some pretty serious cases of ICU-associated PTSD, over half the patients we discharge are sent straight to a rehab facility.",1.0,Republican,2021-06-26 01:24:22
"You're being disengenuous by not specifying age groups. Covid is dangerous to the old and infirm while hardly having an effect on the young. The vaccine meanwhile has been having a negative affect on primarily young people. It's sad when the old and sick die, but that's part of life. Young people suffering such ill effects, including death, is a tragedy.",2.0,Republican,2021-06-26 03:39:00
Tens of thousands of healthy young individuals have died of covid. And only a micro fraction of those same heathy young people have experienced illness of the vaccine.,1.0,Republican,2021-06-27 14:14:00
You’re more likely to get COVID and die from it then anything happening to you with that vaccine.,1.0,Republican,2021-06-27 17:04:01
Still significantly less than the vaccine. 99% of young people survive. That’s not 100%. Think about it. All the other vaccines like measles and whatnot. How many people die of that today? You can thank the vaccine for that. The only reason ppl still die of measles is because they’re anti-vaccine. I will have to agree with you on this though. The Covid vaccine is still under development and needs fixes. It’s a small one but nonetheless a risk to take it. And I support you if your not willing to take that risk. At least wear a mask or something. I know they have downsides but they reduce the spread on your air droplets and aerosols by A LOT. A significant amount. Just be careful that’s all.,1.0,Republican,2021-06-28 16:46:32
"It's defined, right there, for everyone to see. It's just that you have no experience IRL # experience to define communism and fascism.

You're not a democrat, but a demonrat. You're a tool, a puppet, a marionette who discards consequences of 'agenda' - communist agenda. 

Medicals science through peer reviewed studies is conclusive, like HCQ and Ivermectin works insanely well against not only 'Covid', but towards a whole range of severe diseases. It's a cure and a vaccine to a broad range of illnesses, but the WHO and CDC censors the science. Call it fascism, call it communism, call it suppression of science, call it a failure to inform the public, call it censorship, call it treason against humanity, call it crimes against humanity, call it what it is - Genocide - but, you wanna deflect the convo towards Ted Cruz. LOL

You're a puppet, a failure, a thought-police-terrorist, an enemy of the people - the sovereign people in our existence. 

You will fail, you already have failed. You're exposed. #CommunistFascistTerrorist",1.0,Republican,2021-06-28 21:24:56
"“Climate change” is mostly natural, I’m not denying that humans have done *nothing*, but pretty much all climate change is natural.

“Trans” people exist but have mental health issues and people should not be raised to think that they can just change to be whatever they want to be because that’s just not how it works.

Trump did lose but it is very highly questionable if he only lost because of voter fraud by Democrats.  He may have or may not have truly won, but there have been some suspicious things pointing to voter fraud in Biden’s favor.

When did we ever say anything bad against Juneteenth?

Cancel Culture is very much real, many instances people have been silenced because some people don’t like what they’re saying.

Why should everyone get the vaccine?  If you’re vaccinated you should be fine, so why should the people who don’t care if they get sick have to get it?  If you hate Republicans and say that covid is so deadly, why wouldn’t you prefer they don’t get vaccinated and get sick so that you don’t have to deal with them?",7.0,Republican,2021-06-30 21:49:43
"The POTUS could wave this if he wanted in the interest of national security, but he said he wasn’t going to do it.

This is very informative (first section about the possibility for the military to be legally required to take the vaccine): https://www.justsecurity.org/75729/should-the-covid-19-vaccine-be-required-for-the-military/

Here in Canada, the vaccine is optional for the military.",1.0,Republican,2021-07-06 21:21:32
"They didn't.  ...and we still don't, really.  The vaccines we have now aren't FDA approved, and the scientist who created the technology they are based on is warning against them.

...and the government isn't pushing the regular flu vaccine like it does the vaccine for COVID.",5.0,Republican,2021-07-07 19:45:58
"Please read the news. Emphasis mine on the second headline.

HEADLINE: Covid Vaccine Passports Come to America: Gov. Cuomo launches first program

[https://wrko.iheart.com/featured/kuhners-corner/content/2021-03-30-covid-vaccine-passports-come-to-america-gov-cuomo-launches-first-program/](https://www.cnet.com/health/covid-19-vaccine-passports-will-play-a-part-in-global-travel/)

HEADLINE: California will soon have a COVID-19 vaccine verification system — but it’s not a passport *(or so they say)*

[https://www.deseret.com/coronavirus/2021/6/17/22536599/california-covid-vaccine-verification](https://www.deseret.com/coronavirus/2021/6/17/22536599/california-covid-vaccine-verification)",5.0,Republican,2021-07-07 20:47:28
"You have 2 options to choose from:

1) Don't get vaccinated and get the covid disease. It is only matter of time 
when the virus will hit you. If you're not vaccinated it will. 

2) Get vaccinated and enjoy only the rather mild side-effects of the vaccine.

Have you tried to calculate odds of a) dying while exercising option 1 and 2, b) odds of getting a permanent disability while exercising option 1 and 2 and then comparing which option is more likely to leave you dead or permanently disabled?

Better yet, any cocksucker not yet vaccinated will spread the disease to non-vaccinated population around him and at least in my country majority of people under age 20 or something have not yet received any vaccination due to miserable availability of the drug.",-8.0,Republican,2021-07-07 23:09:16
"I thank God Trump cleared the red tape so that the vaccines could be brought to market so quickly. Now that it is only the unvaccinated dying from COVID, it is time to return fully to normal life immediately. The idea of the federal government making Herculean efforts to try to persuade the remaining willfully unvaccinated is asinine. People who think there’s more risk from the vaccine than from COVID won’t be persuaded, and should absolutely be free to dishonor Trump’s legacy and roll the dice with the virus if they want to.",-1.0,Republican,2021-07-07 23:55:28
"Furthermore, I’m not anti-Covid vax. You get the vaccine all you want. I just choose not to. I know what my risk is. Does “my body my choice” still apply?",1.0,Republican,2021-07-08 00:52:00
"They do push for the flu vaccine.  The vigor is not as great because the Flu is already endemic and impossible to eradicate. At this point in time, it is starting to appear as though COVID will also become endemic and you may not have caught it this year, but ten years down, you may.",2.0,Republican,2021-07-08 14:29:12
"Statically and realistically you are more likely to get Covid, experience unwarranted affects for months or die from it than you are experiencing any “suffering” from the vaccine.  I truly don’t understand the real intelligence behind the anti Covid vax stance.",1.0,Republican,2021-07-08 16:57:26
"The virus was created in a lab.  The protein chains make that exceedingly clear, because the one that makes it contagious to humans does not occur in nature, but *does* occur in lab created viruses.

It is very contagious.  It is **not** particularly lethal, even among the elderly with comorbidities.

The lab it most likely was released from is 12 miles from Wuhan, in which the first cases appeared, which was studying bat coronaviruses.  That lab was doing gain of function research, which was funded by Fauci using an intermediary (Eco Health Alliance), because that research was illegal in the US - because it is dangerous.

A Chinese Military scientist filed for a patent for a COVID vaccine in February 2020.  If the Chinese already had a vaccine when the virus released, that is one explanation for their extremely low fatality rate.

We were extremely fortunate that the virus is ""only"" about as deadly as the flu.

COVID-19 is not the first virus to escape from a Chinese lab.  The next one that escapes (or is released) may be deadlier.",0.0,Republican,2021-07-08 16:59:03
"Well as a medical student I am certainly not anti vaccination. I understand the science and know vaccines work. However, I also have been through the vaccine manufacturing process where we go through trials and await for approval. I have seen the negative consequences of some vaccines that did not get approved. A true vaccine needs at least 3 years worth of study, trials, etc. This covid vaccine was simply rushed and I do not trust it",-1.0,Republican,2021-07-08 17:15:51
"when he stood before the judge at sentencing, terms had changed. He said Judge Frye told him he could choose between five years probation or just one year on the condition that he receives the COVID-19 vaccine.


That’s insane and a massive over reach of power but hey it’s 2021. If you’re not trying to be a dictator you’re obviously the problem",2.0,Republican,2021-07-08 22:18:09
"Already had Covid, don't need the vaccine, get fucked.",1.0,Republican,2021-07-09 18:46:54
"The flu is a global pandemic.  Prior to the advent of vaccines, it also killed millions worldwide.  There was never the pressure to get a flu vaccine as there is for COVID.",1.0,Republican,2021-07-09 21:23:33
I have Lupus. I have had Covid and so has my husband and children. My Dr has advised against the vaccine due to the possibility (though unknown) of heart issues. I already have heart problems due to my Lupus and it’s to big of a risk,17.0,Republican,2021-07-11 09:56:25
"“Due to the possibility of heart issues”, I’d argue the “I have had COVID” is enough to warrant not getting a vaccine. COVID itself produces long term durable immunity. There is no known medical reason to get the vaccine if you’ve had COVID.",10.0,Republican,2021-07-11 13:59:17
"The fact that they are surprised people don’t want the vaccine tells me how out of touch these people are. 

They also had to have know this would be the hardest part of the COVID outbreak",2.0,Republican,2021-07-12 23:57:53
"I have taken the vaccine. I am not going to tell those who decide not to they are wrong though.

The mrna vaccine uses incredibly new technology to inject genetic materials into cells and it seems like we will need to do it over and over to keep the protection.  This is not measles or mumps, you don't get life protection. Cannot rule out long term effects from multiple vaccines.

It is dogmantic and tyrannical not to consider medicines that cure covid...that exist today by the way, but they are being scrutinized and held up much more than the vaccines even though likely much safer. They reduce symptoms, get rid of long hauler issues and you walk away with immunity.",2.0,Republican,2021-07-13 02:03:25
"To be fair, there are both fear mongering. But evidence based on the efficacy of the vaccine versus efficacy of COVID infection supports the mongering of the COVID infection virus the vaccine.",1.0,Republican,2021-07-13 12:16:06
The article admits that Biden’s allies want to monitor and cencor sms messages that go against the COVID vaccine,2.0,Republican,2021-07-14 05:15:15
"Human fetal tissue research using aborted humans was done as early as the 1930’s, however, the HEK-293 (Human Embryonic Kidney 293rd experiment) cell line was the result of 293 unethical experiments and it probably the most widely used cell line. The HEK-293 cell line was allegedly created in the 1970’s and even then violated the 1947 Nuremberg Code which requires the informed consent of the subject and the ability to withdraw from the experiment, both denied the aborted subject. The fact that current policy allows a mother to donate her aborted child for research denies the humanity of the unborn and is immoral and unethical; the mother is NOT the subject! The fact that the Church relied on these lies either partially or in total to announce that it was ok to take abortion tainted vaccines due to the proximity of the abortion and the declaration that there is serious risk to health and there are no alternatives deny the fact that there are now several effective treatments (Antiviral therapy, antibody therapy and anti-inflammatory therapy) and that more than two abortions were used to derive these immoral vaccines, the number is at least 293 and much much higher. Unfortunately, one of the sources of the false fetal cell information was provided by discredited scientist, Dr. Paul Offit from the Children’s Hospital of Philadelphia who was exposed and found to have made a series of unsubstantiated and/or false statements, slanderous accusations and undisclosed conflicts of interest (http:/www. Ahrp.org/cms/views/811/150/). In addition to the HEK-293 fetal cell lines currently in use the attached report shows that other cell lines such as: WI-44, MRC-6, IMR-90, IMR-91, PER C6 &amp; WALVAX2 were derived from at least 466 abortions throughout the world.   
  
Far more disturbing than the use of existing cell lines, there are thousands of aborted unborn human subjects used  to create humanized mice which require “fresh” aborted human fetal tissue to create new batches of experimental mice for each of the COVID antibody tests to take place. Each aborted human subject can produce anywhere from one to as many as 50 humanized mice each and thousands of mice are used annually for research. Moderna relies upon humanized mice for the development and testing of their COVID vaccine. The reason for the high number of mice and the need for “fresh” tissue is that when the mice cells are merged with human cells, they develop tumors and die earlier than normal.  Human fetal tissue research has become a mainstream of the industrial abortion industry which enriches Planned Parenthood, procurement companies such has stem-Express and drug manufacturers such as Pfizer, Johnson and Johnson to produce and test the experimental COVID vaccines currently approved for Emergency Use Authorization.  
  
Alternatives to the abortion stained Johnson &amp; Johnson, Pfizer and Moderna Vaccines are currently in development, for example, GSK/Sanofi are developing their own COVID vaccine in addition to helping to produce millions of doses of the currently available vaccines. Other potential candidates can be found by visiting Children of God for Life: https://cogforlife.org/guidance/ &amp; https://cogforlife.org/wp-content/uploads/CovidCompareMoralImmoral.pdf - The Church may need to insist on morally acceptable vaccine alternatives and deny use of the current tainted vaccines or recommend the use of currently available effective treatments such as the antibody cocktail combination of casirivimab and imdevimab; Remdesivir and/or dexamethasone for COVID treatment when and where appropriate.",1.0,Republican,2021-07-17 15:02:09
"Why do people want to wait for the shot? Its proven to be safe and you know... stops COVID. People shouldn't be forced to get the shot, but I've never met someone who said that didn't trust the vaccine and also came off at as not insane.",1.0,Republican,2021-07-17 18:24:33
"""Guys, it's like literally killing people. Like literally""

The vaccine can kill people who would've been safe from Covid, and vice versa, it's completely up in the air. Also, we've got places like WHO saying the vaccines effectiveness isn't known so there shouldn't be things like vaccine passports in place. That along with the abysmal death rates of standard covid, and the immensely more abysmal rate for the delta variant, all of things makes it harder to convince people.",4.0,Republican,2021-07-17 19:18:01
"&gt; They do that to prevent disinformation, twitter did the same thing when Donald Trump started spewing nonsense about the covid 19

As it happens, much of what Trump said about COVID-19, that the left claimed was misinformation and censored, has turned out to be true.

- The virus leaked from a lab in Wuhan, China.  

- It was man-made.

- China deliberately allowed it to spread, and lied to the world about it.

- The virus itself is about as dangerous as the flu, and far less so to people under 70 unless they have multiple other health issues.

- HCQ (used along with zinc) is an effective treatment.

- A vaccine was ready before the end of 2020.",1.0,Republican,2021-07-17 20:05:28
"Oh sorry, ""has received two doses of a vaccine"" for the pendants in the crowd.

Also, so what if it isn't foolproof? Nothing in life is. The VP gets tested regularly and take reasonable precautions in the workplace like distancing and masking. She'd also be tested before meeting any ""world leader"".

So, if that's not safe enough, I guess the regular population who receives less testing and safety measures should have some sort of lockdown and safety mandate, ya? 

Or if Covid-Delta isn't anything to worry about, then she's not doing anything wrong?

Which is it?",-1.0,Republican,2021-07-18 23:53:41
You’re right they’re getting ready for him to step down. I wonder if he has met with any of the Tx Dems that are sick.- I thought originally the vaccine was to protect you from getting Covid- now vaccinated people are getting it too,-6.0,Republican,2021-07-19 03:28:36
"I was under the impression when the vaccine talk started it was supposed to protect you completely and eradicate Covid, like the Small Pox and Polio vaccines did for Small Pox and Polio. I’m immune compromised and have heart issues due to Lupus, so I will not be getting the shot. I have also already had Covid",1.0,Republican,2021-07-19 04:14:13
"&gt;s under the impression when the vaccine talk started it was supposed to protect you completely and eradicate Covid, like the Small Pox and Polio vaccines did for Small Pox and Polio. I’m immune compromised and have heart issues due to Lupus, so I will not be getting the shot. I have also already had

That is still true, Someone with less/no symptoms is not going to spread it in the same way someone coughing everywhere is going to spread the disease. They will also presumably kick the disease out of their body far quicker if they had previously had it or had the vaccines. which also helps reduce spread.

If we can then get the R rate down below 1 because of the protections people have. Then you start to get into the area of being able to eradicate the virus completely, though no one really thinks thats super likely but if we can massively reduce the cases then the chances of other variants is massively reduced also.",2.0,Republican,2021-07-19 12:28:30
"Our son's father in law had the Pfizer just like me two weeks ago at the grandson baptism he did not attend claiming he was really sick we found out that week he had COVID-19, i trust the vaccine also but wow surprise surprise. Can it really be so many people? And i don't trust the Texas lawmakers i agree with some here where this is show.",1.0,Republican,2021-07-19 21:48:58
"&gt;False, vaccines have been shown to improve protection against covid even for people who have already got the antibodies

You may not have done it to be a smart ass but neither did I, you seem to have a issue using aggressive language and stating things like ""learn to do a google search"" (which you also didn't bother to do)

[https://www.bhf.org.uk/what-we-do/news-from-the-bhf/news-archive/2021/february/single-dose-of-vaccine-acts-as-booster-in-people-whove-already-had-covid-19](https://www.bhf.org.uk/what-we-do/news-from-the-bhf/news-archive/2021/february/single-dose-of-vaccine-acts-as-booster-in-people-whove-already-had-covid-19)

I am simply following your lead. You didn't provide a source, So I didn't feel compelled too either. Now that you have I have provided a single one as well.

It's a shame you have taken this aggressive approach as I do apricate the link you provided as it does contradict my link and so it's good to see there is conflicting thoughts on this as this helps to better inform me.",0.0,Republican,2021-07-20 12:01:07
"Most of my fam got the vaccine and my brother decided not too, he’s not an “anti-Vaxer” he’s just 24, already had covid and healthy. Hasn’t had any problems so far.",4.0,Republican,2021-07-20 19:57:41
"I mean….the numbers don’t bear this out and I’m a little annoyed so many are falling into tribal mentality like this.

Yes, every medical procedure has some risks. Yes the virus’ lethality for large portions of the population have been widely overblown. Yes they’re turning this more political than it should be. No there shouldn’t be vaccine passports or requirements.

But ultimately the numbers show that while only a small portion of the population suffers significant consequences from COVID, a smaller portion suffers consequences from the Vaccine. And there is a portion of the population that IS seriously at risk from COVID, so getting the vaccine saved you both the inconveniences of getting sick and those people being endangered if they can’t get it. 

Don’t respond to their hysteria with your own.",8.0,Republican,2021-07-20 20:08:53
"My general understanding of vaccines is that it prevents ""catching"" the virus, or at a minimum severely shortens its lifespan in your body by priming your antibody response.  Hence, a vaccinated person or a person with natural immunity prevents themselves from being a vector for the virus to be spread to those unvaccinated. Now, in the case of those who have chosen not to be vaccinated, fine, that's freedom, you can do what you want.  But there is a small portion of the population that can't get the vaccine even if they wanted, and getting vaccinated will at least theoretically help them, which isn't a bad thing, even if it's not justification for any government mandate. 

Now, with that said, recent stories have called into question whether the vaccine actually prevents that transmission, but I'm not granting those Dem reps anything. They could be lying about their covid status or got that half-assed J&amp;J vaccine.",1.0,Republican,2021-07-20 20:40:00
The covid vaccine manufacturers stated these “vaccines” do not prevent transmission. This is known information. Its why alot of people dont feel its worth it if its not even gonna prevent the transmission. why risk the adverse affects and chance to die. If your old or overweight this vax makes sense to help you not die.,3.0,Republican,2021-07-20 21:10:43
"&gt;Don't we love how the left has their collective orgasm when claiming Trump supporters and Republicans are the ones not vaccinated. Oh really now? Proof and facts on that one as well, please.

At the population scale, [vaccination rates by state  do correlate with who the state voted for in the election](https://www.google.com/amp/s/www.denverpost.com/2021/06/25/covid-19-vaccine-rates-donald-trump-joe-biden/amp/).

I'm not making a good/bad statement on the vaccine, just answering the above comment.

Edit: the article is biased in its commentary, but there are hard numbers besides.",2.0,Republican,2021-07-20 22:53:37
"I’ve already had COVID and handled it fine. I’m 26 I workout and am healthy. I feel for me that I’m more at risk getting the vaccine than getting COVID. The vaccine has risks and people need to understand that. 

What I can’t stand is vax pushers who can’t respect that I’ve decided to not get the COVID vaccine. This is America and I’m free to make that decision. 🇺🇸",1.0,Republican,2021-07-21 03:20:49
"I already had covid, I have antibodies and I decided not to take the vaccine.

im 27 years old, live a healthy lifestyle and am working out a lot. I just think it makes no sense for me to take that vaccine... but if i try to explain that to vax pushers they start to insult me and that I dont care about the people around me... and if there are new lockdowns coming it would be totally my fault lol...

i live in italy btw... You basically have no freedom left if you are not vaccinated and own the so called ""green passport"".

not allowed to go to public events, not allowed into theatre or cinema, not allowed to go to the gym, not allowed to board a plane... and now they are thinking about not letting us go to restaurants unless we have this stupid passport.

yeah... free country my a\*\*",1.0,Republican,2021-07-21 06:47:52
https://www.google.com/amp/s/people.com/politics/sean-hannity-urges-viewers-get-covid-vaccine/%3famp=true,2.0,Republican,2021-07-21 13:02:34
"&gt; I'm not saying COVID was leaked from a lab in China on purpose....

Remember that a Chinese military scientist filed a patent for a vaccine for it in February 2020.",2.0,Republican,2021-07-21 13:40:58
"Again it affects the vaccinated because the vaccine may not be effective against variants that spread among the non vaccinated. And there are those who want the vaccine don’t want covid bit can not get the vaccine. I wish it was as simple as if you don’t want it then don’t get it as you are only affecting yourself, but it is not.",1.0,Republican,2021-07-21 20:51:50
"I don’t understand why the vaccine has become a political issue. 

Over 99% of people dying from Covid are unvaccinated.  In other words, the GOP is losing voters because of this nonsense.",40.0,Republican,2021-07-21 23:03:40
"The GOP isn’t telling people not to get vaxed. Just the opposite. It’s regular people, not the shit fucks in Washington.  

The media, likes to find the biggest dumb asses they can, strap a GOP label on the call them “the party line” 

If you can’t understand why the vaccine became a political issue, I wonder if you just have a hard time understanding politics at all. 

We’ve been lied so many times in the last year about everything COVID, that we don’t trust anything they have to say anymore. It seems everyone now know a handful or two of people who’ve got the vaccine and still got COVID, that makes everything else they have said about it suspect.",32.0,Republican,2021-07-21 23:18:18
"It's very publicly started the vaccine has something around a 90% efficiency rate. Which isn't awesome individually, but from a public health perspective wipes out covid.... Assuming enough people get vaccinated. 

It's not suspect, most people just don't understand public health, and don't seek the information.",14.0,Republican,2021-07-22 00:46:41
"How many vaccinated Democrats got COVID on that plane this week, (and how many people were on the plane) ? 

They keep failing to recognize the utter lack of medical necessity for those who have had COVID to get a vaccine. They, in fact, keep encouraging that cohort to get one, even though there is still no data that shows doing so has actually reduced the possibility of reinfection or reduces the severity of the disease for them. In fact, having COVID seems to provide better immunity than the vaccine, but you won’t here Fauci say that until it becomes politically expedient.  

They keep hiding the side effects. The side effects almost certainly aren’t as bad as the disease, but when you start deplatforming people who mention such a thing like side effects might exist, it make  people suspicious there might be much worse side effects than the powers that be are letting on. 

For fucks sake the lead company in developing this vaccine is Pfizer. They’re noted for holding the record for the largest judgment against any corporation ever. That judgment stems from them lying about the efficacy and dangers of the medicines that they were selling. They were falsifying data to the US government. Everyone should just trust them all the sudden. 

I’m pro vaccine, even this one. But let’s stop pretending we can trust the people pushing it.",6.0,Republican,2021-07-22 01:06:03
"The more people that get vaccines, the slower the rate of transmission. The reason why we want to slow the rate is to prevent the virus from mutating. Even if you are vaccinated, the vaccine may not be effective against the new mutated virus. This applies to all viruses and not just Covid. 

To put things into perspective, the covid delta variant is due to a mutation. While the vaccine is decently effective against the variant, we are unsure if other variants may pop up.

Additionally, vaccines do not work forever. For example, you need to take the flu shot every year since the immunity wears off. Similarly, the covid vaccin's effectiveness will eventually wane which means we need to get booster shots. It's hard enough to get people to get their 2 shots, let alone another booster.",1.0,Republican,2021-07-22 01:17:06
"A few reasons. 

One, the vaccine isn't 100% effective. So the more people that are vaccinated the less likely anyone will get it. 

Two, not everyone is eligible for the vaccine, most notable children under 12. So adults not getting vaccinated increases the risk to children. Especially high risk children. 

Three, sooner we have herd immunity sooner everything goes back to normal. I understand some will say we can go back to normal now. But understand COVID killed 600k+ in just the US even with lockdown. Imagine what would happen with zero restrictions.",11.0,Republican,2021-07-22 01:19:58
Why did the CDC change their COVID deaths so much? Over 90% change. On their website if you care to look. COVID had a death rate similar or less than the flu. Yet nobody freaking out about the flu.  I need more info before I am shooting myself with a “vaccine “ and that was pushed out so fast the FDA hasn’t even approved it yet beyond emergency use. Yes that is fact,1.0,Republican,2021-07-22 01:25:31
"The numbers went from 100% COVID to only 6% . A couple of points I get but that much? I am just skeptical that this is so damn dangerous I need a shot for. It just doesn’t add up. Everyone should be asking questions, like what’s in it? Why are the ingredients of every other vaccine listed but not this one? Why is there no warning label about side effects? Why did it go from only the elderly to now my kid needs it? We as humans should ask questions and not just believe what we hear all of the time. We cannot under any circumstances just believe anyone running out government or out vaccines had our best interest at heart, that would be extremely silly to even fathom",0.0,Republican,2021-07-22 02:00:31
Well there is a difference. The covid vaccines are non FDA-Approved and there are no long term tests. I personally took the vaccine as any side effects can't be worse than getting covid. But thinking back I realize that even though I can go out I will still end up staying home and and not going outside.,5.0,Republican,2021-07-22 02:36:12
"The vaccine protects against severe illness and death, not necessarily from catching COVID itself. We should expect a portion of vaccinated people to get infected and have symptoms; and small subset of these people will be hospitalized. But the number of infections and hospitalizations among the vaccinated will be far less than those that are not vaccinated.",13.0,Republican,2021-07-22 02:39:44
"This! I am a big believer in science. Never a believer in conspiracy theories and whatnot. Never been an anti vax kinda guy. 

I would have taken this vaccine the minute it was out if it weren't for the tens of lies they told us and the cover ups about covid general. 

Biggest deal breaker for me was when they said masks aren't necessary. Now I see them pushing for the vaccine and all I can think is: What are you lying about this time?",-6.0,Republican,2021-07-22 04:01:32
"Is the expectation that 100% of the world population gets the vaccine? Because that’s definitely not going to happen. Even if somehow the US reaches 100%, which still I don’t believe will happen, what about other countries? There are countries that are not taking any COVID measures now with sub 10% vaccination rates.",3.0,Republican,2021-07-22 05:24:15
"Are you replying to the right comment? I don't understand what you mean.

This post seems to be saying that unvaccinated people are being barred from some kind of public service- I have no idea what.

But NOBODY is implying that they don't have a right to vote.

So how is this taxation without representation? All of these people have representation.

What do socialist drifters in California have to do with anything? Are you saying because of them you don't have representation? How does this relate specifically to the covid vaccine?",2.0,Republican,2021-07-22 07:25:37
"[Ron Johnson (R) Wisconsin](https://www.rollingstone.com/politics/politics-news/anti-vaccine-republican-states-1183585/) as recently as June was pushing anti-vax ideas. The Republican lead health department in [Tennessee](https://www.cnn.com/2021/07/15/politics/tennessee-republican-vaccine-controversy/index.html) fired a woman for telling teens they would be eligible for the vaccine. 

&gt;[Only 14% of Americans say they will definitely not get vaccinated... Republicans make up 58% of this group, while Democrats account for 18%.](https://www.voanews.com/covid-19-pandemic/unvaccinated-americans-whiter-more-republican-vaccinated)",3.0,Republican,2021-07-22 09:20:54
"It’s a personal choice. Yes, it has a high survival rate,  what I have been reading lately shows that most of those 0.1% of deaths are unvaccinated. Data is starting to show that vaccinated people just don’t get as sick. 

  I don’t think that the vaccine is this magic cure that’s going to solve the worlds covid problem. It might, but it’s too early to tell.  But I’m middle aged, pretty out of shape, and business travel starts for me again next month. So lots of air travel, hotels and conventions.  For me, it makes sense.",0.0,Republican,2021-07-22 13:40:59
"Yeah they are unvaccinated because we've had a vaccine for 7 months and they've been tracking death with covid since last March/February.

Up to you to take it.  For me I have almost 0 chance of getting sick from it.  Had it, was nothing, have antibodies.  No reason to get it, in fact the push for it is making me even more hesitant.  My mom got it, she works in an assisted living facility and is in her 60s.  So no shaming here or anything.",1.0,Republican,2021-07-22 14:07:24
Yet the vaccination rates in red states is consistently lower: https://www.mayoclinic.org/coronavirus-covid-19/vaccine-tracker …great minds guess,0.0,Republican,2021-07-22 14:39:43
Texas also am has a relatively low vaccination rate: https://www.mayoclinic.org/coronavirus-covid-19/vaccine-tracker. What you are also illustrating is that ppl who are vaccinated in a populous with low vaccination rate are still at risk. Remember the vaccine is not 100%. I get they are dirty democrats and I hate that about them too.,1.0,Republican,2021-07-22 14:44:43
"With all due respect isn't the percentage of surviving covid without the vaccine pretty much doggon 100%?

Therapeutics have come a long way.",3.0,Republican,2021-07-22 18:30:14
"Well a few issues.

First off, what do you mean ""one antibody?"" Vaccines don't inject antibodies, they inject common/essential mimics (or the upstream producer of... In the case of mRNA vaccines) of viral proteins. Your body can make whatever antibody it wants in response to that.

And yes getting a booster shot DOES increase antibody levels, which does increase resistance to reinfection. There is a well established and well researched connection here. If you're looking for a study showing the 1 year actual health care outcome of the vaccine in post-infection patients- that doesn't exist yet, obviously, the vaccine hasn't been in use for that long. This data doesn't exist. Asking for it is inane.

All evidence and all prior studies point to a better antibody response, a better rate of neutralizing antibodies (effective antibodies, this may be what you're referring to, and it's currently undergoing research?), and immunity seen from prior coronavirus infections.

See:
https://www.nature.com/articles/d41586-021-01609-4
Also references 1/5 touch on some of these points.

And what is all this about side effects? Side effects are monitored very closely and widely reported. Yes booster shots cause a few days of body ache, that's an effective immune response. This is like a known thing- because in older people they weren't getting durable antibody responses without the second shot reliably. Younger people with more robust immune systems mount a stronger response (and very likely in a year they'll recommend younger people space out shot #2). Most conical research and news articles don't talk about this because we're debunking concerns about serious long term side effects, which are a much more valid concern. 

CDC is very clear about the mundane/routine side effects (as well as more serious concerns reported through VAERS):
https://www.cdc.gov/vaccines/covid-19/info-by-product/pfizer/reactogenicity.html
Fatigue in more than half, and fever in 15%

Tbh if a 20 year old has to feel like ""it was a doozy"" for a few days to stop being a disease vector I'm fine with it. It's a global pandemic. Be a patriot. Make a sacrifice. Save some lives.

Fyi- disagreeing with the government and business and the media 100% of the time doesn't mean you're smart, it just means you're contrarian.",0.0,Republican,2021-07-22 19:34:31
"Dude what side effects? The 1 in a million that gets mild treatable heart inflammation? Less likely then getting it from covid itself?

And the vaccine is better for delta then existing infection immunity.",0.0,Republican,2021-07-22 19:39:17
"That is a myth that only Republicans are not taking the Vax.
The VAERS system has reported more deaths and injury than all vaccines it has reported on in its history with Covid.
That's from the gov.
50 is enough to stop a vaccine. We are in thousands.
I have been vaxed by the way.",1.0,Republican,2021-07-22 19:58:38
"The vaccine does not guarantee you will not get covid, it teaches your body how to handle it. Thus it will reduce your risk of getting it, and of those who are vaccinated and get it have far less server symptoms.",1.0,Republican,2021-07-22 20:03:26
"When did I say that the vaccine “injects antibodies”? 

I didn’t say that, but allow me to clarify; “the vaccine only causes [the human body] to produce one antibody.” 

The vaccines all target the spike protein. It’s what they were designed for. Getting a vaccine will produce Anti-s antibodies in people with normal immune systems. 

If you get COVID, (and have a normal immune system) your body will also produce nucleocapsid antibodies, and spool up a few other anti-viral responses. 

If you get an antibody test, they check for both, if you have the latter, they know you’ve had COVID. 

While it’s reasonable conjecture boosting Anti-S will could improve immune response, it’s not born out by real world data. Yes you can get a boost from a vaccine, does it do any actual good? The real world data suggests not. 

Also, when did I say I disagree with government and business and media 100% of the time. I said you can’t trust them, there is a huge difference.",2.0,Republican,2021-07-22 21:15:49
"&gt; I don't think the vaccine works anyway. Look at all those Democrats on the airplane

Right now you have Governors on both sides of the aisle confirming that serious COVID cases in their states are almost exclusively  unvaccinated people.

It works.  It doesn't prevent 100% of transmission, but that was never claimed for this or any other vaccination.

Sorry, there's just a mountain of evidence around the world that supports this fact.",2.0,Republican,2021-07-23 00:46:16
American politicians lie.  UK 40 percent of hospitalized covid patients had two doses of the vaccine,1.0,Republican,2021-07-23 01:46:09
"&gt; I'm just curious- why are they lying to you?

The short, simple answer is power.  COVID allowed governments to seize unprecedented amounts of rights and freedoms from the public, and they are loath to give it up.

&gt; But why do you think every institution in the world is actively plotting to trick you into getting vaccinated? What's the motive here?

We don't know yet.  There are lots of conspiracy theories.  One or more of them may be correct, or there may be another reason entirely.  What we *do* know is that governments of multiple countries are exerting enormous amounts of pressure on their populations to get them to take a vaccine for a virus that isn't a danger to the vast majority of those populations.",0.0,Republican,2021-07-23 12:19:29
"COVID is dangerous. 

The vaccine protects against COVID. 

The vaccine is safe. 

Being vaccinated lessens the risk a person will spread it to others, such as the immunocompromised. 

Since this is a Republican subreddit, the most convincing argument might be that Trump is vaccinated and that he takes credit for the vaccines. 

Therefore:

People should get the vaccine. 



We should combat other causes of death, such as overdoses, also.",-2.0,Republican,2021-07-24 02:13:06
"Time to farm downvotes. These aren’t contradictory statements:

I’m skeptical of pharma, and the data shows these vaccines work. There are risks with taking the vaccine, and they are less than covid risk. I am worried about long term side effects, and the components of the vaccine breakdown in the body after a few days.",0.0,Republican,2021-07-24 10:52:29
"I'd like to modify that for you.

Trump *did not* win the election.

McAfee might not have committed suicide

Covid might have come from a lab.

Fauci knew it might have come from a lab

Hydroxychloroquine probably works for people who are hospitalized

Biden does not have dementia, but he is very lackluster

The vaccine works

Hillary Clinton is a killer in the sense that she is a warmonger

Masks are irrelevant because the vaccine works

It came from China

Some BLM supporters are looters and communists.

Literally stop falling for conspiracy crap and focus on the facts.",2.0,Republican,2021-07-24 23:28:58
"I'm tired of this attitude. 

I don't trust our government or media and I don't think the vaccine works well. So no, I'm not taking it. 

Don't blame me when your shitty vaccine given to you by our shitty government doesn't work and you catch covid anyway. I actually havn't been sick at all since the ""pandemic"" started.... not even a cold. And in the event I do get sick I will stay home... I havn't infected anyone. 

If your scared and trust our government... get your vaccine and wear a mask but quit trying to push that stuff on me.",1.0,Republican,2021-07-25 16:18:23
"No we do not, and it's all our fault.  Fascists labeling themselves ""Anti-Fascist"", Communists labeling themselves as a pro-race movement, and racists declaring everyone else racist.  These and other lies have been pushed by the left on the nation without any reprimand.  Political figures of their opposition have done nothing to stop but say hollow words, meanwhile they've engrained themselves in education, corporation, society, and politics.  The world looked at the screeching commies of ten years ago and said ""they'll change when life makes them grow up."". Meanwhile they've been the ones changing life to fit their wants, not the other way around.  Yet again, we stood idly by.  It began on college campuses, spreading like a disease, quietly, swiftly, and relatively ignored.  It worked it's way into public schools, starting with the redicule and removal of founding fathers, values, and the Pledge of Allegiance, yet we said nothing.  It found it's way into society, companies turning into their ideology vessels, yet we only chanted ""get woke, go broke"" while sipping a Coke product.

Only now that they have complete control of Silicone Valley, actively censoring voices they see as opposition on every major platform from Facebook to YouTube to Twitter, watching as these companies pour billions into DNC funds while actively conspiring and cooperating with them to remove our 1st Amendment rights, using COVID-19 as an excuse.  Resistance was small and quiet, and now they actively admit it from the Press Briefing Room with no fear of reprimand.  They actively and proudly proclaim they will revoke your 2nd Amendment right, and pursue it ruthlessly now.  What will happen before they come after the 4th? 5th?  It's happening sooner than you think.

The 4th Amendment protects you from unlawful search and seizure, the unmasking of Michael Flynn and Tucker Carlson have proved this Amendment holds zero respect by our Government.

The 5th protects you from self-incrimination, and yet they use both your political affiliation and routine legal activities against you, forcing you into a position now where the simple of idea of being a Conservative makes you an extremist, guilty without trial, sentenced to isolation and removal from society.  They want to push ""vaccine passports"" and punish those who don't carry.  Both of these tread heavily on your 5th Amendment should they begin to carry legal consequences.  

We allow them to actively claim that the 2020 election was legitmate and without scrutiny while they've failed to concede any election of the 21st Century.  They've claimed illegitimacy to every presidential run since Bush v. Gore.   And they manage to get away with this hypocrisy while actively blocking any verification from Arizona, Georgia, and other key states.

They converted honorable and decent wings of the Government, such as the Intelligence Agencies, the Military, and the Judicial System into Political pawns, converted from strong and unbreakable American systems, instead into woke, race critical, weak, useless husks.  The Army reduced to race training and anti-Conservative presentations, running from Afghanistan without warning, with our tails between our legs.  Our Law Enforcement scared to perform their duties, fearful of being published on the evening news, having their lives ruined, while our cities burned relentlessly for a year to the praise of the left.

America is not gone yet, but compared to our history, even only 7 months ago, we're nothing what we used to be.  Compared to 60 years ago, they wouldn't even recognize us.  Tyranny, Authoritarianism, and Fascism has entered the ranks, and hold the power.  Bumbling Biden at the helm, an army of radicals behind him, guaranteed open season on opposition without legal reprimand from activist district attorneys.  All while right wing protesters rot in solitary for a single act of violence.

Hypocrisy, Tyranny, Extremism, Weakness, Corruption, Fascism, and Censorship.  This is the Biden Administration so far, and the direction America continues to fall.",2.0,Republican,2021-07-26 02:48:18
"Some stats since this incoherent video doesn't explain if this is a verbal slip or actually the truth.

https://www.health.gov.au/initiatives-and-programs/covid-19-vaccines/australias-covid-19-vaccine-rollout#total-vaccine-doses

https://www.health.gov.au/resources/publications/coronavirus-covid-19-at-a-glance-25-july-2021",1.0,Republican,2021-07-26 12:42:30
"Not more than covid itself. But in addition to.  Based on Daily year over year trends, vaccine doesn't work. 

So all it is doing is killing people.  

Compare each day this week to given day last year.  U will see",1.0,Republican,2021-07-26 15:14:00
Vaccine has brought down the mortality rate of Covid to below the flu tho,1.0,Republican,2021-07-27 06:48:31
"And as an aside, when was the last time we did a random sample to see how many people had antibodies for covid in different regions? Or even better- T cells. Read up on T cells. The tests are expensive and just got approval. However, studies are showing that people have T cells long after their antibodies stop showing up on blood tests. Did you know that people had T cells for the Spanish flu for as long as 70 years later? That’s incredible! We’re throwing all of our time and effort in the mask and vaccine basket, but, maybe we should look at some other approaches too. Like, how necessary are these mitigation efforts when the spread is relatively low, death rate is very low, and a huge number of people are vaccinated or have already been infected…",1.0,Republican,2021-07-27 12:40:22
It’s also very unlikely to be hospitalized or die from covid without a vaccine,3.0,Republican,2021-07-27 13:18:56
"Of course you ignore long covid. And that’s total bullshit, the vaccine is nowhere near the suffering you’ll have if you get a bad case of covid. Finally let’s not forget that by refusing to get the shot you put us all at risk as there’s more of a likelihood that a new variant will emerge.",0.0,Republican,2021-07-27 17:02:19
"I got the shot. Stop assuming crap. I personally didn't get symptoms from the virus nor from the vaccine. 
New variants will emerge anyway. Flus do that. We adapt the flu vaccine every year, we'll do the same with Covid.",2.0,Republican,2021-07-27 17:10:02
I am Vaccine hesitant. I need to see some real data that shows my odds of dying from Covid are more than dying driving my car everyday. Anyone wonder why we don’t see the daily death toll everyday?,4.0,Republican,2021-07-27 19:41:26
"Ok, but again, why not get the vaccine? It virtually ensures that you won’t die even if you contract covid.",0.0,Republican,2021-07-27 20:41:56
