comments,score,subreddit,time_created
"Well , that goes without saying ; wearing a mask outdoors has been proven to be pointless by all of the data gathered over the course of the pandemic so far so I didn’t think it was worth mentioning. 

But I am surprised that making vaccinated people mask up is not getting more backlash. The  lack of faith in vaccine efficacy by officials in a premier University system should  be more controversial. The Covid vaccines prevent serious disease and lower the transmission rate to the point of making vaccinated people mask irrelevant.  What’s worse , it contributes to vaccine hesitancy, which could lead to even more Covid infections/death.",-5.0,UCDavis,2021-05-28 19:46:08
"Important Note: The official policy/mandate and thus the rationale has not been released yet. People are writing articles about announcements that some chancellors have made regarding communication they received from UCOP. Here are some of the messages from he campuses, but still not official word from UC Office of the President.

* Berkeley: https://news.berkeley.edu/2021/06/11/university-of-california-covid-19-vaccine-mandate-update/ 
* Davis: https://www.ucdavis.edu/news/masks-distancing-still-required-campus
* San Francisco: https://coronavirus.ucsf.edu/latest-updates
* Santa Cruz: https://news.ucsc.edu/2021/06/covid-vaccine-policy.html

Key point from Gary May's message (June 15):

&gt; The Office of the President released the draft in April and now that the public comment period has closed, I can tell you that **the policy will be issued and made final by July 15**.

My *guess* is that the UC is 99.9999% confident that the FDA will fully approve the vaccinations before the end of the year.

Imagine if they wait until the FDA fully approves the vaccinations and that doesn't happen until October 15. People (students, staff, and faculty alike) who have been reluctant/resistant to get the vaccine would have justification to postpone the shot for a while longer and the UCs would be all-but-required to facilitate another remote/hybrid quarter. That's more expense and more complexity.

What happens if the FDA says, ""Not approved. All vaccinations have shown too high of an incidence of Bendii Syndrome and from here on out, the only people who should get these vaccines are ones who already have advanced cases of Bendii.""

Well... everyone would be screwed. Not just the UC.",3.0,UCDavis,2021-06-17 16:52:25
"The employee aspect is covered. (https://www.eeoc.gov/wysk/what-you-should-know-about-covid-19-and-ada-rehabilitation-act-and-other-eeo-laws)


&gt; Under the ADA, Title VII, and other federal employment nondiscrimination laws, may an employer require all employees physically entering the workplace to be vaccinated for COVID-19?    (5/28/21)

&gt; The federal EEO laws do not prevent an employer from requiring all employees physically entering the workplace to be vaccinated for COVID-19, subject to the reasonable accommodation provisions of Title VII and the ADA and other EEO considerations discussed below.  These principles apply if an employee gets the vaccine in the community or from the employer.",1.0,UCDavis,2021-06-17 16:55:33
"Not tryna get bashed here, but some people don’t trust the gov especially after the gov prioritized the economy over the well being of the people, covid has shown the gov doesnt care about the people and there’s other reasons to be suspect of the gov and hence the vaccine but I understand your lov",-30.0,UCDavis,2021-06-22 07:06:21
"How many people died due to COVID ages 18-22 years old in the United States?  18-29 years old was 2,300 nationwide since the pandemic began.  Same number that died from cancer.  You walking around afraid you're going to die from cancer at your age?   Do yourself a favor and look at DATA before making statements that make no sense, as if you are smarter than others because you're at UC Davis. CA is fucked up.  Poor leadership, just finally opened back up, while red states have been open for months.  Forcing someone to get a vaccine is not in line with anyone's civil rights.  You know what those are right?",2.0,UCDavis,2021-06-22 17:48:43
"there is a clear difference between covid and cancer though, one has a literal vaccine for it",11.0,UCDavis,2021-06-22 18:00:52
"Heres links to various resources that I used to make my claims, obviously you should take the vaccines so variants don't spread, but there are valid reasons to be skeptical.

[https://www.nbcnews.com/health/health-news/evidence-grows-stronger-covid-vaccine-link-heart-issue-cdc-says-n1270339](https://www.nbcnews.com/health/health-news/evidence-grows-stronger-covid-vaccine-link-heart-issue-cdc-says-n1270339)

[https://www.ncbi.nlm.nih.gov/pmc/articles/PMC8009077/](https://www.ncbi.nlm.nih.gov/pmc/articles/PMC8009077/)

[https://www.cnbc.com/2021/02/12/cdc-expected-to-unveil-new-school-reopening-guidance-as-biden-pledges-to-get-kids-back-to-class.html](https://www.cnbc.com/2021/02/12/cdc-expected-to-unveil-new-school-reopening-guidance-as-biden-pledges-to-get-kids-back-to-class.html)",0.0,UCDavis,2021-06-22 18:35:45
"its an evolving situation at UCD

https://theaggie.org/2021/06/22/uc-moves-forward-with-covid-19-vaccine-mandate/",1.0,UCDavis,2021-06-22 21:55:31
Covid Variants could circumvent the vaccine and the last thing the school needs is a bunch of frivolous lawsuits.,3.0,UCDavis,2021-06-23 01:21:24
"&gt;I wouldn't have taken the vaccine either, except that there's a risk of catching the more deadly variant, which should be the only reason you need to take it.

There are multiple reasons to taking the vaccine. One is that you can still have a nasty time with long COVID, long-term lung issues, or just a plain unpleasant week even if you're not killed by it. Second, you increase the risk of passing it on to someone if you're unvaccinated. And third, if we want to clamp down on how fast new variants emerge, we have to have as close to 100% of the populace vaccinated as possible.

We've really got to stop thinking about vaccines as a self-defense thing because that'll encourage more people to skip it if case rates continue to drop. We're playing the long game now in terms of keeping this thing under control.",3.0,UCDavis,2021-06-23 07:29:26
"I’m a reporter for The Aggie. I was told masking will be required in the classroom for all students because some individuals will be granted medical and religious exemptions from the mandate and because there will be significant international travel in the fall.

https://theaggie.org/2021/06/22/uc-moves-forward-with-covid-19-vaccine-mandate/",6.0,UCDavis,2021-06-23 20:29:30
"So it’s not fda approved, it’s fda approved. 

And you know UC Davis, a public school, is mandating it right?

https://www.statnews.com/2021/04/05/authorization-status-covid-19-vaccine-red-herring-mandating-vaccination/

https://www.cnbc.com/2021/05/11/hundreds-of-colleges-to-require-covid-vaccines-for-fall-2021.html",2.0,UCDavis,2021-06-23 22:37:22
"Here is a list of FAQs of UC vaccine policy: https://ucnet.universityofcalifornia.edu/coronavirus/student-faqs-covid-19-vaccine-5-4-21.pdf
UC would accept any WHO-approved vaccine.",3.0,UCDavis,2021-06-25 23:50:00
"&gt; the mRNA vaccines are reliable against this strain

The problem is that ""are reliable"" is a black-and-white statement. We have to think in terms of probabilities, not absolutes. Going from the Alpha to Delta variants, Pfizer-BioNTech efficacy against symptomatic disease drops from 94% to 88%: https://www.theguardian.com/world/2021/jun/15/the-covid-delta-variant-how-effective-are-the-vaccines It's still good, but that's a pretty significant drop. And then there's the fact that people with just one dose, or no vaccine, are much more vulnerable to Delta--and there are enough of those people that they're making all of us less safe. Yolo County, for instance, is only 50% fully vaccinated. https://www.nytimes.com/interactive/2020/us/covid-19-vaccine-doses.html

With 600 000 Americans dead, I'm not sure why you'd rush to assume any negative covid news is ""fear mongering"". We're still in a decent place in California, and I've been going out, but the least we can do is keep wearing masks.",3.0,UCDavis,2021-06-29 16:32:12
"The sources aren't that hard to find, but here: https://www.theguardian.com/world/2021/jun/15/the-covid-delta-variant-how-effective-are-the-vaccines

Vaccine effectiveness against more severe outcomes still appears good... but remember, ""just spread"" is not harmless. More community transmission means more opportunities for further variants to evolve; more danger to, e.g., immunocompromised people who mount little immune response to vaccines; and generally more risk for the whole population.",1.0,UCDavis,2021-06-29 22:11:54
"To be fair, [China now accepts Pfizer/Jassen/Moderna vaccines since late Apri](https://www.washingtonpost.com/world/asia_pacific/china-vaccine-passport-visas-covid/2021/04/20/8a6422d0-a14e-11eb-8a6d-f1b55f463112_story.html)l.",4.0,UCDavis,2021-07-01 11:49:57
"World Health Organization (https://www.who.int/news-room/feature-stories/detail/the-sinovac-covid-19-vaccine-what-you-need-to-know)

Posted June 2, 2021

&gt; A large phase 3 trial in Brazil showed that two doses, administered at an interval of 14 days, had an efficacy of 51% against symptomatic SARS-CoV-2 infection, 100% against severe COVID-19, and 100% against hospitalization starting 14 days after receiving the second dose.",3.0,UCDavis,2021-07-01 15:25:43
"I took the BBIBP (sinopharm Beijing) covid vaccine which got approved by the WHO. University recognized and approved my vaccine certificate.

But if WHO approved vaccine isn’t available it’s best to come to Davis to take the vaccine. Even without vaccine you can still use campus facilities provided that you take a covid test every four days, so you can still enter campus buildings when waiting for the second shot to take effect.",2.0,UCDavis,2021-07-01 19:28:37
"You're right. Sinovac has gone through phase iii, but iirc the manufacturer hasn't published the details of their trail yet. Also, [countries relied on Chinese vaccine are now battling outbreaks](https://www.nytimes.com/2021/06/22/business/economy/china-vaccines-covid-outbreak.html). I'd definitely prefer a cdc approved vaccine, but if I had to comply with the university's requirement before coming to the States, I will get one in China.",2.0,UCDavis,2021-07-02 03:14:05
"Nobody knows right now. There are various factors:

* Unvaccinated: Infections are already increasing again due to the Delta variant. It's going to be bad again for this group.

* Vaccinated: There are a couple different concerns. 

 * Illness - Israel, is experiencing a 33% reduction in efficacy of the Pfizer vaccine. They're seeking booster shots already. 

 * **Serious** Illness - American experience thus far has shown that the main three vaccinations protect against serious illness (warranting hospitalization) from the known COVID-19 variants. 

 * Asymptomatic Infection - Vaccinated people can still be asymptomatic carriers of the Delta variant and thus are a risk to the unvaccinated. (Which is weird that we both allow unvaccinated people on campus AND allow vaccinated to go without masks.)

Everyone wants and is making movements toward the campus being 100% open. There are certainly small groups that need to plan for the ""just in case"" scenarios.",2.0,UCDavis,2021-07-13 15:08:43
"Then don't get all the other vaccines and don't go to school. You are already required to keep current vaccination records: https://shcs.ucdavis.edu/new-students

All New UC Davis Students Must Fulfill the Following Health Requirements

* 2 MMR (Measles, Mumps, Rubella) vaccines, or positive titer for each disease.
* 2 Varicella vaccines.
* 1 Adult TDAP.
* 1 meningococcal vaccine (Menactra, Menomune, or Menveo)

**Students become compliant with this requirement by entering their vaccination dates, uploading a copy of their immunization records, and completing the TB Risk Screening Questionnaire via Health-e-Messaging.**

[Tutorial: Step-by-Step Instructions](https://shcs.ucdavis.edu/sites/g/files/dgvnsk7846/files/inline-files/New%20Student102918.pdf)

* [UC Davis Immunization Worksheet (pdf)](https://shcs.ucdavis.edu/sites/g/files/dgvnsk7846/files/inline-files/IZ_document_for_pt_to_take_to_provider_Doc_A.pdf)
* [UC Immunization and TB Clearance Requirement FAQ's (pdf)](https://shcs.ucdavis.edu/sites/g/files/dgvnsk7846/files/inline-files/FAQ%20Immunization%20Requirements_20180822.pdf)

If you are found to be at higher risk for TB, your medical provider must complete the TB Health Assessment form. Once completed, it must be uploaded via Health-e-Messaging.  

These are the old requirements which do not include COVID",5.0,UCDavis,2021-07-15 04:26:48
"Yes, it’s a job I chose to do and I love it. I don’t want any praise for doing my job I’m simply sharing my experience of how much PPE sucks to get you to think of someone other than yourself. 

Wearing a mask indoors even if you’re vaccinated is a good idea. You can still get covid with the vaccine, the delta variant is more contagious. You’re not a hero for wearing a mask while vaccinated, you’re being a decent human who gives a shit about others and is still helping reduce the spread. Hospitals still require vaccinated people to wear masks and plenty of scientists feel that the mask mandate shouldn’t have been lifted regardless of vaccination status.",1.0,UCDavis,2021-07-15 04:51:19
"Then don't get all the other vaccines and don't go to school. You are already required to keep current vaccination records: https://shcs.ucdavis.edu/new-students

All New UC Davis Students Must Fulfill the Following Health Requirements

* 2 MMR (Measles, Mumps, Rubella) vaccines, or positive titer for each disease.
* 2 Varicella vaccines.
* 1 Adult TDAP.
* 1 meningococcal vaccine (Menactra, Menomune, or Menveo)

**Students become compliant with this requirement by entering their vaccination dates, uploading a copy of their immunization records, and completing the TB Risk Screening Questionnaire via Health-e-Messaging.**

[Tutorial: Step-by-Step Instructions](https://shcs.ucdavis.edu/sites/g/files/dgvnsk7846/files/inline-files/New%20Student102918.pdf)

* [UC Davis Immunization Worksheet (pdf)](https://shcs.ucdavis.edu/sites/g/files/dgvnsk7846/files/inline-files/IZ_document_for_pt_to_take_to_provider_Doc_A.pdf)
* [UC Immunization and TB Clearance Requirement FAQ's (pdf)](https://shcs.ucdavis.edu/sites/g/files/dgvnsk7846/files/inline-files/FAQ%20Immunization%20Requirements_20180822.pdf)

If you are found to be at higher risk for TB, your medical provider must complete the TB Health Assessment form. Once completed, it must be uploaded via Health-e-Messaging.  

These are the old requirements which do not include COVID",1.0,UCDavis,2021-07-15 05:21:12
"Then don't get all the other vaccines and don't go to school. You are already required to keep current vaccination records: https://shcs.ucdavis.edu/new-students

All New UC Davis Students Must Fulfill the Following Health Requirements

* 2 MMR (Measles, Mumps, Rubella) vaccines, or positive titer for each disease.
* 2 Varicella vaccines.
* 1 Adult TDAP.
* 1 meningococcal vaccine (Menactra, Menomune, or Menveo)

**Students become compliant with this requirement by entering their vaccination dates, uploading a copy of their immunization records, and completing the TB Risk Screening Questionnaire via Health-e-Messaging.**

[Tutorial: Step-by-Step Instructions](https://shcs.ucdavis.edu/sites/g/files/dgvnsk7846/files/inline-files/New%20Student102918.pdf)

* [UC Davis Immunization Worksheet (pdf)](https://shcs.ucdavis.edu/sites/g/files/dgvnsk7846/files/inline-files/IZ_document_for_pt_to_take_to_provider_Doc_A.pdf)
* [UC Immunization and TB Clearance Requirement FAQ's (pdf)](https://shcs.ucdavis.edu/sites/g/files/dgvnsk7846/files/inline-files/FAQ%20Immunization%20Requirements_20180822.pdf)

If you are found to be at higher risk for TB, your medical provider must complete the TB Health Assessment form. Once completed, it must be uploaded via Health-e-Messaging.  

These are the old requirements which do not include COVID",1.0,UCDavis,2021-07-15 05:22:50
"Then don't get all the other vaccines and don't go to school. You are already required to keep current vaccination records: https://shcs.ucdavis.edu/new-students

All New UC Davis Students Must Fulfill the Following Health Requirements

* 2 MMR (Measles, Mumps, Rubella) vaccines, or positive titer for each disease.
* 2 Varicella vaccines.
* 1 Adult TDAP.
* 1 meningococcal vaccine (Menactra, Menomune, or Menveo)

**Students become compliant with this requirement by entering their vaccination dates, uploading a copy of their immunization records, and completing the TB Risk Screening Questionnaire via Health-e-Messaging.**

[Tutorial: Step-by-Step Instructions](https://shcs.ucdavis.edu/sites/g/files/dgvnsk7846/files/inline-files/New%20Student102918.pdf)

* [UC Davis Immunization Worksheet (pdf)](https://shcs.ucdavis.edu/sites/g/files/dgvnsk7846/files/inline-files/IZ_document_for_pt_to_take_to_provider_Doc_A.pdf)
* [UC Immunization and TB Clearance Requirement FAQ's (pdf)](https://shcs.ucdavis.edu/sites/g/files/dgvnsk7846/files/inline-files/FAQ%20Immunization%20Requirements_20180822.pdf)

If you are found to be at higher risk for TB, your medical provider must complete the TB Health Assessment form. Once completed, it must be uploaded via Health-e-Messaging.  

These are the old requirements which do not include COVID",1.0,UCDavis,2021-07-15 05:23:26
You have incompletes on your transcript. You are hurting your future more than the COVID vaccine ever will.,1.0,UCDavis,2021-07-15 05:29:33
"Is it though? Less than 1% of COVID deaths are among vaccinated people. That's such a minimal risk for a majority of vaccinated people. 

If you're immunocompromised and can't get the vaccine, you can double mask with an N95 and avoid big gatherings.",-4.0,UCDavis,2021-07-15 11:53:14
"&gt; If you're immunocompromised and can't get the vaccine, you can double mask with an N95 and avoid big gatherings.

That doesn't always work. And we also can't pretend that what unvaccinated people do doesn't affect us. The more community transmission there is, the more everyone is at risk--both directly, and because it leads to more variants. What if we let covid run rampant among the unvaccinated and we get a variant that mostly escapes the vaccines?

So if we have an incredibly easy mitigation step, like masking, and it's even recommended by the county, we should do it.",6.0,UCDavis,2021-07-15 15:17:04
"I understand those measures don't always work, but none do. You can't protect other people 100% so you have to draw a line somewhere; when you're talking about the amount of people who are both immunocompromised AND can't get the vaccine, I think that's past my line. 

Also, I understand that variants still exist and new ones could develop within unvaccinated communities, but right now, even with the Delta variant, my vaccine has like a 90% chance of still working, and even if I still get it, it will likely be a milder case (remember that vaccinated deaths currently make up less than 1% of COVID deaths).

Yea, if a variant pops up that my vaccine actually doesn't work against, I'll probably start wearing a mask again.",-1.0,UCDavis,2021-07-15 20:32:47
"&gt; The flu has literally killed more people.

What flu? When? What's your source?

&gt; reduced sentencing

By 7.5 days, if this is the sort of thing you're referring to: https://whdh.com/wp-content/uploads/sites/3/2021/02/COVID-Vaccine-Memo-and-Form-English.pdf That's nothing crazy.",1.0,UCDavis,2021-07-16 01:31:58
"In fairness, I suspect you’re going to have a hard time finding a study where the researchers were like “yup, totally safe long-term”.

What I keep seeing is researchers explaining why the vaccine *should* be safe, and news sites trying to draw in clicks throwing out headlines like “Recent study shows covid vaccine safe long-term.”

Nobody is separate from “the scheme”, though, IMO. Every aspect of the anti-vax discussion stems from it, and if there weren’t a concerted effort to spread disinformation about the vaccines, people would actually listen to the science and understand that the vaccine is far safer than the risk of getting covid.

mRNA vaccines have been studied for like, 30 years, and the technology has been successfully used for other treatments in that time. It didn’t just pop out of nowhere. We have a pretty good idea of the safety at this point, and there’s no evidence pointing to long-term dangers (while there‘s plenty of evidence pointing to long-term dangers of getting covid).

I totally get that it seems like these vaccines came out of nowhere. *Nothing* happens this fast in medical science, basically ever. That’s not because the research and safety testing takes that long, though. It’s because the red tape, funding, and assembling test groups take forever.

The urgency of the covid pandemic cut through all of that and let the research and creation get done at an absolutely blazing pace. It still went through just as much testing as traditional vaccines. 

Skepticism in the pharmaceutical industry is, IMO, 100% justified. There’s a difference between the pharmaceutical industry and pharmaceutical research, though. In the case of COVID, the goals of the two aligned and companies got to make a bunch of money *and* release a cutting edge vaccine that’s going to save millions of lives.

Anyway, sorry for the long reply. I basically lost my best friends to the anti-vax movement over the last year, so I’ve got a few opinions on it. I hope it didn’t come off as aggressive toward you.",3.0,UCDavis,2021-07-16 04:17:45
"Hey dude, I applaud your willingness to think skeptically. But please remember that that has to go for *every* source of information, not just the ones you distrust. I would be especially skeptical of whatever source you got this information from, because these claims are just not accurate. Here are some explanations.

&gt; They couldn’t care less about our health unless it made them money

If you're referring to Big Pharma, of course they're soulless and amoral. But think about it: is it even possible for two groups of people to *never* have the same goal? Surely at some point their interests will align, right? That's what's happening now: our interests align with Big Pharma's. If  we get vaccinated, they get money, and we get a vastly lower chance of dying or killing someone else with covid. Not such a bad trade.

&gt; forced these supposed healthy shots

Who's ""forcing"" anything? Many, many countries are desperate for covid vaccines to save the lives of as many of their people as possible. Haiti is even further behind on starting their vaccination campaign: https://www.washingtonpost.com/world/2021/07/08/haiti-health-crisis/ Biden is simply including them in his ""vaccine diplomacy"" efforts.

&gt; Haiti (a country with extremely low cases of covid)

That's assuming they have adequate testing infrastructure. But even countries that did well for a long time are starting to succumb, especially with the more contagious Delta variant. See, for example, Taiwan. No country can keep cases and deaths low forever, unless they vaccinate enough of their people.

&gt; we continue to ignore the fact that vaccinated people are getting sick.

Has there ever been a medical intervention that worked 100% of the time? Vaccines, pills, bandages, anything? Of course not (with an asterisk; see below). Covid vaccines are no exception. They aren't 100% effective--but they are actually pretty close, when it comes to preventing death in vaccinated individuals! https://www.latimes.com/science/story/2021-06-24/nearly-all-covid-deaths-in-us-are-now-among-unvaccinated

At the same time, no one's ignoring breakthrough infections. I can find dozens of news articles on that topic with a quick search.

Finally, there's an interesting attribute of vaccines where they actually **can** become 100% effective. It just doesn't happen at the individual level--it's called herd immunity, and it requires a large enough proportion of the population to get vaccinated. We're not likely to reach herd immunity with covid, but we have with other diseases. Sometimes that becomes permanent. Look up what happened to smallpox.",1.0,UCDavis,2021-07-16 20:56:03
"I identify as a vial of the covid vaccine itself (not as a human), therefore I am already immune.",-8.0,UCDavis,2021-07-17 01:33:45
"We're entering a weird period now, where if people are able to stay within a vaccinated bubble there probably aren't going to be hospitalizations or deaths... but that's a big ""if"". The vaccine protection against *spreading* the thing has definitely slipped. I might worry more about students spreading covid around town.

I don't really know what's gonna happen or what the right choice would be, since the situation has gotten more complex after vaccines and Delta. I'm wrestling with this in my own life, deciding how many precautions to take as Delta rises.",13.0,UCDavis,2021-07-17 03:17:12
"Personally, I'm  gonna wear a mask no matter what their mandate was. I have the vaccine but this epidemic has gotten me to realize that no matter how clean I am, there will always be people who will ruin that for you. Each year I've been in Davis, I always got the flu. Plus I'd rather not risk any chance of getting COVID or any illness during the school year lol.",30.0,UCDavis,2021-07-17 07:29:30
"That’s not what I’m saying, I’m saying those that are unvaccinated because they simply don’t want to take the vaccine are elongating the virus’ lifetime and contributing to the faster spread of covid to immunocompromised people who CAN’T take the vaccine.",4.0,UCDavis,2021-07-17 08:43:04
"IMO it’s just different degrees of the same thing. The disinformation is all coming from the same place and the same mindset. 

These vaccines went through the same testing that traditional vaccines have. As I pointed out in another comment, the speed of development was partly because mRNA vaccines are faster to create, but also because most of the time taken on typical vaccine clinical trials is red tape, getting funding, finding trial participants, etc., not watching for long-term effects.

The benefit we *do* have with other vaccines is that millions of people have received them following their approval, so we can look at those people for some data on safety, but even that data is iffy (how do you eliminate enough variables to know that a shot five years ago caused issue x). Plus, someone refusing the COVID vaccine on those grounds is essentially saying “I want other people to put themselves at risk and see how it goes for them before I take it.”

Let’s say a new tdap vaccine finished its clinical trials and was just approved. You go to the doctor for a checkup and they tell you you’re due for your tdap vaccine. You get the new one and never even realize it or think about it, and it’s had just as much clinical-trial testing as the COVID vaccines, and probably less public “testing”, given how fast the distribution of those has been.

Anti-vaxers like to claim “mRNA vaccines have never been tested on humans before because they’re so dangerous!” The technology hasn’t made it into clinical trials before because pharmaceutical companies didn’t see it as profitable and wouldn’t fund the research. There’s no scientific evidence that the mRNA vaccines are any more likely to cause long-term adverse effects than traditional vaccines.

On the other hand, we’re seeing more and more evidence that contracting covid has a fairly significant chance of causing long-term harm, even if your case is mild.",1.0,UCDavis,2021-07-17 15:25:35
"I wish it was like that for everyone man it wouldn’t have been a pandemic then. Glad that you didn’t suffer but so many people have, that we need to get vaccinated not only for ourselves but for the safety of others too, those who are more susceptible to severe disease. The time is for the United States to unite against a common enemy before it mutates again and renders the vaccines ineffective.

I’ve heard people say that they aren’t at risk of severe disease and wouldn’t need the vaccine, but the truth is that you absolutely do for the sake of the community’s good health and for a quick recovery to pre-covid times",1.0,UCDavis,2021-07-17 16:51:50
"even someone who is vaccinated can catch and spread covid-19

[https://www.healthline.com/health-news/you-can-still-spread-develop-covid-19-after-getting-a-vaccine-what-to-know#What-the-vaccine-does,-doesnt-do](https://www.healthline.com/health-news/you-can-still-spread-develop-covid-19-after-getting-a-vaccine-what-to-know#What-the-vaccine-does,-doesnt-do)",2.0,UCDavis,2021-07-17 17:52:41
"Moderna says they don’t know the long term effects because they don’t. There’s no way to know for sure, and researchers are not often keen on claiming any kind of certainty they can’t prove. All of the research thus far (including decades of vaccine research and mRNA research) shows extremely little risk of long-term side effects.

It seems like you’re putting a lot of faith into the FDA and its approval process. FDA approval doesn’t necessarily mean a drug is safe. Given how public and heavily-scrutinized these trials have been by basically the whole world, it’s a formality at this point. It’s a process of experts looking over the data from clinical trials. There isn’t further testing or research done, and the amount of long-term effect data we’ll have in January is not significantly more than we have now. 

Again, though, we have a ton of data on COVID. We know a lot about it, and how it spreads. We’re still learning about its long-term effects, but it seems like the more we learn, the greater the prevalence of long term effects from COVID are. We also know how to stop it, and that’s through vaccines.

The problem with the “so get your vaccine and it’ll protect you even if I don’t get it” mentality is that there are people with medical conditions that mean they can’t get the vaccine, or that the vaccine is less effective.

Beyond that, though, case numbers right now are showing that infection and mortality rates are basically unchanged for unvaccinated people while they’ve dropped off almost entirely for vaccinated people. 

So many people remaining unvaccinated gives the virus more time to spread and mutate, potentially into a strain that’s not stopped by our vaccines. We could have Covid effectively wiped out in the US if more people were getting vaccinated.

You should feel manipulated by our media and public officials. For downplaying the virus for over a year, not taking it seriously enough, and pretending that “the economy” was more important than the lives of half a million Americans.",1.0,UCDavis,2021-07-17 19:28:22
"The Texas case addresses a lot of the legal notions people are raising in this thread:

https://www.natlawreview.com/article/federal-court-upholds-employer-s-covid-19-vaccine-mandate",1.0,UCDavis,2021-07-17 19:46:11
"&gt; swear it’s the end of the world

Strawman/black-and-white thinking.

&gt; the only cases are unvaccinated people

False. Early studies on Pfizer's effectiveness against Delta range from about 80% protection against any infection (including asymptomatic) to as low as 64%. https://www.healthline.com/health-news/heres-how-well-covid-19-vaccines-work-against-the-delta-variant

How far do we want to push the variants? Do we want to see how low they can push our vaccine efficacy? The more infections there are (vaxxed or not), the more chance we have to evolve a variant that mostly escapes the vaccines. Then we're back to square one. So commonsense measures like masking are a no-brainer.",2.0,UCDavis,2021-07-17 21:55:55
"&gt; According to the study, 99.5% of deaths since January are unvaccinated.

Exactly--*for now*, vaccines are very effective against the worst covid outcomes. (Although, remember that for a large percentage of the time since January, unvaccinated people have been the majority, so that inflates their death percentage a little.) The question is, how much should we gamble that that will remain the case? The idea of variants lowering vaccine efficacy is not a hypothetical. It's already happened, with Delta.

No one's saying we should go under shelter-in-place again. But it would be foolish to forget *all* mitigation methods, when we know that the more cases there are, the more chances for a bad variant to evolve.

&gt;if you’re scared stay home

Or take sensible precautions like masks, which is what this thread was about in the first place.",3.0,UCDavis,2021-07-17 22:16:23
"Honestly it's ridiculous to still make vaccinated people wear masks. According to [NPR](https://www.npr.org/2021/07/16/1017002907/u-s-covid-deaths-are-rising-again-experts-call-it-a-pandemic-of-the-unvaccinated),

&gt;Unvaccinated Americans account for virtually all recent COVID-19 hospitalizations and deaths

As they put it, it is a pandemic of the unvaccinated now. Even on the 10% I catch COVID after direct exposure, my chances of going to the hospital or dying are astronomically low. Essentially everyone who wants a vaccine (in the US), has one, so if you don't have it and get COVID, as far as I'm concerned, that's from your own lack of responsibility to get vaccinated. 

For the small portion of the population who are both immunocompromised and are not medically able to get vaccines, they can double mask with an N95 and wear a face shield. I understood this argument when the vulnerable people were like all old people and crap, but now we're talking about a much smaller portion of the population, so I don't think it's justified to impose a mandate on everyone just for them",0.0,UCDavis,2021-07-18 04:36:29
"wall of text

Hard concrete evidence is not everything, get out of this mindset.  I won't say much in regards to the first two paragraphs you made, only that I suggest you observe closely, disregard the superficial disagreements, and correlate every action taken by the system at large with a hypothesized intent.  Shed all preconceptions and try criticizing those you normally would never think of criticizing.  It's a pattern, you see, like recognizing faces in the wall.  That's all I'll say, it is something best left for the individual to think about.

Third and and fourth paragraph: actually there is something you can do, but it ain't a vaccine.  Most Americans fail to do it constantly: workout and don't eat garbage all the time.  Call me crude but I am not surprised that the covid has killed that many Americans - a large chunk of our country is obese and totally unmotivated to do anything about it.  Why would I put my trust into a vial of liquid whose contents I don't actually know (approved by people I still don't trust) versus simply eating well and lifting weights?  While it is possible that covid can kill you despite being in perfect health, it is highly unlikely (most pathogens can do this anyways, even a cold can be deadly under the right circumstances).

In order to totally stop covid from eventually mutating into something truly deadly, we would first need a vaccine so effective that it outright prevents infection (like the polio vaccine).  We would then need to vaccinate every single person on the planet, along with every newborn, along with every animal that could transmit covid.  Once all avenues of transmission are closed, the virus would enter extinction.  This kind of effort, while possible, is a titanic one, and it requires that absolutely zero mistakes be made - that includes making a vaccine that really is PERFECT, with all contingencies accounted for on solid grounds.  That means we need a vaccine that we can prove, beyond any doubt, is not going to cause any damage long-term.  This might become possible many years in the future, but not now - not with a vaccine that was this hastily developed.

Theoretically the vaccine shouldn't cause any long-term effects, but we won't actually know until later will we?  We don't even know if the vaccine will be effective long-term - it might just end up being a dud.  Again, I prefer to wait.

As a side note, I am not 100% against all vaccines, nor preventative medicine in general.  I'm simply wary of this particular vaccine, and I do not feel comfortable putting it into my body so long as that wariness exists, regardless of what others think.",1.0,UCDavis,2021-07-18 10:13:17
"I’m concerned about fall as well. 


Definitely we don’t know as much about the delta variant as other viruses out there. We don’t really know how it reacts to the vaccine and if it works at all for the variant or not. 

What we do know is the variant is worst than Covid it self. 
It’s a mutation from the original virus caused by people getting infected over and over with Covid and the virus getting stronger and stronger. 

Personally, I believe they wer really pushing the notion of you get vaccinated you don’t have to wear a mask to motivate people into that direction. What ended up happening is people who did not take the vaccine went out without masks and infected each other. Now here we are. 
I do think they lifted the mask and quarantine mandate too early and although it sucks but we do need to suck it up and stay home, wear masks etc until we find a way to battle this. It’s better to suffer for a few months vs keep having these variants that we know nothing about.",4.0,UCDavis,2021-07-20 16:08:07
"The vaccine isn’t really to prevent infection. It’s still doing a hell of a job. Almost 100% of infected vaccinated people are alive and didn’t require hospitalization. A lot of people described it like a bad cold/flu for a week, and they recover safely.

I think people are also forgetting that the effectiveness of preventing infection with the COVID vaccine is damn good, even for the delta variant. The flu vaccine for example is 40% affective in preventing infection. Because again, for these kind of viruses, the goal is to prevent death and serious illness.

TLDR you’re valid for having concerns. and tbh I don’t think we’re pulling out of this pandemic unless we start mandating vaccines (work places and schools and travel). But you’re also most likely going to be okay. Even if you do get COVID, your chances of survival and preventing a serious infection are very, very high.",24.0,UCDavis,2021-07-20 16:54:40
"Vaccinated people who get infected are not statistical anomalies. They are absolutely expected. Breakthrough cases are a thing. They were before Delta as well. I imagine you're hearing ""more and more stories"" because there are more breakthrough cases (since delta is more infectious) and because pretty much every news organization has given into clickbait &amp; plays on your (and my) fears, so they're reporting these vigorously.

A study in England found the following about 2 doses of the Pfizer vaccine ([https://www.healthline.com/health-news/heres-how-well-covid-19-vaccines-work-against-the-delta-variant](https://www.healthline.com/health-news/heres-how-well-covid-19-vaccines-work-against-the-delta-variant)):

80% effective against infection from delta variant

88% effective against symptomatic disease from delta variant

96% effective against hospitalization from delta variant

Other studies showed differing rates of effectiveness against infection, ranging from 64 to 96%.",6.0,UCDavis,2021-07-20 22:11:21
"So am I and I’m currently in isolation because I got covid anyway. My symptoms have been mild, thanks to the vaccine, but I still had to tell everyone I’d come into contact with about my positive status as well as wildly inconvenience the people I live with.",3.0,UCDavis,2021-07-20 22:37:25
"They have to be reworked every year because the flu viruses change every year. Just like how COVID is mutating, and many are predicting it will stay around just like the flu. The efficacy is around 40% for that given year, and it changes, but that doesn’t stop us from trusting that it works and institutions require the flu vaccine. It’s not really an anomaly. The TB vaccine also has a not very high infection efficacy. Varicella is 70-90% (recent study, 82%) efficacy for infection.",1.0,UCDavis,2021-07-21 01:22:58
"Yes, but you can still get infected and COVID can cause long-term health problems such as heart inflammation. I’ve gotten heart inflammation just from getting the vaccine.",1.0,UCDavis,2021-07-21 07:52:12
The vaccine is good at preventing death but vaccinated people can still get COVID and spread it. You can get long-term health issues from getting COVID.,3.0,UCDavis,2021-07-21 07:58:29
"Sounds like an issue with the vaccine then. Also we don’t know if there even are any long term health effects from covid. Every single story is speculative. There are some people who have been hit particularly hard, but for most it’s a non issue. 

I also think this idea of never getting it is over. Covid will be the new flu. There is no amount of boosters we can invent to take care of all the strains there are or will be. But the thing is, the vast majority of people have very very good chances of surviving infection.",1.0,UCDavis,2021-07-21 14:27:35
Agreed. Speculation about long-term negative effects of COVID are based on about as much fact as speculation about long-term negative effects from the vaccine.,1.0,UCDavis,2021-07-21 18:09:42
"Risk of heart inflammation is higher from getting COVID than getting the vaccine. Not just an issue with the vaccine. I keep hearing this “most people” as justification, but what about the hundreds of thousands of people who aren’t part of “most people”? Could be you. I thought I was fine being an active and healthy person bc it didn’t happen to “most people,” but I wasn’t.",1.0,UCDavis,2021-07-21 19:49:50
"i noticed you deleted you comment about getting heart inflammation from the vaccine (assuming you’re telling the truth) but i’ll paste the response i had anyway 

https://www.health.harvard.edu/blog/new-information-for-parents-on-myocarditis-and-covid-19-vaccines-202107012523

the benefits outweigh the risks. millions of vaccines given and only 1000 cases of heart inflammation reported. plus 79% of those who did experience heart inflammation completely recovered. 

every treatment has rare unintended effects, but the alternative is hundreds of thousands or more dying from covid",1.0,UCDavis,2021-07-21 20:06:11
"Okay so is your solution to stay in lockdown indefinitely? Because you want to protect the less than one percent of people who BTW are most likely to have chosen not to get the vaccine.

The absolute goal of every country in the world should be to get as many people who want the vaccine vaccinated and then go back to life as it once was. Newsflash, we will never be able to save every person from covid. Due to the rate at which it’s mutating and the rate at which it spreads, we will never ever ever get rid of it. So yes, we do need to think of it in terms of what is the best thing for the VAST majority of people.",1.0,UCDavis,2021-07-21 22:51:39
"The University of California allows exemptions for the COVID vaccine for reasons other than medical. With that said, 99% of new COVID deaths are people who contract the Delta variant and are not vaccinated. Hospital admissions due to Delta are up over 40% nationwide.

As far as the economy goes, California did fairly well during the pandemic.

[https://www.bloomberg.com/opinion/articles/2021-06-14/california-defies-doom-with-no-1-u-s-economy](https://www.bloomberg.com/opinion/articles/2021-06-14/california-defies-doom-with-no-1-u-s-economy)",0.0,UCDavis,2021-07-21 22:59:11
"Vaccinated people are contracting the delta variant. [1](https://www.cnn.com/2021/07/23/politics/what-matters-vaccines-masks-delta-variant/index.html) [2](https://www.npr.org/sections/health-shots/2021/07/17/1017075240/delta-variant-is-spreading-fast-and-new-cases-are-rising-is-time-to-mask-up-agai) [3]
(https://www.nejm.org/doi/full/10.1056/NEJMoa2108891)

&gt; In the test-negative case–control analysis, the estimated vaccine effectiveness against symptomatic disease with the delta variant was approximately 36% with a single dose of the BNT162b2 vaccine and approximately 30% with a single dose of the ChAdOx1 nCoV-19 vaccine; the effectiveness was approximately 88% with two doses of the BNT162b2 vaccine and approximately 67% with two doses of the ChAdOx1 nCoV-19 vaccine.

Would you potentially take an 88% chance of getting covid? A little over 1 in 10? 51% of the population of California is fully vaccinated, what % of students are from out of state?

That's not great, that's not a gamble to take with a disease that long term effects are still unknown. 

Foolishness. Absolute foolishness. You want to be done with it because you're bored of it. We're showboating before the finish line and someone is gonna come up behind us and we will snatch defeat from the jaws of victory.",3.0,UCDavis,2021-07-23 05:03:59
VERY few people are medically exempt from this vaccine because it’s an mRNA vaccine. My cousin got the vaccine and at the time she was on chemo therapy.  Immunocompromised people are actually being advised to get additional booster shots of the covid vaccine. They are fully able to get vaccinated.,1.0,UCDavis,2021-07-23 17:09:48
"I don’t care what the current caseload is. I am fully vaccinated, and at this point, anyone who wants to get a vaccine can get it. With the delta variant, the concern is for people who are not vaccinated. If those people want to play survival of the fittest, let them. If they want to gamble with death, that is their prerogative. We shouldn’t hold the rest of society hostage because of this. 

If you are vaccinated, contracting the delta variant is nothing more than getting a cold. Before COVID, we didn’t wear masks to protect against the cold or flu, I don’t see why we should start now.",38.0,UCDavis,2021-07-27 21:00:39
"&gt;I don't care what the current caseload is, I'm wearing a mask. I am fully vaccinated, and at this point, anyone who wants to get a vaccine can get it unless they are children, allergic, or immunocompromised. With the delta variant, the concern is for people who are not vaccinated, as well as the increased risk of new variants forming as the virus is transmitted between vaccinated and unvaccinated people alike. If some people want to play survival of the fittest with the lives of immunocompromised people, we should stop them. If we don't want to gamble with other peoples' lives, we need to work together. The rest of society can accept a small bit of inconvenience to protect an important minority.  
&gt;  
&gt;If you are vaccinated, contracting the delta variant is likely nothing more than getting a cold for you, unless there's something we don't know about this rapidly developing situation that has already taken several turns for the worse. Before COVID, 'we' didn't wear masks to protect the cold or flu, except for the many people at UC Davis who did wear masks throughout the fall, winter and spring, I think it makes sense to start now.

FTFY",2.0,UCDavis,2021-07-27 21:40:33
"&gt; If you are vaccinated, contracting the delta variant is nothing more than getting a cold.

**And being another opportunity for another COVID variant to further evolve.** 

COVID-19 is genuinely deadly. It's not the cold. It's not the flu. 1.77% (if not more) of all COVID-infected individuals in the US have died. And that's with a MASSIVE mobilization of our healthcare system.

The vaccine will lessen your symptoms to likely being negligible, but if we keep acting like the pandemic is defeated, we WILL get variations that WILL negate our vaccines and we're going to at square one all over again.",25.0,UCDavis,2021-07-27 21:59:26
"That number doesn’t matter in this context. 1.77% is the death rate from the very beginning of the pandemic. That is accounting for all the deaths that happened before mass vaccination. What really matters is the rate of death now. This number is way lower considering how the vaccine keeps most people out of the hospital. 

As well as that, what likely solution will stamp out covid completely? If you don’t kill it, it will spread again. We can’t keep going back into lockdown or mask mandates forever. We could I guess, but that would be terrible.",1.0,UCDavis,2021-07-27 22:31:53
No. That sounds supremacist. My beliefs don’t allow me to get vaccinated. None of my family members have gotten COVID-19 because WE NEVER GATHER SOCIALLY IN PUBLIC and WE’RE ALWAYS WEARING A MASK. I’ve met vaccinated people who don’t wear a mask anymore and they gather in public with dozens of people. People SHOULD NOT FEEL FORCED TO GET A VACCINE THEY DON’T FEEL COMFORTABLE GETTING IF THEY’RE BEING RESPONSIBLE!,1.0,UCDavis,2021-07-28 00:55:31
"Yes, to access campus facilities without taking a Covid test every 4 days you need to upload proof of vaccination. They’re formalizing how they will do verification for fall currently, I believe. https://ucnet.universityofcalifornia.edu/news/2021/07/ucs-covid-19-vaccine-policy.html",1.0,UCDavis,2021-07-28 01:21:04
"0.09% of catching COVID with a vaccine. Not wearing a mask, sorry.",1.0,UCDavis,2021-07-28 02:47:04
"&gt;that was never the goal.

That wasn't the initial goal. 

* Goal #1: Flatten the curve. Make sure we don't get overwhelmed while we are looking for a vaccine. 
* Goal #2: Get everyone vaccinated. With herd immunity, we will have effectively eliminated COVID-19.

Problem: No one predicted the level of brain-washing that 40% of the nation had experienced. Neither goals have been met, so we're still in this crap.",1.0,UCDavis,2021-07-28 16:01:56
"They aren't mandated. You just have to get COVID tested every 4 days if you don't get one, so you do have an option to not get the vaccine.",1.0,UCDavis,2021-07-28 19:20:57
"i meant luckily in the sense that if california hadn't decided the pandemic was over when it wasn't last month, then yolo county would be well into the purple tier. masks prevent asymptomatic spread even between vaccinated people who could potentially spread it to people who literally can't get vaccinated. such as my 5 year old nephew. i agree idgaf if my anti-vax boomer family members get covid, but i do care about little kids and immunocompromised people who, even if they have gotten the vaccine, may not have had enough of a response to it to protect them from severe covid like the rest of us.",1.0,UCDavis,2021-07-28 23:41:01
There’s also a reason emergency use authorization exists. mRNA vaccines have been studied for years so just because the covid vaccine is the first vaccine with that technology doesn’t mean it’s not safe. I’d say my degree in biochem gave me a much better understanding of how these vaccines work than you’ll ever have. Do you have your phd or something? Considering you think you know better than all the doctors and researchers who developed the vaccines.,1.0,UCDavis,2021-07-29 03:49:14
"You’re talking about “sterilizing immunity” (100% protection from infection) which is fairly rare in the vaccine world. I believe smallpox and measels are the only vaccines - for major disease at least - that offer sterilizing immunity. 

Rights now research is being conducted on an intranasal (inhalable) vaccine that seems to offer sterilizing immunity against COVID and something akin to a freeze-dried antibody inhaler to treat patients post-infection that looks like a traditional device you’d pull out for an asthma attack. 

You have a better chance of dying from a flu (if you didn’t get a flu vaccine) or from getting hit by lightning, or from a bicycle accident (especially in Davis) than you have from dying of COVID post-vaccination. 

In talks with admins and professors at a number of other campuses (UC, CSU, &amp; CC) around the state and they’re basically ready to de-densify and flip to hybrid at a moment’s notice since something like 87% of students prefer the hybrid model and a majority of professors prefer it as well. Everybody has an agenda though and campus politics (both individual and system-wide) are driving a lot of decisions &amp; causing tension in a lot of places.",1.0,UCDavis,2021-08-02 17:43:43
"I think what could happen is that because some people get vaccine exemptions, it's kind of likely that they will be the ones to contract the virus, and out of trying not to get sued UCD will force that class to quarantine because of a class of 300 people, a breakout case where one vaccinated person gets severe covid isn't extremely unlikely just given the numbers. That could be a real pain in the ass and could be a reason to at least be prepared for hybrid or online options.",1.0,UCDavis,2021-08-02 18:05:41
Looks like they will post the recording here for anyone interested: [https://campusready.ucdavis.edu/covid-vaccination/vaccine-webinar](https://campusready.ucdavis.edu/covid-vaccination/vaccine-webinar),1.0,UCDavis,2021-08-04 21:16:09
"Yes but a lot of kids aren't vaccinated, in fact there isn't a vaccine approved for kids younger than 12 yet. If you're 18+ and going to Davis you will be vaccinated and will wear a mask. I think the main problem is what do you do if someone has covid? How do they quarantine without falling behind in class.",12.0,UCDavis,2021-08-05 22:00:39
"https://campusready.ucdavis.edu/covid-vaccination

Key excerpt, emphasis mine:

&gt; The UC COVID-19 Vaccine Mandate issued on July 15 requires compliance two weeks before the beginning of fall term (September 8). For the safety and well-being of the entire university community, the policy will require, with few exceptions, that all students, faculty and staff be vaccinated against the COVID-19 virus before they will be allowed on campus or in a facility or office. *All* *vaccines* *approved* *by* *the* *FDA* *based* *on* *emergency* *use* *authorization* — or full approval by the FDA, as expected in coming months — *will* *satisfy* *the* *vaccine* *requirement*.

Anyone who thinks waiting for full FDA approval is a smart idea is in for a (deservedly) rude awakening.",1.0,UCDavis,2021-08-12 00:49:29
"As an international student, it's really frustrating and confusing. I am unvaccinated because getting a covid vaccine is hard in the place where I'm from (I'm trying my best to get the vaccine asap) I also need to get a PCR test 72 hours prior to my flight, so what if I get covid? I will probably be quarantine in my home country, and then I have to miss my flight and school too. If I can fly to the U.S, I have to be self-sequestered for 7 days (not sure where I'll be staying) then get my vaccines but I have to do online orientation and miss first few weeks of class because it takes about a month to be fully vaccinated. 

Also, what if there is an increase in cases and the school switches to online classes? Do I have to fly back to my home country or stay in the dorm? There are so many questions unanswered. I really wish the school gives us an option to do online classes for international students.",13.0,UCDavis,2021-08-13 04:46:09
What’s the point of getting tested if you already have the vaccine. If it’s because you can still carry covid or still get sick then what’s the point of getting the vaccine? It’s counterintuitive.,1.0,UCDavis,2021-08-13 08:34:07
"The vaccine helps prevent hospitalizations and death, but everyone reacts to infection differently so it may be worse than the flu for some. And even so, who would want to get infected? Getting COVID, especially with vaccines being less effective against Delta seems very likely with in-person. Also, a big issue is what we will do when someone gets infected. They will need to miss class and quarantine to protect others, especially those who can’t get the vaccine for medical reasons and are at higher risk of hospitalization",1.0,UCDavis,2021-08-13 08:53:50
"This is insane. Why would we go back to online? We will ALL be fully vaccinated AND masked. Accommodations can be made for people especially at risk. For the vast majority of us, dying from COVID under our current circumstances are absurdly low. The vaccine is highly effective. And the government has ALREADY approved Pfizer's booster shot, so if you didn't think you were protected enough before, soon, you will have even MORE protection. 

If you're that worried, wear an N95 mask, double mask, with a face shield and gloves.",1.0,UCDavis,2021-08-13 17:42:12
"Lmao? Bruh, I only brought up you should get std tested every time you get a new partner, idk why you keep bringing up ""every 14 days"". You really think us getting tested every 14 days cuz we run into massive crowds of people everyday should also transfer to ""get STD tested every time you sleep w a new partner"" analogy? Jfc. Btw, if you are meeting a new partner every week, then yeah, you should get tested every week. It's not even that difficult of a concept.
Since we are at it, the virus' mortality IS 2~3%, which is 20~30 times higher than the ""jussa flu"" yall love to bring up everytime.
""We hAvE BeTtEr CHanCe oF DyInG In a CaR AcCiDeNT""
Number of ppl that died from any type of car accident in 2019: 36,000
Number of ppl that died from covid despite the lockdown measures: 600,000 and counting.
I'm fuc.king tired of this completely false idea and you should be embarrassed for even typing that out.
The vaccine literally has millions of test trials at this point because millions of people took the said vaccines and there have been very little side effects. Stop being a pl@gue rat and take the fu#king vaccine.",0.0,UCDavis,2021-08-15 00:13:28
"Analogy means certain aspect of the subject being compared to is similar, it doesn't mean you can compare literally every part of the two. The reason my analogy works is because one must get std tested every time they sleep with someone new. Of course the university knows it's not sensible to make everyone get tested every time people meet other people, so it's making a compromise and making it 14 days instead. Idk why your ass so up in arms about it when it's not even that big of a fuc.king deal.
 ""We DoNt KnOw tHe LoNg TeRm eFfEcTs"" tell me you don't understand how vaccines or steroids work without telling me lmao steroids' side effects can show up in weeks. Almost all vaccines and medicines take months of test trial periods, and so did the covid vaccines. If their side effects were to show, they would've shown en masse already among the populations that received them.
Stop being a pl@gue rat and take the vaccine, or accept that you'll be treated like a pl@gue rat for the rest of your life with your pseudoscience bullls#it 🐀",0.0,UCDavis,2021-08-15 04:05:08
"What part of most of the vaccines we take these days were in clinical trial for months, just as long as the today's covid vaccine did you not understand, chad? ""FaCtS AnD LoGiC"" except when all the doctors literally beg you to take the fu.cking vaccines, because listening to experts make you a sheep and you should always have the exact opposite opinion of whatever the authorities tell you 🤣🤣🤣 clearly that's what it means to be a freethinker",1.0,UCDavis,2021-08-16 04:13:04
"Yes, It’s okay to have a difference of opinions, I think groupthink is detrimental to our society. Just hear me out and think about this; since they are doing a booster shoot because the vaccine is only effective for a small amount of time against Covid-19, what’s stopping this from doing a booster shot every year?",-2.0,UCDavis,2021-08-18 21:35:01
"the 1919 flu pandemic never fully disappeared, it just turned into our normal flu season. and we have new flu shots every year because each flu season has different strains that are most prevalent. they've been saying for a long time that something similar might happen with covid. so yeah, based on that info i wouldn't be surprised if there was a covid vaccine booster every year just like the flu shot. idk what's so bad about that, in my experience you either don't pay or pay very little for a flu shot, so idgaf if a yearly covid shot is added to that.",9.0,UCDavis,2021-08-18 21:48:44
"Then leave 🤷‍♂️ either use pelp or withdraw form the university…

Cases are skyrocketing thanks to unvaccinated people. Vaccinations are mandated on campus. Those with valid reasons not to vaccinate need testing multiple times a week. This is one of the best case scenarios in being around groups of people. If an unvaccinated person tests positive, they’ll have to isolate, stopping the spread. Masks are also required which helps reduce transmission. The vast majority of the student population are young adults, which are more likely to not develop severe infections, even without vaccinations. If you get sick, do the same thing you would do in a normal year if you got a cold or flu, be in communication with your professors and work out a plan with them. They will likely be way more lenient than typical given covid and everything.

Realistically, covid will always be a threat, when will we ever be able to return to normal? We have a vaccine everyone has access to, at some point, we just are going to have to deal with it and adapt.",15.0,UCDavis,2021-08-24 04:37:09
"If you are vaccinated, you don’t have to quarantine. It’s in the statement they made about reopening. So if you are unvaccinated and worried about missing class because you caught covid, maybe go ahead and get that vaccine",2.0,UCDavis,2021-08-24 16:10:00
"Don't freak out, remember if you are vaccinated, symptom free, and get tested then you will not have to quarantine, so no disruption to classes. Spreading COVID is not a concern since mostly everyone is vaccinated. Currently UC Davis students are at 79% vaccination rate as of 8/24. Hopefully that get closer to 90% by the time school starts since people might not have submitted their vaccine info yet.",2.0,UCDavis,2021-08-25 06:25:49
"Before covid, you had to have all required vaccinations to register in classes (https://shcs.ucdavis.edu/tags/immunization , https://shcs.ucdavis.edu/new-students/entrance-requirements). Otherwise, there would be a hold put on your registration. It'll probably be the same thing for the covid vaccine.",11.0,UCDavis,2021-08-27 21:28:00
"Copied &amp; pasted below for accessibility:

&gt;Dear Colleagues,

 

Throughout the summer, faculty and administrators have been working to prepare for the return to in-person instruction in the fall. With rapidly shifting health and safety guidance, apprehensions about your personal health and the health of our community are justified. We want to assure you that we are working in close partnership to bring students and instructors safely back into the classroom. The information on the Campus Ready website is being updated regularly to reflect the most current guidance. In addition, we will share regular updates with our academic community directly using a variety of communication methods (e.g., e-mail, Campus Ready website) as we continue to work towards the first day of instruction. Below are our responses to some recent inquiries.

 

Why it is safe to proceed with our plan for in-person instruction at full classroom capacity?
We have been in continuous communication with local and state public health offices, other UC campuses, and public health, infectious disease, and epidemiological experts. We have recently reviewed some modeling that is based on real-life classroom conditions at UC Davis, which we will share soon. This modeling supports the very low risk associated with in-person instruction given our vaccine, testing, and masking mandates. We are also monitoring a variety of data sources and are prepared to pivot to remote instruction if conditions dictate that such a move is necessary. The health and safety of our community will always remain our highest priority.

 

What is the rationale behind the testing rules of vaccinated individuals (why every 2 weeks and not every week)?
The CDC and CDPH do not recommend or require routine asymptomatic testing for vaccinated individuals. However, we think it is prudent to include a strong surveillance program for all students and employees, including those who are vaccinated. Testing for vaccinated individuals is set at every 14 days to align with our testing capacity and to provide a level of surveillance for our Davis campus that leverages our strong testing program. Individuals may choose to get tested more often if they prefer, but at least every 14 days will be required beginning September 20th.

 

Why is it considered safe to convene 100+ students in a room at full capacity?
The Public Health policies that the campus has put into place for all academics, students, and staff—mandatory vaccination, universal masking, regular surveillance testing—make returning to in-person instruction, including large lectures, significantly safer as our modeling indicates. The University has set a deadline to comply with the vaccine mandate—September 1 for UC Davis Health or September 8 for the Davis campus—and publicizes current vaccination rates on the COVID-19 dashboard. 

How is the campus working with CDC guidance and Yolo County Public Health Officer to ensure there is consistency with the implementation of their guidelines? Is there data that is driving how operational decisions are being made?
Guidance and policies from the CDC, CDPH, County Public Health and the Office of the President drive the University’s holistic and rigorous approach to decision making on campus. To ensure that guidelines and policies can be implemented consistently and effectively, we meet regularly with County Public health officials to review plans. We also leverage our UC Davis and UC experts for direct consultation and as sources of the most current data and research findings. We rely upon the CDC guidance for Institutes of Higher Education in our planning and decision making.

Below is a list of workgroups, composed of administrators and faculty representatives that have been meeting over the summer to strategize and plan for the fall:

Academic Support Work Group
Committee for Adjustments and Alternations to Instruction for Fall 2021 (CAAIF)
Delivery of Instruction Work Group
Fall 2021 Planning Work Group
Faculty Exemptions or Adjustments Work Group (developed CAAIF)
Fall Preparation and Academic Support Work Group
Student Exemptions or Adjustments Work Group
 

In addition to the workgroups listed above, many of you are working with your departmental colleagues to plan for fall instruction and for contingencies that may arise as the quarter progresses. You have many lingering questions that the workgroups and Senate are working to answer. We are developing an FAQ webpage that will be available in the coming week. You will be notified via email when the webpage is available. Please continue to submit your questions about fall quarter instruction via the Campus Ready website.

 

We are deeply grateful to you for your hard work and your commitment to our community.",1.0,UCDavis,2021-08-28 00:54:33
"I’m okay with this; it’s why I got vaccinated.  All the data shows that vaccinated people who get covid are almost never hospitalized and if they experience non hospitalization level  symptoms,  it basically is comparable to the flu, and for many people it’s far milder than the flu.  

We just aren’t going to eradicate covid with the current level of vaccine hesitance and I’m not willing to wait until every anti vax person is vaccinated and covid is therefore eradicated to go back to normal life.  

It is a tough situation for Immunocompromised people, though.",2.0,UCDavis,2021-08-29 00:44:52
