comments,score,subreddit,time_created
"I'm banned from facebook actually and I'm a libertarian. I hate trump and biden equally. 

With that being said. I haven't been provided with enough information to make a final decision as to whether or not I will get it. 

As I said above I'm pretty sure I have had it. And if I got the vaccine that does not stop transmission. If someone has it and coughs on something that I end up touching then I bring it home and hug my grandmother then she will get it. The vaccine isn't for everyone else it's for you.",3.0,AskReddit,2021-05-05 22:15:24
"I hate getting my blood drawn. On the other hand, I still need the second dose of the vaccine.",2.0,AskReddit,2021-05-06 03:18:54
Says the cunt that is scared of a vaccine. I'd hate to be such a stupid bitch that I think science is fake because daddy Drumpf told me,1.0,AskReddit,2021-05-06 20:13:39
"Astrology. Politics. Vaccine denial. Exhaustive COVID precautions. QAnon. Welfare Queens. Racism being cured. Libertarianism. Homeopathy. Chakras. Crossfit. Veganism. Bipartisanship in the US. Blue Lives Mattering. Carnivore or Keto diets for weight loss. Devout religion. HAES. Social Media Influencers.

Basically I just hate people.",1.0,AskReddit,2021-05-08 00:38:58
"Celebrities / influences sharing their losing baby weight / weight journeys. They never mention the balloons / sleeves they've had, the fact they smoke, the hourly priced personal trainers, personal chefs etc. Instead they promote a tea. My niece asked me for a box for her because ""I hate my fat legs."" She's a 16 year old with an insane figure and gorgeous legs. She's nowhere near fat or overweight. My heart was broken.

Also people who rant about not knowing what's in a vaccine.

And at the moment, anything Eoghan Harris says.",1.0,AskReddit,2021-05-08 06:29:16
That they took a vaccine for a virus for no reason and they choose not to build up their immune system. I welcome the hate . Just try to see it from my point of view here.,-1.0,AskReddit,2021-05-08 06:56:10
Anti vaccine stuff is all crazy town nonsense. I hate hate hate when people say the Holocaust wasn’t real— negating the suffering and genocide of millions is not cool.,2.0,AskReddit,2021-05-08 12:01:04
"Well that sounds kinda like hate speech to me. Most religious people don't get it because it goes against there religion.

Your saying that the government should force them to take a vaccine that goes against there religion? Seems like you don't support freedom of religion.",0.0,AskReddit,2021-05-08 17:20:22
"Unvaccinated people. Maybe not in general, but some celebrity will publicly say some stupid reason why they wont take vaccine and will take the hate for it.  
But maybe thats just my wish for people to take it more seriously.",4.0,AskReddit,2021-05-09 07:32:15
"Vaccines takes longer than 2 years to be developed... Way longer.

Some members of my family got sick as soon as they took the vaccine.

Flu cases have dropped more than 90% in 2020.

I hate being one of the guys that always mentions bill gates but i think he's a bit suspicious. Like he LITERALLY said that if more vaccines are made then the population will drop 10-15%. Not to mention the fact that he's a hypocrite. He keeps preaching about climate change and all that, but all his stuff use feul (cars, jets, mansion, etc) so who's to say he'll take the vaccine that he so dearly loves?

Pfizer's CEO won't take the vaccine.

Many politicians were spotted not using a mask, so why would i?",1.0,AskReddit,2021-05-10 02:14:48
"Yep, not realizing the mRNA isn't new was what gave me pause. But once that all got cleared up, I was happy to get the vaccine. Well...as happy as one can be to get a shot. I used to full-on pass out when I had to get a needle, I haaaaaate them. But I hate preventable diseases more.",2.0,AskReddit,2021-05-10 02:37:49
"The vaccine? Yeah I hate how people are telling you not to take the vaccine, then coming up with stupid excuses on why there bad.",1.0,AskReddit,2021-05-10 05:44:00
"Most unfair is definitely Joel Miller on The Last Of Us part 2. They literally killed him off in the first 2 hours. He didn't even die in a respectful way like many other games do. He gets shot in the leg and then beat to death. It would've been better if he atleast fought them before he died. ""But he ruined the chances a cure ever being made"" ok jabroni I KNOW that most of you wanted to save Ellie after learning that she would die to make a vaccine. It doesn't bug me that he died, I just hate HOW he died. Also I feel like the game would've been better and more well received if we got to avenge Joel's death as Tommy, his brother. It would be WAY BETTER if we played as Tommy and had Ellie as our side-kick just like in the 1st game and be able to switch between the two. It would make more sense too cause I find it very hard to believe that Ellie can survive and take down so many TRAINED MILITANTS with just the help of one her friends. Tommy is an ex-firefly so he would have training very close to military training.",1.0,AskReddit,2021-05-10 09:44:21
"By irrational I mean someone who is aware of covid statistics, but I see your point. It’s worth noting too that I still think 1% is atrocious, but that’s the cruel world. The flu and many over viruses in the same category have around the same mortality rate. The idea that covid will be eradicated is slim to none. New variants each year are discovered, it’s not like smallpox where one unique disease can be eradicated over the course of decades. I still hate the media’s portrayal of this doomsday scenario more than a year later. They’ve portrayed the vaccine as ineffective which is a monumental detriment to the timeline back to normalcy.",1.0,AskReddit,2021-05-10 15:47:03
"My guess is that the pandemic within two years; however, it's highly likely that COVID-19 will be an *endemic* disease (i.e. a disease we've learned to manage and live with on a permanent basis), so the end of *pandemic* will really be a transition to *endemic* status. 

The criteria that can dictate the end of a pandemic are numerous, so aside from a definitive eradication of a disease, there isn't really a bright line to indicate when a pandemic is over. These criteria include a lot of the metrics we've all heard a lot about, including positive tests per unit of population (e.g. positive results per 100K people in a given area), hospitalization rates, average hospitalization stay duration, the quality and availability of supportive treatments (drugs and therapies once you're already infected, whether or not you're sick), the rate of vaccination and the durability of immunity (i.e. how long the vaccine remains effective), the effectiveness of the vaccine against variants (and by corollary, whether we'll need repeated booster shots to respond to these variants), the degree to which the vaccines confer *sterilizing immunity**^(1)**,* and other factors. A final factor that'll just take time to determine - and one that is dictated by the factors above - is the normal rate of  natural infection in a population, and that this rate is generally stable (i.e. we choose to live with, say, 50K infections in the U.S. per year). 

My prediction of two or so years takes the above into consideration, including the probable rate of global vaccinations, emergence of variants and how quickly we'll be able to modify the vaccines if needed (the awesome thing about the mRNA platforms is that it's incredibly easy - and quick - to make changes to the vaccines without needing to start from scratch with respect to design, manufacture, test, and approval), improvements in (and access to) supportive treatments (we're getting better at this, particularly with respect to antivirals being designed and trialed), the emerging data about the effectiveness of passive vaccinations (e.g. monoclonal antibodies or antibody cocktails), as well as the continuation of the NPIs we all hate so much (e.g. mask use in certain settings, fewer people in confined spaces, staggered school/work attendance, etc.). All of this is a guess, but there are some reasonable assumptions behind it. 

&amp;#x200B;

1. A note about *sterilizing immunity: V*accines in general are considered effective when they prevent illness when someone's exposed to the virus, but it's possible - and common - for vaccinated individuals to acquire a viral *infection* that they then spread as if they were sick, but they never actually get sick, yet they are spreading the disease... *sterilizing* immunity is when vaccinated individuals never even get infected, and never spread the disease. The data with COVID vaccines is still being collected, it'll be a year or so before we have a good idea of exactly how effective they are at reducing transmission. The early data suggests that the COVID vaccines don't confer *full* sterilizing immunity, but the data is encouraging in that the vaccines reduce transmission by a meaningful amount. This is why many public health people can't commit to when we can all take masks off - the fact is, it's too early for us to determine this. We need more time to collect more data.",1.0,AskReddit,2021-05-11 00:29:43
"I have done a little bit of reading about it and I’m aware that they’ve been researched to some extent. I‘ve read a few articles about antibody dependent enhancement and how, historically this has been one of the biggest issue with developing a coronavirus vaccine (not just SARS-CoV-2 but also MERS-CoV and another that is slipping my mind). I also read a study out of Israel (forgive my lack of sourcing, for this one I will try to find the article and link it with an edit since it’s a very specific claim) that concluded those who received one of the mRNA vaccines for covid were 800% more susceptible to the South African variant once exposed. It’s little things like this that make me hesitant to jump in neck deep to something that was developed so quickly. I also want to say I appreciate your attitude in saying your counterpoint without an obscene amount of blind hate. I’ve received a lot of that in other places.",1.0,AskReddit,2021-05-12 02:05:11
"What I hate is being called an anti-vaxer because I don't want this one vaccine. Especially one with as little knowledge of the longer term effects as this one.    
I also don't condemn anyone who did get the vaccine, so why should anyone condemn me for not?",-12.0,AskReddit,2021-05-12 13:22:14
"I hate it here. There is no News coverage on Biden as there were on Trump. And he is worse. The border is out of control. There are gas shortages. He DID NOT spear head the ""vaccine"". In fact he said he would not trust a rushed vaccine in the beginning. But there were no mean tweets to hurt anyones feelings.",1.0,AskReddit,2021-05-12 15:47:27
"the lgbtq+ keep their rights, we finally get our vaccine, and we don't have to eat those disgusting trump steaks. buuuuuuuuuuuuuuuut we have to deal with butthurt karens and kevins being pissed of trump isn't in the office to legalize hate crimes. 9.5/10",0.0,AskReddit,2021-05-12 16:46:11
"&gt;200 million COVID vaccine doses given

Would have happened under trump too

&gt;Developed a roadmap for re-opening schools safely

Schools had kids in person in September

&gt;Passed the American Rescue Plan

Yay inflation

&gt;Working on an American investment/stimulus package to repair/expand our infrastructure.

More inflation and cronyism

&gt;Extended the Affordable Care Act so people could get healthcare

ACA is horrible legislation and needs to be redone completely rather than propped up

Trump fucking sucks but we can't pretend biden is doing a good job bc we hate orange man.",-6.0,AskReddit,2021-05-12 17:20:10
"Nope. Your logic failed right when you said ""exception"" because you fail to see the unforeseen consequences. When you open to the idea of making an exception, you're giving the government right there at that point control of your body and they could use that power to dictate what you're allowed to do even if you disagree with it. It's not a conspiracy it's literally what government is known to do. Give them an inch and they'll take a mile. I am very pro-vaccine so do not lump me in or try to minimize my point by comparing it to microchipping or flat Earth's that's a straw man argument and irrelevant at best. My point is that we should not give the government at any point the power to force us to inject something in our body ""for the greater good"" because it CAN (that doesn't mean will, but could) lead to something far worse. We should focus on educating the masses about why taking the vaccine is good but when you start forcing people you're going to create a lot of issues involving government overreach. It's the same reason that we don't let the government legally classify ""hate speech"" and make it illegal. Because with government now having the power to limit speech, they can use that to silence any minority opinion they disagree with as ""hate speech"" or many other issues. It's a bad idea. You're better off educating the masses and getting the vaccine and encouraging your family rather than getting the government involved to force people. Not only government overreach but think of the people that can get hurt. There are a lot of people that firmly do not want to get the vaccine and while I think that's very stupid, the idea of the government coming to their house and dragging them out and forcing them scares me because of what could happen. People might open fire, people might die. It doesn't end good. But please don't take this as me disagreeing with vaccines I think they're a wonderful thing and I think everybody should get them I just don't feel comfortable with government having the sole power to force people to do take something into their body they don't want. What would be easier is creating incentives to get a vaccine like informing the public that they will no longer have to wear masks or that there may be certain areas they won't be allowed to enter unless they're vaccinated that will motivate more people to do it rather than forcing them. 
And a DUI is in no way the same circumstance.",0.0,AskReddit,2021-05-12 19:26:37
"100% correct.

I work in biotech in oncology and have heard several physician (not industry) thought leaders praise the expedition of the vaccine under Trump, and they hate his guts.",1.0,AskReddit,2021-05-12 20:26:34
"Personally, I don’t think we would be in the spot now vaccine and COVID wise if Trump won the election. COVID effectively sank his chances of winning in the first place. 

Marginalized groups like the LGBTQ and minorities can breathe a bit easier under Biden. But police brutality and hate crimes, especially against Asians, are still a big issue. 

America is still a shit show but it’s hopefully getting better. I don’t think I could have dealt with another 4 years of the constant fighting.",1.0,AskReddit,2021-05-12 21:38:04
"&gt; I got my covid vaccine much faster than I probably would've under Trump.

All the vaccines in people arms right now were secured by his administration though. Hate Trump all you want but they did a great job securing us vaccines with Pfizer, Moderna &amp; J&amp;J before almost any other country.",1.0,AskReddit,2021-05-12 22:14:49
"Trump wasn’t that bad, other than when he incited an insurrection against the government, mismanaged a pandemic that killed nearly half a million Americans, separated children from their families, lost those children in the bureaucracy, tear-gassed peaceful protesters on Lafayette Square so he could hold a photo op holding a Bible in front of a church, tried to block all Muslims from entering the country, got impeached, got impeached again, had the worst jobs record of any president in modern history, pressured Ukraine to dig dirt on Joe Biden, fired the FBI director for investigating his ties to Russia, bragged about firing the FBI director on TV, took Vladimir Putin’s word over the US intelligence community, diverted military funding to build his wall, caused the longest government shutdown in US history, called Black Lives Matter a “symbol of hate,” lied nearly 30,000 times, banned transgender people from serving in the military, ejected reporters from the White House briefing room who asked tough questions, vetoed the defense funding bill because it renamed military bases named for Confederate soldiers, refused to release his tax returns, increased the national debt by nearly $8 trillion, had three of the highest annual trade deficits in U.S. history, called veterans and soldiers who died in combat losers and suckers, coddled the leader of Saudi Arabia after he ordered the execution and dismembering of a US-based journalist, refused to concede the 2020 election, hired his unqualified daughter and son-in-law to work in the White House, walked out of an interview with Lesley Stahl, called neo-Nazis “very fine people,” suggested that people should inject bleach into their bodies to fight COVID, abandoned our allies the Kurds to Turkey, pushed through massive tax cuts for the wealthiest but balked at helping working Americans, incited anti-lockdown protestors in several states at the height of the pandemic, withdrew the US from the Paris climate accords, withdrew the US from the Iranian nuclear deal, withdrew the US from the Trans Pacific Partnership which was designed to block China’s advances, insulted his own Cabinet members on Twitter, pushed the leader of Montenegro out of the way during a photo op, failed to reiterate US commitment to defending NATO allies, called Haiti and African nations “shithole” countries, called the city of Baltimore the “worst in the nation,” claimed that he single handedly brought back the phrase “Merry Christmas” even though it hadn’t gone anywhere, forced his Cabinet members to praise him publicly like some cult leader, believed he should be awarded the Nobel Peace Prize, berated and belittled his hand-picked Attorney General when he recused himself from the Russia probe, suggested the US should buy Greenland, colluded with Mitch McConnell to push through federal judges and two Supreme Court justices after supporting efforts to prevent his predecessor from appointing judges, repeatedly called the media “enemies of the people,” claimed that if we tested fewer people for COVID we’d have fewer cases, violated the emoluments clause, thought that Nambia was a country, told Bob Woodward in private that the coronavirus was a big deal but then downplayed it in public, called his exceedingly faithful vice president a “p---y” for following the Constitution, nearly got us into a war with Iran after threatening them by tweet, nominated a corrupt head of the EPA, nominated a corrupt head of HHS, nominated a corrupt head of the Interior Department, nominated a corrupt head of the USDA, praised dictators and authoritarians around the world while criticizing allies, refused to allow the presidential transition to begin, insulted war hero John McCain – even after his death, spent an obscene amount of time playing golf after criticizing Barack Obama for playing (far less) golf while president, falsely claimed that he won the 2016 popular vote, called the Muslim mayor of London a “stone cold loser,” falsely claimed that he turned down being Time’s Man of the Year, considered firing special counsel Robert Mueller on several occasions, mocked wearing face masks to guard against transmitting COVID, locked Congress out of its constitutional duty to confirm Cabinet officials by hiring acting ones, used a racist dog whistle by calling COVID the “China virus,” hired and associated with numerous shady figures that were eventually convicted of federal offenses including his campaign manager and national security adviser, pardoned several of his shady associates, gave the Presidential Medal of Freedom to two congressman who amplified his batshit crazy conspiracy theories, got into telephone fight with the leader of Australia(!), had a Secretary of State who called him a moron, forced his press secretary to claim without merit that his was the largest inauguration crowd in history, botched the COVID vaccine rollout, tweeted so much dangerous propaganda that Twitter eventually banned him, charged the Secret Service jacked-up rates at his properties, constantly interrupted Joe Biden in their first presidential debate, claimed that COVID would “magically” disappear, called a U.S. Senator “Pocahontas,” used his Twitter account to blast Nordstrom when it stopped selling Ivanka’s merchandise, opened up millions of pristine federal lands to development and drilling, got into a losing tariff war with China that forced US taxpayers to bail out farmers, claimed that his losing tariff war was a win for the US, ignored or didn’t even take part in daily intelligence briefings, blew off honoring American war dead in France because it was raining, redesigned Air Force One to look like the Trump Shuttle, got played by Kim Jung Un and his “love letters,” threatened to go after social media companies in clear violation of the Constitution, botched the response to Hurricane Maria in Puerto Rico, threw paper towels at Puerto Ricans when he finally visited them, pressured the governor and secretary of state of Georgia to “find” him votes, thought that the Virgin islands had a President, drew on a map with a Sharpie to justify his inaccurate tweet that Alabama was threatened by a hurricane, allowed White House staff to use personal email accounts for official businesses after blasting Hillary Clinton for doing the same thing, rolled back regulations that protected the public from mercury and asbestos, pushed regulators to waste time studying snake-oil remedies for COVID, rolled back regulations that stopped coal companies from dumping waste into rivers, held blatant campaign rallies at the White House, tried to take away millions of Americans’ health insurance because the law was named for a Black man, refused to attend his successors’ inauguration, nominated the worst Education Secretary in history, threatened judges who didn’t do what he wanted, attacked Dr. Anthony Fauci, promised that Mexico would pay for the wall (it didn’t), allowed political hacks to overrule government scientists on major reports on climate change and other issues, struggled navigating a ramp after claiming his opponent was feeble, called an African-American Congresswoman “low IQ,” threatened to withhold federal aid from states and cities with Democratic leaders, went ahead with rallies filled with maskless supporters in the middle of a pandemic, claimed that legitimate investigations of his wrongdoing were “witch hunts,” seemed to demonstrate a belief that there were airports during the American Revolution, demanded “total loyalty” from the FBI director, praised a conspiracy theory that Democrats are Satanic pedophiles, completely gutted the Voice of America, placed a political hack in charge of the Postal Service, claimed without evidence that the Obama administration bugged Trump Tower, suggested that the US should allow more people from places like Norway into the country, suggested that COVID wasn’t that bad because he recovered with the help of top government doctors and treatments not available to the public, overturned energy conservation standards that even industry supported, reduced the number of refugees the US accepts, insulted various members of Congress and the media with infantile nicknames, gave Rush Limbaugh a Presidential medal of Freedom at the State of the Union address, named as head of federal personnel a 29-year old who’d previously been fired from the White House for allegations of financial improprieties, eliminated the White House office of pandemic response, used soldiers as campaign props, fired any advisor who made the mistake of disagreeing with him, demanded the Pentagon throw him a Soviet-style military parade, hired a shit ton of white nationalists, politicized the civil service, did absolutely nothing after Russia hacked the U.S. government, falsely said the Boy Scouts called him to say his bizarre Jamboree speech was the best speech ever given to the Scouts, claimed that Black people would overrun the suburbs if Biden won, insulted reporters of color, insulted women reporters, insulted women reporters of color, suggested he was fine with China’s oppression of the Uighurs, attacked the Supreme Court when it ruled against him, summoned Pennsylvania state legislative leaders to the White House to pressure them to overturn the election, spent countless hours every day watching Fox News, refused to allow his administration to comply with Congressional subpoenas, hired Rudy Giuliani as his lawyer, tried to punish Amazon because the Jeff Bezos-owned Washington Post",2.0,AskReddit,2021-05-12 23:06:37
"I don't know if it's all that different. Biden plays more in to the media narratives rather than against them, but the end result is the same. He's talking about it, which drives people to their teams and we all hate each other.

Covid is a big thing. I think that is obvious but the president has pretty much no control over it. Trump or Biden, doesn't matter, life is gonna be weird. I will say, Trump's presidency prior to covid wasn't all that bad, and I say this as someone that really doesn't like Trump. The last year of his presidency had some challenges that would mess with any country, I dont think we can pin it on him. And the time to develop a vaccine was nothing short of a marvel. As dumb of a name as operation warp speed is, it worked.

Under Biden, well, nothing he said would get better got better. Kids are still in cages, in greater numbers now. He made plans to do something about the environment that won't take effect until 2030. So, and I say this as an environmentalist, that's meaningless. We're still bombing the middle east. Healthcare reform is no where in sight. Though I think we're all missing the issue there. Insurance companies should not be allowed to set the price of health care. 

Inflation is going up, and will go up more. This is partly on Trump and partly on Biden. All the stimulus money is basically new money, and anytime the fed prints more money, inflation will go up. Politicians make pretty wild promises that they need more money for and don't think about the long term effects, which we're just starting to feel. Taxes might be going up on the rich, but everyone is effectively getting taxed through inflation. The rate of inflation is higher than the rate of return in your savings account. Unless the president steps in and lays out a budget within our means, we're all gonna be a lot poorer. Or at least ties our money to some fixed amount. Not the gold standard per se, libertarians love that for some reason, but we do need to stop printing new money. 

The increased covid restrictions are silly. I wear my mask, I got my vaccine, but we're at a point where we're adults that can start making our own decisions. There's a vaccine. You can get it or not. If you think going out without a mask is too great a risk, then don't do it. But if someone feels that that's an acceptable risk for them, then they should be able to. It's time to start living again. 

Biden coming after guns and ghost guns is odd. Even when I considered myself on the left, I was pro-gun. Its an issue that will drive people away more than he thinks. Plus, ghost guns are not used in crimes near as much as people think. It's basically a non-issue with a scary name.",1.0,AskReddit,2021-05-12 23:22:46
"Bus wreak, bullet, farm equipment accident, attempted(?) hate crime, dog, and a little mark from a small pox vaccine.",1.0,AskReddit,2021-05-12 23:31:43
"Normally I agree with you, but with Trump? No you see the immediate impacts.  

1.  The drastic change in covid responses.  No more bat shit insane alternative medicine, injecting bleach, anti-mask, self patting in the back, while hiring interns with zero experiences to head the purchase of medical equipments with their person emails ..... and a lot more.  Instead, vaccine is now distributed quickly and efficiently. 

2. hate crime reached the highest level in recent years because Trump promotes them.  He has a huge following that thinks white people are the real victims, Chinese immigrants are the causes of covid, Mexicans are the reasons you are unemployed.  I expect it to remain high or even gets higher this year because of trump voters anger about him losing the election, but it will decline. 

3. Morals and ethics.  I can’t even fathom how Trump’s antics would affect the next generations, and with another 4 years, some kids might just never be able to turn back.

4.  Relationship with our allies and foreign policies, like the tariffs, which affects millions of workers and companies, and the cost bear by your average consumers.

5. The department heads he pointed are all grifters like himself who were looking to enrich themselves.  Read Michael Lewis’s Fifth Risk.  A lot of organizational experience and wisdoms were lost when Trump’s ppl took over, and with another 4 years, I believe a lot of ppl who stuck through this tough period could have left too and caused irreversible damages to all US agencies. 

There are a lot more if I want to keep going. but no point for keep listing.",1.0,AskReddit,2021-05-13 00:25:24
Many people may hate trump but who they cannot deny he did great on the covid vaccine part.  He pushed them and they delivered.,-3.0,AskReddit,2021-05-13 00:53:12
"[A literal chart that proves you wrong.](https://www.google.com/amp/s/www.statista.com/chart/amp/23967/covid-19-vaccine-doses-administered-per-day-in-the-us/)

But I know how much you all hate facts and the truth.",0.0,AskReddit,2021-05-13 01:20:59
You know it really undercuts your point when your admitting someone did something good and still saying it’s bad. Like I hate trump with a passion and think he’s a horrible human. But he did do like 5 things throughout his presidency that were not awful and getting the vaccine made as fast as it was is one of them. You don’t even have to say it was hard for him to do but if you refuse to acknowledge the good nobody will ever listen to you when you point out the bad.,1.0,AskReddit,2021-05-13 02:08:53
I'm Indian. Biden admin blocked export of vaccine raw materials for many many months. Due to this we are not able to produce vaccines at enough rates and people are dying. Democrats hate brown people. Biden has blood on his hands.,-1.0,AskReddit,2021-05-13 05:44:39
"I figure I could go into depth on each item but I would rather just say a few things: 

It's not just a flu virus, the fatality is 1-3% give or take. I've lost 2 friends to it (one was a 35 year-old mother of 3 in her late 30's with no medical conditions). So you are welcome to tell her kids that it's nothing more than the flu. She would be alive if it hadn't been for the lack luster response of the Trump Administration. 580k Americans are dead, and that's likely an under count. In 2019 about 62k people died from the flu. That makes COVID almost 10 times more deadly than your 'flu'. That's not including the long term heart damage from mild cases (seen in about 30% of people) or the poor people that got over it but still have symptoms months later. Sadly I don't think you'll get this until either you get a bad case of it, or lose someone you love to it. I wish it wasn't the the case but that's the only real way I've seen someone so far down the rabbit hole like you change their mind. 

I will give Trump credit for buying the vaccine, but he had no plan to distribute it. That was all the Biden Administration. 

You know all Trump had to do win a second term, was to take COVID seriously. To be all ""Hey listen to the experts, we are gonna beat this."" throw out some money and maybe some other shit and he would have CRUISED to a second term. America loves our leaders in a time of crisis. However because he fucked up the response so bad due to his ego, is why he wasn't re-elected. Maybe if he hadn't killed almost half a million Americans on his watch he'd still be president. 

As for the Jan 6th insurrection. It was all Trump supporters, and either he was too stupid to know what his speech would do (which is embarrassing) or he knew exactly what he was doing (this is why he was impeached).

Those big middle class tax cuts? Expired last year, with more set to expire this year.  The tax cuts for the rich and corporations, those were permanent. They also did not pay for themselves and you, I and our children will be the ones footing the bill. So thanks for nothing Trump, oh and on the Stimulus you damn well know I spent it locally. I was even able to help a friend out with some medical bills instead of them having to use GoFundMe. 

I care about his taxes, because I hold our leaders to a higher standard. If they have debt to foreign countries, if they are hiding money, if they are cheating. I want to know that. Just because someone is wealthy doesn't mean they get to dodge their taxes, you and I don't get to. So why should Trump? (Same goes for Amazon, etc, those assholes should be paying their fair fucking share too) 

As for Trump crashing weddings, I looked for a conservative source on this so you wouldn't scream media bias but surprise surprise it's no where to be seen (Which is most likely why you've not heard about it, they don't like to paint ole Trumpy in a bad light)

But if you want here ya go, I'll let Canada report on it (you know it's sad when other countries pick up on it)

https://globalnews.ca/news/7725571/donald-trump-wedding-speech-mar-a-lago/

As for the Joke? I don't see what you are getting at. I wear a mask not because it protects me, it protects others. I dine outside whenever possible. The vaccines are free (once again thanks Biden) and if someone doesn't want to get one. Fine, that's their choice but those assholes don't get to impact my health because they don't understand science (we also are not even talking about protecting people who medically can't get the vaccine.) 

And I would love free college, universal health care, and better public transportation. Immigrants, illegal or not have to pay for those things too. Seriously I don't understand the argument, are immigrants hard workers that are going to take my job... or are they lazy people mooching off the system? They can't be both. 

You should take the time to read Biden's tax policy, it's only going to raise taxes on those making over $400,000 a year. I'm fine with that, hell if I was making that much money... I'd still be fine with that. 

Seriously, I also don't get the mask hate. Who fucking cares? If it protects others fine. Conservatives like to paint themselves as being such chads but the minute they literally have to do anything basic (like wear a mask) they fold like a bunch of snowflakes. Its almost as if the whole tough person act is compensating for other inadequacies in their lives. 

I'm sorry man you are so scared and filled with hate. It's a crazy world and shit is just gonna get crazier (climate change is here, and it's just gonna get worse) your wages are flat but the rich (like Trump) keep getting richer. It doesn't matter how hard you work and it seems you are just spinning your wheels. I get it. However it's not Immigrants, or liberals that are your enemy. It's the Ultra Wealthy, and people like Trump that know that they can use your fear and anger to enrich themselves. Trump doesn't care about anyone but Trump, and I hope someday you are able to see that.",1.0,AskReddit,2021-05-13 15:47:44
I hate the description you gave... Although it's great motivation to get the tetanus vaccine again. It's once every 10 yeas right? Can't believe I am surviving without it so far.,6.0,AskReddit,2021-05-13 23:10:11
"You're deluded in your hate for Trump so much that common sense is evading you at every possible opportunity. I can tell that because you believe that everybody who doesn't agree with you is 'up a candidates ass'. I don't want Trump to run again, I wouldn't vote for him if he did. 


You're literally the one living in a fantasy world, and that's okay, but you have to acknowledge it. There would be no vaccine production anybwhere hear the rate it was done if it weren't for Trump. Period. You're deluded and wrong if you believe otherwise.",0.0,AskReddit,2021-05-14 01:53:30
"I’m immunocompromised and I’d really rather wait to see how the vaccine effects people.  It’s still in trials but there’s not enough evidence for me with people with my health history to consider it right now. I don’t even take the flu shot every year. I’m vaccinated against everything else but I can’t risk this.  

I already had covid as well. Shouldn’t my body have a natural defense?

I also know someone who had the vaccine and died two weeks later. And their partner tested positive right after vaccination and had to be hospitalized. They are downplaying the risks and shutting people down for even discussing the risks and that feels weird to me. I’m not anti vax but this doesn’t sit well. We’ve had pandemics before. Why are they pushing this NOW? 

I also don’t like that the companies are not liable for anything related to vaccine injury.  It’s a trial vaccine. That means there’s a lot we don’t know. There are people who will be effected by that. Fuck them, I guess? 

All of it has such a weird dystopian feel to it. I hate that it’s causing division among people. I hate all of this. But it is literally my choice to not take a trial vaccine when I’ve already had the virus and it didn’t kill me and I am immunocompromised as it is.",3.0,AskReddit,2021-05-14 03:59:26
"You've been saying this for 3 days and have yet to provide any reasoning why. You're ignorant in your hate, and deluded in that ignorance. Vaccine manufacturing, production, and delivery to states was possible because of Trump and it just burns your asshole to admit it. Why is it so hard?


I'm fairly confident in your ability to grow up one day and be an adult about it, but it is fun to watch flounder in fits until then.

Ta.",0.0,AskReddit,2021-05-14 13:50:49
I’m in the same boat and same country. I can’t get over how vehemently opposed ppl are to getting the vaccine when they’ve seen the devastation this pandemic has caused and how millions have died all over the world. It’s really hard not to just hate humanity right now :( at least know you aren’t alone.,9.0,AskReddit,2021-05-14 14:59:45
"Hi. I agree that academia is doing fine, I think that it’s a social problem where school and education on local levels is failing because kids hate school and are taught that education is an obligation not a privilege. 

My point is more about eliminating non-science based ideas in the political arena. Like, if we were more educated generally, we wouldn’t have to hear about drinking bleach, or Jewish space lasers, or vaccine hesitancy, climate denial, flat earth, QANON, on and on.

PS - i am mathematics and physics trained, now in data and computer sciences.",2.0,AskReddit,2021-05-14 16:00:19
"Because I'll sling lead and lay hate along with the rest of America. Has NOTHING to do with the vaccine, but everything to do with our rights, freedom, and control over our choices.",3.0,AskReddit,2021-05-15 03:44:56
"Yes, just because there are still many in my area who haven't had the chance to get a vaccine (including my S.O.) 

I hate wearing it but you gotta do what you gotta do, eh?",1.0,AskReddit,2021-05-15 12:22:55
"Yes for 2 reasons. First, the Pfiser vaccine I received is 95% effective in preventing Covid infections that are serious or requires hospitalization. That means you can still get a mild or asymptomatic Covid infection and a non-zero chance of a more serious infection. So I'll keep wearing mine until long past the end of this gallstone of a pandemic. The 2nd is that I just hate being sick. I haven't had a cold or flu for 2 years! That's awesome! I can't tell you the number of times I've had some low grade, snot producing ""blech"" thing going on in past years. Now that I know what a germ-free existence is like, I ain't going back. One last bonus reason is I like a warm face in the winter.",1.0,AskReddit,2021-05-15 14:30:45
"Everyone so confidently saying no is terrifying. My sister can’t get the vaccine due to her immune system, and I can still be a carrier. I live in a huge city and am around crowds and public transportation everyday without fail. As much as I hate being sweaty on my face, and having the gym be that much harder, I just can’t imagine a world where it’s responsible to be maskless as a default and I’m glad the restrictions are still tight here. People are selfish idiots and it’s terrifying.",1.0,AskReddit,2021-05-15 15:06:58
"Yes. Although I'm protected, there are people out there that cannot get the vaccine due to varying issues. As weve seen with the Yankees, those fully vaccinated can still get covid and spread it. I would hate to be the person who spread this to someone who absolutely cannot get the vaccine. I'm also just a super safe person.",1.0,AskReddit,2021-05-15 16:22:55
"Yes. I never know if I may have the virus now and simply be asymptomatic. Also, people are REALLY dumb. How many of them are going to lie and go without a mask or vaccine just because they hate wearing them?",1.0,AskReddit,2021-05-15 19:31:03
"A vaccine does not mean you won't get it. A vaccine lowers the chance but does not eliminate it. Such as why masks are still necessary. That being said i hate them a lot, and anywhere that says I dont have to wear one if I'm vaccinated then I'm not.",1.0,AskReddit,2021-05-15 20:09:12
"Forgiving / loving / accepting family even if they're toxic/racist/homophobic/hate-filled.

I don't care if I'm related to someone, I'm not going to love a racist or anti-vaccine jerk-ass due to our relation.",3.0,AskReddit,2021-05-15 23:53:44
"I did. It’s so weird I didn’t care about needles as a kid but now I hate them, so dumb. I just don’t look lol luckily the covid vaccine was super painless, nothing like the rabies vaccine. That shit feels like sand.",0.0,AskReddit,2021-05-16 05:53:46
"I got the J&amp;J nearly two weeks ago. Got it around 1p, hurt like hell cause it’s thick, and it was sore for a while. Was fine until about 7p, suddenly had chills, every muscle and joint in my body ached, felt like thousands of needles in every hair follicle getting zapped by electricity, my skin felt bruised all over, had nausea and dizzy spells that were so bad I couldn’t stand for longer than a few minutes, extreme fatigue except I was too uncomfortable to sleep, diarrhea, and horrific headaches both cluster and migraine at the same time. Chills lasted 7hrs, the rest mostly eased up about 7p the next day. Injection site was puffy and sore for a few days. Right wrist felt broken at the joint for a couple of days. It’ll be two weeks on Tuesday and I’m still dealing with nausea, dizzy spells, headaches, muscle aches, and joint pain. Right wrist still feels sprained. Doc wants me to come in, but I don’t have health insurance, income, or the $126 just to be seen, not to mention whatever tests they’d run. 

Knowing what I know now, I’d still get the shot. It was horrible and scary and I hate that I’m still struggling with it. But I can’t help but think how much worse it probably would have been if I had gotten CV19 in the first place. I feel like since I had such a terrible response to the vaccine, that I probably would have also gotten horribly sick. I’m not lucky enough for it to have killed me, I am unlucky enough to walk away with lifelong damage and impossible medical debt. 

Get the shot. Even if it makes you sick. It’s better to be sick for a little while that sick for a long time. Or worse, get someone else so sick they die.",2.0,AskReddit,2021-05-17 02:35:49
I hate that this is true. I had a coworker...a former teacher...ask me “Do you think there is a tracking microchip in the COVID vaccine?”....she was truly asking (not being sarcastic)...&amp; was still somewhat skeptical when I tried to tell her no (and explaining it was a HELL of a lot easier to track her through the cell phone she used most of the day).,44.0,AskReddit,2021-05-17 05:57:45
"I'm gonna get hate for this, but the vaccine.

I'm not totally against it and I may get it next year, but idk, it just seems so rushed and under-tested. I refuse to get it this year.",1.0,AskReddit,2021-05-17 07:22:13
"Yes, that’s why I said where you live and personal experiences make a difference. 
A friend of mine that lives is Denver area had a similar experience to me. Except they didn’t know the rule. So showed up to the first appointment and couldn’t get it because they had a tetanus shot. Had to wait two weeks after to get the first Covid shot. So very soon they also will be fully vaccinated, but not yet. 

Another person I know had an appointment to get the vaccine but their doctor canceled the appointment because they came down with symptoms of an unrelated medical issue. They have to wait a week or so for that to clear up before getting the vaccine. So, immediately tried to make another appointment, but the next available was a month away. This person lives in a smaller city. This vaccine is also the moderna one only so the second shot is scheduled 28 days after the first. 

I have a couple other examples, but I think that is enough. 

Yes, everyone that is able to get the vaccine should get it. And yes there are a lot of people still that could get it but refuse or are not proactive enough about getting it. But there are a lot of valid reasons why an individual isn’t fully vaccinated yet. I just wish people could be nicer to each other. There has been too much hate on the issue of wearing a mask or not wearing a mask.",1.0,AskReddit,2021-05-17 16:01:49
"Adding kids can’t get vaccinated against COVID currently so every adult who does there part helps reduce cases/risk to kids. It’s best for every adult to check in with there primary care physician to talk about if any vaccine is right for them. Like I’m 26 and got the chicken pox vaccine so the shingles vaccine is not right for me currently but COVID is good to go because I’ve never had an allergic reaction, am healthy, but hate using PTO if I’m sick. I’d much rather use it for vacation and not chilling in my house for 14 days",2.0,AskReddit,2021-05-18 02:37:07
"I'm into conspiracies, like aliens, secret societies... I see it more as solving mysteries. I'd hate to be judged on that, I always wear a mask, me and my kid vaccinated and as soon as I'm offered a vaccine for the Vid I'll get one. I dont think covid is a hoax but I do believe governments are using it to their advantage. However I do find it all interesting, doesnt mean I believe it. We aren't all wacky 😂 it's hard to ignore though people said CRISPR was just a conspiracy",1.0,AskReddit,2021-05-18 09:35:00
"Gruesome-looking mannequins. 

We went to an escape room,  once, and had a good tim. It was centered around the premise of a zombie apocalypse, and we had to find a ""vaccine"" for the virus. Anyway, in one of the rooms is supposed to be a zombified, dead scientist. There's an eyescanner on the door to the secret room, and you need to pull out his eye in order to pass. It was gross, and the mannequin freaked me out. I hate creepy humanoid things.",1.0,AskReddit,2021-05-18 14:32:30
"I'll start, I hate people that act like America is the center of the world (Saying that even as an American), I hate people who say the vaccine has chips in it and the government is trying to control you, and I hate people that don't listen during arguments.",8.0,AskReddit,2021-05-19 22:56:03
Vaccine incentives. I hate when people desperately try to force me to do things I don’t want to do.,-2.0,AskReddit,2021-05-21 00:08:16
I can't get the vaccine due to my medicine allergies. And the amount of hate i have gotten has made me feel awful. I have too many medicine allergies and they arent sure what it would do to me. And i cant wear a mask due to asthma and i have been told to stay home or die. I have been told i need to be shot or hanged or raped and murdered cuz i cant wear a mask.,4.0,AskReddit,2021-05-21 01:25:38
"Well, currently there are BLM riots, Anti-vaccine mandate riots, Asian hate attacks and protests... Uh... A crap ton of fireworks going off in the middle of the night as some sort of protest, shootings and robberies on Asian and people if color owned businesses, doctors and other professionals quiting their jobs due to the new North Carolina vaccine mandate which is currently being fought against by not only other states, but pretty much all of the people, even people who took the vaccine. My family's rent was raised by 400, Bitcoin had a huge crash, and housing prices high rises in the need of a home for many people; they're desperate enough to look at a house 300,000 dollars over value. Welcome to where I live.",3.0,AskReddit,2021-05-21 14:43:20
"Yeah I just want to be happy for my cousin without getting political. I already got my 2nd dose of covid vaccine.

But no one in my family chat of 25+ people were saying anything like they usually do on everything else.. so I was trying to come up with something to say.

I was first, and felt the need to say something so that people wouldn't think it was because of the vaccine or assume there are health complications..

I didnt word my question appropriately for the general public on reddit and will pleasantly recieve all this hate now.

I said congratulations anyways, I looked awkward as fuck and have recieved flak from family members already for doing so.

It shouldn't be political. And we shouldn't assume a premature baby is gonna die. And like some have said we can't assume it's covid. But even if it is doesn't mean we can't say congratulations.

It's a weird thing. I just wanted to volunteer myself to rip the bandaid in my family chat.",1.0,AskReddit,2021-05-21 19:25:13
"I hate needles too. I cry every year to get the flu shot. I got both doses of the Pfizer, and it hurt less than any shot I've ever gotten, including the flu shot. My arm was sore after but the shot itself was so painless. Just look away, and it takes 5 seconds from very start to when you're walking away. My dad isn't that way though, so he watched his vaccine shot. He said it doesn't all go in your arm, so I'm not sure why it needs to be that long. 

You've got this!!",5.0,AskReddit,2021-05-21 22:23:16
"These are selfish scum. I really hate how they say they won't take it because they've read about the risks like they are enlightened and the rest of us are just gullible sheep happy to be experimented on by the government and corporations.  The thing is, everybody is aware there is a slight risk in taking a vaccine which has been rushed through but most of us get it anyway because we want this nightmare to end.  The anti-vaxxers then get the benefit of herd immunity without taking any of the risks.  Fuck them.",1.0,AskReddit,2021-05-22 15:11:06
"You're only kind of right since vaccines for similar coronaviruses have already existed and these vaccine efforts have built on ton of previous effort. mRNA is amazing approach, but it has already been researched since early 90's.  I wish I got mRNA vaccine, but I got AstraZeneca, classical vector vaccine. Side effect were quite annoying in my case (high temperature and I've felt sick for few days) but I have gladly embraced them as 1. Almost 100% effective by keeping me from hospital (even after one shot + 2 weeks), 2.  I'm healthy + fit but I really hate to spread the damn thing to someone who is not.",1.0,AskReddit,2021-05-22 19:35:20
I’ve been looking forward to getting my vaccine shots but now that I got them I’m too scared to go out because every day there’s a hate crime in our neighborhood so I’m afraid I’ll spend the rest of my days inside,1.0,AskReddit,2021-05-22 21:30:59
"Not me, but a friend had a 2 day stop off...can't remember where. He finished a trip in a country with malaria as a present threat. Figured he'd spend the last few days before his flight enjoying himself, and his travel insurance covered one vax or another.

The day he got back, I was his help into the city and he crashed with me, all jet lagged and shit. 4am I am woken by ""oh fuck...fucking...argh...I hate dogs""

What? Talked with him in the morning. He has a bit of a phobia of dogs, and since taking the vaccine he's had nightmares about dogs. Crazy vivid ones. Lasted a few days more apparently. 

Apparently all the same one, all involving him inside an office building being overrun by dogs. Not angry bites, but just...fuck personal space, the swarm tm.",2.0,AskReddit,2021-05-23 16:30:53
"So.. you think I'm some far right ultra Trump lover just because I shed some bad light on Biden, I'm a right-libertarian but okay. You just assumed my position on Covid but I do question the Covid vaccine because I think having a vaccine against a ~99,96% safe virus that have been lied about so damn much, people pushing us to take it with bribes of free stuff or whatever is very very suspicious. I thought the left were liberal and against ""the man"", nowadays you love ""the man"" and lick his ass with no question because the TV told you to. But thinking for yourself and making your own opinion from different perspectives is a very foreign concept for you I know. Also you do know it's about 50/50 in America when it comes to supporting Trump and not, so to think about half the country are white supremacists or whatever is pretty damn dumb. Though very few dare to come out as right-leaning thanks to what the mainstream media and Democrats have promoted these past 7 years. To build up some ultra hate on to the general public to think Trump was some dictator, so anyone who agrees with him is not human anymore apparently. So these people have been fired, lost friends and beaten up just for different opinions. But rioting on the streets for a whole year with buildings on fire, people dying, massive costs to society is a mostly peaceful protest is perfectly fine, BLM marching on the streets abusing race, promoting racist shit is perfectly fine as well because they are far left groups and the left can do whatever they want. Imagine if a far right group did 1% of what they have done. Without the far left screaming about everything, without BLM and Antifa people rioting there would be peace.

Your definition of ""real world"" and ""cult"" are really weird. But sure. I'm part of a cult because I'm for free speech and don't think the left should get away with everything..",1.0,AskReddit,2021-05-23 21:01:33
The survival rate is 99% without vaccine. People have lives to return too. We physically and mentally cannot withstand another year of quarantine. It’s time to get back to life. I’m sorry you feel enough anger and hate to bash me like that but the truth is the truth bro. May 29th in my state you no longer need a mask at all and all restrictions are gone. If you wish to wear one than good job. Otherwise good job.,-1.0,AskReddit,2021-05-24 23:19:19
"Yeah, I hate him, but being pro vaccine isn't a good reason to vilify a billionaire. I would rather vilify him for being a cutthroat monopolistic business man who helmed a corporation with questionable practices. Or for meddling with public education for more than a decade, by their own admission, without benefiting students or teachers. Or for being a pedophile.",1.0,AskReddit,2021-05-25 13:03:12
"Because it's sadly already a political issue. 

I swear to God, I had a patient recently who said anybody who got the vaccine would be dead within three years. He was a total QAnon believer who thought that Trump is meant to save the world from pedophilia, so I wish I could go back in time and ask him the OP's question to see what he would say. 

Everything is a political issue for no reason...hate to see it",6.0,AskReddit,2021-05-25 20:16:00
"Oh sorry. I didn't get the vaccine because I've already had Covid, and I hate shots.

But, to tell the truth, I probably will get it at some point.
(If Trump says it's okay.)",0.0,AskReddit,2021-05-25 20:40:56
"i guess the whole trump hate boner people have.

he shut down the borders he's xenophobic

fast forward 3 months he should've shut down sooner

fast forward to October/November public officials are saying they don't trust the trump vaccine. the previous 2 I can brush off as political stuff but this was just irresponsible.

like I don't like the guy but come on they are still talking about him even though he's literally DE platformed. I don't remember Obama talking about bush when he was in office and he was apparently a war mongering racist. just feels like they refuse to move forward and are just living in the past rn. but hey i could be wrong and i might have just liked obama more than the current president",2.0,AskReddit,2021-05-26 02:21:25
"Not what I need to tell myself it is fact. Try tell the children of mothers who took the approved thalidomide in the 60s everything the government tell you is safe, is.

The amount of high end doctors etc who have gone on record to say the vaccine is a ticking time bomb should alone wake you up, never mind the numerous deaths and hundreds of thousands adverse reactions. Like I say, I know more people who got poorly from the vaccine and one very severe than covid. 

You just keep been a good sheep and take anything the government tell you to but do not try to dictate what others put in there body. Hate to bring politics in to it but I guarantee, I would even out a large bet on that you are a democrat.",1.0,AskReddit,2021-05-26 14:22:30
Don't be. If you stay calm while getting the shot it will only feel like a minor burn for a few seconds. I have taken many vaccines and i hate needles. I have to take blood tests a few times a year and they are much worse than getting a vaccine. If i could replace my blood tests with 20 needles in my arm i would do it lol,1.0,AskReddit,2021-05-27 23:07:06
"Since most people here are just citing conspiracy theorist morons who changed their minds due to a reality check, I suppose I'll take the plunge and admit—I was not into the vaccine at first. I am not anti-vax in any way; I have always been the first to hate anti-vaxxers and I have zero tolerance for that BS. However, the COVID vaccine was different for me for a number of reasons.

First off, concerns. When the virus first took hold, I vividly remember most scientists saying it would likely be at least two years until a vaccine was developed that would be *safe*. And even that sounded soon to me. Getting a vaccine that worked? Sure. Getting a vaccine that we knew had no major side effects or dangers? That'll take a lot longer. Obviously long term side effects are impossible to predict, but it still felt too fast. To me, it just seemed too soon to trust. Not out of any malintent or conspiracy, but just because it didn't seem like *nearly* enough testing or time had gone into it. People are constantly pointing out how we are *still* learning about all of the long term damage COVID may cause in people who had it, and it's far too soon to know just how dangerous the virus really is, but to me, it didn't seem like the vaccine was any different. We just... don't know yet. So I was wary, both for myself and for my loved ones, but I didn't caution anyone against getting it. I just wasn't first in line to schedule an appointment myself.

It wasn't just mindless fear, though. I am also allergic to literally everything that grows—every kind of tree, every kind of grass, every kind of weed, all of it, as well as a good number of foods and medications. This, combined with the fact that the most tested and approved vaccine, Pfizer, was having several reports of severe allergic reactions, made my mother very nervous about me getting it, especially if I had to get Pfizer. And yes, ""If you're not allergic to anything in it, you won't be allergic to it!"" and all that, but the thing is, it feels like every day we find a new thing I am severely allergic to, and we didn't know about whether or not I was allergic to anything in either of the mRNA vaccines. I am on several medications and receive 4 weekly shots for immunotherapy, but I'm still constantly at risk. This was another concern for me personally.

On top of that, there wasn't an obvious reason for me to get it. I got COVID in September of 2020, as did my whole family. We know for sure we got it; on top of a positive test and an obvious transmission vector that was the reason I got the test, I donated convalescent plasma for 6 months afterwards because of my antibodies. But every single one of us were completely asymptomatic. I actually felt better than usual, as literally not going outside to even go for walks or do contactless grocery pickup meant my exposure to allergens went down. My COVID symptoms were more mild than my allergy symptoms. ""But that's selfish! What about everyone around you?"" Two things. One, I have a very, very small circle at the moment. I don't really go anywhere or do anything, so there's not many people to expose. And secondly, literally everyone within that circle is already fully vaccinated, and I continue to wear masks regardless. The danger COVID poses to me had been shown to be negligible (and any long term effects of having ever had the virus... well, already crossed that bridge) and the danger I pose to people around me was equally so.

In spite of *all that*, I decided to get the Moderna vaccine. Am I still nervous? Yeah, a bit. I don't believe in any kind of conspiracy, that they're implanting chips, or causing infertility, or any of that nonsense. I'm just wary of something that was rushed, something that we don't know enough about yet, especially when its purpose is to protect me from something I've already had. But I understand that it's also about protecting others, and I will be going back to school in person in the fall, so I got my first dose last week and am getting my second dose in a couple of weeks.

Bombard me all you wish for my hesitations. But the fact of the matter is, our understanding of the facts is in constant flux, and the attitude many had of, ""there is no risk or danger the vaccine could possibly pose that is worse than what the virus poses, there is nothing to be afraid of!"" directly contradicts what we have seen time and time again with this pandemic: that we. don't. know. We give our best guesses, and we do what seems to be right in the moment; and a good chunk of the time, we're wrong. And that's okay. That's life. But it's the reason why I wasn't jumping in to assume that our understanding of the virus and the vaccine now is the *correct* understanding, given how many times we'd been wrong already, when there wasn't a substantial upside. In any case, I've got / am halfway through getting the vaccine. So I'm on the rollercoaster with the rest of y'all now.",2.0,AskReddit,2021-05-29 02:00:41
"Oooo I actually have something for once.  I’m an early 20s female for context.  I bartend at a cigar bar and we are getting panic buttons over this interaction.  Guy comes in during the day to buy cigars when we are completely dead. He sits down at the bar top and over the next hour proceeds to tell me he’s on diversion, he’s got two daughters he never met, but he does pay child support, he’s a paranoid schizophrenic, he’s got a felony for assault with a deadly weapon, he joined a racist hate group in prison (we are a black owned business), he was grouped with the pedos in prison, he currently wasn’t taking his meds because they were making him go blind, he punched a nurse in the last month when getting his covid vaccine because he was “triggered.” Then he started asking if I was alone, how often I worked alone and how often customers were there when I worked alone. He also got mad because he didn’t like the box of cigars he bought after I told him he wasn’t going to like them.",2.0,AskReddit,2021-05-30 03:26:07
You’re probably a trump supporter aren’t you and you hate the vaccine,1.0,AskReddit,2021-05-30 17:49:10
"1) what industry do you work in?

2) the fact that this administration shut down thousands of blue collar jobs without a second thought shows he doesn't care about blue collar jobs

3) this administration has absolutely nothing to do with the vaccine distribution. Putting aside and support or hate for the previous administration, the vaccine distribution is almost completely due to the warpspeed plan that the previous administration accomplished.

4) vaccine distribution has nothing to do with blue collar workers.",2.0,AskReddit,2021-06-01 02:16:57
"Uh, yes and no not really. And I don't think it will because God doesn't have a time limit. No one can just say ""Oh well it's this time. Oh well it's gonna happen here."" There's no way anyone can. I do think that rapture could happen and no i don't want it to happen right now in our life time. In our life time; the idea of good and evil are being blurred tremendously. 

Not just because of the fact that things are getting so political and meaningful to those who are different, but also people are changing and becoming less and less christianlike. 

We used to be simple; we love our neighbors and we don't stick our noses in politics. That was the idea. But now seeing more and more christians trying to be more traditionalists makes me rather sad. Because this isn't God's way. God never does change but he always stood on the path of rightousness. He loves all of his children regardless of gender, race, and sexual identity. He loves his children. But now; people use god as this political figure on picking what to even have for their own vaccine. For what we should tell other people to live their lives. 

Who are we; sinners of God can tell who the fuck what some person can do with their child? Or who can inject with medicine to their own kid? And don't get me started on the catholic church's coverups and our own southern baptist on how they can't keep their hands to themselves. 

We have misplaced our place in life; we think we're better than the common man when we are the same in the lord's eyes. It saddens me on great detail when I hear some priest going on some homophobic rant. 

Our lord isn't that. He isn't full of hate. There's more to God than just old testament crap.",1.0,AskReddit,2021-06-01 07:29:55
"My moms side of the family is refusing to get the covid vaccine. I loved my moms side of the family but if they are refusing to get a life saving vaccine (and free donuts) because of a few stupid hoaxes I just can’t respect someone who thinks like that. I do understand that some people have medical conditions where if they get sick it could be life threatening and I understand that but, if you aren’t getting the vaccine because some person on tv said “it will give you autism (witch is not how autism works)” is not a valid reason to not protect yourself and others around you. I also think my moms side of the family is homophobic because they are hardcore christians and as a young member of the lgbtqia+ community I would really enjoy possibly not getting hate crimed by my own family.",2.0,AskReddit,2021-06-01 18:34:24
"That’s obvious, I think he’s talking about Democrats hating Republicans, Pro-choice vs. Pro-Life people, those who are getting the Covid vaccine vs. those who aren’t, those who believe in the right to bear arms vs. those who don’t. Literally people will hate eachother, unfriend eachother, or cause family wars over these opinions. Like chill.",0.0,AskReddit,2021-06-02 02:34:05
"People who are aware of the history and entanglement of medicine and “doing it for the dollar”, new products/services are approached with weariness? People who have a distrust of government seeing it being pushed by politicians and public figures, which, can you blame them for thinking the government is shady? Idk. Those are the two things that come to my mind. Figured I’ve already put worse things in to my body so getting the vaccine was whatever. Not about to hate on people for their skepticism of the medical community and government; both have some pretty twisted pasts",2.0,AskReddit,2021-06-03 03:00:49
I will start this off by saying that I have my first covid vaccine lined up soon and it is just causing me so much anxiety and soul crushing dread. I have been bad with this kind of thing since I was like 5 and it has never got any better and I hate it. I would love to hear how other people managed to overcome this particular phobia.,2.0,AskReddit,2021-06-03 07:23:07
"People at work asking if my family has covid and ""why'd you bring the virus to America?"", ""is your family from Wuhan?"", ""wouldn't you rather move back to Wuhan?"", ""what's your family doing in Wuhan? Are they dead from the virus?"", ""you know the virus is killing black families, right?"", ""is your family eating cats and dogs in Wuhan?"", ""don't buy a dog, you'll just eat it"", ""I can say 'chink', its not like the n-word, which actually is used to hate on people"", ""don't come near me, I bet you have covid"", ""why would you get the vaccine when you're the one who brought covid to America? Isn't that kind of dumb?"", ""I don't care about what happened in Atlanta. You know how many black people get shot in Chicago every day? I don't care that you think it was a hate crime. Black people getting shot in Chicago is a hate crime. Asians getting shot in Atlanta isn't a hate crime, because Asian people are white. NO, THEY'RE WHITE. ASIAN HATE IS FAKE. YOU'RE WHITE. YOU'RE WHITE. SHUT UP. YOU'RE WHITE. ASIANS ARE WHITE. KILLING WHITE PEOPLE ISN'T A HATE CRIME. SHUT UP, BITCH."" Btw I'm Japanese-American.",0.0,AskReddit,2021-06-03 08:24:08
"We have a nation controlled by the Media, and now we have the most effective vaccine and people wont take it, being bribed to take it. Our government is run by christians, who will do anything to put their beliefs in the law. ""One nation under god"" the whole nation being divided because a cop unjustly killed a black man and every single racist blames it on drugs. For some reason cops get to be the judge, jury, and executioner, and no one seems to have a problem with that. My country is a business that cares not for its people, but for the control over the people and the money. My government gets to control the female body, arresting, and fining people who have miscarriages even if the pregnancy was rape. Our people raided the capitol on January 6th, 2021 and our government is trying to cover it up like it was a tourist visit. I hate it here let me out i cant pay for my own medical bills. Broke 5 bones, recently got 5 stitches on my hand. My girlfriends dad broke her arm and isn't recieving jailtime for the domestic violence and we are forced to pay for the hospital bill. Im at the edge and i cant handle this place anymore let me out!",1.0,AskReddit,2021-06-03 15:17:41
"Vaccine manufacturing plant for a pharma company that shall remain unnamed. The place was an absolute dump and a half, just disgusting and infested with rats. There was even a used adult diaper on one of the conveyor belts that was mixed with the glass tubes that they ship the vaccines in. Would hate to know what I DIDN’T see during my brief stop by during a layover. I’m not sure the facility has ever seen a health inspector. If they have they clearly paid them to turn a blind eye to a number of health hazards and shady practices. Will NOT be going back! Absolute shithole, fuck that place",1.0,AskReddit,2021-06-03 21:38:17
"In regards to Dr. Fauci I wouldn't jump straight to him having malicious intentions based on what he says right away. Given that he's a medical professional, I'd say that he probably knows the proper levels of PPE to wear and protect himself from the virus. Sanitizing often, wearing a mask, protecting your mucous zone would effectively prevent transmission. That's what I have learned through my first responder training. He likely also doesn't have a *lot* of face to face contact with people given how important he is within the govt so he isn't as likely to spread Covid as opposed to other people who go to super markets or Walmart or something.



           I 100% understand most peoples hesitation towards this line of vaccines in particular just because of how quickly they were pushed out. There is an air of uncertainty as to how many effects it may have. The vaccine testing process is long and labour intensive for a reason. They must be rigorously tested in all aspects to ensure it works exactly as required. 

           You have to think though the world is quite a bit different than it was when Polio and Scarlet Fever were running amuck. We live in a global age where people have access to long distance travel for considerably cheap. Polio has supposedly been around since the Egyptians, and Scarlet Fever had it's run from 1820-1880. So people didn't have cars and planes. Trains, horses and walking were the common ways to get around so every person's bubble of transmission was pretty small. Compared to today where somebody walking into a airport can cause hundreds or thousands of infections. Looking at it that way makes sense to me. 

           People can't have it both ways and ignore a deadly virus. Vaccines were also different back then as health care wasn't as good as it is today so if you weren't vaccinated you could potentially give other people polio which even by today's standards, should be enough evidence to shun anyone.

            I think the lottos and donuts is strictly a state side thing given how political the pandemic has gotten. To achieve heard immunity you need around 70% of the total population and anything to incentivize the people to take it will help push towards that number. Hell I live in Canada I would have loved free donuts for taking the vaccine. I did it for free easily. 


            You have to go more in depth about why Bill Gates. It's always Bill Gates! I don't understand why people hate him so much compared to other evil billionaires. Like sure Gates has a private Jet, but Bezos has a mega yacht and a small yacht for his mega yacht and naval travel dumps far more pollutants than air travel. Bill Gates also donates most of his cash to charitable causes and is a big advocate for climate change. So he does try to off set whatever damage he does do. Bezos donates to his own charities and basically pockets the money he ""donates"". I think Gates is an example of what a billionaire should be. Living well and using the extra money in ways that benefit humanity. I recently learned about the whole standing with Epstein thing but I mean at this point everyones a pedophile 🤷‍♂️

             In terms of politicians I mean they have access to lots of information sure but that doesn't make them smart. Look at Majorie Taylor Greene. She doesn't use a single brain cell in her head. Politicians can be clever and smart but I think it's fair to say that most ""smart"" politicians don't get very far in the race and that's evident on both sides. Most are just attracted to the money, influence and power.


            In terms of the India thing, trust me it's bad. They have a new variant coming and the reason why you see old photos is because of media suppression. In the same way that China ""curbed"" the virus in a few months? Really? They just manipulated the data and pretended everything was fine. Most indian redditors that talk about the pandemic, say it's been brutal on the country. Biden got a lot of pressure because people wanted him to make the vaccine patent available publicly so less wealthy continents like Africa and SE Asia could start producing vaccines to curb their numbers. Even looking at stat trackers for India shows they will likely surpass the States soon. 

I'm sorry for the wall of text btw",1.0,AskReddit,2021-06-03 22:55:52
"Very scared. Thursday was my birthday and I spent the day drinking way too much... by myself. Spent all yesterday hungover, then got my vaccine, and now I’m spending the weekend alone in my room and I am determined not to drink and just surround myself with comforting things. I’m scared, I’m worried, I’m uncomfortable... but for now I’m sober and that’s good enough. I hate this, though.",1.0,AskReddit,2021-06-05 19:16:04
"Just tell them you’re not good with needles, and if you faint it’s that and probably not the vaccine. They will get it, lots of them hate being injected too lol. And if you’re not feeling so hot just mention it, they’ll lye you down and let you chill for a moment. It’s completely out of our control, our brains just nope out for whatever reason.",1.0,AskReddit,2021-06-06 20:28:21
"When people form their opinion on your character by your political views. I am an American citizen who got his vaccine, wore a mask the whole time I was required to, and has never lost respect for anyone because they voted for Biden. I just personally think the guy is just absolutely gone mentally, and a creep. I have also never in my life seen media whether it's news or social media team up and protect other scumbags while just going after Trump violently no matter what and taking away context from everything just to make anything look as bad as possible.

 If you think Trump and the republicans are bad take a look within your own parties backyard. It's far from good over there either. I don't think he's the best president america has ever had. I don't think he was the worst either. The post election stuff however was just embarrassing (stolen election stuff). I was never on board with any of it. Jan 6th I don't think calling people to the Capitol Building was a smart move, but when I watch how poorly the building was prepared. How cops just let people in, how they had ONE cop guarding a floor of the building. Almost seems like they WANTED it to go at least bad to an extent where none of their precious golden tails got hurt, but enough to the point where they could then turn it around say ""Trump started a riot"". It was very clear these people were going to show up well beforehand. That MILLIONS OF PEOPLE were going to protest. 

yet you OPEN THE GATES and LET THEM IN and then you have minimal security within the building. Something fishy there. 

Doubt you needed to get this far to read this but I voted Trump and I don't regret it. Not sure I would vote Trump again, if there was a better alternative I would take it. But his America was a HELL of a lot better than Biden's. The guy is literally a propped up political statue running someones agenda. He will never get my vote and I don't care who he runs against. 

Leave all of your hate and verbal abuse in the comments below me. But just remember that I never lost respect for, let alone berated anyone for their choice in who they voted for.",-9.0,AskReddit,2021-06-07 07:31:11
"I hate to say it but my parents fell for the far-right conspiracies hook line and sinker and constantly talk about wild and unrealistic theories. And their friends act like an echo chamber for them which makes matters worse.

\-They believe that Coronavirus was a ""plandemic"" (God I fucking hate that term)

\-They believe that the vaccine can alter your DNA (My mom got it but only because my uncle has cancer and her father is elderly and she wanted to spend time with them) My father refuses to get it despite his primary income being working in other people's homes.

\-They believe that the attack on the capitol was carried out by ANTIFA and that they used tennis shoes to identify each other (I have no fucking clue what this means but it's something my parents have tried explaining to me)

\-They believe that Donald Trump is actually going to make it back into office.

I still spend time with them, but I put a hard stop on political discussion when I'm around. I won't watch Fox news/ OAN with them or be in the room when they watch it, and if their friends start discussing it I leave.

The media is ripping apart families because they actively support AND REPORT on this commentary. I am happy I no longer live with them and was out of their house well before this started because I probably would have lost my mind and disowned them fully.",1.0,AskReddit,2021-06-07 12:20:08
It’s insane. They hate regulations but are against the vaccine bc it’s not FDA approved. They have a monopoly on patriotism but want to install a king. They are literally insane and impossible to talk to about any of it.,2.0,AskReddit,2021-06-07 18:09:39
"I have a pretty conservative family, in this recent political era it is just too much. These are poor white folks many who have worked state jobs, or low level government jobs, used food stamps and other programs to get by and just cannot stand the welfare class, government or anyone of a different race. It is so mind boggling how they can claim to be superior to anyone really, but they just don’t get the irony. All of them are health disasters, smokers and such and refuse to get the vaccine. The cognitive dissonance is out of this world. I just can’t get past it anymore. I still call my mother and pretend to enjoy it, purely out of loyalty I learned from my deceased father, but she too is off the rails. Current media being targeted at the elderly and the poor is just cynical hate speech, and it is working. These people are gone",1.0,AskReddit,2021-06-08 04:59:23
She posted her getting vaccine on IG and got plenty of hate for it too.,338.0,AskReddit,2021-06-09 18:50:27
I know a lot of Republicans and Trumpers who hate her because she donates to charity regularly and donated a significant fund to Covid 19 vaccine research.,4.0,AskReddit,2021-06-09 21:39:03
"The first time I thought “Oh boy, another virus/based  media fear campaign”. The second time I was like “Oh. This is the real virus theyve been conditioning us to be scared of to exert control” The next few times I was like “Yup. I was right. In a couple months theyll force some vaccine on us, and I wont take it because I dont trust the pharmaceutical companies or the WHO, and everyones gonna hate me cause I dont buy in to the “public health common good” narrative, an obvious co-opted ideaology.” Between me and my brother, weve guessed every new development.


Okay, Ill be accepting downvotes and angry comments now. Please limit your comparisons to Flat Earthers to one per comment please.",-6.0,AskReddit,2021-06-09 23:04:12
"The first time I remember hearing about it was in really early 2020. It couldn’t have been later than mid February, and I remember looking up the stats. I did a little bit of math, and my prediction was that there would be about 300,000 recorded Covid deaths in the USA with a lot more that slipped between the cracks bc of dogshit testing and fuck all contact tracing. 

I remember, that afternoon, I was hanging out with a friend. He was at his desk, trying to distract himself by playing league of legends. When I told him how bad I thought it would get, I don’t think I’ve ever seen him look so genuinely scared.

I figured Trump would dig in on the denial and do next to jack shit, the conspiracy theories would spread like wildfire, politicization of basic science would continue and it would get even more ppl hurt and killed than it already has, and that we were going to be severely lacking ventilators and PPE. I thought we’d all wind up in lockdown for periods of months at a time bc ppl would be idiots, and that we’d have a vaccine in less than 5 years. 

I only told one other friend, and I couldn’t bring myself to tell either of them that those numbers weren’t from the worst case scenario. 

I couldn’t tell them how long I thought it would take.

It just, with my first friend, I saw how utterly terrified he was. I could see it clicking in his eyes when I went over the how’s and why’s. He saw it too, and he looked like an animal backed into a corner. One of the only things that kept him going were the strung along promises of, “just a little bit longer, just a few more weeks, just another month or two longer and then we can have a safe place to live and we’ll be able to get the important parts of our lives back.” 

The thing is, with shitty, drawn out stuff like this, with trauma, you don’t really get a eureka moment where it’s just over and you’re free. It will hurt you, both in ways you see and ways you don’t, and it will take time and effort to heal. He didn’t need to hear how this was going to be ripping apart people’s lives in ways that could haunt them for the rest of their lives though. He just needed a way to get through while we were doing our bests to stay safe. So, I didn’t tell him how long I thought it would probably really take, or that I was being optimistic about how many deaths would be counted, and not factoring in as much malice with the stupidity. I didn’t bring up my number again, and when the vaccine was brought up I just deferred that it would probably be done faster bc of how much money the government was pouring into it.

With the second friend I told, it was more about what I didn’t see. He was not surprised. He was resigned and trying to keep the anger in check. We’ve both studied stats and history, and while he’s more into data science/I’m more into epidemiology, we both understood how this was going to go down. After that one conversation with him in early March, we didn’t really talk about it again. We didn’t need to bullshit each other, so we didn’t. We still watched in disappointed horror as our predictions came true though. 

There was one other day where I really felt vulnerable/scared for where this was going to go, and that was when we passed 300,000 recorded Covid deaths. I’m not an optimistic person when it comes to any sort of “goodness” in humanity, especially when it comes to large groups of ppl. But still, it kicked me in the gut when I realized that our worse side was still managing to not only squirm it’s way under my bar, but laugh in my face as it dug it’s way to even deeper depths. 

Now we’re past 500 k counted deaths. 

Now people see that the countless people who survived didn’t make it out unscathed. 

Now that precious vaccine is being rejected by millions too many, and now too many of us are resigned to this never going away. 

Hell, now my first friend can acknowledge the costs of this whole this without breaking. 

We’re still humans, and we’re still capable of really horrible things. We’re even more inclined to let horrible things just slide by. 

At least, as individuals, we seem like we’re capable of doing something decent every once in a while too. I’d hate to see the mental gymnastics people would go through to make reality palatable without the occasional kindness of others.",2.0,AskReddit,2021-06-10 04:59:11
"What do you mean the guys who decide what you get to say are also the guys who enforce the laws. Wait, hasn't that led to the removal of all controversial thought against the current government regime.
What do you mean criminals shouldn't have the right to life? The point of rights is they exist irrespective of circumstance. Even if you've killed someone else, you deserve the right to life. Even if you're a homophobic nazi spewing 'world is going to end something something 5g vaccine something something' you deserve the right to express yourself. Yes, people have the right to critise what you stand for, but no, they do not have the right to jail you for something you have thought of. That is literally going back to the dark ages where emperors literally banned all thought.
Also, what's considered offensive. A few years ago, severe racial slurs. Now, calling someone big is offensive. Assuming a man is male is offensive and bigoted. Where do we draw the line? How do we know these speech regulations will only be on hate speech and not other kinds of speech in the future?",-1.0,AskReddit,2021-06-10 15:51:18
"I hate to be pedantic, but a girl named Jeanna Giese survived rabies in 2004 without the vaccine. You can google her, there several articles. She's the one of the **only** known survivor of rabies in history. I think there might be like 2 more people on earth who survived rabies without the shot.",1.0,AskReddit,2021-06-10 17:39:05
"Point taken, but comparing refusing a non-FDA approved vaccine to killing Jews is a bit of a jump. I’m vaccinated and I certainly don’t hate people that refuse until FDA approval, for example.",4.0,AskReddit,2021-06-10 18:12:31
"Yeah, I'm definitely listening to my body more. I only ran through the pain once, and I felt very stupid the next day... actually, for the next 2 weeks. I don't run for 1h+ though. My ""running"" sessions are usually about 40 minutes long, though it's more of a mix of running and walking.

Swimming and weight training is something that I unfortunately can't do. I hate swimming, but even if I loved it, I don't know of any place that I can safely swim in this town. Well, I live literally by the biggest river in the world, but I don't feel safe swimming there by myself. And I'm not going to the gym before this Covid thing is under control. Vaccine rollout has been extremely slow around here. Not even my parents had their shots. I got my first one today, but that's because of my occupation. It will take a long, long time until we have at least 60% or 70% of our population fully vaccinated.",2.0,AskReddit,2021-06-10 18:46:29
