comments,score,subreddit,time_created
"I'm not American or Mexican or live in America.
Didn't Biden just signed the $1.9t stimulus checks for Americans? Also get most Americans vaccine?

Also what did Trump do, spend money on walls instead of helping Americans/homeless? The list goes on...

Just because you don't support/like Biden doesn't mean you have to spread hate/lies. It's ""United States"" for fucks sales so be United with your Americans

That picture is from UK smh.",1.0,Republican,2021-03-28 06:56:37
"I hate the whole “without evidence” trope. What was he supposed to do, give a presentation about the vaccine development and distribution timeline? He probably delegated that responsibility to someone else who briefed him on the progress. Meanwhile, if Biden says the exact same thing, they remove the “without evidence” from the headline.",1.0,Republican,2021-04-18 12:51:05
"Masks aren't that effective either. Just saying. Nobody should be locked down, vulnerable people only need to be isolated/protected. Every western government has imploded because of media fear mongering.
Love the hate my comment got though because people have interpreted my comment on the science of the vaccine as a justification for Tyranny.",1.0,Republican,2021-04-20 06:26:25
"Vaccines are not 100% effective, and you can still carry it and give it to others who aren't vaccinated. It also takes a few weeks for the vaccine to be fully effective.

That being said, this entire thing has been about power and politics way too much, and as much as I hate some people on the right for using it as an excuse to not wear a mask, I hate the left even more for being authoritarian af and making people forcibly obey the government, closing businesses that could stay open, ostracizing the right as morons, and making people dependant on government handouts (but hey at least we got some of our tax money back, beats the government spending it)",10.0,Republican,2021-04-28 07:35:47
"As much as I hate the idea of a vaccine passport, private businesses are privately run. They should have the right to refuse service to whoever they want, as long as it’s not discriminatory.",2.0,Republican,2021-05-01 03:10:57
"&gt; Pretty much nobody says the vaccine should be mandatory you retarded faggot.

Yeah, they just want to make vaccine passports a thing, so that you can't go anywhere or buy anything without having had the vaccine.  Totally voluntary though.

&gt; However, you should be sterilized for being too stupid to breed.

...and here we have the typical leftist.  Hate to break it to you, but California was the last state to get rid of involuntary sterilization, several decades ago.",1.0,Republican,2021-05-02 15:12:51
"This.

I was explaining it to a friend just yesterday, I don't mind if a vaccine harms 1 out of 5 million people, I understand that's just how vaccines are. ***But be honest about it.***

They're so overzealous to get every humanbeing on the planet vaccinated that they've decided to lie about the side-effects, insisting that it's 0 out of 5 million. That no one ever on the planet has ever had an adverse reaction to the covid vaccine, and any suggestion to the contrary might as well be treason.

That, *that* is exactly how you make people not trust a vaccine.

Just tell me the risks are 1 in 5 million. Let me make the choice to roll the dice. I decided to get vaccinated, that was my choice, I read about the risks, I read about the at-risk categories that the left refused to acknowledge existed, and I decided to do it anyway. Don't fkn lie to me and tell me there are zero health risks. That is what I hate most about the democrats-- They are willing to lie, cheat, beg, borrow and steal as a means for their perceived ""greater good"".",3.0,Republican,2021-05-10 02:11:55
I heard that the Chinese actually have spies in all the vaccine centers and have almost poisoned every vaccine in the world. It won't always kill you but it was made so in 2 to 3 years your penis shrinks to smaller than Chinese pens sizes because they hate that everyone has bigger dongs than them.,4.0,Republican,2021-05-10 21:01:50
"As a conservative, these posts literally are fuel for why people hate conservatives.  Where do you even start arguing with this stupid shit.  Over 100 million Americans have had at least 1 vaccine shot now, that is quite a bit different than where we were just a few months ago.  Also, they waited for the results from multiple studies that point to you cannot spread covid once your vaccinated, something that scientists were confident on, but not near the consensus to issue policy recommendations.  You want your scientific organizations to be able to adapt to the evidence.",40.0,Republican,2021-05-17 14:01:19
"I’m not against a vaccine but I’m against lack of studies and trials to make a vaccine. I’m very happy Trump pushed for a vaccine, and now the data is “better” but still no where near what we have done with the Flu. I still find the Flu to be more dangerous. 

And as much as I love me some Candace Owens and her intelligence, and as much as I hate gov and big pharmaceutical in my healthcare life, they do list potential side effects and have never toured the vaccine as 100% safe. There are risks to everything.",1.0,Republican,2021-05-26 14:34:22
"“Climate change” is mostly natural, I’m not denying that humans have done *nothing*, but pretty much all climate change is natural.

“Trans” people exist but have mental health issues and people should not be raised to think that they can just change to be whatever they want to be because that’s just not how it works.

Trump did lose but it is very highly questionable if he only lost because of voter fraud by Democrats.  He may have or may not have truly won, but there have been some suspicious things pointing to voter fraud in Biden’s favor.

When did we ever say anything bad against Juneteenth?

Cancel Culture is very much real, many instances people have been silenced because some people don’t like what they’re saying.

Why should everyone get the vaccine?  If you’re vaccinated you should be fine, so why should the people who don’t care if they get sick have to get it?  If you hate Republicans and say that covid is so deadly, why wouldn’t you prefer they don’t get vaccinated and get sick so that you don’t have to deal with them?",7.0,Republican,2021-06-30 21:49:43
"You do say auto immune diseases are becoming far more prominent since the introduction of vaccines.  There is quite a lot of research into this topic and very little evidence of links between vaccines and autoimmune diseases, so implying vaccines are causing a large rise in autoimmune disease is rather dubious and could be considered misleading. That being said, a potential inference seems a tenuous reason for a ban and r/politics is a hive mind devoid of nuanced debate so they're just as likely to have banned you due to your comment history or other views or just due to coming across as right wing.  I'm left wing and I hate it there.  Note I'm only commenting on this to clarify the vaccine information in your original comment, not trying to derail any discussion.",2.0,Republican,2021-07-20 18:20:32
"Great, so then you dont mind if I wait until more thorough research is done before getting a new vaccine for something I will almost certainly survive (and probably did). 

Science is always evolving and continued research  sheds a new light on things that were not clear before. I dont believe I am at risk to wait, so I will.

I do hate that this vaccine became so politicized, by both sides, as it suited them. Regardless, I believe I would have still had the same thoughts as I do now even if they had not made it political.",3.0,Republican,2021-07-21 06:31:19
Texas also am has a relatively low vaccination rate: https://www.mayoclinic.org/coronavirus-covid-19/vaccine-tracker. What you are also illustrating is that ppl who are vaccinated in a populous with low vaccination rate are still at risk. Remember the vaccine is not 100%. I get they are dirty democrats and I hate that about them too.,1.0,Republican,2021-07-22 14:44:43
"I am a republican, I hate this “gene therapy” they call a vaccine, I hate the fact that it’s not tested, rushed, and force-fed, but dammit I cannot argue with your logic.  Deep inside I hate that too.",1.0,Republican,2021-08-03 07:21:50
"Nah nowhere in NY is there a mask mandate and De Blasio announcing vaccine ""passports"" to be required in the city is just a way to get the vaccination rate up. He isn't trying to help Cuomo, they hate each other.",1.0,Republican,2021-08-04 11:54:33
"I do hate the biden administration, so I would absolutely take them to task on their systemically racist vaccine passports and the political prisoners they've taken who have, let's be honest, really just been taken prisoner for dissenting against the biden admin.

BLMers riot, destroy private property, and storm government buildings for a year? It's fine, let them go without bail or have their bail paid with taxpayer money.
Trump supporters do the same? Hunt them down viciously and have their friends and family turn them in, then keep them in solitary confinement and beat them without due process or pressing charges.

Yeah, fuck biden and the dems. They're tyrants. Release the jan 6ers. Demand more from your representative.",1.0,Republican,2021-08-09 03:08:00
I absolutely hate mandatory vaccins. People should be free to choose if they want to get vaccinated. And 100% shouldn’t be mistreated if they don’t take a vaccine. Yes I’m vaccinated but it was out of free will and I will try to uphold the constitutional rights of any person to be free to choose and do as he pleases. And I salute these pilots taking a stand for freedom,2.0,Republican,2021-08-09 21:37:26
If everyone just got the vaccines the COVID virus would see a significant decline in cases and fizzle out. How can you hate on someone who’s not wearing a mask when you disavow the vaccine?,0.0,Republican,2021-08-10 18:21:37
"&gt; If everyone just got the vaccines the COVID virus would see a significant decline in cases and fizzle out.

There are already thousands of mutations of the virus.  It isn't going anywhere.  It is going to be like the flu.

The opportunity for it to go away was lost when China spent months lying to the world about it.

&gt; How can you hate on someone who’s not wearing a mask when you disavow the vaccine?

None of it matters as long as the Federal government is allowing hundreds of thousands of infected illegal aliens into the country.",3.0,Republican,2021-08-10 19:06:03
"Every article that is “Anti vaxxer now is ICU with covid!!! Wishing he took vaccine!!” is portrayed as a white trash Maga Trumpster from a red state. Do you ever it as see a middle aged, Black, single mom, working 2 jobs, living in a Democratic run inner city? Of course not - then you couldn’t hate her and wish her a slow painful death",3.0,Republican,2021-08-13 20:57:12
I need to have the vaccine by Sept 8th or I lose my job. I put in my notice. Hate that job anyway,4.0,Republican,2021-08-16 09:32:34
"There was no fraud in 2016, nobody even claimed that but Trump himself, after he won. What was claimed, and proven by every intelligence agency in America, is that Russian propaganda bots spread lies during the campaigns to make trump look good and his opponents look bad, hence, foreign meddling. 

The people who have not recieved this vaccine are literally destroying the country, based on conspiracy theories they made up about the vaccine while they are keeping all of our hospitals over capacity with their neglectful and stupid decision. 

Keystone pipeline was declined due to being unsupported by the majority of Americans, Trump reinstated it anyways to please a minority, so no loss there. The Paris Accord is one of the most important ways to fight climate change, and the only people who didn't sign it were dictator countries and Trump, so good thing we rejoined that. Trump backed out of the Iranian nuclear deal, not Biden. Weird thing you said there. 

Condition based treaty with the TALIBAN, not Afghanistan. So it's weird that you support Trump signing a deal with the terrorists who helped Osama Bin Laden attack us. 

And, everyone doesn't hate Mitt or you guys wouldn't have voted for both him and John. you only hate them now because they aren't cowards and stood up to trumps lies while the rest of the cronies in office helped him out instead. You should follow their example because Trump was also a democrat until he ran for president, and everything he did was to make Republicans look bad and not be able to win any more elections. You literally put your faith in the Clinton's best friend and got played by them.",1.0,Republican,2021-08-19 10:23:10
"Are you being intentional obtuse? No, I’m not afraid of dying. I have a reasonable amount of worry about a communicable sickness that kills the elderly and otherwise vulnerable and occasionally healthy people. Long term respiratory and neurological deficiency have also been reported. And no, the vaccine isn’t failing in Israeli. There are plenty of breakthrough cases but a toddler could tell you that rates of severe illness are far less if you’re vaccinated (even for new variants). So, do you hate your lungs and brain? Do you hate your neighbors? See, I can be a strawman generating moron too.",1.0,Republican,2021-08-26 23:00:49
