comments,score,subreddit,time_created
Idk I took a class recently (riverside county) and the topic of covid came up. A majority of the students and the teacher said they wouldn’t get the vaccine. I was stunned. So any additional non-Vaxxed people are probably in that area.,3.0,California,2021-05-24 01:04:14
https://abc7.com/gavin-newsom-press-conference-today-vaccine-incentive-plan-incentives-covid/10703015/,2.0,California,2021-05-27 21:17:16
Vaccine records for all vaccines have been recorded by the state for decades. There's no reason they would change that for COVID. There's a reason they know whether children are eligible for public school based on vaccine requirements.,39.0,California,2021-05-28 00:51:13
"I remember someone telling me that California tracks all vaccination records in the state for safety and that you can request these records. I’d have to go back and double check that that’s the case, though certainly for Covid, I can tell you for sure that the state is tracking who has been getting the vaccine.",9.0,California,2021-05-28 01:23:07
"Had just been reading this. It looks like everyone who had been registered is eligible. 🙂

https://www.kcra.com/article/california-vaccine-lottery-covid-inventives-what-to-know/36562582",18.0,California,2021-05-28 03:47:27
"I'm not looking forward to my phone being spammed, notifying me of my Covid vaccine winnings for the next several years.",19.0,California,2021-05-28 03:56:12
So I had a doctor's appointment yesterday and the nurse asked if I got my vaccine yet. I was like yea I had both already. She went into CAIRs and said that nothing is listed for the Covid Vaccine for me. I was confused because I had the Pfizer shot done at CVS back in March and April. I also have EOBs from my health insurance from CVS billing for the administration of the vaccine. No idea why CVS has not reported it yet to CAIRs. Super annoyed.,21.0,California,2021-05-28 05:09:09
"&gt; cause Ive been fine so far,

the point of the vaccine is to protect you, so you can stay ""fine so far"". it's not for treatment once you already get covid.  glad to see you getting your shot!",4.0,California,2021-05-28 14:46:51
"This money is likely coming from the federal government covid package passed earlier this year. The money is likely earmarked to increase vaccination numbers. Short of just forcing the jab, a vaccine lottery is a reasonable incentive and has been shown to work in other states.",1.0,California,2021-05-29 19:07:53
"There are many varieties of flu. We get a few new ones every year. They mutate rapidly. Not so with Covid

https://health.economictimes.indiatimes.com/news/diagnostics/do-those-who-have-recovered-from-covid-19-need-the-vaccine/78882974

Why insult people who have a different opinion?  What do you achieve by doing that?",1.0,California,2021-05-29 20:51:22
"Well, here's [Covaxin](https://www.globenewswire.com/news-release/2021/05/27/2236939/0/en/Ocugen-On-Track-to-Submit-Emergency-Use-Authorization-Application-to-U-S-FDA-for-its-COVID-19-Vaccine-Candidate-COVAXIN.html) (from India). AZ is also pending approval.


The others are Chinese and Russian. Like I said, I suspect they're not trying real hard to get FDA approval. The USA is well covered for vaccines, and China and Russia have more than enough people in the area to meet demand for their vaccines. If you've seen evidence that they've tried to get FDA attention and the FDA ""refused"", I'd be curious to see it.",2.0,California,2021-05-30 00:31:06
"The 43% fully vaccinated number is for everyone regardless of age. When you look at that, only 57% of California's total population has at least one dose. Yeah, it's low, but that also includes 12-16-year-olds who just became eligible, as well as 0-12-year-olds who still aren't eligible.

When looking at those 18 and over, 54% of Californians are fully vaccinated with 70.1% having at least one dose. I may be contributing to that difference as I ended up getting my 2nd dose out of state as I ended up being out of town when my 2nd dose was due and the location I got my first dose wouldn't reschedule me.

Source: [CDC's Vaccine Tracker.](https://covid.cdc.gov/covid-data-tracker/#vaccinations)",25.0,California,2021-06-02 23:49:12
It's still showing effectiveness months later for trial participants. But we'll all need boosters eventually. Novavax is working on a flu/covid combo vaccine. So you might get your booster every year or two if necessary.,7.0,California,2021-06-03 02:27:49
"We don’t know for sure how long it’s current effectiveness lasts but you should be good for now. The vaccine trials actually last a very long time and they still monitor those who enrolled for 2+ years to check if they develop COVID. So they will know if it starts to lose efficacy if more and more people come down with COVID after being vaccinated.

Keep your chin up for now and go live your life until we’re told otherwise. But all signs point to immunity lasting for awhile (even natural immunity).",1.0,California,2021-06-03 21:24:25
"Vaccine status hasn't effected health insurance status yet.  Since employers generally pay for health insurance, its all the same now.   But if people who refused to get the vaccine had to have their health insurance adjusted employers would quickly change.   Since the federal government is paying for covid releated issues, its not a big deal at the moment.  But when your health insurance company has to pick up the bill, and then readjusts your premium, employers will throw a fit.",14.0,California,2021-06-04 23:46:15
"That isn't what HIPAA is. Nobody, apparently, knows what it is or does.

HIPAA doesn't apply to your employer. It doesn't. It just doesn't. There's nothing in HIPAA that controls what medical information your employer can and can't collect about you.

HIPAA applies to providers and people who provide services to providers. HIPAA says my doctor can't tell my boss what my active prescriptions are. HIPAA says my health insurance plan can't disclose to my landlord that I was treated for a drug overdose.

Your employer can ask **you** for whatever information they want. Your employer can also ask your **doctor** for whatever information they want, but HIPAA prevents your **doctor** from answering their question without **your** consent.

The ADA prevents your *potential* employer from asking medical questions as part of the hiring process. It also requires them to keep any medical information you give to them confidential. An employer has every right to ask you medical questions to determine if you're able to perform your job safely. Asking if you've had a covid vaccine is definitely something your employer can ask. If you refuse to answer, you can probably be disciplined for it. At any rate, the ADA, *not* HIPAA, is what controls here.",45.0,California,2021-06-05 01:22:08
"&gt; Why do the vaccinated need to be protected from the unvaccinated? 

Because the vaccine isn't perfect. Getting vaxxed only reduces the likelihood of being infected by 95%. So it's still quite important for the unvaccinated to protect those around them from their own potential spread, regardless of those persons' vex status.

&gt; And why dont they need to wear a mask when they can still catch it and spread covid. 

Wait, so you *knew* the answer to your first question, but still asked it in bad faith?",15.0,California,2021-06-05 03:04:37
"Because having had Covid doesn't offer *lasting* immunity. There were cases as far back as summer of last year where someone who'd have COVID early in the year had caught it *again*. I haven't heard a lot about this, so I could be totally wrong compared to the newest research, but I'm under the impression that you only get immunity after an actual infection for about 3-4 months.

And the thing that differentiates vaccine-based immunity vs natural immunity is that your body's natural immune system response isn't super likely to create antibodies that work on future mutations of SARS-CoV2. It creates them based on a random part of the virus, which might change.

But the vaccines are all designed to make it so your body creates anti-bodies that target SARS-CoV2's spike protein, which *is* the same on every known mutation of the virus. So your body can fight off future infection much more easily, because different variants of the virus aren't invisible to your immune system's first line of defense.",11.0,California,2021-06-05 05:12:27
"If a large unvaccinated part of the population continues to spread and catch covid, there’s more likelihood that a vaccine-resistant strain will develop. And then, of course, your vaccine is no good anymore.",1.0,California,2021-06-05 06:00:52
"&gt; If you get hit by a bus after getting the vaccine, it still gets reported to that number

That's similar to how the CDC recorded covid deaths. Anyone who tested positive for covid was to be declared a covid related death even if they died in a car crash. https://wpde.com/news/nation-world/man-who-died-in-motorcycle-crash-counted-as-covid-19-death-in-florida-report-07-18-2020",2.0,California,2021-06-05 14:41:46
"Masks are more about preventing infected people from spreading disease versus preventing an uninfected person from getting sick. It was important for Covid because of the potential for asymptomatic transmission. In other words, in many cases you didn't know if you were infected or not. 

Source: https://www.newsweek.com/fauci-said-masks-not-really-effective-keeping-out-virus-email-reveals-1596703

&gt;Fauci wrote: ""Masks are really for infected people to prevent them from spreading infection to people who are not infected rather than protecting uninfected people from acquiring infection.

&gt;""The typical mask you buy in the drug store is not really effective in keeping out virus, which is small enough to pass through material. It might, however, provide some slight benefit in keep out gross droplets if someone coughs or sneezes on you.""

But in a world with a vaccine, which is extremely effective at preventing transmission and infection, I don't think masks are anything but pandemic theater.",2.0,California,2021-06-05 14:51:34
"I think you might be conflating the efficacy of the vaccine with the number needed for herd immunity. The numbers vary but for simplicity we’ll say the vaccine is 95% effective against transmission. That doesn’t mean that 5% of vaccinated people get covid, it means that 5% of transmissions break through. If a vaccinated person is exposed to someone with covid and there’s a (for simplicity’s sake) 70% chance that transmission takes place if they weren’t vaccinated, the vaccine protects against 95% of that 70%. So the number of vaccinated people with breakthrough infections is much fewer than 5% because the virus doesn’t transmit 100% of the time someone is exposed.
  
For that reason the actual estimate of vaccination needed for herd immunity for this particular virus is 70-80%.",1.0,California,2021-06-05 15:48:48
But the vaccine isnt 100% effective either and will probably need boosters. Everyone i know that has had it hasnt gotten it again but my cousin got it after vaccination plus got sicker from the second shot than from covid.,1.0,California,2021-06-05 19:50:40
More people have died from the COVID vaccine than mass shootings in California,1.0,California,2021-06-06 01:09:37
"WFH is not possible for all positions, and all engineering jobs at my company require the occasional office visit for various tasks.  The covid restrictions on separation and social distancing directly impact our ability to manufacture products.  It just makes everything harder. If there is a way for the company to get rid of a few people in order to get out of these restrictions, they'd do it after a certain grace period.

I wouldn't even be against it.  I personally want these restrictions to go away.  If you haven't gotten a vaccine at this point, that's on you.",1.0,California,2021-06-06 03:57:44
"There will likely be an uptick in both cases and deaths, but it's very unlikely to reach levels where hospitals are overwhelmed again (which is when the mortality rate of COVID increases from ~1% to ~20%). At this point, nearly anyone who wants a vaccine has already gotten one, and the vaccinated populous can safely return to life as normal. The unvaccinated population is also largely made up of people that don't follow COVID guidelines anyway, so loosening restrictions probably aren't going to significantly impact their behavior anyway. 

Lockdowns and restrictions were important last year too keep hospitals from being overrun and death rates from skyrocketing. That shouldn't be a worry anymore, and we've (probably) reached the point where the negative impacts of the lockdowns are greater than the negative impacts of COVID.",2.0,California,2021-06-08 21:03:36
"Well if we're talking realistically.

24,000.  

20% (about 6000) has had the vaccine and about 5000 total reported cases.  

Its rather unlikely to get covid if you've already had it and unlikely to get it if you've had atleast one vaccine.  So 5000 previously infection, 6000 vaccinated.  Worst case scenario everyone who was infected got the vaccine, best case no one infected go the vaccine (total of 11,000 or a bit more than 30%)

Anyway, lassen county isn't likely to explode.  Population density just isn't there.",6.0,California,2021-06-09 19:30:30
"You do realize it can be more than one thing, right?

There's not much evidence in the efficacy of lottery programs in changing vaccine hesitation, meanwhile giving lots of (middle income and poor) people money is a tried and true electoral strategy.

And given the issues with massive fraud and EDD during covid, how is a poorly planned communications plan re: lottery notifications *not* shifting externalities (ie dealing with predictable scams) to the public?",-27.0,California,2021-06-09 20:52:45
"&gt;a very small number of immunocompromised people that can't.

This is what the anti-vaxers don't realize or don't care about. Because they are healthy and refuse to get vaccinated they put at risk all the people who want to get vaccinated but can't due to medical reasons. I know a woman who had a kidney transplant and she still has to live in lockdown because she can't get the vaccine and Covid would be a death sentence. The anti-vaxers have prevented her from returning to a normal life because we won't reach heard immunity.",9.0,California,2021-06-10 16:38:38
"&gt;&gt;a very small number of immunocompromised people that can't.
&gt;
&gt;This is what the anti-vaxers don't realize or don't care about. Because they are healthy and refuse to get vaccinated they put at risk all the people who want to get vaccinated but can't due to medical reasons. I know a woman who had a kidney transplant and she still has to live in lockdown because she can't get the vaccine and Covid would be a death sentence. The anti-vaxers have prevented her from returning to a normal life because we won't reach heard immunity.

People who are so immunocompromised that they can't get a vaccine are susceptible to a laundry list of diseases and illnesses, least of all covid.",-1.0,California,2021-06-10 16:56:41
"Help them out how? If it isn't covid it's something else. People at higher risk will always need to be careful. 

The truth for people in that situation is that if you're at higher risk, take additional precautions. Same as it ever was.

I think the whole, everyone else needs to get a vaccine because of these people is more of the same silly peer pressure.",2.0,California,2021-06-10 17:54:01
"Ooh yes its been 3 weeks since my second vaccine! I was just hesitant since Ive gotten covid twice but ive started to go to stores now, still masks bc LA lol",1.0,California,2021-06-10 19:27:47
"Yes.

https://www.npr.org/sections/coronavirus-live-updates/2021/06/08/1004597294/the-highly-contagious-delta-variant-of-covid-is-on-the-rise-in-the-u-s

&gt;A new study from Public Health England showed two doses of the Pfizer-BioNTech vaccine were 88% effective against symptomatic disease from the Delta variant compared with 93% effectiveness against the Alpha variant, the variant first detected in the U.K. The vaccine only provided 33% protection after just one dose.

And from the study about high risk people potentially needing a booster

&gt;Consequently, further booster immunisations of JCVI Priority Groups in the UK and similar groups in other counties, as well as others with lower vaccine-induced NAbTs than the cohort of BNT162b2 recipients studied here (ideally with modified vaccines that induce NAbs that broadly neutralise emerging VOCs) are more likely to be required to maintain the highest levels of NAbs in regions where B.1.617.2 or other equally NAb-resistant strains become prevalent.

https://www.thelancet.com/journals/lancet/article/PIIS0140-6736(21)01290-3/fulltext",42.0,California,2021-06-10 20:26:49
"&gt;The issue are kids who can't get the vaccine yet.

How do you figure? Kids are by far the lowest risk group for covid.",7.0,California,2021-06-11 05:59:05
"Covid and school shootings compared to cars now? How are those related? But sure, I honestly don't feel humans are responsible enough for cars for the general public as proven by the staggering number of innocent casualties that happen each year (2 per minute). It will never happen though as it is too engrained into the global culture, but would humans have been better off leaving driving to professionals and safer modes of transportation for the public? Yes. But that is why public transport needs to be massively improved nationwide. Busses should be the norm instead of cars as it would  lessen traffic and literally directly save lives as well as countless animals to boot. So if you are asking me if cars are worst than covid and school shootings, it's definitely up there as one of the leading causes of death and thank you for bringing up a great reason to not only improve infrastructure, but also get better means of transportation that are safer and more efficient.

And the whole point of herd immunity is to protect those that cannot get the vaccine, we still need to continue to help them. Plus people can still get it after being vaccinated (1 in every 20) and having a ton of people not vaccinated running around increases their chances of getting it. Then it can mutate and become more infectious to everyone and more hardy against future vaccines and potentially even more deadly. And then it tears through schools in a new variant that kills kids too. 

My favorite covid argument to this day though is still that it's fake and yet is also from a Chinese lab, both are true at the same time apparently. When your side is making exactly that much sense, maybe a deep hard look is in order. I keep thinking to myself, one day I may have to explain to my grandkids that yes, our fellow countrymen really did believe that something didn't exist and also did exist at the same time like they had the object permanence of an insect. What they didn't believe was that shut downs and masks work to slow the spread of a virus, even though it's basic common sense and has been known for generations at this point and whenever people say they don't think that masks work I immediately assume they have the brain of an insect.",-4.0,California,2021-06-11 14:01:39
"Covid and school shootings compared to cars now? How are those related? But sure, I honestly don't feel humans are responsible enough for cars for the general public as proven by the staggering number of innocent casualties that happen each year (2 per minute). It will never happen though as it is too engrained into the global culture, but would humans have been better off leaving driving to professionals and safer modes of transportation for the public? Yes. But that is why public transport needs to be massively improved nationwide. Busses should be the norm instead of cars as it would  lessen traffic and literally directly save lives as well as countless animals to boot. So if you are asking me if cars are worst than covid and school shootings, it's definitely up there as one of the leading causes of death and thank you for bringing up a great reason to not only improve infrastructure, but also get better means of transportation that are safer and more efficient.

And the whole point of herd immunity is to protect those that cannot get the vaccine, we still need to continue to help them. Plus people can still get it after being vaccinated (1 in every 20) and having a ton of people not vaccinated running around increases their chances of getting it. Then it can mutate and become more infectious to everyone and more hardy against future vaccines and potentially even more deadly. And then it tears through schools in a new variant that kills kids too. 

My favorite covid argument to this day though is still that it's fake and yet is also from a Chinese lab, both are true at the same time apparently. When your side is making exactly that much sense, maybe a deep hard look is in order. I keep thinking to myself, one day I may have to explain to my grandkids that yes, our fellow countrymen really did believe that something didn't exist and also did exist at the same time like they had the object permanence of an insect. What they didn't believe was that shut downs and masks work to slow the spread of a virus, even though it's basic common sense and has been known for generations at this point and whenever people say they don't think that masks work I immediately assume they have the brain of an insect.",-2.0,California,2021-06-11 14:32:54
"I thought California was paying for COVID time time off, whether it's sick time, vaccine or effects of the vaccine. I haven't looked into what businesses qualify for this support to their workers though.",47.0,California,2021-06-11 18:06:00
"&gt;Covered Employees in the public or private sectors who work for employers with more than 25 employees
are entitled to up to 80 hours of COVID-19 related sick leave from January 1, 2021 through September 30, 
2021, immediately upon an oral or written request to their employer. If an employee took leave for the 
reasons below prior to March 29, 2021, the employee should make an oral or written request to the 
employer for payment.

&gt;Vaccine-Related: The covered employee is attending a vaccine appointment or cannot work or
telework due to vaccine-related symptoms.
Paid",24.0,California,2021-06-11 18:24:50
"Because no one under 12 can get the vaccine yet unless they're in a trial for it. I'd rather protect kids from being disabled from COVID, how about you?",1.0,California,2021-06-12 04:37:48
"What are you basing that on? Have you read this research?

[Necessity of COVID-19 vaccination in previously infected individuals ](https://www.medrxiv.org/content/10.1101/2021.06.01.21258176v2.full.pdf)

&gt;Cumulative incidence of COVID-19 was examined among 52238 employees in an American healthcare system. COVID-19 did not occur in anyone over the five months of the study among 2579 individuals previously infected with COVID-19, including 1359 who did not take the vaccine.",2.0,California,2021-06-12 15:14:48
A majority of schools aren’t open. The 6 biggest high schools near me are closed. The closest college campuses near me are closed. Only small schools and private ones seem to be open. Now don’t misunderstand me I got Covid and received my vaccine and I don’t care if we’re open or closed. Really makes no difference to me.,7.0,California,2021-06-12 15:46:20
No surges in overall numbers sure because in pretty much every state the majority of the population is vaccinated. I don't believe they report on what percentage of new Covid cases are people who received the vaccine.,3.0,California,2021-06-12 18:25:26
"25% of 12-17 year olds got at least one dose in just a month, a total at 34.6% as of 6/8. Impressive.

The 40th million COVID vaccine dose in CA should be administered in the next couple of days.",169.0,California,2021-06-14 17:44:45
"Yeah I was off base. According to the NYT, we're at at 72% of adults (18+), 58% of the total population.

Ages 12 to 17 are at 39%

https://www.nytimes.com/interactive/2020/us/covid-19-vaccine-doses.html#by-state
https://www.nytimes.com/interactive/2020/us/covid-19-vaccine-doses.html#by-state",3.0,California,2021-06-14 23:24:46
Are they unreachable because theyre now dead from something definitely not related to the covid vaccine?,0.0,California,2021-06-15 16:33:00
Even more so when counting individuals who were asymptomaticlly infected and have not received the vaccine. More people have been infected with covid than most realize.,2.0,California,2021-06-15 19:43:53
Yes there are plenty of them. My mother in law is one of them. She adamantly wears her mask everywhere because she’s terrified of COVID but won’t get the vaccine because she’s also unsure of the science. Some people are just scared of everything.,20.0,California,2021-06-16 03:31:01
I get the fear for someone who comes into contact with vulnerable people. The thing is the Pfizer and Moderna vaccines are more effective at preventing Covid than the MMR vaccine is at preventing measles. We didn’t wear masks to grocery stores to avoid measles. There are next to no cases in my area of CA so it just doesn’t make sense to be afraid.,2.0,California,2021-06-16 18:05:31
"After vaccination, covid becomes far less deadly than the flu. You don't mask up even BEFORE taking the flu vaccine. Masking post-vaccination is a sign of religious adherence, not scientific analysis and risk assessment.

I also hope people stop masking their children. It is disgraceful. Children are more likely to get struck by lightning than die from the flu.",3.0,California,2021-06-16 23:16:32
"the vaccine is dangerous, if anyone here sees this do not get it. my friend who got the vaccine 2 months ago just got really sick from it and is in the hospital with covid. he is a perfectly healthy 35m. They have been partying alot thinking they are safe i guess after getting the vaccine now he is in trouble and im scared for him",-1.0,California,2021-06-18 03:20:53
"That’s because people don’t want to get COVID period. 

The vaccine only protects against hospitalizations/death; you can still get COVID and studies are showing even asymptomatic &amp; mild COVID is resulting in health issues months after testing negative.",-1.0,California,2021-06-18 07:53:35
"It's very rare for covid to break through the vaccine. And this is no different than any other vaccinations. They're our breakthrough with measles, chicken pox you name it.",4.0,California,2021-06-18 14:00:34
"If you hold your finger on the QR code (on iPhone at least) it will show up as an image and you can save the image to your photos. I just put it in an album called Covid Vaccine QR haha. I mean it's functional and useful if you lose your card or something I guess but a bit unimpressive considering the fuss they're making about it. 

I would have thought they could do a basic QR code app, like in the Whole Foods app where you scan it at the checkout.",32.0,California,2021-06-18 18:35:55
"According to the FAQ:

What should I do with my digital vaccine record?

You can take a screenshot of your vaccine record to store on your mobile device, save the QR code to your device’s camera roll, or print a copy of the record and store in a safe place. If you are at a venue that can read SMART Health Cards, present your copy of your digital vaccine record for scanning. If you lose your digital COVID-19 vaccine record, you can start the process over at the Digital COVID-19 Vaccine Record portal.",14.0,California,2021-06-18 19:15:04
"jesus people.  it just got started.   give it time to iron out wrinkles.  

for what it’s worth i just started ucla for medical needs and my covid vaccine info is already in UCLA’s system.",11.0,California,2021-06-18 22:35:20
"If your info is wrong. Here is an article on how to fit it. 

https://abc7news.com/myvaccinerecord-covid-vaccination-records-online-digital-vaccine-passport-my-record-california/10806281/",7.0,California,2021-06-19 00:56:18
"Here's a couple of articles if you are experiencing problems:

https://www.sfchronicle.com/local/article/California-vaccine-verification-record-QR-code-16258204.php

https://abc7news.com/myvaccinerecord-covid-vaccination-records-online-digital-vaccine-passport-my-record-california/10806281/",1.0,California,2021-06-19 01:44:20
"Just poorly worded, they meant that the link, to your COVID-19 vaccine record and QR code, is valid for 24 hours. 

That means the link where you can access the image of the QR code will be available for 24 hours. Afterward, the link where you can grab the QR code image will be gone, but the QR code will still work.",3.0,California,2021-06-19 05:50:09
"IMO, the judges ruling is most likely correct (in the sense that CA assault weapons law will eventually be overturned), but I find a few oddities in his opinion. I'm not going to nitpick each of his 96 page paper, but a few key points that i remember from reading it a few days after it came out.  


1) The use of crime stats of burglary. although it is a good statistic to use-- in the opinion's case, it was a bit iffy in the sense that  there was an implication of ""assault weapons"" (defined by CA) was needed and wanted to prevent further violence from burglaries and not just a simple handgun or any other tools. IE, a better use of stats would have been to show that owners having a CA define assault weapon showed a stark contrast vs other tools (handguns, knives, etc) of the chance of being further victimized.    


2)  the ""more popular"" than the f150 argument. Is not a good stat to put in for any argument. The costs are substantially different, so it is obvious that a lower priced item would be more popular than a 20k+ truck. A better statistic to use would be to show how prevalent CA ""assault weapons"" are would be just to show it. Show how prevalent the ownership rate is compared to other states. Show how prevalent it is within the state itself. Show the % of CA ""assault weapons"" under overall CA firearms  


2b) more popular than f150 argument p2. The argument is a bit narrow, ie # oranges to #gala apples instead of #oranges to #apples: If we were to compare aggregate ""assaults weapons""  ownership to just an aggregate annual car ownership, then one can easily claim that assault weapons are not popular by a factor of since it dwarfs it handily.  


2c) addenum: more popular than stun-gun argument is actually an example of a good use since it was a self defense tool vs self defense tool.  


3) the covid-19 vaccine killed more than ar15 argument --- which is an easily provable falsehood.   


I think it's worrisome despite being for the reversal of CA gun laws. Because what if it was reversed? IE what if there was an argument saying ""Yes, CA # of mass shootings are lower compared to TX-- this ban stays bc it is clear that CA gun laws work."" The statistic may be true (since it's a hypothetical for the sake of argument), but we can argue that it too reductive. I wouldn't want a ruling based on some reductive use of statistics -- even if it benefited me. It doesn't sit right.",1.0,California,2021-06-23 00:29:13
"This is the kind of stuff that might make a political mark. Red states/regions have stagnated in their vaccine rollout thanks to republican efforts to politicize a *vaccine* of all things, and we are already seeing alarming upticks in case rates those regions. 

Are we going to be in a situation where the cities are full steam ahead, while the rural regions are ravaged by 4th and 5th waves of covid? Hopefully we have enough overall immunity to stave off that scenario, but it’s worth contemplating.",196.0,California,2021-06-23 02:07:09
"&gt; Yet trusts the Republican party.

Vaccine hesitancy isn't just a party affiliation problem.

https://laist.com/news/health/black-angelenos-have-highest-covid-cases-deaths-in-la

&gt; Racial gaps also persist in L.A.’s vaccination rates. About 73% of Asians have gotten the shots, followed by 64% of Whites and 51% of Latinos. Black residents remain the least likely to be vaccinated, with just 43% of people over the age of 16 choosing to get the shots.

Similar rates are showing across other states. I think I'm making a fair assessment in saying that the gap in vaccination rate among the black community isn't because of their loyalty to the Republican party.

A large portion of the black community have a kind of hesitancy towards the vaccine due to a historical mistrust in the government and medical treatment, stemming from actual experimentation and exploitation (involuntary sterilizations, J. Marion Sims's vesicovaginal fistula repair experimentations on enslaved black women without anesthetic, and the infamous Tuskegee Syphilis Study).

Getting people to trust the government is a hard endeavor considering.",16.0,California,2021-06-23 11:23:54
"To add onto this, during the initial rollout of the vaccine, many figures in the government and media loudly voiced their intent to vaccinate the black and brown population first. Despite the fact that historically, this didn’t work out for them very well. Additionally, since these populations are disproportionately working in high contact jobs, most have already been exposed to the virus. Since [mild infections confer lasting immunity to the virus](https://medicine.wustl.edu/news/good-news-mild-covid-19-induces-lasting-antibody-protection/), most members of those populations don’t see a need to be vaccinated since they already have antibody resistance.",2.0,California,2021-06-23 11:59:53
"Sadly, this is no longer true (at least with Pfizer) for the Delta variant:

*However for the Delta variant this protection was lower, with one dose of the Pfizer/BioNTech jab offering about 36% protection against symptomatic disease. For one dose of the Oxford/AstraZeneca vaccine this figure was about 30%.*

https://www.theguardian.com/world/2021/jun/15/the-covid-delta-variant-how-effective-are-the-vaccines",7.0,California,2021-06-23 16:06:58
"&gt; Will heart inflammation and other issues arise from the vaccine though?

AFAIK, there's been no evidence of that, e.g. for Pfizer/BioNTech and Astra Zeneca Oxford:

https://www.thelancet.com/journals/laninf/article/PIIS1473-3099(21)00224-3/fulltext

If you scroll down to figure 1, you'll see a list of side effects from that particular UK study on those two vaccines.

Heart inflammation is not listed as a side effect on any source I could find, e.g. for Moderna, Pfizer, or J&amp;J:

https://www.mayoclinic.org/coronavirus-covid-19/vaccine/comparing-vaccines

However, COVID-19 does have some mild to severe long term side effects, that far outpace any known side effects to any COVID vaccine (with some rare medical exceptions, e.g. some people shouldn't get vaccines in general because of an Auto-Immune disease. Your doctor will help you answer that):

https://www.mayoclinic.org/diseases-conditions/coronavirus/in-depth/coronavirus-long-term-effects/art-20490351#:~:text=Long%2Dterm%20effects%20COVID,within%20a%20few%20weeks.

&gt; Older people and people with many serious medical conditions are the most likely to experience lingering COVID-19 symptoms, but even young, otherwise healthy people can feel unwell for weeks to months after infection. Common signs and symptoms that linger over time include:

&gt; * Fatigue
* Shortness of breath or difficulty breathing
* Cough
* Joint pain
* Chest pain
* Memory, concentration or sleep problems
* Muscle pain or headache
* Fast or pounding heartbeat
* Loss of smell or taste
* Depression or anxiety
* Fever
* Dizziness when you stand
* Worsened symptoms after physical or mental activities

...

&gt; Although COVID-19 is seen as a disease that primarily affects the lungs, it can damage many other organs as well. This organ damage may increase the risk of long-term health problems. Organs that may be affected by COVID-19 include:

&gt; * Heart. Imaging tests taken months after recovery from COVID-19 have shown lasting damage to the heart muscle, even in people who experienced only mild COVID-19 symptoms. This may increase the risk of heart failure or other heart complications in the future.
* Lungs. The type of pneumonia often associated with COVID-19 can cause long-standing damage to the tiny air sacs (alveoli) in the lungs. The resulting scar tissue can lead to long-term breathing problems.
* Brain. Even in young people, COVID-19 can cause strokes, seizures and Guillain-Barre syndrome — a condition that causes temporary paralysis. COVID-19 may also increase the risk of developing Parkinson's disease and Alzheimer's disease.",1.0,California,2021-06-23 17:20:13
"""Extremely rare"" is right. Much more rare than side effects from COVID-19 + your chance of getting COVID-19.

https://www.sciencedaily.com/releases/2021/04/210407174321.htm

&gt; One in ten have long-term effects 8 months following mild COVID-19

Then from the article you linked:

&gt; The cases of heart inflammation appear to be notably higher in the week after the second vaccine dose and in males. The CDC identified 309 hospitalizations from the heart inflammation in persons under the age of 30, of which 295 have been discharged.

&gt; Dr. Tom Shimabukuro, deputy director of the CDC's Immunization Safety Office, said in a presentation that data from one of the agency's safety monitoring systems - Vaccine Safety Datalink (VSD) – suggests a rate of 12.6 cases per million in the three weeks after the second shot in 12- to 39-year-olds.

&gt; ""We're observing this in the younger age groups, mainly in people in the teens and early 20s, and observing it more in males, compared to females,"" Shimabukuro said. ""This effect largely kind of disappears once you get into these older age groups - individuals 50 and over.""",2.0,California,2021-06-23 23:22:34
"[According to WebMD:](https://www.webmd.com/vaccines/covid-19-vaccine/news/20210610/delta-variant-and-covid-19-vaccines-what-to-know)

&gt; Study finds two doses needed to block delta variant.

In other words, get your ass fully vaccinated.",17.0,California,2021-06-24 18:30:23
"Vaccine hesitancy is not just among conservatives. 

One of the most vaccine-hesitant communities (and one of the hardest hit with COVID deaths) is _people of color in Los Angeles_ - do you think they vote GOP or follow Q-anon? Probably not.",28.0,California,2021-06-24 18:40:33
"Yes. My son is just over 2 years old. Him and I would be 100% emotionally fine if we stopped breastfeeding. However, I'm trying to keep it going as long as possible so we can maximize those covid vaccine  antibodies!",15.0,California,2021-06-24 19:11:13
Sorry if I missed it but No where in that article does it say that moderna’s Covid-19 vaccine has been in the works for decades. But it talks about their other vaccines that haven’t been licensed for human use until Covid began.,0.0,California,2021-06-24 20:09:19
Interesting article on long Covid and the unknowns dealing with children. But I was asking about long term effects of MRNA vaccine…,-18.0,California,2021-06-24 20:47:22
"The vaccine produces the same anti bodies as natural infection. That's pretty much been proven after all the vaccine was produced using the spike proteins from the first covid virus. 

If your saying natural infection antibodies are ineffective against the Indian variant then you are also saying the vaccine is ineffective as well. 

Both of which have been proven to be untrue. Both will offer protection, and your protection will vary from person to person. 

For me I have confirmed natural infection antibodies. So until they go I won't get a vaccine. Once they do il weight up risk and reward based on covid having had no effect on me, even though I have been in direct contact with positive people on countless occasions. 

I even lived with 4 of them I never got a single symptom, two others showed minor symptoms and a third like me.didnt get anything.

I'm fairly confident my antibodies are offering me a good level of protection.",7.0,California,2021-06-24 21:21:49
There's nothing more decadent and depraved than a man in the depths of a Covid vaccine binge,10.0,California,2021-06-24 23:03:28
"Nowhere in my comment did I mention hospitalization or death so I'm not sure why you brought that up at all.

Vaccinated people are actually more likely to get the Delta variant than prior variants. There is data from Israel to support this.

Even though it is LESS likely to get covid with the vaccine, you still can get it. And the focus is on severity of illness, not long haul. Which is why I'm interested in the long haul symptoms.",1.0,California,2021-06-24 23:05:48
"&gt; https://www.businessinsider.com/nurse-coronavirus-long-hauler-fully-vaccinated-breakthrough-infection-2021-6

The vaccines are not 100% effective.  This nurse was part of the +/-5% that might catch the virus despite the vaccine.    Covid has a ~43% rate of long-term symptoms (last I saw, but could be different with more current research) - meaning that of the 5% that end up catching covid despite vaccination, there are likely to be some that have long haul symptoms.  My guess is that the rate of long haul symptoms in this cohort will be lower than unvaccinated, but since there is yet to be research published, it's just a guess.

Point being - vaccination probably plays no role in why the nurse was a long-hauler.  She caught covid as one of the unlucky ones that the vaccine didn't fully protect, and has long haul symptoms.  Your odds of avoiding long-haul issues due to covid, as someone vaccinated, are FAR better than someone who didn't get vaccinated.",3.0,California,2021-06-24 23:51:20
"So yes obviously the vaccine did not make her a long hauler. No kidding. 

Obviously she still caught covid and the vaccine wasn't able to fully protect her, and she got long covid from her infection.

Your 5 perfect number is wildly incorrect. That's an old outdated percentage for hospitalization and death, not symptomatic covid. 

In Israel right now almost half of the Delta variant cases are in vaccinated people. So more breakthrough cases equals higher chance of getting long covid.",3.0,California,2021-06-24 23:56:16
"About 250 people who are fully vaccinated have died with a positive COVID-19 test per the CDC last I checked. Most are advance age. 

Before anyone says ""haaaaaaa the vaccine doesnt work"" it does, 250 out of 144000000 is a lot whole hell of a lot better than 440000 out of 340000000.",3.0,California,2021-06-25 00:37:07
"Because side effects right after getting the vaccine aren’t indicative that the vaccine won’t cause long term problems. There’s no long term research. Oh, and I’m not at risk. Why get it if you’re not at risk? Let everyone who is at risk and who is fearful of Covid get it. People haven’t gotten it because they understand Covid for what it is: a manipulative tool used by the media and government",0.0,California,2021-06-25 12:01:43
"No child has suffered long term consequences from Covid, and yet children have died from the vaccine.

I wouldn't play the lottery with my child's life, no sensible parent would.",-1.0,California,2021-06-25 15:22:39
Research shows that even those who were infected with COVID-19 it's better to get at least one vaccine shot.,1.0,California,2021-06-25 17:14:15
"Which child has died from the Covid vaccine. I cannot find any conclusive proof that anyone has died from the vaccine. There is so far ONE 19 year old who died two days after the vaccine two days ago, but it is not yet clear if that was the cause of death.

So give me the name of a single child who has died from recieving the covid vaccine",1.0,California,2021-06-25 17:28:45
"Okay, and what is the risk of dying from the vaccine versus dying of covid? That will be a major factor in determining long term health consequences",1.0,California,2021-06-25 19:22:27
"For a healthy active person with no underlying health issue, the vaccine is more of a risk than covid is, in reality.",1.0,California,2021-06-26 06:51:42
"I got my vaccine through Kaiser since I'm a member, so pretty much my COVID shots is already there in my records.",2.0,California,2021-06-28 04:47:03
"I was just talking to a woman who was young and perfectly fit pre-covid.  She now has chronic heart and kidney issues that she'll probably be managing for the rest of her life.

Covid doesn't just kill, it alters the course of many survivors' lives for the worse.  I know people are frustrated and want to get our lives fully in gear again, especially after we've gotten vaccinated, but we aren't 100% out of the woods yet.  Take care of yourself and those around you.  (And if you're refusing the vaccine against medical advice, *please* reconsider.  Even if you think you'll be fine from covid, you could harm the people around you.)",62.0,California,2021-06-28 05:11:39
But  isnt the point of the vaccine to prevent ppl on getting extremely ill from covid?,14.0,California,2021-06-28 05:49:01
"&gt; the vaccine only prevents hospitalizations...

This is not true, there is significant evidence that the covid vacines used in the US also reduce spread.",53.0,California,2021-06-28 06:40:40
"I know several covid denialist anti-vaxxers who are older and wealthy.  They own homes, have assets, or at the very least one of those super juicy six figure public pensions.  They have real means.   If they get COVID and end up in the hospital with $200,000 of medical bills, they can afford to pay them, but they won't have to.    I understand the poor person, perhaps an immigrant, who is worried about being deported if they go get vaccinated.  But the well off, or even rich people, who refuse to get the vaccine?  They can pay.  Full price.   If you are poor and get covid, there is nothing to go after, but if you are wealthy and have covid, there are some assets in play that need to be put on the line.",8.0,California,2021-06-28 08:52:46
"I guess this is why California has [supplemental paid leave](https://www.dir.ca.gov/dlse/COVID19Resources/) for those who had side effects of the virus, or [free rideshare](https://www.npr.org/sections/coronavirus-live-updates/2021/05/11/995882805/uber-and-lyft-will-give-free-rides-to-covid-19-vaccination-spots-white-house-say) codes to vaccine sites. 

I will judge those who don’t follow the proven science of vaccines. People who have lesser issues are denied medical care all the time. It is only because the government is covering the bill is why covid patients are seen. Otherwise, kicked to the curb.

At some point everyone’s tax dollars should go to something other than an almost completely preventable expensive hospital visit.",20.0,California,2021-06-28 09:04:29
"Not a guarantee. 

I had the OG COVID-19 and it felt like some light seasonal allergies. 

I then got the vaccine. 

Here I am, two months after the vaccine, suffering terribly from the delta variant. 

This is by far the worst sickness I’ve ever had. 

I’m 23 and very healthy otherwise, to provide some context.",17.0,California,2021-06-28 12:30:55
"I got the original COVID-19 and it felt like nothing. I actually remember being quite angry as how it was like a case of a super light seasonal allergies but yet we had shut down over it. 

Fast forward a few months later, I get the vaccine.

Fast forward a couple months after the vaccine, and I now have the delta variant and am suffering more than I’ve ever suffered in my life. 

I’m 23 and otherwise very healthy. I’ve been sick maybe 5 times in my entire adult life.",45.0,California,2021-06-28 12:34:43
"Studies so far show BMI [is not a factor](https://pubmed.ncbi.nlm.nih.gov/33506642/) when it comes to vaccine efficacy. So nope, I wouldn’t tell my obese friends to stay at home. There are the immunocompromised though, and I do feel it is our duty to get vaccinated for those who are most vulnerable and scared of covid-19.",5.0,California,2021-06-28 15:15:18
Wait….so you got both shots of the vaccine but are still suffering from the delta variant? I thought the vaccine was supposed to reduce the intensity of covid?,7.0,California,2021-06-28 16:18:57
"Other studies show that Covid-19 vaccine effectiveness is in fact lower in obese subjects: https://www.medrxiv.org/content/10.1101/2021.02.24.21251664v1

This research is in line with years old results from before the Covid pandemic showing that the flu vaccine is also less effective in obese people: https://www.health.harvard.edu/diseases-and-conditions/flu-vaccine-less-effective-in-obese-individuals

Given that a finding of similar effectiveness from the vaccine in obese and non-obese would overturn the longer term understanding, the burden of proof is higher for those seeking to show similar effectiveness. In the face of conflicting studies, that burden has not been met. 

Meanwhile, the greater propensity of the obese to be superspreaders is firmly established: https://www.pnas.org/content/118/8/e2021830118",0.0,California,2021-06-28 16:31:02
"I wouldn’t know how to quantify it unfortunately. It’s highly unlikely that that it would be as if they didnt have the vaccine. The vaccine helps, but just not as much. 

I am desperate to see a study comparing the immune response to a covid infection event between unvaccinated subjects with a normal range BMI and vaccinated subjects with obesity (&gt;30 BMI) and severe obesity (&gt;40 BMI)",1.0,California,2021-06-28 17:12:50
"That’s maybe true for 9 completely random vaccinated people. Not necessarily true for a family of people who may all have some shared genetic component that makes them more likely to get COVID even with a vaccine. 

The population you’re sampling makes a massive difference for this type of stat.",4.0,California,2021-06-28 20:06:34
"It does reduce spread. There is abundant data showing the vaccines have reduced the spread of Covid by over 90%.

This should be obvious. Covid cases have dropped massively since the vaccine program started, despite masks and social distancing going away. How could that happen if vaccines don't reduce spread? 

Yet people keep repeating this myth over and over again. Vaccines work. For symptoms, for spread, for everything.",6.0,California,2021-06-28 23:12:50
"I disagree with a core premise of this article - that being opposed to a vaccine passport makes one “anti-vaccine” or “right wing”. 

You can be in favor of vaccination AND against a vaccine passport. 

Requiring a vaccine passport to participate in everyday society is an incredibly dangerous precedent. Once  introduced, it’s naive to think it will end with COVID. It won’t.",-7.0,California,2021-07-06 19:20:57
"&gt; It's my understanding that the vaccine % effective is assuming an exposure to an infectious dose.

No. That’s what I—it appears poorly—was trying to explain. 

The effectiveness numbers derived from the stage iii trials in 2020. What they did is they vaccinated a huge group of people and placebo’d another huge group. And they counted how many in each group tested positive (or had symptoms? I can’t remember) and when. The placebo group had 20x as many people who did. So therefore, the vaccine made you only 5% as likely to be infected as unvaccinated. 

A major assumption here is that people in both groups had equal exposure to the virus over time. That’s likely true due to the sizes of the group. 

But that’s the overall point here. The likelihood of actually contracting covid that underlies everything here remains very specific to circumstances of individuals and hard to pin down. 

To get the number you are talking about, they’d have to do an intentional exposure test. But such things are generally considered unethical with anything dangerous, especially when you had unvaccinated people being intentionally exposed as a control. They may eventually do that to test long term effectiveness of the shots though.",1.0,California,2021-07-06 19:29:08
"I think government should give everyone two options.

1) Get the vaccine

2) Get injected with the live COVID virus

That's the only way we'll ever get rid of COVID forever.  Otherwise, we'll be chasing down endless variants and it will never end.",-3.0,California,2021-07-12 07:10:23
"&gt; plus later he very quietly got vaccinated

It'd be weird if the guy responsible for [operation warp speed](https://www.defense.gov/Explore/Spotlight/Coronavirus/Operation-Warp-Speed/) didn't take the vaccine himself. Also, he's [publicly urged](https://www.foxnews.com/media/trump-urges-all-americans-to-get-covid-vaccine-its-a-safe-vaccine) people to get it.

He may be anti-mask but he's decidedly pro-vaccine.",0.0,California,2021-07-12 23:49:35
