comments,score,subreddit,time_created
"We agree that everyone should pay their portion. The issue we need to iron out is how  much is enough? Because whatever bar we set, I’ll be good with. It can 50%, it can be 85%, I don’t really care. Taxes don’t really bother me in principle. What I’m not ok with is the government raising or adding additional taxes later on to fund useless programs. And they’re slick with it; they won’t just come out and say it. They’ll add a couple of additional taxes here and there, not really concerning most people, then they’ll come out and say they need more money for something and they’ll only raise it by a point or two, maybe even temporarily. But we all know the government hates giving up power once they get it. I mean look at the mask issues we are running into now, even after the CDC basically updates it’s guidelines to say once you have the vaccine - the pandemic is over for you. I’m not anti government, I’m just very skeptical about giving them more money and more power. But again, I’m with you. All citizens and businesses should pay whatever we agree is the fair amount. No loopholes, no tax breaks, no hiding. Just pay what you owe and move along.",1.0,democrats,2021-04-03 22:52:55
"Or, and hear me out, for a year the nation had closed schools, restaurants, theatres, offices, and other public spaces. As those restrictions lift thanks to Vaccine distribution, people are more easily targeted again.

Considering the rise in right-wing extreamism, the fact these mass shootings didn't take place at anti-mask rallies makes sense. So many of these shooters, being radicalized young white males following right-wing ideologies, are reluctant to attack their political bedfellows.

How exactly do ""democrats"" have something to do with it? Without an actual hypothesis, all you are doing is saying ""see this thing, it's kinda correlated to this other thing. Hence we need to stop Ice Cream Sales in the Summer because they result in more drownings at the beach""

Also, I think your post is a great example of the failure of America's public health system. In a First World nation, someone shouldn't have to suffer these kinds of paranoid delusions. I hope you get help.",1.0,democrats,2021-04-16 15:26:06
"Yes it is Donald Trump supporters leading the charge against the vaccine.  He takes credit for everything that's unfortunately all he did and seems capable of, because even still why isn't he pushing them to get the vaccine?

&amp;#x200B;

It's hardly just him responsible for all the cultish behavior and crazy extremism on the right wing, but the crazy cult atmosphere he created in the Republican party has made EVERY FRINGE belief palpable.

So yes he is to blame, for lowering the bar so much that his rabid mindless supporters fall for any and every conspiracy out there chief among them right now being anti-vaccine, anti-science, and anti-public health but also just as dangerously pro terrorism, and pro overthrowing democracy.

A frightening time to be an American and have to share it with these absolute out of control psychopaths.",4.0,democrats,2021-04-24 04:02:47
People do what people do. There have been anti vax people long before trump. I've known people personally that moved to a different state because of vaccine requirements for children. A vaccine that's brand new and made so quickly will only make that worse,0.0,democrats,2021-05-03 00:05:06
"You don't know many then, because it is a majority of Republicans unfortunately.

As for going back to normal, I don't wear mask when I outdoor recreate in Colorado and haven't had to for a while.  I still bring one just in case, unfortunately because of Republicans and other dumb idiots not being vaccinated we still have community spread.

Once we stop having community spread we won't have to wear masks (though in the future if I have the flu and HAVE to be in public I will wear one then out of respect for others health).

You should convince more of your friends to get vaccinated, I really don't believe you that you don't know any anti vacc people unless you live in a super blue area (and even those have plenty).

There will always be lunatics, but since the disease became political it made the issue of anti-vaccination so much worse.

&amp;#x200B;

Would you support incentives or punishments for people who don't get vaccinated like vaccine passports so you can ""get back to normal"" at things like sporting events and fucking idiots who won't get vaccinated simply can't go and endanger others?",2.0,democrats,2021-05-03 15:53:01
"No, I really do not know any anti-vaccination people, besides one democrat, and I attribute that to all of her “essential oil” nonsense. Me, my family and my staff are all vaccinated, so there isn’t any reason to convince people to do something they’ve done already. I don’t know how I feel about a vaccine passport as I haven’t looked into it. I think charging me more money for another passport isn’t acceptable, but the idea that you have to be vaccinated seems good to me. After all there are schools that require vaccinations to keep the children safe. Makes sense to me to require vaccinations everywhere.",2.0,democrats,2021-05-03 15:58:27
"I mean no, but I think it’s goes much deeper than that.

They’re not necessarily “fine” with it, but at the same time, they don’t have the mental fortitude to actually acknowledge it or do anything to change it. Ignoring issues or pretending everything is actually fine is a pretty strong coping mechanism for many on the right. You see this across so many different issues. This is why so many of them are vehemently anti-mask/anti-vaccine/deny that COVID even exists, it’s why many of them flat-out refuse to acknowledge or make a good-hearted attempt to understand systemic racism, it’s why so many of them completely fail to address our country’s many shortcomings but in then religiously worship the US as the greatest country on Earth etc etc.

Now, there are obviously many other factors at play with the above things I’ve mentioned, but I think straight-up denialism is a strong component overall with the ideology of the right. It’s a lot easier to deny that something even exists in the first place than it is to actually have a good-faith discussion and/or change something. 

It’s not “conservatism,” it’s largely denialism imo.",2.0,democrats,2021-05-05 14:12:24
More fodder for the anti-vaccine crowd.,1.0,democrats,2021-05-07 14:31:28
"Great idea. I wonder if insurance companies in the US can have a covid carve out for anti-vaxxers. If you choose not to get the covid vaccine, then you don’t get insurance coverage when you get ill with covid. This seems like a reasonable ask in my opinion.",0.0,democrats,2021-05-07 15:33:01
"&gt;This “the only person you can trust is yourself” mentality has a tendency to cause people to conceive of themselves as individuals and not as citizens. Derek Thompson of The Atlantic recently contacted more than a dozen people who were refusing to get a Covid-19 vaccine. They often used an argument you’ve probably heard, too: I’m not especially vulnerable. I may have already gotten the virus. If I get it in the future it won’t be that bad. Why should I take a risk on an experimental vaccine?

&gt;They are reasoning mostly on a personal basis. They are thinking about what’s right for them as individuals more than what’s right for the nation and the most vulnerable people in it. It’s not that they are rebuking their responsibilities as citizens; it apparently never occurs to them that they might have any. When Thompson asked them to think in broader terms, they seemed surprised and off balance.

And so it's no wonder that the anti-vaccine attitude persists more with Republicans than Democrats. 

The Republican voter orientation is to think of things from an individual rights perspective. Whereas Democrats approach things from a ""we are all in this together"" perspective.",6.0,democrats,2021-05-07 21:44:48
"Well, the fact that the results are consistent with all of the other polls over the last few months says a lot. But otherwise, you'll have to talk to the people doing the poll. As they know more about the science of it than I'm sure you or I do.

Meanwhile, on Reddit it's pretty obvious that the conservatives are the wacky anti-vaxxer people. You don't see Democrats and liberals talking about not getting the vaccine.",9.0,democrats,2021-05-25 22:31:28
"Just FYI this wasn’t all “nurses” it was something like 170 out of 10,000 employees, including security guards, janitorial staff etc. of those, many had actually already gotten one dose of the vaccine but not the second and a few had gotten the vaccine and not reported it properly. It wasn’t this massive group of anti-science nurses.

The overwhelming majority of working nurses and nursing students got the vaccine early as they are front line workers.

Keep your uninformed opinions to yourself.",0.0,democrats,2021-07-03 15:17:33
"We should start web rumors that the Anti-Vax movement is all funded by liberals so that Republican votes would die of covid.  They are dumb enough to believe that.

Also we could try another rumor that the vaccine  makes you add 2 inches to your dick.",1.0,democrats,2021-07-10 00:13:52
Who would’ve thought that spreading/enabling anti-vaccine and anti-science lies would have negative effects?,29.0,democrats,2021-07-13 22:40:54
"What would shutting them down accomplish? It would only validate the conspiracy theories. 
If people want to believe them it doesn’t matter if you shut them down, they will find another reason to be persuaded to not take the vaccine especially if they think you’re covering up something.
How many of the anti-vaccine people are people that wouldn’t have thought to be anti-vaccine if not for someone on the internet with no scientific support telling them it’s bad?",-1.0,democrats,2021-07-18 20:52:30
"You may be right on the air america thing--i knew hm from  Muike Papantonio--Ring of fire

The only thing i can think of  was he hooked up with Russia Today whch is where Ed Schultz ended up--msnbc

They kind of all ran in the same circles for a while--actually looked up as i was typing yes Ring of Fire and RT are bed fellows, but it also seems like RFK was anti vaxx before covid--from 2019 politico--actually better article from Scientic America 2017
https://www.scientificamerican.com/article/how-robert-f-kennedy-jr-distorted-vaccine-science1/

Sorry was searching and typing",2.0,democrats,2021-07-19 00:16:12
Fully against anti-vaccine… had to read that a couple of times to parse it…,1.0,democrats,2021-07-23 02:59:29
"We knew this was going to happen. When the vaccines came out, lots of us told the anti-vaxxer Republican covidiots they would eventually be playing the covid death lottery all by themselves.

So it's heartbreaking when kids or the immunocompromised are intubated or die because they are either unvaccinated or don't respond well to the vaccine.

These ""MuH FReeDumB, MuH cHOice"" folks, not so much. And instead of being selfish at the end, if they felt true remorse for their actions, they would get on YouTube. Tell their story. Apologize for putting other people at risk and encourage their fellow and vaccinated friends and relatives to get the vaccine.",1.0,democrats,2021-07-25 14:59:51
"&gt;People who don’t agree with your political beliefs are not your enemy.

Well, they could be. And spreading anti vaccine propaganda is pretty close. 

&gt;I hope that you are not suggesting that their illness or even death is in any way a positive thing.

They seem to be implying the exact opposite, now now they're taking it seriously?",1.0,democrats,2021-07-26 15:48:05
It’s spreading in the UK very badly and people there aren’t doing the foolish red state anti-vaxxer stuff. Vaccine uptake in the UK is extremely good. (Mask wearing is terrible though),1.0,democrats,2021-07-30 19:53:00
"Also I don’t understand why people should be blamed for not taking the vaccine. It’s not FDA-approved and there aren’t long-term studies on its safety. Now of course they should wear a mask if they aren’t vaccinated, for their safety and others, but the anti-maskers are a much smaller minority of republicans.",1.0,democrats,2021-08-01 18:49:17
"I'm not sure if you're being sarcastic or not, but that's [exactly what's happening](https://www.cnn.com/2021/07/29/health/vaccines-in-secret-missouri/index.html) in many parts of the country. The Delta variant ravaging unvaccinated families and a few members in Republican leadership taking a hard pro-vaccine stance is certainly helping.

Unfortunately, I'd venture a guess of around 20-25% of the country will refuse the vaccine even if they had to watch their entire family die as a result. If what the delta variant is doing to the unvaccinated isn't proof enough for the anti-vaxx QAnon crowd then nothing will be.",1.0,democrats,2021-08-03 15:54:14
"Honestly from a vaccine stand point and total US  health standpoint I just tell people that voted for Trump that he created policy to help get it pushed quickly and he himself (as did his family)took it so on basis of supporting him they should too. This fighting political party style has gotten too cult like and it needs to be pushed aside for safety and progress, just screaming ""die anti vaxxers "" or similar things just fuels them to want to reject it more and is pointless and needless effort.",1.0,democrats,2021-08-04 20:38:55
"Headline I'd like to see: ""Biden calls anti-mask, anti-vaccine Governors and Congress members murderers. The science backs that up.""",1.0,democrats,2021-08-04 22:46:54
"I wonder how many stupid sheep are going to die because they believed this idiot's anti vaccine, anti mask rants?

And how many more will die because the smugly ignorant, contagious wool-brains will be infecting them on their way to casualty ...",1.0,democrats,2021-08-07 17:27:55
"He has been pro vaccine since the start of the program, if your saying anti mask yes hes been more on that front, but he's been pro vaccine and his message to Floridians has been to get vaccinated.",1.0,democrats,2021-08-10 18:21:14
"&gt;You sure like twisting words, don’t ya?

I'm literally repeating back to you what you're saying. I'm just trying to help you understand how horrible that sounds.

&gt;They’re a danger to public safety.

Are all ""anti-vaxxers"" (I don't really think this is a fair way to describe people who are against taking the Covid Vaccine as it exists on the market currently) a danger to public safety?

&gt;They’re berating the health care professionals who are doing their best, forcing them to quit.

They're all doing this?

What about the doctors and nurses who are being forced to quit because they themselves don't want to take the Covid Vaccine? Any sympathy for them?",1.0,democrats,2021-08-11 13:56:27
"&gt;Anti-vaccination groups, citing alleged cases of death and deformity from bad reactions to smallpox vaccine, called compulsory vaccination “the greatest crime of the age,” claiming that it “slaughter[s] tens of thousands of innocent children.”

Where have we seen this kind of idiot garbage before...oh wait, they quarantined that low IQ sub.",2.0,democrats,2021-08-12 18:18:33
"First, that was not day one. That was after Trump spent every single day of the pandemic up to that point politicizing it, as he has continued to do.

Second, saying that you'll take medical advice from a scientist but not a politician is not politicizing. It's using common sense.

Third, are you seriously proposing that the anti-vaxxers are taking their cues from only the last sentence of that statement and ignoring the first sentence? If so, they would have to be ignoring not only the statement itself, since doctors have told us to take the vaccine, therefore Biden/Harris have taken it and recommend it, but also absolutely everything else Biden/Harris have said and done both before and after that statement. 

And has Trump ever told anyone to take the vaccine? He even tried to hide the fact that he and his family had taken it. Is Trump out there telling people to take the vaccine now? The vast majority of anti-vaxxers are Trump supporters. If Trump were encouraging people to take the vaccine, they'd be taking it.

The idea that the anti-vaxxers are Democrats who won't take the vaccine because Trump said to take it — *that's* what's disingenuous. If you have even a shred of data that suggests that might be the case for any significant number of anti-vaxxers, I'd like to see it.

I honestly can't believe that even you believe that Harris meant that she wouldn't take the vaccine no matter what, simply because Trump took it. I mean, you yourself provided the entire quote. She obviously meant that if Trump's advice opposed the advice of experts, she'd take the advice of experts.

Unless your head is buried in the sand, you know that most anti-vaxxers are Republican Trump supporters. I don't even know why you're making this ridiculous argument.",1.0,democrats,2021-08-13 16:23:37
"Guaranteed that GOP's embrace of anti-vaccine and mask hysteria is a political calculation to weaken Biden and the Dems. They want to keep the pandemic going because it creates fear and uncertainty which they will then use to blame Dems (as evidenced by the subject of this article). The fact almost all of it is because of the GOP's own insanity is besides the point since they know all of their base and large numbers of independents won't remember and won't connect the dots. 

*""Things are bad...Dems are in charge...it must be the Dems fault""*

Personally I believe that intentionally causing the deaths of thousands for political purposes is an act of treason and terrorism. It's insane to me how the media and especially Dems are just treating this like its political horse race stuff. Dems should be out there screaming from the rooftops about how Republicans like DeathSantis and Abbot are literally murdering thousands of Americans and that they are terrorists who should be fucking arrested and jailed for decades.",4.0,democrats,2021-08-13 17:01:33
"&gt;Any rational common sense person is looking at all of this scheduling an appt with their doctor and asking them what to do.

Who has a doctor they trust and can afford to go see them, which is, sadly, not everyone. Vaccine hesitant people that could be reached may not be because of our for-profit medical industry. I wonder if there's anything that could be done for these people through outreach. 

Also sadly, the ""rational common sense"" thing isn't everyone either. Many are caught up in conspiracy theories and propaganda and would see a doctor advising them to take it as more ""evidence"" that the entire medical field was evil or corrupt. Anti-vaxxers need to be deradicalized first, then we have a shot at getting them vaccinated. But if we knew how to deradicalize en masse, we likely already would have. These people will probably either have to find it themselves or be brought back by someone who they already know and trust.",1.0,democrats,2021-08-19 14:27:10
"Sure, all the information is diluted. I don't think Government mandates would help Anti-government people in their heads it would be validation of why they are the way they are. Even now when I spoke with my Doc it was a question of vaccine A, B, or C. He said def not C. Between A and B he recommended  A and explained why. I have 2 friends uninsured no RCP so I let them sit in on the zoom call to listen to the discussion. Then just like that 3 reluctant people are on board for Vaccine A. I don't want to use the names as it could get ""sensored"".",0.0,democrats,2021-08-19 15:27:54
"Unfortunately they have their little pity party pal to cheer on their stupidity. This is why the anti-vaccine movement is so strong they encourage this ignorance. Well we’ll being seeing this person on r/leopardatemyface of either dying of Covid or asking for people to pray for a family member dying of Covid. 

Sadly I am just done… I don’t have it in me anymore to even give two f$&amp;ks for these people anymore. Sorry, I know that’s heartless but I am just done.",3.0,democrats,2021-08-19 21:35:36
"I never said forced, these people are making the choice to take dewormer because they are gullible and in some cases have undiagnosed mental health issues. 

You are right, some people can't take the vaccine for medical reasons or have medical worries about it and that is fine! But the vast majority of anti vaccine people are those screaming about tracking chips or some other nonsense. 

As for forced vaccination, if you have medical reasons you should be exempt, but otherwise mandatory vaccinations have been a part of history and you should be thankful about that as it saved you from many diseases. 

Humans can and will make their own choices, which is why we have punishments for those that make choices that puts  society at risk. Not being vaccinated because you are worried about a tracking chip or because you simply don't want to is putting society as a whole at risk, so there are consequences.",8.0,democrats,2021-08-25 00:03:33
"Haha, I just had a friend of a friend die of Covid a few days ago, anti vaxxer, anti masker, believed in faith healing, so I made the comment, ""well, why didn't he and his wife and buddies lay hands on him and heal him?"" This guy kept saying he didn't need the vaccine because Christ was protecting him, I said good luck with that, 3 weeks later Covid, 2 weeks after that, dead. I'm not an atheist, I believe in God, but Christ stopped healing on the cross. This guy is irrefutable proof of my theory",1.0,democrats,2021-08-25 18:26:31
"Including you, apparently. 

I agree the headline is an issue, but that is cnns fault. Kamala harris didn't do anything wrong. It would be insane to take medical advice from trump. This is the same guy who asked if we could inject bleach into the lungs to do a cleaning. His word on health topics is beyond useless and into actively harmful at times. Trust the experts, not trump. That is the absolute correct message.

But of course CNN led with the controversial part that sounds like she's an anti vaxxer. And it convinced you enough to come here and argue with misinformation that democrats are just as bad as Republicans regarding vaccine hesitancy when that is obviously incorrect. If you are so worried about people only reading the headlines, do better and be sure you are spreading good information instead of inaccuracies that you continue to double down on.",3.0,democrats,2021-08-26 05:46:36
"Ah yes. The Vax vs the anti vaxx. That's where the world is headed. Not much different than proletariat vs bourgeoisie. ""Antivax"" being demonized. Charged additional money for Healthcare by their employers (delta airlines). Do this or don't eat (mandates in Oregon) . Wake up and look around. This is highly highly disturbing. You should be ashamed at the mass disposal of a person with a different Healthcare opinion.
You know what else is not funny? Vaxxers promoting no healthcare for people without a vaccine. Telling people to sit at home and die if they get covid and didn't get the vaccine. You are fucking sick in the head.",1.0,democrats,2021-08-26 15:12:19
"I think you can do whatever you want, I know people who aren’t anti-vaxxers but don’t want to get the vaccine because the controversy around it. Just do what you think is best for you.",-2.0,democrats,2021-08-28 04:31:55
"Very true. Both groups of vaccine skeptics seem utterly baffled, angered, and confused by the notion that vaccines and masks protect others, not just yourself. 

To be fair, I don't think there's much grousing on the leftier side of anti-vaxxism with wearing masks. So they get a point for that.",1.0,democrats,2021-08-28 17:25:50
"It's not just the anti-vax stance. She said they are Trump supporters. I am saying Trump supporters are the issues. I am aware there are anti-vax on both sides and I think they are both stupid. 

I didn't comment back because I do not support either of those companies for that exact reason. It is however a completely different problem. 

Also, that is just not true. Idk about Hispanics but, African Americans and definitely not one of the least vaccinated groups. That's a easy google search. I double checked before even responding. 

I view racists democrats the exact same way I view Trump supporter's. 

Again I do not care what they feel is right. Nazi's thought they were right too (that was my exact point). 

Also, I do not feel bad for them. If personal rights were being taken away they would not have the CHOICE to get vaccinated for Covid or not. The fact that they don't understand that is not my problem. 

There are some people I know who were holding out for reasonable reasons but, still being safe. That is different. However the people who are not vaccinated and not masking are a problem and hurting their community. Blood is on their hands. 

Vaccine hesitancy was not what I said my issue was. My issue again is having a different set of ethics. 

You are trying to make this only about the vaccine and I was never commenting on the vaccine alone. 

Also if anyone is supporting big corp it is the right. The left is literally saying pay fair wages and tax the rich. While the right is saying ... No. 

They literally want MORE government  and less freedoms 😅 I live in TX and they are cheering on us woman losing our right to choose. 

So yes I view them as the bad in the world. They are.",1.0,democrats,2021-08-31 16:14:00
" &gt;Getting a shot to protect yourself and others from COVID-19 is both a social responsibility and the best way to hasten the end of the pandemic, and if you don’t believe that, we’re not waiting around for you to step up.

It also makes the most economic sense. Many of these conservative anti-vaxxers were also the ones that complained about the lockdowns hurting the economy. And yet, now they won't do something as simple as getting a vaccine.",23.0,democrats,2021-08-31 16:27:48
"It's one less talking point in their arsenal. Can't really call it ""experimental"" when it has full approval like every other vaccine - especially since many covid anti-vaxxers seem to have been fine with vaccines before now.",3.0,democrats,2021-09-01 10:01:32
"You are correct. I’m not an anti vaxxer, I’m genuinely afraid to get the vaccine because of all the lies from fauci all the way up to the president. Our government doesn’t care about the people. Why does everyone think the vaccine is free? Why don’t they give insulin or cancer drugs out for free? It’s because our government cares about themselves, corona virus is transmittable. If cancer or diabetes were, they be giving it out free of charge as well so they would catch it, that’s the only reason. 
Maybe one day when we actually get a president , we will get good info instead of all the lies.",1.0,democrats,2021-09-01 15:57:12
"**Reminder:** The sub's mods will ban any: anti-vaxxers, covid-19 deniers, and anyone that promotes dangerous alternate remedies--just to name a few. The majority of users that break these rules visit from other subs. Most of them came from pre-existing quarantined subs.

From the sub's rules:

&gt; COVID-19 is real and there is no debate about it. People have lost loved ones to this dangerous disease. 
&gt; 
&gt; COVID-19 does not care about your personal opinion or how you vote. You should care about others and prevent them from getting this disease by following federal health guidelines and by getting vaccinated. Do not downplay or mock necessary public health measures to address this pandemic.

And:

&gt; * Do not discourage people from taking the COVID vaccine.
&gt; * Do not downplay or mock necessary public health measures to address this pandemic such as wearing masks or social distancing. Do not downplay the effectiveness of those measures or mock people following those measures.
&gt; * Do not promote health misinformation or promote dangerous alternate remedies.",1.0,democrats,2021-09-01 22:16:05
"Pretty sure they killed themselves when they decided to eat McDonalds and smoke cigarettes for 30 years. 

When a SARS virus enters your body it attacks your cardiovascular system, respiratory system and renal system. Arteriosclerosis, COPD, renal failure and other renal or cardiopulmonary disease processes exacerbate the virulence of covid; most of the victims of covid had some form of extenuating chronic condition. 

Additionally, it’s transmitted through aerosolized respiratory secretions (similar to tuberculosis) that can only be blocked using an N95 or N100 mask. Months of wearing a mask really wasn’t enough to stop the spread due to the extreme contagion factor coronavirus has. 

No one on the planet could’ve predicted the virulence of the disease; except Fauci who had ties in the origin of it. During the history of humanity there hasn’t been a 100% effective way to deal with virulent pandemics. Under Trump’s leadership a 97% efficacious vaccine was produced; the fastest developed vaccine for a novel virus was produced through Republican legislation. The vaccine has undoubtedly saved countless lives.

If you are anti-science and have those pre-existing health conditions and decide to not get the vaccine, there is a good chance it could kill you. It’s not up to the government to force feed Americans on their decisions, they have the freedom to get it but every choice has a reaction and it may be negative but it’s still the basis of our country, individual freedoms.",2.0,democrats,2021-09-04 00:23:42
"Don't forget, ""pRo-LiFe"" and simultaneously, pro-war, pro-gun, pro-capital punishment, anti-healthcare, anti-vaccine, anti-mask and anti-social services. Also, anti-immigration, even though immigrants are escaping humanitarian crises including political violence, drug trafficking related violence, food insecurity, lack of proper healthcare, and other life or death situations. 

Never ever EVER will a CONservative convince me that they actually give a flying FUCK about ""life."" NEVER.",6.0,democrats,2021-09-06 23:39:49
"I voted!!!  

Fellow Californians:  the ballot is right there on your dining room table or wherever you put your mail.  Open it, vote NO, then drop the ballot off in the mail or at a ballot drop box.  There are ballot drop boxes all over the place and outside every library branch!  

Do it NOW--we only have a week! 

This REALLY MATTERS.   We have Republican chaos agents, running a terrible, anti-vaccine, misogynist, anti-voting rights candidate named Larry Elder, he's leading, and the way this stupid recall is set up, he could become governor if we DON'T VOTE.  

VOTE!!!!!",70.0,democrats,2021-09-07 22:11:51
