comments,score,subreddit,time_created
"I don’t like mask mandates and I hate wearing masks, since I did my part and got the vaccine. Luckily for me I live in an area which still allows vaccinated people to go about without wearing masks, but I don’t understand why Trumpy Republicans want to disempower localities from setting their own policies. Conservatives were supposed to at least nominally be in favor of subsidiarity which is letting communities do what they like without using force to impose uniform policies against them. What’s even worse than that is that some of these masking prohibitions are preventing businesses from deciding whether to demand masking from their customers or not.",1.0,moderatepolitics,2021-08-23 15:56:13
"&gt;Because I can’t tell you the reason that there is a rare side effect with the J&amp;J vaccine… which, BTW, has not yet been discovered by scientists, I’ unable to hold a valid opinion on the safety of the vaccines. 

You are aware that, based on the level of knowledge you claim is sufficient to judge the safety of mRNA vaccines, there is no difference between the two?

You are welcome to have an *opinion*, as long as you present it as such. When you, however, move from stating an opinion to representing your opinion as *fact*, you step into the realm of ""misinformation through ignorance"".

If you say you believe it is safe, we are in agreement. I do too. If you say you know it to be so, based on an understanding of science, with no expertise in the science?

Well, that is a horse of a different color.

&gt;Are you even reading what you wrote?

Yep. Are you? Becauss I don't recall ever stating you can't have an opinion. Only that you are not qualified to validate scientific research from expert epidemiologists.

&gt;Go beat your damn drum somewhere else.

No thank you? If you don't want to read my words, *nothing is forcing you to*. You have always been able to stop at any time, by simply not responding. What you aren't able to do, is dictate where I go and where I speak.

If you choose to read my words, then accept accountability for that choice, rather than blaming me for your distress at having your cognitive dissonance challenged.

&gt;And if you believe them, you first have to prove how and why nearly even country on the face of the planet is conspiring yo get the scary shots into the arms of their citizens.

I am starting to believe less and less that you are reading my responses. Or did you miss where I said I have been fully vaccinated for some time, and made the  choice to believe the data presented publicly?

I am just calling bullshit on your ""I watched a YouTube video so I am competent to speak as an authority on the subject of vaccine safety"" stance.

Have your opinions. Advocate for them. But don't lose sight that they are opinions, held by a layperson, and have not been researched well enough to justify any claim that you know Jack about their safety. Your *belief* in the safety of said vaccines is your *opinion*, and is based on the *trust* you have in people that you acknowledge as experts.

Any statement beyond that? Is crap. And based on the volatility of your reaction, you really hate that fact, even as you intermittently have glints of.self awareness sufficient to allow you to categorize your ""statements of evidence based knowledge and research"" as personal opinions.",1.0,moderatepolitics,2021-08-24 20:31:59
"I know people hate the ""both sides"" take.  But when Hillary lost, there was no end to conspiracy theories on the Left about how the election was stolen.  The Left is more sophisticated in its conspiracy theories, though.

How many times did national news media talk about ""Russian influence"" and ""Russian hacking"" on the election?  Polls showed many people on the Left believed that Russians had actually hacked voting machines -- and changed votes/outcomes.

The true story was that Russians did try to change the election with propaganda (the kind of thing that is old as dirt).  They also ""targeted"" voting systems.  But there is no evidence they actually changed any votes.

The Left media was very happy to run these stories nonstop and knew they were giving people the *impression* that [the election was invalid/stolen](https://www.washingtonpost.com/news/the-fix/wp/2016/11/13/one-third-of-clinton-supporters-say-trump-election-is-not-legitimate-poll-finds/).  

It always seems one side pushes the envelope a little and then the other side pushes it even more.  Then ""both sides"" can point the finger at the other.

Even the vaccine stuff.  I remember *very* prominent Dem leaders saying they wouldn't trust a vaccine that came from the Trump administration.  It's ironic that the Right tends to be more skeptical of the vaccine.  But I can't help but think that the behavior of those Dem leaders is partly to blame for it.",10.0,moderatepolitics,2021-08-25 13:39:45
"I have a friend with MS who has been specifically told not to get the vaccine. 

This is my point. What is a normal person to do if the state or gov tells them one thing, but their doctor tells them something else.

Mandates are undermining medical autonomy and trust in physicians. I hate this. Biden and trump should be telling people to meet with their doctors to do what’s right for them, not to just obey whatever medical guidance they give. It’s not sustainable or effective.",7.0,moderatepolitics,2021-08-25 16:48:13
"&gt; Post vaccine I haven't quite figured out the arguments in favor of it by progressives. 

Simple, they generally like renters and hate landlords.",28.0,moderatepolitics,2021-08-27 04:40:09
"They know; that’s the issue. 

It is debatable whether they use such obtuse comparisons to either:

1) challenge the popular representation of the Holocaust which has subsumed the histories of other cultures persecuted en masse into the contemporary narrative of Jewish persecution, that is to say, the public perception that the Holocaust was only perpetrated on Jews, which it factually was not

-or-

2) sound an actual “hate the Jews” dog whistle and score some cheap political points. Vaccine requirements aren’t new, they just don’t like this one because they refuse to accept that life does not move at a pace they are comfortable with.



It is the lack of clarification by the speaker, this deliberate no-man’s land/grey area that makes this type of speech problematic, inflammatory, and ultimately irresponsible, from someone who should and does know better.",1.0,moderatepolitics,2021-08-28 23:08:37
"&gt;You literally claimed that masks are worthless because of compliance issues and have not responded to the evidence that categorically proves that false.

No, I didn't. My entire argument is that mask mandates are worthless when compared to vaccinations. Any resources that we would spend on mask mandates should be redirected to driving vaccinations. I view masks as a band-aid. They don't actually address the problem.

&gt;There is no flaw and the rest is also categorically false because you rest it entirely upon an assumption and there is no reason why masking would be better than no masking even with the higher viral load of Delta. All you have there is an argument for N95s, which are now widely available. Do you have some data that shows otherwise and should have us expecting a total reversal once data for Delta comes in? Let's see it. Otherwise, what you have there is a guess based, inexplicably, on your own assertion that the trends in place since 1918 with masking will for some reason reverse--for the first time in epidemiological history.

N95's that don't properly fit are about as effective as a surgical mask. Good luck getting people to wear properly fitting N95 masks. Compliance would plummet.

And I never said it would be a total reversal, just reduced effectiveness. And I doubt any data exists on Delta at all in regards to masks. All we have to go buy is the increase infectivity from Delta which is now well documented. So neither of us really have data on Delta to support our arguments with masks. You are reliant on data for other variants that are no where near as infectious as Delta. But again, my argument really doesn't have anything to do with the effectiveness of masks.

&gt;Again, you're ignoring the data and making up interpretations that have no basis in evidence. Time to admit you are ideologically opposed to masking--yours is not an evidence-based position.

You shouldn't make assumptions about people. I personally don't have an issue with masks, although I am generally opposed to government mandates on people. I really hate when the government doesn't enforce its rules or passes the buck onto someone else because they are being cheap. So maybe now my argument makes more sense. The government should be spending its limited resources on the most effective means we have to address COVID which is vaccines because mask mandates are pretty worthless. They would either be unenforced which is bullshit or enforced which takes away from the vaccine effort.",1.0,moderatepolitics,2021-08-29 17:07:15
"In the past few years Senator Johnson has facilitated the continued bifurcation of our shared reality, with effects not immediately seen, but that do highlight the fragility of the republican system, which itself relies, and is predicated, on a commonly-understood factual basis.

Regarding January 6, Johnson said that the people involved [“loved this country” and “truly respect law enforcement”.](https://www.nbcnews.com/politics/congress/what-point-republican-sen-ron-johnson-questions-covid-19-vaccine-n1265151) He said he wasn’t afraid because the people involved weren’t from Antifa or BLM.

In 2019, Johnson met with a former Ukrainian official and [helped spread false claims about 2016 election interference.](https://www.washingtonpost.com/politics/sen-johnson-ally-of-trump-and-ukraine-surfaces-in-crucial-episodes-in-the-saga/2019/10/28/40b9e44c-f684-11e9-8cf0-4cc99f74d127_story.html) The official Johnson spoke with is now sanctioned by the US for being [“part of a Russia-linked foreign influence network”](https://www.thedailybeast.com/andrii-telizhenko-rudy-giuliani-ally-sanctioned-for-russian-influence-operation-against-the-us).

He has [denied the effects of anthropogenic climate change](https://www.jsonline.com/story/opinion/2021/06/30/ron-johnsons-anti-science-crusade-harms-wisconsin-vaccination-drive/7802794002/).

So like what we saw last year with hydroxychloroquine, we're now seeing the same problem with Ivermection. There is an interest in disregarding the subject matter experts, and an interest in pursuing charlatanism. And it's the same figures [promoting Ivermectin who promoted hydroxychloroquine.](https://www.nbcnews.com/tech/tech-news/ivermectin-demand-drives-trump-telemedicine-website-rcna1791)

It speaks to the social illness we're facing where one's political identity overwhelms apolitical public health experts. So we first arrive at the conclusion that COVID-19 is a hoax, and that it's just the flu, that socialist democrat marxist communists are telling us to wear masks and get vaccinated because they hate freedom and America, and then inevitably, those who share that opinion can use that opinion to sell snake oil.",70.0,moderatepolitics,2021-08-29 22:16:26
