comments,score,subreddit,time_created
"I totally understand, I'm from Ohio and most of my family is either Evangelicals or just plain racist. What I finally had to do was let them go. I deserve peace in my life. I have let those toxic hateful people dictate the script to long. So I cut them off completely. 

I do keep in touch with the liberal family members (we just happen to be well educated PhD master and bachelor's degrees) which is a total of 6. 5 cousins and 1 aunt, that's out of hundreds of close family members. (Both grandparents had 12 children each). They have all drank the Trump koolaid. But I had to separate my self from the hate and bile they all  surrounded themselves with. D. Trump gave them permission to be as hateful as he is and it feels good to them like  drug.

You are young and I get that family is important, and you love them and want them as a part of your life but at what cost? I'm 47 and only now do I have the peaceful and drama free life I always wanted. 

What I came to realize is that I was the one doing all the work in those family relationships. I made all the phone calls home and Christmas cards were only going on one direction. When I stopped calling there was no calls to me asking why I wasn't calling. So I wrote a letter a s posted it on facebook
 Because almost the entire family is on there regularly thats how they get their news and are told what to believe. (And my mom spies on me through FB Post, which is dumb) I posted the letter and aired my grieves like you grams suttle disrespect mine is a aunt that doesn't know she's going to hell because she doesn't know she isnt perfect. I laid it all out called everyone to task and confessed my short comings so as to show I was no better than them. 

But for the fact that I believe in democracy, the right that All Americans have fair access to the Vote. That health care is a right. That only those with vaginas and can produce a baby should be  making decisions about those thing. That my husband and my marriage is just as valid and theirs. That truth and facts actually matter, being able to back the up of real tangible proof. That kissing, touching, grabbing and part of a persons body without permission is sexual assault plain and simple. That the color of a persons skin, thier choice of religion, or where they come from does not indicate they are inferior to anyone, God created us all equally in His image. And finally that covid 19 is real, mask saves lives (and you can personalize then to be fun and stylish), and a vaccine is not where the government is going to put chip to tract you in. And for that matter is this NOT the mark of the beast you evangelical idiots. If anyone is the complete opposite of Christ and there for be an antichrist would be trump. 

So that's how I handle them. Most were pissed when I pointed out how they are racist bigots and completely uneducated and total idiots. Once that was complete a load was lifted l, and peace came. My life is drama free. 

I wish you the best of luck and will add you to my prayers this week.  Life is what YOU make it. Boundries are important and necessary.",2.0,democrats,2021-08-08 10:43:31
"I hate to tell you, its not just Republicans who are refusing the vaccine.",1.0,democrats,2021-08-26 13:13:03
"I'm sorry, but no.

This thing doesn't have leaders. It has voices that cut through the din slightly better than their peers. This isn't a political movement or a nation state we can negotiate with or intimidate. These people simply don't trust anyone in government or media. They don't trust anyone whose message isn't aligned specifically with theirs. When these antimask/antivax figures die, it is a literal nonissue to the people following them. 

Here's a prime example. This is a real patient I have transported multiple times. I'm not giving you his name or location or anything you can use to identify him. But this is a good look at these people's psychology if you're interested:

He and his wife are both in their early 40s. They have a 13 year old child together. Nice house, nice cars, nice jobs.... these people had a great life. But they're antimaskers and antivaxxers. So they all get sick and the Dad doesn't do so well. He ends up brain dead on a vent. One would think that this would be the shot across the bow his wife needed. It wasn't. Nobody in that family got the vaccine even after Dad ended up gorked. Nope. Not a single vaccine was given. Now, they all have it again. Dad, who is being kept at home on a ventilator, has active, symptomatic covid. Delta variant, even. 

That's not the interesting part. The interesting part is that literally every health problem Dad has is the fault of the hospitals that he was treated in. The brain death thing? Not covid. That was an inattentive nurse not maintaining the vent. Kidney failure? They gave him a kidney infection with a ""bad catheter"". Heart damage? They did a bad job with the central IV line. Literally every problem this man has is constantly dismissed as being a product of malpractice and not a well documented virus just doing the same shit to him that it does to millions of other people. You know, they won't actually say ""covid"" unless forced to. I asked his medical history and the family listed all these problems in detail..... and never once mentioned covid. Not once. 

These people are invested in this thing now. And they're invested in the worst way possible. You can walk away from money. Walking away from an online persona that everyone who knows you has been watching for over a decade? No fucking way, man. They absolutely will let their family members die. They'll let themselves die. They won't give a shit because if they die, at least they died without breaking. They fought to the absolute fucking end and never backed down once. So that's why a 13 year old boy is watching his comatose father slowly die while his mom loses her shit and screeches at everyone who comes near. 

Nothing is going to change them. Nothing is going to weaken that resolve. Some few will flake off and get vaccinated (and not tell anyone) and a few will get severely ill and claim vaccinated status to avoid ridicule because even with the insane levels of doublethink these days, even they can connect the dots there. But publicly change their minds? No fucking way. This is too entrenched. Conflict between these people and literally everyone else is just baked into their DNA. And they aren't really wrong about a lot of it. White people from Red states are the last people you can openly, publicly and acceptably hate. And it's been that way for generations. You can't expect people raised in that kind of environment to see the media or the government or even people who aren't from their communities as anything but a threat. 

We lost this thing a long time ago. We lost it when Lincoln died, really.",20.0,democrats,2021-08-29 21:28:18
"I don’t think we can say that. Even the estimated that include independents still have around 3% of people that are not democrat, Republican, or independent. Plus most independents seem to lean one way or another and that’s what most people claim to be (per Gallup). 

I think there has to be a lot more that are unvaccinated than 5% of one and 25% of the other. Our vaccine rates don’t reflect that those are correct. He unfortunately didn’t list exactly where he was pulling his numbers from either. 

And like I said to someone else, I’m not great at statistical math like this. I can do it, but I hate it haha. He’s an astrophysicist with a scientific background. I’m going to trust his number make sense and without spending forever on the problem  I can get close on the math.",1.0,democrats,2021-09-01 02:36:47
"I'm mostly against the vaccine, I'm not gonna argue about it because it's stupid and pointless but I would consider it if they didn't push so hard with it and act like it's a crime not to have it, and if you're arguing back with them then you must have a counter-argument to everything as well. No malice intended, but you can't hate somebody for not wanting to get a vaccine that they don't know very much about. Nobody knows all that much about it.",0.0,democrats,2021-09-03 00:29:30
