comments,score,subreddit,time_created
"I don't understand this anti vaxxer thing like lmao, I've gotten and will get every vaccine, but when I don't want to get one for a virus that had like a less then 1% death rate I'm anti vax... ok then...",1.0,Conservative,2021-04-14 04:11:57
"&gt;Yes, I'm a libertarian who is conservative.


Gotcha. So you're not a conservative but you're a libertarian that's conservative. Advocating for administrative red tape from a government agency. 



&gt;It's okay, just admit we're testing it on the public.



Again, huge Ph3 patient pool and RW-LP/Ph4 testing is standard procedure.




&gt;I assume you were one of the many leftist trolls here. Sorry if that's not the case.




Not even close. But since my only comments ITT have been about vaccine development and you assumed I was a ""leftist troll"", that kinda lends credence to the idea that you think getting this vaccine is somehow anti-conservative.",1.0,Conservative,2021-04-14 12:24:58
why are anti mask anti vaccine conservatives using something like this to promote their agenda?,1.0,Conservative,2021-04-14 13:19:27
"So here’s the thing, I’m not anti-vax. I’m pro-vax that have been fully tested. With the fatality rate so low for Covid, I’m not worried about it. I have a 99.99% survival rate IF I get it. I’ve gone out as normal since May/June, hugged friends, shaken hands, etc. 

When the videos from China we’re coming out of people dying in the street, and it looks to be as deadly if not even deadlier than smallpox; I was worried about it! I bought masks sanitize constantly. If that was happening here in the states there wouldn’t be anybody against the vaccine or masks.",1.0,Conservative,2021-04-14 18:15:24
It's super annoying that when you follow the procedure that's best (in my personal case personal medical guidance)  get the vaccine you have idiots who say shit like oh you don't need it and then antagonize you. It's so stupid that people equate being anti-vaxcine as a core conservative value. Idiots.,3.0,Conservative,2021-04-14 23:02:04
"There is so much misinformation in your post I don't even know where to begin. Asking for medical information is not a HIPAA violation, we will start there. Improperly disclosing medical information is, not asking a person to voluntarily provide their information.  

Vaccines are not protected under anti-discrimination laws. Not to mention your examples are absurd. Being refused a loan for not having a vaccine passport, where is anything like this being discussed? I don't want the government telling me I can't require certain things for MY business that are not part of a protected class.

AIDS is not airborne and this is still a stupid analogy. How do you not understand the difference?  And you seem to have this idea that new viruses should be understood immediately without any studying or speculation. Unfortunately, that's not how it works. 

Not all schools are government run, sorry you aren't aware that both exist. You are literally making up facts, support your super spreader claims. Kids can spread the virus same as anyone else. I am not saying schools should be closed, just that you are spouting bullshit. Regardless, a private business has the right to refuse service to you if you chose to not vaccinate yourself. 

The gymnastics you do to support your positions are absurd.",0.0,Conservative,2021-04-15 16:15:04
"Please enlighten me on the things Trump was cleaning up for Obama? Guaranteed you either won’t comment or just post false achievements.

It’s super telling that Trump and the right wingers were all about Covid being a hoax because they didn’t want to keep the economy shut down because that’s the single thing Trump could try to claim as a victory. So he stalled vaccines and remained in denial otherwise his whole rhetoric in the first 6 months would have looked foolish, which it was. Now, the right is having a huge anti-vax movement because Republicans want to try and keep the economy as bad as possible under Biden. 

You all can make up facts and ignore the truth all you want but it’s not changing anything. Joblessness is at the lowest point since the pandemic began. Even Ivanka got the vaccine and far right nuts are having a melt down.",-1.0,Conservative,2021-04-15 18:16:57
"You called a third yearly vaccine, that is tweaked to react to variants, ""nonsense""

So...you're anti vax without saying it because you do not understand how vaccines and virus change/work over long periods of time.",4.0,Conservative,2021-04-15 20:39:37
"Ok, I'm gonna go through your post sentence by sentence, so this might seem a bit like a run-on and not organized well, sorry.

I would argue that modern liberalism doesn't have a balance between collectivism and individualism. Being an individual is nowadays viewed as being against the party ideals and gets you ostracized and criticized for not following the group mentality. Nuance doesn't exist for the left nowadays, at least for the non-silent. I'm sure for the vast majority, it's different, but this is the general sense that I get from it.

You say that these social structures have succeeded in other countries, I would say they haven't. Canada, for example, has public healthcare. Canada also has obscene wait times for procedures and consultations apart from emergencies. I think there's merit in looking at a socialized healthcare system, but something that people seem to not realize is that the money has to come from somewhere, and cuts will have to be made to make this work. I fundamentally believe that if socialized healthcare is the goal, a complete rework of medicare/medicaid/other social securities from the ground up needs to happen at the same time, and I just don't see that happening ever in the US.

I don't have anything to say to the citizen's failure to comply with COVID procedures, other than I believe the overall numbers of anti-maskers at the start was lower than I think people are portraying it as. I don't have any data for this, but this is the general feeling I get from it. Most of the COVID commentary I've seen has been from the people describing the failure of government entities such as the CDC to stick to scientific facts and leave political opinions out of it. This pandemic has easily been the most politicized thing that doesn't deserve to be politicized within my lifetime, and I hope to god I don't experience anything more so.

As for the social credit comment, I encourage you to look into the liberal push to enforce COVID vaccine passports. While not necessarily what you might think of, I believe this is the first step towards a social credit-type system that I think should be fought and fought hard. I'm proud of every state that has banned the usage of them.

I would argue that while the government has the power to rein in companies, it should only do so in extreme cases. I'll give you an example of what I would consider good and bad government interference. Good: monopoly breakups. I don't think anyone would argue pro-monopoly on either side. They limit free-trade and disrupt the capitalist ideals that our economy is founded upon. Bad: bailouts and tax-breaks for most companies. Certain industries like agriculture, shipping, mail courier services, etc. all heavily rely on government subsidies. I think it's the government's responsibility to protect these industries. Banking, on the other hand, is something that I don't think the government should have any hand in. They've made enough money and utilized all of it. They should be forced to take a loan out to stay afloat or let them sink. They've all made their bed and not set up proper stopgaps to bolster their companies against bad financial times, and I don't think the government should foot the bill on that, especially when they turn around and fire employees and give larger bonuses to CEOs, CFOs, etc.

As for CRT, this will put me in the minority, but I have no qualms with it being taught. The issue I take with it is how it's being taught, and it seems to me like you've been caught in it as well. People don't acknowledge the fact that CRT is a theory. It's not a rule, it's not a law, it's not even something that can be seen worldwide. I think it should be presented as such, as a possible explanation for differences between races, allowing students to make their own opinions up over what they believe and don't believe. I think that as soon as any teacher steps into the moral guidelines-role in a student's life, they've done so outside of the role of a teacher, and more as a forced-role model-type deal. I think any time you give a student only half the story with anything you've stepping into a realm of deception and bias towards your own personal beliefs that I believe will ruin this country. I think teachers should be held accountable for what they say as they have a profound impact over the way children develop their thought processes, and things like CRT have their worth in the discussion, but embody an evil ideology when presented with no alternatives.",1.0,Conservative,2021-04-15 20:47:48
"If by anti-vaxxer you mean anti-not taking this vaccine until there’s some more development, then yes",0.0,Conservative,2021-04-15 20:48:39
I'm just looking for logic in your thought process as to why you're anti vaccine (although you claim youre not anti vaccine). What is stopping you from getting vaccinated?,2.0,Conservative,2021-04-15 21:11:31
"No, I don't understand the science behind it, and yes, it's mostly that it sounds weird with 3 doses. Especially with so long between dose 2 and 3.

Mind you, not that I'm an anti vaxxer. I'm jabbing whichever vaccine in my arm whenever it's available, and if the CDC recommends a 3rd dose in a year, then I'll get it.",1.0,Conservative,2021-04-15 21:59:38
"&gt; Why is that so hard to believe? Would you be happier if they weren't making money? 

I’d be happier if they weren’t making up new bullshit on the fly that they had never indicated before just to make a quick buck that they know they can get away with because the government spends our money like it grows on trees and people don’t want to be attacked as anti science or whatever bs for not getting a third vaccine.

&gt; That doesn't sound very capitalistic.

lol

&gt; Also yearly physicals and biannual teeth cleaning are medically necessary if you want to stay healthy, and they also work our very well for a doctor or dentists bottom line.

Obviously checkups to make sure you don’t have health issues are not equivalent to medical procedures in and of themselves, especially not one that was initially sold as 2 shots and magically increased to 3.",0.0,Conservative,2021-04-15 22:08:54
"Ok. 66 million vaccinated less than .01 percent chance of even getting it while vaccinated. This is either.

A. Anti-vaccine propaganda in which case who cares. Unless places start requiring vaccines but people should sue thinking of Christian scientists based off religious discrimination. 

B. Pro lockdown propaganda in which case it’s basically being used by dems to pass socialist policies and up end our political system.

Both are stupid if you want to get vaccinated get vaccinated, if you don’t, don’t. Open up and return to normal not new normal. And fuck Fauci",22.0,Conservative,2021-04-16 03:20:34
"It’s pretty obvious and clear from an outside perspective. Trump from day one has been attacking the media and getting people to not trust actual credible news sources to turn them towards the far-right conspiracy theories and propaganda. Hell, even Fox News has won lawsuits by actually confessing they aren’t an actual news outlet and anyone who does come to them for news are idiots.

I’m not saying the left is immune from misinformation, it’s just so much more prevalent on the right but yet these people are so far entrenched in this misinformation that you cannot get through to most of them to help get them away from the misinformation and to point them to the actual facts.

A fucking pandemic should not be as politicized as it has been. Wearing a mask and getting a vaccine should not be as politicized as it has been. Most of this anti trust rhetoric is being pushed through these far-right misinformation sources that are constantly shared amongst right wing groups. Hell, they even convinced so called “Patriots” to storm the capitol over fake election fraud. It’s absolutely bonkers and yet nobody has the balls to admit they are being conned and misguided, instead they double down.

My intention is not to attack anyone here or come across as holier than thou or be rude or condescending. My intention is to help get people to recognize they are consuming lies, conspiracy theories, and propaganda. Be aware of the sources of where you get your news from. It’s okay to admit you are wrong and have fallen victim to this misinformation campaign by those in power. If you see an article being posted by a source that is known for being dishonest and heavily biased to one side, please call it out. It’s up to each of us to maintain truth and facts.",4.0,Conservative,2021-04-16 18:34:19
"Vaccines protect *you*. Masks protect *others*. The vaccine protects you from catching Covid-19, but you can still spread it. When more and more people have the vaccine, it'll be safer to unmask again. The problem is, everyone is champing at the bit and we're going to have people with that mindset of 'I got the vaccine! No mask for me!', meanwhile they're spreading it without realizing it, and then you'll have the medical establishment saying we need to stay locked down.

Think of it like anti-biotics and superbugs. You have to take your full course or you run the risk of your bug mutating and gaining resistance to the antibiotics. You've *have* to finish your course, or you can relapse, and the next time it's *worse*.",-20.0,Conservative,2021-04-16 19:28:34
"This is my thought lately. I wonder if people having bad reactions already have anti bodies and their bodies are over responding. That said, if I had covid why would I even need the vaccine? It's like we've thrown out all prior scientific knowledge this last year. It's a damn religion, ""shut up and drink your Kool aid or you're a non believer!""",5.0,Conservative,2021-04-16 20:49:57
"The problem is this black and white, either total anti Vax or total opposite opinions people have these days. If you're older or obese, get the damn vaccine asap to protect yourself. If you're young and already had covid, then what's the point? If you're in between that, then talk with your doctor and make the decision. But don't let the damn media tell you what medical decision to make. Is that fair?",1.0,Conservative,2021-04-16 20:52:46
"Same here. I'm younger, I'm absolutely not getting the vaccine until it's got full fda approval. I'll take emergency approval medicine when I've got some rare disease with no solution. For now, I'll wait. If I'm eventually forced to get it, then someone needs to have liability for its supposed safety. It's emergency approval right now, that just seems insane. If you're older or unhealthy then I would absolutely take it. Never been anti Vax either, I love how we've got a new slur though lol.",2.0,Conservative,2021-04-16 20:57:39
"No vaccine gives immunity to everyone.  But they offer great protection.  

Not a lot of data yet, and it varies between the different brands, but looks like the COVID is around at least 70% effective against multiple known strains.  Which is great.  But still a lot of folks will get COVID even after the vaccine.

And we still don’t know for how long the vaccine will be effective.  Many people who got the virus last year no longer have detectable anti-bodies on their blood.  

What we need to know, and what nobody in power has been willing to say for the past year, is when are we ‘good enough.’

Is there a specific threshold (ie infection rate, deaths per capita, 80% of population vaccinated, etc) that once reached means we no longer have to wear masks, social distance, or shut down restaurants?  

I get that it’s not *that* simple.  If we reach a threshold, we could obviously exceed it again.  And our knowledge of the infection rate is almost entirely based on testing (ie we could stop testing and think infections are decreasing, when the reality could be the opposite).

Still, we need to know when the stopping point is.  At the start of all of this we were told we just needed to ‘lower the curve’ so healthcare capacity wouldn’t be overwhelmed like it was in Italy.  Then when that never happened in the US, we were told we had to wait for a vaccine.  Now we’re not being told anything.",2.0,Conservative,2021-04-16 21:00:03
"See, you did know what I’m talking about!!! Good for you. Yeah, I’m all for education, I’m not for forced isolation and forced business closure just so YOU can feel safe in your basement. No one is forcing you to go outside and if they were I’d be the first one to say they can’t do that. That’s how liberty works. I’m sure you don’t like that word though.

You want to stay home? Stay home. You lose me once you force others to do the same in the name of your fear. A business wants to require masks? Go for it! State mandate? Nope. Avoid Gam and Papa because they’re at high risk? Makes sense. Ban family from seeing each other, period? Heck no.

Are you starting to understand how this works? Or do you legitimately see yourself as a benevolent dictator that should be allowed to direct your peasants?

I’m pro mask (if unvaccinated and indoors) I’m pro-vaccine, and I’m anti-lockdown. The “Science and data” seem to be on my side. You know... because I’m a studied man of science.",3.0,Conservative,2021-04-16 21:05:44
"Kamala Harris was on national TV and said she wouldn’t take a vaccine that Trump pushed. 

Biden also said that Trump was rushing the vaccine and Americans shouldn’t trust him. So yes, the people in the highest office right now both pushed an anti vaccine narrative like Trump was waving beakers around making a vaccine by hand",8.0,Conservative,2021-04-16 21:13:39
I was okay with it at first because I actually believed the media hype that lockdowns would work and that we would be able to put this behind us in a couple weeks. Then there was chatter of “the new normal” and “lockdown until vaccine” and I became very anti-lockdown. It is beyond stupid that we have kept up these restrictions for over a year now.,2.0,Conservative,2021-04-16 23:33:39
"Excellent point, the virus is real but the reaction is so overblown and the branch covidians it created is insane. I had covid and to be honest it was not as bad. The worst part about it was finding out we had it and being scared we would end up on a vent. Not saying that some people don’t get it seriously but the people I love that had serious reactions already have a very long list of health issues. We also wore a mask the entire time and social distanced and still got it. The security theater is so old

The crazy thing is the amount of people that want us vaccinated even though we already had it. Getting labeled as anti vax etc even though we are a firm believe in vaccinating our kids and ourselves with tested and true vaccines is assanine and an attempt to belittle anyone that goes against what seems to be a mounting religious belief of covid. I try to reason with people that want vaccine passports and proof that we should do this for all diseases then. I want to make sure my server doesn’t have hepatitis before giving and making my food. I want to make sure the guy I am grappling with doesn’t have HIV so I want to see his test before. It is just so crazy",1.0,Conservative,2021-04-17 18:02:51
Bill has been anti regular flu vaccine for years.  He had his own little oddities.,1.0,Conservative,2021-04-17 18:40:02
"If that’s the case, then the vaccine isn’t effective and nobody should be getting it. 

Is he an anti-vaxxer now, or does he want people to just look like fools with 10 masks on?",3.0,Conservative,2021-04-17 19:00:36
"Unconsciously an anti-vaxxer, as are much of the public health community.  Telling people for a year that the vaccine is the way back to normal, but telling them when they get the shot that nothing will change, is some really sorry marketing.",3.0,Conservative,2021-04-17 20:17:20
"It's funny how Fauci and the media have essentially become anti-vaxxers by telling people how the vaccine doesn't prevent them from getting or spreading Covid, so they should still wear a mask and distance. If ""The Science"" says that the vaccine works, then isn't it a conspiracy theory to tell vaccinated people that they're not immune?",6.0,Conservative,2021-04-17 22:10:51
"So the headline may look alarming until you actually stop and consider two things.

737 cases of blood clots. Compared to the 204 million people who have been vaccinated in the United States. That is literally such a small percentage that when I try to do it on my calculator it does that weird to the negative power thing. That's just the United States and not taking to account the global 800 million vaccinated. Compare that to the percentage of people who had covid and developed blood clots he's within the 20 to 30% window (I found an article that said 20% but it's from november, and I remember someone somewhere site 33% about a week or two ago but I couldn't find their source). 

Second thing taken to consideration. The article says that their source for this information is the National Vaccine Information Center. An anti-vax organization that is notorious for Cherry picking, taking things out of context, emphasizing correlation instead of proving causation or just straight up lying about their sources. 

Tldr - the source is sketchy, and even if it is accurate the percentage is minute. Unless your doctor advises otherwise get the vaccine.",3.0,Conservative,2021-04-17 23:38:29
"I had the same thoughts about the headline. My problem is this is an experimental vaccine. We are the phase 2/3 trials. We have no long-term safety trials, very little post-marketing data. I feel like fear has driven this into dangerous territory. I am by no means anti Vax  but I do have a firm belief in balancing the risk and benefit. Older patients that are at risk for complications and have high mortality rate by all means vaccinate. However I am extremely bothered how quick we are to give this to people under 25 when covid-19 severity is low in that population. Why in God's name are we giving our kids and experimental therapy?",6.0,Conservative,2021-04-18 00:21:10
"The virus will not be gone by then especially as we need 70-90% of the population vaccinated to reach herd immunity. We were able to do that with polio and other vaccine drives back in 20th America, but unfortunately anti vaxxers will guarantee this virus keeps spreading.",1.0,Conservative,2021-04-18 11:59:16
"Even here in the UK, most peole have only had one vaccine and the data shows that not only is this one shot reducing hospitalisations, it's reducing transmission too so what reason is there for people to still be so cautious? The people who are saying ""ignore the numbers, you must wait even if you're vaccinated"" are essentially making an anti-vax argument because they're ignoring the fact that the reason cases are low is because the vaccines work.

If the vaccines works, give it to everyone and let them carry on their lives. I think the vaccines clearly do work, so this hesitancy is strange, they're acting like the vaccine is still a doubt and people may still be vulnerable...which the numbers show clearly isn't true.",1.0,Conservative,2021-04-18 15:41:16
"They obviously work.

We were hyping Trump’s operation warp speed last year.  Never thought our side would turn anti-vax

I’m still against mandatory vaccine passports, economy killing lockdowns, and freedom suppressing shit like that.  But for goodness sakes get vaccinated.",7.0,Conservative,2021-04-18 18:34:58
"Agreed, the stark “anti-vaccine” shift is disturbing.",3.0,Conservative,2021-04-18 18:41:59
"These were rushed experimental ""vaccines"" that did not go through any long-term double-blind testing trials.  You're strawmanning by calling people opposing these questionable jabs as ""anti-vax.""  2 of the 4 most prominent of the ""vaccines"" have already been recalled/halted, and they have only been in circulation for less than a year.  You can change your mind when you receive more evidence.  [And I believe enough evidence has shown that people have reason to be skeptical about these jabs.](https://theredelephants.com/countless-extreme-adverse-reactions-follow-covid-vaccinations/)

edit:

https://theredelephants.com/dozens-of-schools-close-as-teachers-get-sick-from-the-vaccine/",2.0,Conservative,2021-04-18 20:07:50
"&gt; “An anonymous source at a vaccine research facility provided us with some alarming preliminary data:”

From your well sourced articles...

This is a conservative subreddit, but that doesn’t mean it’s an anti-vax bullshit conspiracy subreddit. Stop spreading misinformation.",2.0,Conservative,2021-04-18 20:25:13
"Desantis was on Sunday Morning Futures today. He has many plans for defense against the left. Securing voting and barring out of state money from influencing elections, anti-riot bill, lawsuits against social media and lawsuits against the Biden admin on immigration. Also turning the executive order against vaccine passports into state law through the legislature.        

Massively impressive.",8.0,Conservative,2021-04-19 03:40:15
"If fauci and gates keep giggling about people needing a 3rd shot this winter and then another shot every year for a decade it’s going to turn a lot of people off.  

Requiring masks after you got the vaccine is pretty anti science.",3.0,Conservative,2021-04-19 19:42:17
"There's a much higher chance we find something wrong with the vaccine in 10 years than me having any problems with this virus. If I have a choice, I'll risk the virus. No I'm not anti-vaccine, I'll take it after they test it on the people that actually need it for a few years.",1.0,Conservative,2021-04-20 14:10:49
"It's not anti vax BS. I very much agree with the protocols of safety tested, actual vaccinations. This so called vaccine does not prevent you from contracting the virus nor does it prevent you from spreading it. In what possible fucking sense can it be considered a vaccine? Oh that's right, it isn't one. It's an experimental prophylactic.",0.0,Conservative,2021-04-21 01:39:10
"No, it’s not.  No vaccine is 100% effective at preventing you from getting the disease it vaccinates against. This vaccine however, is 95% effective at preventing covid period, and nearly 100% at preventing severe illness, which is what’s important.  You’re spreading anti vax bs.",2.0,Conservative,2021-04-21 02:26:35
"I didn’t get the vaccine but I’m certainly not some “anti vaxxer “ of any sort. I’m cautious because, from what I know about it, it doesn’t seem the vaccines were tested as rigorously as other such drugs due to the nature of the pandemic. In other words, I feel the process was perhaps rushed. 

That combined with the fact I’m young, in very good shape, rarely ever get sick, and that the virus has a 99.9% survival rate, I didn’t see much upsides for me taking the vaccine.  

I don’t fault people for taking or not taking it. I do, however, fault people for acting like damn nazis about it either way.",22.0,Conservative,2021-04-21 13:05:26
"My Body, My Choice.  End of story.  Also....many many of us have actually had the damn virus and see no need for a FUCKING experimental vaccine.  Not anti vaxx....just never been forced into a medical procedure and never plan on it either.  Government CANNOT be trusted.",6.0,Conservative,2021-04-21 13:52:26
"I have no qualms against getting the vaccine, but I get why people are hesitant. Most aren't claiming the vaccine is a microchip or anything that insane, but rather, are more concerned about possible long-term effects. Others are worried about the sides. My bf gets side effects from absolutely everything he's on - from fatigue to weight gain to head aches to feeling nauseous af long-term. When the side effects are particularly stressed, even if they aren't usually *dangerous*, I get why he's worried. Meanwhile, the worst side effect I've really ever gotten from a med is soft dizziness on standing (okay and a sore af arm from flu shots). The only one that really bothered me for awhile was my first hpv shot developing a hard little nodule in my shoulder (scar tissue that did eventually fade after a couple months). 

Throw in the fact that there are 3 options and even people are are totally open to being vaccinated are confused and hung up on which type to get. I really hate needles (and the sore arm thing is temporary but really does hurt) so I'd *prefer* the J&amp;J. But that one isn't as readily available as the others and not all locations let you choose anyway, so I'm just waiting a bit right now to see what happens. 

People who are merely a little concerned shouldn't be treated like they're insane or ""anti-vaxxers"". I want to see the general population vaccinated, but I understand why people are hesitant. Treating genuinely concerned people like they're psychos who think microchips are in the shot is only going to make them double-down on never getting the vaccine at all.

Edit: just want to add that I'm young and healthy with no co-morbidities. I was thrilled to see my grandparents get their vaccines. My mom got her first one and I'm hopeful my dad will get his too. Again,  I WANT to see people get vaccinated.",1.0,Conservative,2021-04-21 14:52:33
"Grouping people who don’t want a covid vaccine as anti-Vaxers is some of the most blatant propaganda and gaslighting I’ve ever seen. I’m very pro vaccine, my kids were vaccinated. I’m anti-injecting myself with a experimental chemical cocktail whose long term effects are completely unknown.

I’ve also had covid and had hang overs worse than it. I know it affects people differently and if someone feels getting the vaccine is the best decision for them they absolutely should do it.",-1.0,Conservative,2021-04-21 17:07:14
"I agree with you 100%. I’m not anti-vax but something about a mass vaccination that isn’t FDA approved seems a little bit squirrelly. My personal reason for not getting the vaccine is I had COVID a few months back and tested positive for the anti-bodies. I wish our country would push anti-body testing as much as we do vaccinations, it’s almost as if 1/3 of the population wouldn’t need a vaccine to begin with. 

PS. Yes I know the science doesn’t know how long antibodies last , somewhere in the 3-8 month range is the latest research shows but we don’t know if a 3rd vaccine booster is needed either.",3.0,Conservative,2021-04-21 18:07:35
"They keep flip flopping on if the vaccine will protect against the other variants, so sorry if I don’t trust the science when they have been back and forth for the past year on basic everything. Do they have any evidence of vaccinated people spreading it? Because if they dont, I will assume the chances are extremely small. 

Regardless, if someone is vaccinated they should be living their life. At this point every has the option to take the vaccine. For those that can’t take it, we simply don’t stop the world and live inside because someone can’t get vaccines (all vaccines not just the covid one). I’m not anti-vax by any means (I get the flu shot every year), I just don’t see the point for myself to take it at this time, especially for one that has only been cleared for emergency use.",0.0,Conservative,2021-04-22 03:25:51
"Voluntarily Putting on a rubber and being forced by the government to inject yourself with an experimental vaccine are not comparable situations.

Quick edit: to be clear, I’m not anti vas at all lol I get my vaccines. The precedent here is scary, and at the end of the day we all are the trial participants in these vaccine studies. We are the research being done",-2.0,Conservative,2021-04-22 05:07:30
"I may be a bit biased.  I have friends who have been through med school.  I have heard horror stories from them of friends who have died from Covid-19.  I haven't been able to see my grandfather with dementia in over a year.

My wife and I registered for our first shot as soon as we got notification we could register.

Her family was not so supportive of the decision.  Her dad is of the ""covid-19 vaccine is all about sterilization and mind control"" persuasion.  It worries me that every conservative I see against vaccinations goes to great lengths to cite non-peer reviewed studies or just seems to be engaging in severe anti-vaxxing paranoia.

I know there are legit concerns for a new and experimental vaccine, but the stuff I am seeing from some conservatives I know is straight up bonkers.",1.0,Conservative,2021-04-22 06:04:19
"God forbid you try to explain why you are hesitant or cautious. Two shots that make your sick (when, despite living in a big city and riding the train everyday, never got infected let alone symptomatic), and an annual booster? Sounds like the flu vaccine, which I also do not get.

And then people try to guilt you into, especially family, by saying they will be very disappointed if you do not do it. ""Do what the good Dr. Fauci and the government say now. Or I'll be mad"". Spare me.

I am not anti-vax by any means. To me, vaccines are a one and done deal with maybe a booster later in life. Not an annual shot that makes you sick to prevent you from getting sick.",4.0,Conservative,2021-04-22 15:11:07
When is the “anti racist vaccine” available?,6.0,Conservative,2021-04-22 23:25:48
"It bugs be Trump would push an experimental vaccine on everyone for a virus with a 99.97% survival rate. Until it has FDA approval, a large percentage of people aren’t interested in taking it. It especially concerns me, when they have anti viral drugs that are cheap, effective, and safe to treat covid.",1.0,Conservative,2021-04-23 17:46:21
"Being against taking the covid-19 vaccine isn't being anti vax and it isn't anti vax rhetoric. The vaccine isn't ""clearly safe"" because it hasn't been out long enough to have a chance at being ""clearly safe"".",-5.0,Conservative,2021-04-23 17:51:05
"Covid didn't do anything to me. Vaccine didn't throw me in ICU, but a simple tetanus shot threw me into a thyroid storm. That was fun. I'm not anti-vaccine. Covid just isn't one I'm willing to get one for, same with the flu. Go ahead and get one if you want, I don't care.",3.0,Conservative,2021-04-23 23:18:08
"I'm glad you got lucky with Covid. If you already got it, the need to get a vaccine is lessened although it's still a good idea.  
  
Sorry that you had a bad reaction to a tetanus shot. 
   
&gt;I'm not anti-vaccine. Covid just isn't one I'm willing to get one for, same with the flu. 
  
So what are you willing to get a vaccine for? Why isn't Covid, a disease that has killed over 500,000 Americans, a worthy enough disease to protect yourself against?  
  
I got my second vaccine nearly a month ago. 
  
My big problem is that decisions like yours don't just affect you. Herd immunity won't be achieved if enough of the populace refuses to get the vaccine, which will lead to hundreds of thousands of additional preventable deaths. If herd immunity isn't achieved, it also increases the risk that Covid will mutate into a deadlier or more vaccine resistant form.",0.0,Conservative,2021-04-23 23:20:39
"I agree with you and want to give a huge ""WTF!?!?!?"" with you.

The government shouldn't mandate it, people should just wise up and get it. The risk of a bad infection for healthy people is low, and a dangerous vaccine reaction is much lower. Besides, business can use their freedom to mandate patrons have it, who's is the free market working. Anti vax idiots are free to go to whatever business wants to take their money.",6.0,Conservative,2021-04-24 03:27:50
"The fact this even has to be said is fucking gross. 

Here's my take. My brother. 29.  Young. Healthy. Fit. No health problems at all.

He refused to get the vaccine. Had the same fucking excuses as half these anti vaxxers have on here when it comes to the covid vaccine 

- unneeded 

- what's in it?

- I'm healthy 

- FREEDOM!!

guess what happened.  My mom had a medical emergency (she is a covid long hauler and has heart damamge from covid) and she had to be rushed to the hospital with heart problems.  My brother took her and waited with her as she was treated.  

6 days later.  He has covid.  He wore his fucking mask.  They socially distanced.  And guess what. He got covid. 


Hes been in and out of the hospital now 3 times in the past week.  Oxygen in the 80s.  Can't breathe.  Both lungs have pneumonia.  His pissing brown and can't keep shit down.  He has to go back and get IVs but they won't admit him.  Fever gets down to 101 after Tylenol and Ibuprofen otherwise it's around 104.  

He may die. 

His GF got the vaccine and yes, she tested positive but she feels fine. Totally asymptomatic.  

He even texted me that he wishes he got the vaccine now.  

So enough of this BS.  People need to get over themselves and realize that doctors everywhere and polticians are not purposely misleading the public while also injecting themselves the same vaccine.",4.0,Conservative,2021-04-24 12:29:31
"The UK and Israel have shown the promise of the vaccine.  Yet... some people want to just drag this shit out.  

Also, when people come back and say the polio and smallpox vaccines took years to develop... its like they don't realize technology has changed in the decades since those were developed.  


We are so much more technologically advanced now... but they act like we need to be in the 50s when it comes to vaccine development?  

I'll admit.  I was a covid idiot for awhile.. and maybe some of these people were privileged like me until November hit last year.  

- a co worker of mine got covid and had a heart attack. He flat lined but was luckily saved. 

- my mom got covid and now has heart issues.  Long QT syndrome is something she is dealing with. And no... its not pre existing. She has had EKGs many times before. She's a long hauler who got vovid around Thanksgiving.  Got rashes 3 months later.  And still has no sense to smell or barely any taste.  It's nearly May 

- my brother who again is young. Is so fucking bad right now. 


So congrats to those who haven't had to deal with it.  Congrats to people who had it and really dealt with nothing. You have been lucky.  Other people haven't.  But do the world a favor and help out. Be a big boy.  Put on your big boy pants.  And get a fucking shot.  It may save a life and it will help us get out of this quicker. 


No one is impressed with anti vaxxers.  You're not ""cool""",2.0,Conservative,2021-04-24 12:54:39
"I am in no way anti vaccine, i am fully vaccinated, i just don't feel comfortable taking this particular vaccine because it was barely tested and the side effects is not known yet. Everyone is biased because they want people to get vaccinated so i don't believe they are being completely honest about it",20.0,Conservative,2021-04-24 13:36:46
"This is what was great about Trump...he literally poured billions into making sure the vaccine was there for anyone who wanted it...but he never forced people into doing anything that destroyed their freedom which is why he was so anti-lockdown to begin. 

Trump will go down in history as one of the greatest Presidents of the US ever...which is why they worked so hard to get rid of him.",-6.0,Conservative,2021-04-24 14:07:35
"&gt;Nobody says that about measles.

Yes they do.  People have been complaining about anti vaccine idiots causing small outbreaks for years.  The polio vaccine has an 80 percent efficacy rate, the only reason we got rid of polio was by a large enough percentage of people getting the vaccine.",1.0,Conservative,2021-04-24 14:27:45
"The vaccine isn't 100% effective,  and there are people who are immunocompromised who can't get the vaccine, or any vaccine. Getting vaccinated protects those people. Its selfish not to get vaccinated. There are also morons who are anti-vaxxers. Getting vaccinated prevents you from spreading it to those people, or their unprotected children or elderly who have contact with said morons.",5.0,Conservative,2021-04-24 14:44:22
"We certainly don't know EVERYTHING that smoking does to the body. Just like we are discovering other things that have negative effects we had no idea about. Think sugar, asbestos,  etc. Science is continually evolving, so we have to work with the data we have now. We know that Covid is more dangerous than the vaccine, by far, so we have to act on that information. Paranoia that requires institutionalization is a known effect of Covid. Maybe  that explains some of these anti-vax reactions?",1.0,Conservative,2021-04-24 14:49:13
"Idk why ppl like you make this wild disingenuous claim that a brand new vaccine with zero long term research can just be compared to vaccines that have had years of study. These people are not anti vaccine they simply want to wait a bit. 

Ppl being nervous is a totally rational response. If after a year or two the vaccine proves to have no effects then MAYBE you can consider forcing it. But let people give it time if they want. 

Forcing ppl now when ppl feel uncomfortable (which is rational) is a bit crazy.",1.0,Conservative,2021-04-24 14:55:31
"On the one hand... yeah I don't believe in any legal or cultural pressure to get a vaccine, at least one that's this new. 


On the other hand. I REALLY do not like the idea of conservatives fighting on this hill. The growing anti covid vaxx hysteria on the right is really discomforting and some (not all but some) red states show this with their vaccination rates. 

At the end of the day, the vaccine is safe. We've seen enough evidence pointing to the fact that it is and little evidence pointing to the fact that it isn't. Going on the anti vaxx hill is not something republicans should fight on.",-2.0,Conservative,2021-04-24 15:16:49
"If scientists, themselves followers of proper methodology, had a hand at every stage of the vaccine's research, design, manufacturing, trial, review, and recommendation for public distribution why don't you respect something that has so clearly been kept to scientific standards. You can't really try to argue the people advocating on the side which has undergone proper protocol are also the ones who don't appreciate that same methodology.

Get the vaccine or don't, but arguing against a stance whose own conclusions you don't support is super dubious if you're trying to claim the ""other side"" are the ones anti-""proper""-science.",0.0,Conservative,2021-04-24 15:18:08
"Right, vaccines that are FDA approved and not in trial. I’m not an anti-vaxxer but I don’t believe we should be shaming young, healthy people into getting a vaccine that has only been approved for emergency use. The CDC admits it does not know how the vaccine will affect the spread so I’m amazed to see so many people on these subs who are so certain.",1.0,Conservative,2021-04-24 15:27:13
"Yes really, and I believe so. There was only 1 vaccine I did not get when I was younger and it was meningitis vaccine. My parents weren’t anti vax but my mother saw no reason to get one at 15 then again at 18-20 for college. My school was going to expel me until I got an exemption letter from the state.",1.0,Conservative,2021-04-24 15:36:42
"Of course I believe in the vaccine and I’m glad Trump rolled it out as quickly as possible. Just to be clear, I’m not an anti-vaxxer. I just don’t feel comfortable putting something into my body that has only been out for a year. I will continue to monitor the progress of it and recommend it to those that are high risk.",0.0,Conservative,2021-04-24 15:48:23
"I got the vaccine too, because I would rather take an experimental drug than deal with isolation any longer. 

But it does not make it a choice and that’s my point. I’m not anti vaccine, and would have gotten the Pfizer vaccine with time. I’m pro mandatory vaccine for all FDA approved vaccines. That’s what I don’t think others understand. You can be pro vaccine and still realize this wasn’t a choice.",2.0,Conservative,2021-04-24 15:49:38
"Me not liking Trump doesn’t mean I like Biden either, but I got to give the latter some credit. Put us back in the Climate Deal, managed to pass a stimulus (should have been $2000) within literal party lines (Republican voters supported it, but no lawmaker voted for it). Border situation sucks, but it’s not that different under Trump.

Trump passed the most egregious tax cuts ever (most of it benefitted the ultra wealthy), he escalated the drone war, his rhetoric was the motivator for plenty of mass shootings and manifestos.

Lastly, you can dispute Biden isn’t completely better on Covid. We’re vaccinating people left and right now meanwhile Trump at the start of this blatantly lied about Covid and his actions stalled vaccine creation as well as mask distribution. The anti-mask movement in the US is almost entirely on the unwillingness of the GOP to acknowledge the virus’ existence and that masks work.",-5.0,Conservative,2021-04-24 16:02:05
"Exactly!  

Nobody should be forced to get any vaccine.  

That being said, you should get your vaccines.  Being an anti-vaxxer is moronic.",2.0,Conservative,2021-04-24 16:44:10
"I don’t really know why people search so hard for any anti-mask paper when 99% of them are in favor. It might do very little for protecting yourself but it clearly has some percentage of effectiveness from all of the hundreds of papers that came out in the last year.

Shit I mean the vaccine has been out. This will ends soon enough I honestly don’t even have the energy or care to argue over masks anymore.",0.0,Conservative,2021-04-24 17:19:44
"Not think vaccines should be mandatory =\= anti-vaxxer.

If other people are concerned for their own safety, they can get the vaccine. It is extremely accessible where I live. I’m guessing you wouldn’t feel terribly sorry for me if I caught covid, and likewise, I wouldn’t feel terribly sorry if I gave anybody else covid. Anyone who wants the vaccine has had multiple opportunities to receive it by now. 

If an individual does not want to receive the vaccine, they should have the full freedom to make that choice. This implies that all public services and buildings should still be accessible to them. Banning unvaccinated individuals from school campuses is parallel to banning them from public streets. 

I don’t want covid mandates because it is an infringement upon individual sovereignty. The theoretical dangers associated with not forcefully vaccinating all citizens in America do not outweigh those values. I thought I made that stance quite clear in my first post- not sure how you mistook that for “selfishness.”",1.0,Conservative,2021-04-25 06:12:36
"Man you guys did such an awesome job of framing this narrative you would have made Goebbels proud. I can be vaccinated and get my kids vaccinated for all their childhood vaccines but all of a sudden I am skeptical on taking a brand new vaccine and want to see how it works out for those in the long run and I am framed as “anti-vax”. I mean it is impressive how your side framed this, evil nonetheless but impressive",5.0,Conservative,2021-04-25 12:41:40
"Biden came up with scale, manufacturing and distribution?  You are fucking clueless to how things happen in ISC.

When the FDA gave emergency authority in November and December this gave the green light.  There are a lot of kinks that get worked out in those first 3-6 months.

Production efficiencies will increase in the first 6 months and getting the proper storage on the delivery side will also increase.

The Biden administration did nothing but inherit the proper storm to take credit for.

Flu vaccines average around 40-50% of all adults.  We are starting to see demand drop off.  We will see if Biden really has a plan to navigate the fact that half the country wasn’t interested in the vaccine in the first place.

I’m no anti-vaxer either.  Im just not an asshole.  Guess the dems are only “my body, my choice” when it comes to abortion.  Vaccines —&gt; “your body, our choice”?

You idiots never see the hypocrisy.",1.0,Conservative,2021-04-26 02:55:36
"Evidently, since I am anti-""vaccine"", I am part of the Biden administration. Lol.",1.0,Conservative,2021-04-26 17:14:54
"Well sorry, just hate anti vaxers with my gut. But still, it’s like 2 deaths, none of which can be connected to the vaccine.",1.0,Conservative,2021-04-26 17:57:23
"Robert F Kennedy Jr is an anti vaccine advocate whose manipulates data, outright lies, and believes that as a lawyer he has a better basis of knowledge than medical doctors do. He is a leftist and citing him as an authority on anything other than being born into a family of privilege is silly.",1.0,Conservative,2021-04-26 19:01:23
Let's keep in mind that RFK Jr. is part of the larger anti-vaccine movement.,6.0,Conservative,2021-04-26 19:05:48
"Don't forget all the sheep that won't get vaccinated because they see their leaders still wearing masks and telling us to continue social distancing despite being vaccinated.

That idiot Joy Reid tweeted she got the vaccine and STILL will be double masking, encouraging her NPC followers to do the same.  Of course her feed was filled with cult zombies agreeing to worship at the same anti-science altar.",5.0,Conservative,2021-04-26 22:25:09
"My method is much better, I’ve had both shots already but I don’t go around jerking myself off about it and I make jokes about it being experimental so they just assume I’m anti vaccine. I get to make people mad *and* be vaccinated.",2.0,Conservative,2021-04-27 20:15:04
"What happened to “my body, my choice”. Your fucking face mask and vaccine should protect you anyway. Instead of legislating our rights away, why don’t you just fuck off? I thought you all were supposed to be “anti-fascist” but the true colors of the left are showing. If people are so “at risk” of dying from a virus with a 1% death rate, then stay the fuck home. 

America is sick of having to distance, wear a mask, and be locked away for exile.",8.0,Conservative,2021-04-27 21:03:45
"Because while we do likely reduce the infection to others, it wasn't specifically tested for in the clinical trials- just immunity. For obvious reasons, at the time it wasn't really possible to test the infection on others as easily as today. Now that the studies on infection are coming out they'll hopefully confirm.

The issue mostly right now is kids more than the anti-vaxx brigade. Kids can't get vaccinated, but their parents, teachers, etc. can. So we need to mask until enough people get vaccinated or we're totally sure it's knocking out infections too. Long story short- more shots = more lives saved. Masks are a stopgap until we distribute enough vaccines.

Frankly, in my opinion, once the kids are able to get the vaccine and time to distribute, I don't really care about the masks and distancing for the sake of the anti-vaxxers. At that point they'll have had all the time in the world to get it and at some point you gotta let darwinism do it's thing.",37.0,Conservative,2021-04-28 03:41:01
"ehhh your kinda on the right track their. Its essentially a mock-infection. The mRNA vaccine that is used will cause proteins similar to the covid virus and then the body reacts producing the anti bodies.

The issue is that the viron can use a vaccinated persons like a veicle to transfer (among other things, I've herd animals can do so ... but then not ... but then they can, and other carriers). But then again if the correct people are vaccinated (ie, weak immune systems) then those who are fine and able to fight the virus should be ok, and the vaccinated should be ""cured"".",4.0,Conservative,2021-04-28 04:37:22
"I'm sorry but if you were always completely anti-mask, anti-lockdown, AND now that Trump got them through you're anti-vaccine too- you're just pro-virus spread at this point.",-10.0,Conservative,2021-04-28 05:00:53
"My ex forced my 18yr old to get the Pfizer Vaccine. I have a moral objection to low risk people being used as Lab Rats. I am not anti-vaccination, there is no clinical reason for healthy young people to be getting vaccinated until there is more data

She was scheduled for J&amp;J vaccine but it was pulled the day before her appointment. I'm not entirely comfortable with the J&amp;J one is someone in her demographic group, however I'm more comfortable than messenger RNA with very little supporting data.",-3.0,Conservative,2021-04-28 15:20:46
"Also there’s literally a vaccine record I got when I got my first shot. It’s part of my private medical record. If I were going to go to a foreign country and needed to show proof that I was taking anti-malaria medicine, and they required the COVID-19 vaccination card along with that and my passport, I’d have no problem showing that. That’s because it’s not a 1984 situation where there’s a database of vaccinated/un-vaccinated people. It’s a private medical record where I can give consent. You see, I, unlike others, try to enter other countries legally. We don’t need “vaccine passports.” They can take that idea and 🤌(🚫🌞)🍑",4.0,Conservative,2021-04-29 05:26:33
"Can someone rational explain why this is a good thing? Part of ensuring herd immunity is a large amount of people have to have the vaccine. Additionally, if you aren’t vaccinated you are at risk of spreading the disease. Since when have conservatives been anti vax?",0.0,Conservative,2021-04-29 05:40:12
"Because requiring passports would lead to stores effectively requiring people to get vaccinated in order to get basic necessities.  This is a grocery store saying you *have* to introduce things into your body to gain access to our store.

If this weren't so politicized the left would be screaming at the top of their lungs about it too, and you know it. The left is where the anti-vaxxers and ""my body, my choice"" types are from, after all.

This is the government saying no one can force an individual to get a vaccine.  It's the protection of individual rights against those that would use their control over access to good and services to create de-facto legislation.

Libertarians will say that the free market can solve this, but it can't.  Small local grocery stores are a thing of the past because they can't afford to compete, which also stops new ones from starting up.  We have the mystical free market that Libertarians want, and it is dangerously close to becoming an oligarchy.",1.0,Conservative,2021-04-29 12:23:20
"This might be too big for your brian but some medicine are one size fit all. You do know each baby born gets the same vaccine for various issue that he or she can face ? Measles, HepB, BCG ever heard of this stuff rhat is provided to literally all the babies after birth unless there mom is a psycho anti vaccer.",-2.0,Conservative,2021-04-29 12:34:42
"It’s not a privacy issue for tracking purposes, our phones do that already... huge swaths of babies are not vaccinated, mine isn’t.. I’m not an anti vax nut.. some vaccines are great, others are simply unnecessary, chicken pox, measles, rubella, and many others are pointless vaccines... vaccine injuries are real and common, some of us want to wait until our children are bigger and stronger before we subject them to it, it’s perfectly reasonable.",3.0,Conservative,2021-04-29 18:07:46
"I disagree with your view, but I can see why you feel that way.  I think people should vote with their wallets and avoid businesses that go against their beliefs.

On the other hand, If a business wants to provide the safest environment for their customers, I think they should be able to deny anti-maskers and vaccine deniers entry.  If they lose money or go out of business, that's on them.",0.0,Conservative,2021-04-29 19:33:47
"This mask theater is anti science and anti vaccine.  If they wanted the covid crisis to end, they’d show that once you are vaccinated you are good to go.  This is all about keeping the crisis going.",79.0,Conservative,2021-04-30 10:20:44
"A philanthrocapitalist is still a capitalist, and the men you named have only gotten to where they are now through ruthless business practises. They may donate to liberal (not leftist, mind you) causes, but this in no way makes them a leftist. Gates pushed for the covid vaccine patent to remain privatised, and his foundation has profited from its ""aid"" in Africa. Bezos has led a massive anti-union effort, and the $15 wage at Amazon came as a result from outside pressure, and not Bezos' benevolence - as is made clear by the awful working conditions in amazon warehouses. Soros has donated huge amounts to neoliberal presidential candidates (Obama, Clinton, and Biden, in recent times), who equally have no claim to be leftists.

When have these leftist billionaires pushed for unionisation? When have these leftist billionaires pushed for democracy in the workplace, and given their employees greater control over their own lives?",-1.0,Conservative,2021-04-30 14:54:10
"A vaccine does not stop you from contracting a virus and becoming contagious. Rather, it bolsters your immune system so that when you do come in contact with the virus your body will be prepared. Ultimately, this reduces the severity of the disease in both duration and intensity. Vaccines save lives by reducing deaths and spread.  So masks are not anti science when almost half the population in unvaccinated. Hope this helps.",-9.0,Conservative,2021-04-30 15:25:05
How is wearing a mask “anti-vaccine”?,7.0,Conservative,2021-04-30 17:19:35
"And that's what the CDC said, did you miss it?  

Thing is, so many anti-mask people who are ALSO anti-vaccine make me very very nervous to go out without a mask, still, because I don't want to be in a closed space with them if they are infected and out and about like total jerks.

Your impatience is immature, we are still in a pandemic but we are coming out of it because of the vaccine.",1.0,Conservative,2021-04-30 17:24:50
"You’re right. The masks are theater once you’re vaccinated. They are wearing them so the people who are anti-mask *and* anti-vaccinate have an example to follow.

The CDC said a couple days ago that you only should wear a mask indoors/in crowds once vaccinated now. Meaning outdoors is ok again with no mask if you’re vaccinated. They want to walk it back, we all want it to be walked back. But we are moving “at the pace of the slowest runner” here, which are the folks resisting getting the vaccine. And so while it may be totally safe to go without a mask once vaccinated, the theater is necessary until the slow folks catch up.",3.0,Conservative,2021-04-30 17:57:07
"&gt; This mask theater is anti vaccine

This is what bothers me the most about both the mask-wearing theatrics and the recent CDC guidelines regarding what you should/shouldn't do after being vaccinated. They're sending a message to the American people that COVID vaccines don't actually do anything.

A lot of people already suspect that the Biden administration doesn't actually want COVID to end and the fact that they're doing everything they reasonably can to discredit the available vaccines certainly doesn't help alleviate those suspicions.",0.0,Conservative,2021-04-30 18:01:00
