comments,score,subreddit,time_created
"Be careful reading too much into this. They haven't even done an autopsy to determine a cause of death, and this is only one case. Does it raise questions as to whether the vaccine could have caused her liver to fail? Sure, but it may not even be related.

Keep in mind that over 92 million doses of mRNA vaccines for COVID-19 had been injected, with 1,637 deaths occurring following the injections. Those 1,600 deaths may have had absolutely nothing to do with getting vaccinated considering that vaccines are mostly being given to the elderly who may have a number of underlying health conditions to begin with. Let's assume for argument's sake that 92 million injections = 46 million people vaccinated (the number of people vaccinated is higher considering that some people have only received one dose so far, but to keep it simple, I just assumed that 46 million received both doses = 92 million total injections). That means that there were 1,637 deaths that happened around the time of vaccination out of 46 million people. That means that 0.0036% of people that were vaccinated died around the time of being vaccinated. You'll have to take that risk assessment into account when determining if you want the vaccine. You have 3 options:

1. Get the vaccine

2. Get the virus

3. Hope that society reaches herd immunity (either from infection and recovery or death from the virus or from people getting vaccinated), and the virus goes away before you have to either get vaccinated or get the virus; there is no guarantee that this strategy will work because you can't guarantee that you can avoid the virus while everyone else pushes us towards herd immunity.

So what's your risk assessment? Get the vaccine where 0.0036% of people have died around the time of getting vaccinated (keep in mind that those deaths may have had nothing to do with the vaccine but could be coincidental), or risk getting the virus with a higher death rate than that 0.0036% along with the other potential health consequences that could impact you from infection? I know my risk assessment. I'm getting my second dose of vaccine tomorrow. In my eyes, the cost-benefit analysis of getting vaccinated versus not getting vaccinated strongly favors getting vaccinated.

I'm not telling anyone what to do. What you do is your choice, but I think that you should at least evaluate the situation logically.",12.0,Conservative,2021-03-11 21:17:25
"I took to wearing a KN95 as soon as they became more available last year. It ended up being a good decision as neither my wife nor I ended up with Covid, and we never gave my immunocompromised parents Covid.

Covid did end up ripping though my wife's entire family and I know people who were otherwise healthy who got really jacked up. The entire Covid issue has polarized people on both sides so much it really concerns me. I've been accused of being brainwashed by close personal friends because I believe (with real world data) that Covid is worse then the flu, and that the Covid vaccine isn't a big pharma conspiracy.

I'm just as angry as a lot of people about how mostly useless lockdowns added economic devastation on top of a pandemic. There is no way to contain a virus any better than there is a way to stop a hurricane, but individuals can take steps to reduce their own risk.",1.0,Conservative,2021-03-11 21:57:57
"His COVID response was praised by all the democrat governors when it came to providing beds and ventilators, and he delivered a vaccine in under a year. The complaints came around election season that he wouldn't make national mask mandates and dictate how states managed their response.",5.0,Conservative,2021-03-11 22:46:45
"&gt;That means that 0.0036% of people that were vaccinated died around the time of being vaccinated

That's about the same mortality rate someone in my age group and health would expect if they caught COVID. Now, considering there is already a rare chance they will catch COVID, the vaccine is deadlier.",0.0,Conservative,2021-03-11 23:41:27
"[34 million people have been fully vaccinated, not 46 million.](https://www.nytimes.com/interactive/2020/us/covid-19-vaccine-doses.html)

Also that’s interesting... I thought vaccinated people can still contract it and spread it, just not suffer the symptoms? Do we have data that says otherwise?",1.0,Conservative,2021-03-12 00:16:21
"&gt; you go homeless, your grandma died, and Biden say we’re on the right track

Is this the same sub that was all on the ""COVID is a hoax"" train a year ago?

Under Trump, we had a fucking moron who refused to even put on a goddamn mask.  Under Biden, it's been three months and we have a world-leading vaccine rollout.

At the end of the day, there are always corrupt politicians.  At least Democrats hold them to account instead of coming up with absurd stories about how ""it's all antifa!"" or ""well he _ackshually_ meant...""

When the GQP stops trying to defend the Capitol insurrection, you can talk about holding politicians accountable.  Until then, not a single Democrat will give a damn about Qultists criticizing politicians.",-2.0,Conservative,2021-03-12 00:48:48
"As a Floridian, that sounds made up (which you just admitted?), and also the vaccine isn’t a big deal if Covid isn’t either. It’s up to you to decide if you’re personally scared or at risk.",-2.0,Conservative,2021-03-12 01:22:11
"His covid speech tonight sucked.

His Debbie Downer rambling about the past year went on *forever*, before he started taking credit for the vaccine.  Then he summed up with a squishy half-promise that Americans would be able to gather in small groups in July.",0.0,Conservative,2021-03-12 02:00:54
"How about...trash your mask and live free again? No need to put any conditions on that whatsoever.

You want a vaccine? Cool, get one. You dont? Cool, dont get one. There is no scenario where covid is going to overwhelm hospitals or collapse the healthcare system. So, end all restrictions, open everything up 100%, and lets get back to normal. I dont care if everyone or no one gets vaccinated.",5.0,Conservative,2021-03-12 04:00:48
"The vaccine seems pretty worthless if it isn't effective at protecting you from COVID. 

If you still have to constantly wear a mask in public, and avoid crowds, what's the point of getting vaccinated?",2.0,Conservative,2021-03-12 04:31:17
"Funny. I'm not sure how you can be so judgemental and determine what I'm capable of thinking.  If you've ever looked at the bill (and I looked at all 469 instances of a $ to see what the money categories were), it's all about relief from Covid-related economic harm.  Farmers, infrastructure, vaccine, state government assistance, native americans, food for children, family leave, and support to critical industries where there is no work-from-home option and is required to defend this nation.  Oh, and cybersecurity (we need more of that).   If you understood economics, you would know that tight labor markets are the primary drivers of inflation, not government spending.  Consumer spending is way down compared to what is was pre-covid.  You can't keep the rest of the country going without the government stepping in to do their part.  It's part of the money supply.  If the government did not step in, we would have had a deep recession because nobody was spending money.  Quite a few fortunate people have a money burning holes in their pocket waiting to spend it at bars and restaurants and other places of social gathering.  All of that pent up demand will be unleashed and jobs come back in full force and the Fed will raise rates to stymie inflation.  Consider the inflation a good thing.  It means that people are prospering and monetary policy to shift supply/demand curves will keep that in check.  We have competent people running the Fed.",1.0,Conservative,2021-03-12 05:43:06
"But it's like a flu vaccine where if you get it the symptoms are less severe. That along with reducing the likelihood of getting covid all together makes it seem worthwhile. I'm guessing the fear is you could still spread covid even if you're vaccinated as you wouldn't show symptoms, but unless you're gonna have people wear masks forever....I don't really see a point in that.",1.0,Conservative,2021-03-12 06:12:45
"I was thinking about this today.  I get a flu shot every year and a couple years ago I got the flu. It was very mild, I was up and around, showering, unloading the dishwasher, and I was better in a day and a half.  I remember a few times when I had the flu when I was a kid/young person (unvaccinated) and I was down for a week, feeling so sick and in pain, not showering for 3 days, and tired for a month after.  I looked up flu vaccine effectiveness and the year I got my flu shot and then the flu the vaccine was 29% effective.  Dismal.  Yet, it was good enough to keep me from a week of feeling like death and a month of feeling tired.  I plan to get the Covid vaccine, I haven't decided which one yet.  I was set on J&amp;J and then Novavax released some really good data today, so now my research will begin anew.",1.0,Conservative,2021-03-12 06:40:09
"If you don't want the vaccine don't get the vaccine.  That's your choice.  But don't sit there and slam it while the Covid death rate for the 80+ folks is 20%.  I'm glad Trump had a part in the vaccines, getting them out there in a year, and hopefully saving a lot of people who otherwise would have died if they contracted Covid.  I don't know if you know people who died from Covid, but I know a handful, all ages, and it's fucking tragic.",1.0,Conservative,2021-03-12 07:00:39
"**Look dad, I'm posting it again**

The 90%/9% figure you see thrown around a lot comes from the fact ~10% is being spent directly on vaccine production infrastructure. Here is some breakdown info. You can look up a full breakdown yourself, but here is one analysis: 

https://www.usatoday.com/story/news/factcheck/2021/03/02/fact-check-breaking-down-spending-covid-19-relief-bill/6887487002/

**9%** is is slatted for vaccine production related infrastructure. 

**22%** of the bill alone is going to direct payments to Americans. 

**13%** is for extending additional unemployment funding of $400 a week

**Combined 12%** is going to:

* Subsidized COBRA for laid-off workers. Affordable Care Act subsidies for the next two years. 

* Expanded nutrition assistance to replace school lunch programs during the pandemic. 

* Funding for testing and contact tracing. 

* Disaster Relief Fund increases and covering COVID-19-related funeral expenses. 

* Grants to airlines and contractors to freeze layoffs through September. 

* Defense Production Act funding for medical supplies. 

* Grants for restaurants and bars that have lost revenue in the pandemic. 

* Economic Injury Disaster Loan Advance grants of up to $10,000 per business.

**27%** of the total is going to state and local governments and schools, for the express purpose of coming back online to accept students once the pandemic is over.

This alone accounts for ~83% of the bill for direct Covid relief if you include the education stuff, if you don't it is over 50%. The 9% figure comes from that which is directly paying for vaccines and related infrastructure.

Of the remaining ~17%, only ~.5% go to foreign infrastructure projects. The other 16.5% is a massive hodgepodge of random stuff.",1.0,Conservative,2021-03-12 07:00:51
It’s not that people don’t like vaccines. I’m vaccinated and my kids are but this COVID vaccine isn’t proven yet and I’m not getting it until we see what the real drawbacks are.,1.0,Conservative,2021-03-12 07:17:47
"This is the answer. We now have multiple options for vaccines with the potential for more. More supply means quicker distribution. It’s also more organized now that we’ve got an understanding of how to distribute. 

The initial rollout was slow for those two reasons: limited supply &amp; no one really knew what they were doing. My county, Denton, in Texas was a shitshow at first and now they are a well-oiled machine—vaccinating 10,000 people per day. 

We learn through experience. 

I do think Biden prioritized vaccine distribution. It wasn’t Trump’s priority in office. He was focused on reelection. If he’d focused more on covid relief and vaccine distribution, then it probably would have done more for his reelection, honestly.",1.0,Conservative,2021-03-12 13:27:25
" I dont get why Trump should get credit. He lied to us about it taking 5 years to get vaccine when other countries  have already created their own in a similar timeframe. UK, China,  India  and Russia has their own vaccine.

And private companies created the vaccine not the govt. Didnt republican govern as anti govt and pro free market.

Trump only will get credit for rolling out vaccines but he failed omewhat in that regard as well.  He declined on more pfizer vaccine. [Link](https://www.cnbc.com/2020/12/14/covid-vaccine-us-passed-on-more-pfizer-doses-in-november-says-board-member-gottlieb.html)",1.0,Conservative,2021-03-12 13:35:26
"Thats why pfizer and moderna waited until just after the election to provide the vaccine, which theyve had since january, because covid is a bioweapon. But if they can create a vaccine for a pandemic level virus in a year, why is it taking so long for them to create one for the flu, or hiv, etc? They have the cures, they are just whoring for funding money.",1.0,Conservative,2021-03-12 15:13:02
"The long term effects are vastly overblown.  Every virus or sickness has a chance at long term effects, and because Covid is even more mild than the flu for younger people (~40 and younger), the likelihood of long term complications is extremely small.

That being said, the long term complications of the vaccine are even smaller to this point, but I think when you're in the 16-30 age group, it does warrant thinking about and certainly not driving 15+ hours to get the vaccine like some of my friends in this age group have done.",1.0,Conservative,2021-03-12 15:18:21
You didn't actually read what I wrote. I said that it's smart to have different vaccines because there are rumors that some vaccines don't work on some strains of Covid. I never said that not getting the vaccine is a smart or a good idea.,1.0,Conservative,2021-03-12 15:28:41
"Rightly or wrongly, the President takes the credit and takes the blame.  Trump absolutely should get the credit for Operation Warp Speed which DEVELOPED and TESTED the vaccine.  His administration took the financial risk from the pharma companies to free them up to produce asap.  Biden should get the credit for vaccine DISTRIBUTION (something like 98 million doses administered so far) because distribution has primarily occurred on Biden's watch.

Now wrap you mind around this.  The economy is going to surge this year.  Between the 1.9T juicing of the economy and the return of the restaurant and retail sectors due to COVID getting under control, we will see substantial jobs, revenue, and market performance this year.  Compared to last year (during a pandemic) the numbers will be powerful.  Guess who will take the credit?",1.0,Conservative,2021-03-12 15:29:53
"New York Magazine: We Had the Vaccine the Whole Time.
http://nymag.com/intelligencer/2020/12/moderna-covid-19-vaccine-design.html?utm_source=undefined&amp;utm_medium=undefined&amp;utm_campaign=feed-part",1.0,Conservative,2021-03-12 15:30:19
It's also not smart to vaccinate everyone with a vaccine that doesn't work on certain strains which are bound to spread. It's actually just wasting money if that's the case. The smart move would be to have different vaccines so you don't get 330 million people with a different strain of Covid dying because the vaccine they took doesn't work on that particular strain.,1.0,Conservative,2021-03-12 15:34:10
"I haven't decided if I'm going to get the vaccine yet. It's not available for me where I currently live, so I still have a little time to decide.

As far as still being susceptible to getting or transmitting covid, as of March 8th the CDC was still saying it's a possibility.

&gt;The risks of SARS-CoV-2 infection in fully vaccinated people cannot be completely eliminated as long as there is continued community transmission of the virus. Vaccinated people could potentially still get COVID-19 and spread it to others.

https://www.cdc.gov/coronavirus/2019-ncov/more/fully-vaccinated-people.html",1.0,Conservative,2021-03-12 15:52:50
"The proof is **we were vaccinating people** you fucking smooth brained dickless bonobo. Having no plan would mean no vaccine and no vaccine distribution. Both of which we did have. So again, regardless of how badly you wish trump wasn't the one to stop covid, he is. Enjoy knowing your worst nightmare saved you from your hellish virus",1.0,Conservative,2021-03-12 15:56:58
"My sister is an epidemiologist and told me to wait to get the vaccine, if at all.  There are no studies on long term effects for covid, it was so rushed out the door. I'm not at risk at all for covid so I'm just not going to get it. I've a higher chance of dying from the flu. 

Vaccines can cause bad things. I'm not an anti vaxer but my mom developed a neurological disorder and autoimmune after a vaccine. This has been confirmed by her doctor and mayo clinic.",1.0,Conservative,2021-03-12 16:07:00
"I truly am sorry that facts don't care about your feelings, [but regardless here they are.](https://www.ajmc.com/view/a-timeline-of-covid-19-vaccine-developments-in-2021)

Here's an important bit

&gt;**January 11**  
&gt;  
&gt;**Vaccine Doses Go Unused or Are Trashed**  
&gt;  
&gt;Biden’s goal remains 100 million vaccinations in 100 days, and he pledges to release all available doses, [reversing](https://www.politico.com/news/2021/01/11/governors-red-tape-vaccine-rollout-457909?) Trump’s decision to hold back doses to ensure that second shots were available for those who had already received their first Pfizer/BioNTech or Moderna dose—at this point, the only approved COVID-19 vaccines. Rollout has been chaotic, as the CDC relegated responsibility to states to determine vaccination priority and extra doses built up in freezers or were trashed due to regulation confusion.

Basically, the embarrassment to our nation's history bought a shit load of vaccines with 0 plan to help the states administer them. President elect Biden had a plan to unfuck that and dragged Republicans kicking and screaming into the world we see today that'll likely have a mere handful of restrictions in various states by the time Summer gets here.

Bottom line, OJ man didn't have a plan, he just bought a shit load (waste of tax dollars) and said he fixed it.",1.0,Conservative,2021-03-12 16:31:47
"Fuck the R's and the D's. They're the same wolf dressed as different sheep.

The simple fact is that a covid vaccine was always going to be a mega money maker regardless of Operation Warp Speed, which, if I remember correctly, didn't actually give any money upfront to Moderna or Pfizer. Instead they promised to buy a certain amount...which everyone already knew was going to sell. BFD.",1.0,Conservative,2021-03-12 16:43:13
"So 550k people dead in the US is not a crisis? The only thing to compare it to is the American civil war and we have about 100k to catch up to it. So by summer. If you count every war the US has been in after the Civil War combined, we have lost more people to Covid in 12 months. You can still be fucking dumb though, it is your right. Luckily we have the vaccine so quickly. So much damage and death could have been avoided sans the sheep that let it be politicized over common sense. Do you buy food from a restaurant where you see the people making it picking their nose? Didn't think so.",1.0,Conservative,2021-03-12 17:00:39
"I forgot COVID doesn’t exist and nobody’s died. Funny how COVID isn’t a big deal and yet Trump should be hailed for single handedly funding, researching, testing and distributing the vaccine for it himself.",-2.0,Conservative,2021-03-12 17:01:22
"https://www.hhs.gov/about/news/2020/05/21/trump-administration-accelerates-astrazeneca-covid-19-vaccine-to-be-available-beginning-in-october.html

https://www.youtube.com/watch?v=y60TrJCphhA

https://www.theguardian.com/us-news/2020/may/15/trump-coronavirus-warp-speed-vaccine-white-house

https://www.axios.com/francis-collins-operation-warp-speed-trump-covid-4b9df75b-8bba-4aae-b999-391752de71e7.html


Shall I continue, or does it still not exist?",2.0,Conservative,2021-03-12 17:19:51
"That might even be true. Trump purchased 100M vaccines in Dec but by mid Jan many had to be trashed due to the lack of plan to roll out the vaccines. By Jan 20, it may have been true that there weren't even vaccines or at least few usable ones. 100M vaccines is under 1/3 of the country btw, where was Trumps plan to roll out the vaccine if he hadn't even allocated enough to go around?

[https://www.ajmc.com/view/a-timeline-of-covid-19-vaccine-developments-in-2021](https://www.ajmc.com/view/a-timeline-of-covid-19-vaccine-developments-in-2021)

[https://www.ajmc.com/view/a-timeline-of-covid19-developments-in-2020](https://www.ajmc.com/view/a-timeline-of-covid19-developments-in-2020)",1.0,Conservative,2021-03-12 17:22:50
"To be fair, [the NY Times says we administered about 2.9 million doses in March 6.](https://www.nytimes.com/interactive/2020/us/covid-19-vaccine-doses.html) Though this may have been one of those days where they added additional doses from prior days that weren’t reported? Maybe someone can confirm.

The 60% of people 65 and up being vaccinated is definitely wrong though, lol. Even if EVERY single fully vaccinated person so far was in this age group, it would only be about 59%, but we know plenty of healthcare and at-risk people below 65 are included in that figure.",1.0,Conservative,2021-03-12 17:32:55
"I personally think Biden fucked himself out of any and all credit when he said there was nothing he could do in the upcoming months to change the trajectory of the virus. 

https://www.cnbc.com/2021/01/22/biden-says-nothing-can-change-the-trajectory-of-covid-pandemic-over-the-next-several-months.html

Because he admitted this, I say the credit goes to the researchers, companies, distribution networks, etc., that were all bolstered by Trump's Operation Warp Speed for the coronavirus vaccine. 

Easy dub for republicans.",1.0,Conservative,2021-03-12 17:56:26
"My other comment pointed out that there was no change to existing FDA approval requirements. They already had existing fast track approval protocols for emergencies. 


With regards to your other suggestion, about creating an environment that helped the development of the vaccine, Pfizer, the company that developed the first vaccine on Earth for Covid, developed it without accepting any money at all from the US government, specifically because they didn't want to be involved in the toxic environment created by the president: https://www.newsweek.com/pfizer-avoided-rd-funding-trumps-operation-warp-speed-because-bureaucracy-politics-1546110     The most the ""project warp speed"" did with regards to the Pfizer vaccine is that it made a pre-order for vaccines.",1.0,Conservative,2021-03-12 18:02:07
"&gt; all American adults will be eligible to receive the COVID vaccine as of May 1

So I'll be eligible to get it, if I can find it.",1.0,Conservative,2021-03-12 18:02:13
"https://time.com/5938128/covid-19-vaccine-rollout-biden/

Time Magazine, a leftist source of there ever was one. They make the point in the article that many more doses have been administered under the Biden administration than there were under Trump, which is true. However, according to their own research, helpfully displayed in graphic form and divided  between the Trump and Biden administrations, the increase in vaccinations has been pretty consistent. If Trump had ""bungled the rollout"" I would expect to see a ""hockey-stick"" shaped rollout, with a marked uptick after Biden took office, but Instead the number of vaccines administered has been ramping up pretty consistently under both administrations.",1.0,Conservative,2021-03-12 18:11:05
"&gt;No, he didn't handle it great, but he did handle it.

That, I think, is a middle ground we should all be able to agree on (emphasis on ""should""). Personally I think the failure heavily outweighs the success.

Yes OWS was successful. We now have a vaccine and it took less than a year to develop. Props to the Trump admin for that. 

At the same time , it took Trump until JULY to say people should wear masks, *months* after they were proven to be effective. And the data proves that (largely because of that failure) we have among the worst rates of Covid cases and deaths in the entire world. I agree it's possible the numbers might not be totally accurate. But they can't be so grossly inaccurate as to significantly shift the severity of our failure. You can't fudge numbers that drastically without people noticing.",3.0,Conservative,2021-03-12 18:21:59
"It wasn't. I'll quote myself from a question I just answered:

&gt;https://time.com/5938128/covid-19-vaccine-rollout-biden/

&gt;Time Magazine, a leftist source of there ever was one. They make the point in the article that many more doses have been administered under the Biden administration than there were under Trump, which is true. However, according to their own research, helpfully displayed in graphic form and divided between the Trump and Biden administrations, the increase in vaccinations has been pretty consistent. If Trump had ""bungled the rollout"" I would expect to see a ""hockey-stick"" shaped rollout, with a marked uptick after Biden took office, but Instead the number of vaccines administered has been ramping up pretty consistently under both administrations

Essentially, the number of vaccines administered per week has been increasing pretty steadily. It wasn't ""stagnant"" under Trump and much better under Biden.",1.0,Conservative,2021-03-12 18:23:55
Because it was otherwise so risky to know if there would be a demand for a COVID vaccine if developed?,1.0,Conservative,2021-03-12 18:34:58
"No, we have vaccines for many of the various strains of the flu.  Its not an equivalent virus in this context, not until covid has a chance to mutate thousands of times in ways that the current vaccines can't cover.  All the more reason to get after vaccine distribution and get everyone on board.  There is no reason to let it fester and not just do the job right and be done with it.",1.0,Conservative,2021-03-12 19:20:36
https://www.statista.com/chart/23967/covid-19-vaccine-doses-administered-per-day-in-the-us/,1.0,Conservative,2021-03-12 19:22:50
"Are you sure that’s accurate? When the deal was made in July the HHS’s press release said this:

&gt;	The federal government will own the 100 million doses of vaccine initially produced as a result of this agreement, and Pfizer will deliver the doses in the United States if the product receives Emergency Use Authorization (EUA) or licensure from the U.S. Food and Drug Administration (FDA), as outlined in FDA guidance, after completing demonstration of safety and efficacy in a large Phase 3 clinical trial.

https://www.hhs.gov/about/news/2020/07/22/us-government-engages-pfizer-produce-millions-doses-covid-19-vaccine.html",2.0,Conservative,2021-03-12 19:43:05
"The sad thing is nothing has changed since last April. Covid is a worse flu that spreads easier. Wash your hands, wear a mask in public, get a vaccine. Outside of that, live your life as normal. There is no need to hide away in a cave or be a giant asshole and spout ""my rights means I don't need a mask"". If your on private property your rights aren't the same as when you're on you're own property. But if you fear covid don't go out to public places. 

I haven't been vaccinated, but have traveled, gone out to eat, gone to the beach a lot (never with a mask) and the beaches are fucking packed. But wear a mask in stores and everytime I go to the doctor (for a back injury.) Just live and have common sense.",3.0,Conservative,2021-03-12 20:16:29
"&gt;You can’t convince me when I have Pfizer themself in their own a press release that they wrote mentions ows.  Lol
&gt;

The relationship was strenuous at best. 


https://www.statnews.com/2020/12/07/pfizer-moderna-decline-white-house-vaccine-summit/

&gt;On Nov. 10, [Kathrin Jansen](https://www.statnews.com/2020/08/24/pfizer-edge-in-the-race-for-a-covid-19-vaccine-could-be-a-scientist-with-two-best-sellers-to-her-credit/), a Pfizer executive, attempted to distance the company from Operation Warp Speed, the Trump administration’s hyper-ambitious coronavirus vaccine initiative. In an [interview with the New York Times](https://www.nytimes.com/2020/11/09/health/covid-vaccine-pfizer.html), she claimed Pfizer was “never part” of Operation Warp Speed, and that the company had “never taken any money from the U.S. government.”
While the company never accepted Operation Warp Speed funding to help develop the vaccine, it did agree to a $1.95 billion purchase order with the federal government, providing the company a massive guaranteed market if the vaccine proved to be safe and effective. Trump later called Jansen’s remark “an unfortunate mistake.”


Trump commited funds for a working vaccine...which is fine, but this isn't the manhattan project.",2.0,Conservative,2021-03-12 20:24:28
"I was trying to emphasize the ways in which he downplayed, misrepresented and distorted key characteristics of the covid virus.

I never once said or implied that Trump contributed nothing towards the efforts to develop the vaccine. Do I question his apparent estimation of the importance of his own role played in its development? Absolutely. But he adequately took appropriate measures to facilitate its development.",0.0,Conservative,2021-03-12 20:27:06
"If you think some joe schmoe from instagram is credible.... Oh boy...

The first Statement he said where the covid vaccine doesn't meet the cdc definition of a vaccine, that is doesn't provide immunity, and that's it's a gene manipulator, is COMPLETELY a lie. Do your research not on social media, but on actual scientific websites. I can even link you the released studies showing the vaccine efficacies.

https://www.cdc.gov/vaccines/covid-19/index.html",2.0,Conservative,2021-03-12 20:49:48
"Do better.. https://streamable.com/cy4qmf

PROOF.. You Are Participants In An Experimental Vaccine Study

&gt;PFIZER VACCINE DATA👇

The Pfizer COVID-19 study is ACTIVE, NOT RECRUITING

Now, please note the STUDY COMPLETION  DATES. 👀 You and your families are study participants based on this data. 

This is from https://clinicaltrials.gov

Here is the link to the Pfizer data..

https://clinicaltrials.gov/ct2/results?term=Pfizer+AND+vaccine&amp;cond=Covid19

&gt;MODERNA VACCINE DATA👇

The Moderna study is ACTIVE, NOT RECRUITING

Again, like Pfizer the Moderna study is ACTIVE and ONGOING. 

Note the completion date. 👀 You and your families are study participants based on this data. 

This is from https://clinicaltrials.gov

Here is the link to Moderna data...

https://clinicaltrials.gov/ct2/show/NCT04470427?term=Moderna+AND+vaccine&amp;cond=Covid19&amp;draw=2&amp;rank=5",0.0,Conservative,2021-03-12 20:51:58
"Calling it a ""boogyman"" virus is exactly the flippant attitude of why we have had way more covid deaths than any other country. 

Other countries took it seriously and had less deaths and we able to return to pretty normal lives while we all waited for the vaccine. While we are having anti-maskers and people throwing huge parties. That is why people don't feel safe interacting with others and are depressed and have failing mental health. 

If people wanted things to get better they would have just taken it seriously instead of selfishly acting like nothing is wrong and putting everyone else in danger.",1.0,Conservative,2021-03-12 20:53:17
"We talked about this at work in December. We all knew Biden would get the credit for the vaccine rollout even tho it has already reach over a million a day before he took office. He could of done nothing and still reach his goal today. 

I personally don’t really care at this point. They are gonna get credit for stopping covid but in the process I think they burnt to many bridges and a lot of local elections are gonna flip to GOP. I don’t think people are gonna change their minds tk vote blue when gas prices are at historic highs and they are slowly losing all their disposable income tk new taxes tk pay for the money we have tk other countries in the covid give away bill.",1.0,Conservative,2021-03-12 21:00:04
"Ok ive been involved from the beginning and most of it declassified so I can tell you it was a bipartisan effort started by the Bush admin back when the Bird flu outbreak happened. It was in the defense budget and managed by DARPA back then. The project was to be able to mass produce a response to any major outbreak.

Long story short congress approves these budgets. Obama supported it as it moved to HHS. Trump with the GOP majority in 2016 expanded its scope and budget and also moved vaccine response out of FDA/CDC  and to a dedicated agency at the recommedation of experts. A very wise move. This was all pre-Covid.

Warp speed is a partnership with businesses. Both the business that create vaccines and manufacturing companies that committed to create tests, PPE and vaccines in our time of need. For the most part in a year we got 3-4 effective vaccines, we are cranking out 10's of millions of vaccines and after a short lag we mass produced PPE and COVID test in amazing numbers. 

 Politicians being what they are played the PR game to take credit and blame others but at the end of the day they stayed out of the way and let the people leading their efforts do their job. So I give credit to Trump despite what others may perceive for staying out of the way for the most part . Biden owns this distro phase but deserves no credit for the actual vaccine mass production not the PPE and testing mass production and distribution that already has occurred. 

A good leader cant be an expert on everything. Trump talks a lot  but if you actually pay attention to his actions he for the most part listens and seeks the opinions of experts. Also can you imagine how much time would be wasted if these people leading these efforts had to deal with our crap media. He certainly made mistakes but putting the attention on him wasnt all ego it is also leadership and protecting those in your charge from wasteful scrutiny. The president only has a small part to play with all this but credit shuold go where its due. Actually Bill Gates and the Gates foundation did the most to help with this project. They actually had mock outbreak drills and other events to help make sure we were ready.",1.0,Conservative,2021-03-12 21:19:23
"COVID-19 is never going away, it isn’t going to be eradicated. It’s going to be around forever. 

The best everyone can do is get a vaccine every year that is effective against whatever strains are around, practice good hygiene, and try to avoid getting sick.

No one in the medical community is suggesting the solution is we all stay indoors until the virus is eliminated. 

The guidelines are designed so as to limit spread until the vaccine is widely administered, and the risk of becoming ill is low.",1.0,Conservative,2021-03-12 21:19:33
"I'm afraid it doesn't pay to be based in a field where you deal with a virus about which new information and data is being discovered and disseminated every day. 

Fauci's ""opinions"" on the subject are changing consistently because he has to balance a lot of factors when he's giving recommendations from such a position of influence. Evolving information about Covid, logistical feasibility of PPE and vaccine distribution, and economic recovery efforts all became huge factors once it was clear that a full shutdown would not be heeded and would take too long at that level of adherence to mitigate human cost, consodering the economic damage it did.

Conversely, if Fauci kept the same opinions from day one, it would be like if you didn't change your underwear from the beginning of the year because you thought people would make fun of you if you did change them. In both cases, the most important part ends up worthless and full of shit.",1.0,Conservative,2021-03-12 21:22:33
Great. Just be happy that Biden is delivering on the Covid vaccine rollout.,1.0,Conservative,2021-03-12 21:36:21
"Even Snoopes, a left wing fact checker, admits that Trump had already signed a distribution plan

[https://www.snopes.com/fact-check/vaccine-biden-trump/](https://www.snopes.com/fact-check/vaccine-biden-trump/)

[https://www.hhs.gov/about/news/2020/09/16/trump-administration-releases-covid-19-vaccine-distribution-strategy.html](https://www.hhs.gov/about/news/2020/09/16/trump-administration-releases-covid-19-vaccine-distribution-strategy.html)

The only difference is how many vaccines they were purchasing.",1.0,Conservative,2021-03-12 22:26:49
Masks have never been proven effective. If they were at all effective we would have seen it by now. We have high cases because of high testing. We have high deaths because of counting deaths with covid and the overall health and age of our population. Nothing we did before vaccine made any difference.,-1.0,Conservative,2021-03-12 22:35:06
"Did OWS do anything new in terms of Emergency Use Authorization? I believe it’s been around for years and has been used in other public health situations.

Also would OWS have paid for the $2B if it wasn’t granted an EUA or if the vaccine wasn’t able to be mass produced? 

When the deal was made in July the HHS’s press release said this:

&gt;	The federal government will own the 100 million doses of vaccine initially produced as a result of this agreement, and Pfizer will deliver the doses in the United States if the product receives Emergency Use Authorization (EUA) or licensure from the U.S. Food and Drug Administration (FDA), as outlined in FDA guidance, after completing demonstration of safety and efficacy in a large Phase 3 clinical trial.

https://www.hhs.gov/about/news/2020/07/22/us-government-engages-pfizer-produce-millions-doses-covid-19-vaccine.html

To me, that sounds like the $2B wasn’t unconditional.",1.0,Conservative,2021-03-12 22:58:46
"Are you serious? Yes of course they did, otherwise how would they know how effective the vaccine is. The emergency use allows a vaccine that has only completed phase 1 and phase 2 of testing. Phase 3 must currently be in progress and 2 months of data needs to be submitted for approval.

Normal vaccines go through 4 phases for approval, however covid vaccine only needs 2 trials and 2 months into the 3rd trial.

https://www.fda.gov/vaccines-blood-biologics/vaccines/emergency-use-authorization-vaccines-explained

https://www.fda.gov/drugs/information-consumers-and-patients-drugs/fda-drug-approval-process-infographic-horizontal",1.0,Conservative,2021-03-13 01:11:19
"Lockdowns certainly don't. Masks arguably might. It's too tough to tell because there's so many factors and variability when it comes to masks (mask material, if it's being worn properly, whether the person takes it on and off constantly, etc).

My brother is an ICU nurse. He's had hundreds of COVID patients, many of whom survived but many of whom have died. He's told me stories about the doctors being overwhelmed so he's had to perform CPR on someone for 40 minutes until a doctor would arrive to pronounce the person dead officially. 
So he's had near constant expiosure to COVID since this began. He wears an N95 at work. They do antibody tests on him regularly. He has had less than 1% immunity, meaning he's barely been exposed to COVID, less then many people in the general public. The masks clearly do work if they are the right type and worn correctly. It's actually for this reason that he refuses the vaccine. When they first rolled them out for healthcare workers, he felt the mask is more effective for him personally then the risks of taking something that was at the time largely untested. Not sure how he feels about the vaccine today, but that aside, I know he feels masks are pretty solid.",1.0,Conservative,2021-03-13 02:12:15
Payment for 1 million doses means nothing in the scale of research these people were doing.  Biontech and Moderna didn’t suddenly pop up doing Covid vaccine research. They’ve been doing mRNA vaccine research for a long time. To say OWS brought the vaccine out is disingenuous to the prior research these companies did. Trump gets no credit for these vaccines. I’m done arguing these points.,1.0,Conservative,2021-03-13 03:21:43
"Well since there's hardly any flu virus around, and COVID death rates keep changing based on how we characterize it, maybe this isn't as bad as we thought?  Also, Merck stopping their latest vaccine tests because it's better to get the virus and get antibodies, than you get their vaccine, doesn't mean anything...

So what are South Dakota, Florida, and Sweden death rates, compared to say New York, and California?",1.0,Conservative,2021-03-13 03:55:31
"If Trump had closed the borders entirely, I could see a leg to stand on but closing to just China didn't help, especially since immediately there were reports of just bypassing that restriction. 

Much like how republicans why that operation Warpspeed doesn't get enough credit but it entirely failed at helping prevent the spread, sucked at testing and sucked at rolling it out with no national plan. My state sucks at vaccinating and we have more people dying because of it  and even on reducing vaccine regulations, how come AstraZenica is fine in EU but we have 100M doses just waiting for FDA approval. Great job getting regulation out of the way there. 

So Trump can have credit for every death per capita we have over South Korea which is about 500k and counting in my book.

Though I do agree there's a serious issue with schools reopening, I know my state has been twisting arms and it's still going slow. There's definitely some bribes in that Covid relief that I despise but no Democrat questions it.",1.0,Conservative,2021-03-13 03:56:44
"I mean it’s nice to see something other then who’s dying from covid, who’s not wearing a mask and who’s not taking the vaccine",1.0,Conservative,2021-03-13 06:20:00
"Non-AMP Link: [https://eu.usatoday.com/story/news/factcheck/2021/01/28/fact-check-merck-ends-covid-19-vaccine-work-based-immune-response/4292935001/](https://eu.usatoday.com/story/news/factcheck/2021/01/28/fact-check-merck-ends-covid-19-vaccine-work-based-immune-response/4292935001/)

I'm a bot. [Why?](https://np.reddit.com/user/NoGoogleAMPBot/comments/lbz2sg/) | [Code](https://github.com/laurinneff/no-google-amp-bot) | [Report issues](https://github.com/laurinneff/no-google-amp-bot/issues)",1.0,Conservative,2021-03-13 07:37:40
"I agree that will never happen.

Everyone shut down and hunker down in their house for 2 weeks and the world is left like a ghost town? 

It’s so unrealistic to even expect that in the first place. 

It’s a virus, that is slightly worse than the flu and mainly has traumatic effects for the elderly and people with comorbidities who should get the vaccine first m. Humanity has lived through smallpox, polio, and sooooo many more. 

Plus we have a vaccine now that will almost surely be treated like the annual flu vaccine and require a yearly booster shot to prevent against the ever varying stains. Covid will be with us as long as the flu has and will.",1.0,Conservative,2021-03-13 08:10:41
"Because I’ve already had covid, it had no effect on me and I will not take an untested vaccine.",1.0,Conservative,2021-03-13 13:10:14
"In places like NY, you’re also required to have a ID to get the COVID vaccination. So that would also make the vaccine racist in general, if we’re following the logic of the liberals.",1.0,Conservative,2021-03-13 13:37:13
"https://www.crfb.org/blogs/whats-19-trillion-house-covid-relief-bill

This is a bit old, because it includes the minimum wage hike and some infrastructure that didn't make it to the final bill, but it is 95% correct. This bill gives a huge amount of money directly to the people, unemployed, states and local governments, reduces premiums for people who rely on the ACA or Cobra after being fired, provides money for more testing and vaccine distribution, school reopening, gives money to help pay for funerals for the half a million covid victims, grants money to restaurants that are suffering, increases SNAP benefits. Your information is wrong and you should reevaluate your sources of news",1.0,Conservative,2021-03-13 14:15:19
"No, it's not free to you. You pay taxes right? How is profit out of the picture? Are you afraid to confront beliefs that you have? Pfizer is making [billions](https://qz.com/1967638/pfizer-will-make-15-billion-from-covid-19-vaccine-sales/) too. Who do you think has shares with them? Shhh it includes politicians. Do you never think to look? And many congressman invested last April of 2020. 

If people are given a shoddy vaccine does it matter to the higher ups? If you're sick from it does it matter? Who's more profitable for big pharma? A sick person or a healthy person? If people at the top want citizens to go along with their money making scams wouldn't they want people to obey? How would it continue if they don't have power and control?",1.0,Conservative,2021-03-13 14:37:08
"So you base your policies off zero facts. The correct way to check for fraud is recounts which GA had many examinations without issue. 

Biden never called the ban racist. He did call him xenophobic foe many things Trump did like the Muslim ban and making policies that weren't supportive of science. 

&gt; Trump said, ""When I closed he said I should not have closed. ...He said this is a terrible thing, you are a xenophobe, I think he called me racist. Now he says I should have closed it earlier. … He thought I should not have closed the border. That’s obvious.""

&gt; Biden didn’t take an official position on the China travel restrictions until months after they were first enforced. And while he has called Trump a racist and xenophobic, those comments weren’t explicity in reference to the travel ban. 

If Trump acrually stopped the virus by shutting down international travel like Austrailia and NZ, then maybe if give him credit. But our response was a failure. His endorsement of masks was weak constantly mocking Biden for his mask wearing. He opposed many state nlockdowns, dealing the authority of their government. 

National strategies are what made south Korea successful. Leaving it to the states is a failure in itself. We srill can't even do contact tracing for shit. Biden has already expanded national rollouts of the vaccine which has helped a ton in my state where our local government is incompetent.

Well 1 million per day sounded like a lot with how awful Trumps rollout began. But honestly don't really care what easy bar Biden sets like July 4th being the date we can all gather is clearly pessimistic. 

It doesn't matter that we have 7 times their population, multiply their deaths by 7, they still have less than 12000 Covid deaths. We have a GDP per capita of over 50% higher. 

Those exceeds 520k can't all be blamed on Cuomo. The fact that incompetent state governments failed should be more proof we needed real leadership by the president.",1.0,Conservative,2021-03-13 14:43:24
"Feel free to post a real link about voter fraud not just writing BS. Trump was very divisive so boring for Biden then down the ballot Republican happened. Many admit to doing that with now 40% of republicans not interested in him in 2024 at fucking CPAC no less. 

It may be true that Biden was against the China ban. When asked to clarify, his team says they weren't referencing that travel ban but believe what you like. 

&gt; Trump administration has shipped more than 11 million doses of the two available Covid-19 vaccines, but just over 2.1 million people nationwide have received a shot since vaccinations began December 14

Yes early vaccine rollout was terrible by all standards. 

I understand that a bigger population is harder to control but that still remains that more deaths happened than should have been the case in my opinion. We had many hurdles like a culture not used to wearing masks or having empathy for their fellow countrymen. Personal liberty goes hand in hand with personal responsibility.",1.0,Conservative,2021-03-13 16:16:55
"How are the the things listed not related to covid?  For example, the money for schools is for things like HVAC upgrades to improve air flow.  The money for states is to help with vaccine distribution and other pandemic related issues.  This is a serious question.",1.0,Conservative,2021-03-13 16:36:34
Does anyone know if the vaccine works with the variants of Covid?,1.0,Conservative,2021-03-13 16:45:40
"Conservative hypocrisy is that covid isn’t real? Did you get that idea from looking at a clip on CNN showing a bunch of mouth breathers and just make a blanket judgment? 

Covid is absolutely real. Is it a guaranteed death sentence? Not for a large majority of the population.  Should you get the vaccine? Speak to your doctor and not some penny per word chump on the Internet.",1.0,Conservative,2021-03-13 19:59:08
"The difference is making the distinction between profit vultures, scavengers, and leeches... And grand conspiracies. 

Insider trading is very likely in politics. Profiteering is very likely during emergencies (ex the prices of masks skyrocketed) . However The entire manufacturing of a fake vaccine purely for the sole purpose of profit is ridiculously unlikely. 

You keep asking so many questions in response, but you don't leave any evidence or even theoretical evidence other than ""profit""...

If the vaccines are fake, it'd be pretty easy to tell. Any independent researcher with basic lab equipment can inspect it and easily tell if it's useless...

Not to mention COVID is a globally recognized disease. The vaccines are global. The genetic map used to create the vaccine wasn't even made in USA. Then we look at the vaccine manufacturers. Pfizer, Moderna, Johnson and Johnson have been around for decades. And there are plenty of other manufacturers around the world. You really think they're all under the governments thumb? You really think every leader from every country is knowingly robbing from their citizens by selling a vaccine?",1.0,Conservative,2021-03-13 21:35:57
"Are you aware that on a per capita basis, US performed 15 times as many covid tests as Japan? Maybe that is why there are so many more ""cases"" in the US? We have the highest covid rate in the world because we test people who are not sick with a test that does not accurately measure infection. Then we misclassify deaths as ""deaths with covid"". You know the vaccine trials did not define a covid infection the same way the CDC has been publicizing covid infection rates. Why is that?

We have been dealing with coronavirus variations for years. This is a new variant, and highly contagious, but it is still a coronavirus and spreads in the same manner. What is new is the panic and gross overreaction by governments.

""As time went on a scientific consensus developed""? That is not how science works. That is how politics works. There is a scientific method. There were no real scientific studies performed between the time when the ""consensus"" was that masks don't work, repeated by Fauci and the surgeon general and head of CDC, and a couple weeks later when they all declared that everyone needs to wear masks because of ""the science"". It was just Fauci's BS common sense explanation of droplets. At the same time he changed his tune about asymptomatic spread. One day he says never in history has asymptomatic spread been the driver of a pandemic. The next day the most important thing we can do is try to stop asymptomatic spread by wearing masks to catch droplets and save grandma.",1.0,Conservative,2021-03-13 22:08:24
After his shitty covid response and vaccine distribution?,1.0,Conservative,2021-03-14 02:32:37
"Well to start, I haven't warped any of your meanings, seeing as I've agreed with you on most implications, and seeing as you haven't been leaving any specific accusations, only open-ended questions...

Care to spell out a specific belief/concern you have? (e.g. ""The coronavirus vaccine is fake, completely ineffective, and was only created for the purpose of profit"".) You haven't explicitly said anything concrete yet...

I already said I question many things - but you need to draw the line. I can literally mimic what you're doing and keep questioning everything. It literally doesn't end, depending on how extreme you take things. 

What's logical to me, is not to worry about things that are either 1) out of my control or 2) unlikely to be true. Until I either gain enough power/money to take control of certain things, or enough evidence to prove the likelihood of something I'm questioning is increased. 

And lol what do you mean what difference does it make? It means the chances of those companies being under government control are much less likely, because they were created independently from the current political administration(s). So instead of a bad acting government creating fake companies to manufacture fake vaccines, they have to instead COERCE/CORRUPT existing manufacturers... which, if you've ever tried to maintain a lie, you would know is much more difficult. Most importantly, COVID vaccines are used throughout the world... and being manufactured by far more than just the 3 American companies I mentioned.... you think ALL of them are making FAKE vaccines?",1.0,Conservative,2021-03-14 02:53:12
"37 million people have gotten the vaccine (the vast majority of which are elderly people) and that’s going to accelerate, no question. Once we hit 100 million, virtually every elderly person will be immune. Once we hit million (my projection says by 4th of July weekend), pretty much anyone over 50 will be vaccinated, and thus deaths will be cut by 95%. Sprinkle in some natural herd immunity within the younger ages and we’re pretty much out of this.

Literally the only way this could possibly last beyond this summer is if there’s a vaccine-resistant variant worse than Covid itself that completely explodes. I just don’t see the point in implementing more lockdowns right now. Stay safe, of course, but implementing new lockdowns now would kind of be like trying to draw up a brand new set of plays when we’re in the 4th quarter of the Super Bowl. The case/death numbers are already plummeting.",1.0,Conservative,2021-03-14 03:04:06
"I already explained in another comment why his Covid response was the exact opposite of “shitty.”

Meanwhile, Florida has 11.2% of its state fully vaccinated. This is the highest percentage of any state with 12+ million people, and the vast majority of that 11.2% has been administered to elderly people who are by far the most at risk of death.

So I’d say his vaccine distribution is quite the opposite of “shitty” too.

You need to stop just regurgitating what Yahoo! and CNN tell you with no substance or basis. It’s not healthy.",1.0,Conservative,2021-03-14 04:01:16
"Nope, these have been consistently happening since last June. The number of protestors dwindles during inclement weather, but even during the oppressive wildfire smoke there were people coming out. If it seemed like there was a lag, it was because media was more focused on the election or covid vaccine stuff. Protests just seem to be the default thing to report on when there's no enough else going on. I've been going down there pretty consistently this last year, and I can tell you that the amount of news coverage isn't nessecarily related to how *eventful* the protest that night is, but how little else there is to talk about.",1.0,Conservative,2021-03-14 04:45:58
"Sorry, you fell for a hoax.

The January 6th ‘insurrection’ was a hoax.

* Just like the Russia hoax.

* Just like the Ukraine call hoax.

* Just like “Fine people” hoax.

* Just like the ‘injecting Clorox’ hoax.

* Just like the Covington Catholic school hoax.

* Just like the Kavanaugh rapist hoax.

* Just like the over-feeding koi fish hoax.

* Just like the ‘Muslim ban’ hoax.

* Just like the ‘Mexicans are rapists’ hoax.

* Just like the ‘mocked disabled reporter’ hoax.

* Just like the ‘called Covid a hoax’ hoax.

* Just like the Steele Dossier hoax.

* Just like the Trump Tower meeting hoax.

* Just like the ‘Russian bounties on Americans’ hoax.

* Just like the “dark and divisive” Mount Rushmore speech hoax.

* Just like the ‘used chemical weapons on peaceful protestors’ hoax.

* Just like the ‘killed people with hydroxychloroquine’ hoax.

* Just like the mailbox removal hoax.

* Just like the ‘secret police kidnapping peaceful protestors’ hoax.

* Just like the George Floyd hoax.

* Just like the Jacob Blake hoax.

* Just like the Breonna Taylor hoax.

* Just like the ‘ordered lawyer to lie under oath’ hoax.

* Just like the “It is what it is” hoax.

* Just like the “suckers and losers” hoax.

* Just like $750 taxes hoax.

* Just like the Georgia phone call hoax.

* Just like the Cambridge Analytica hoax.

* Just like the ‘no vaccine plan’ hoax.

* Just like the ‘Nazi rune stage’ hoax.

And on and on and on.

The last 4+ years were a never ending series of hoaxes. It’s called political warfare. Establishment bureaucrats felt threatened by an outsider coming in and cleaning up the cruft and corruption of Washington, so they colluded so create one hoax after another after another, all for the purpose of destroying this political outsider. It’s like antibodies being deployed to fight a foreign invader in the body - the body being Washington politics and the foreign invader being an outsider who was working to clean up the deep levels of filth and corruption.

These bureaucrats who had infected and destroyed once-nobel government organizations like the DHS, FBI and CIA, would concoct a fake story, spread it to their mouthpieces in the mainstream media, and we’d suddenly get a 24 hour news cycle where this hoax was blared endlessly and loudly for everyone to hear and consume. And once this hoax did its damage, they’d move on to the next hoax.

It always took a few days or weeks before the facts came out that would provide the story to be false, but by then, the media has already moved on to the next hoax to blare endlessly. So even though the previous one turned out to be nonsense, most people never know that because it was old news and the media wouldn’t go back to issue corrections.

That’s the story of the past 4+ years - a nonstop series of hoaxes manufactured by the establishment and spread by the Pravda media, solely for the purpose of maintaining and expanding Washington’s level of power and corruption while destroying anyone who sought to clean it up.",1.0,Conservative,2021-03-14 13:40:10
"I'm not saying that the flu is worse or that it's killed more people, but if we had to shut down the country before we even knew what would happen, how come we don't do the same with the flu? Or hell, why don't we shut everything down for any virus/disease that someone catches? After all, those are preventable deaths, aren't they? 

What I'm trying to point out here is that it's a little weird to me that it just so happened on an election year that we got a deadly virus from one of our biggest adversaries, that just so happened to help someone win the presidency, who in turn isn't going to do anything to said country. Nobody in a public office ever wanted to see a vaccine for covid, because then they couldn't play the virus to their political advantage. And it just so happens that when a vaccine was developed, two things happened: A: Joe took all credit for the vaccine like it was his idea for operation warp speed. B: There was a mysterious new strain found. And then, right after all this happens, nobody wants to talk about covid anymore. News channels stopped showing death counts, the fact that nearly 500,000 people have already died is ignored by the news and politicians alike, and our new president has his briefings cut right before he has to take questions. Weird string of events, isn't it? I'm not saying covid is fake or that it was made specifically in a lab for the purpose that it served but hey, it did what politicians wanted it to do to a tee.",1.0,Conservative,2021-03-14 14:49:39
"He's making it partisan for some reason (?) People that don't want the vaccine aren't all trump voters and all trump voters don't reject the vaccine. 

This is the media machine using covid the way they have for months to influence how people vote. It's sick.",1.0,Conservative,2021-03-14 17:27:03
I know several people that were far worse off from getting the vaccine than anyone I know was from covid.,0.0,Conservative,2021-03-14 22:23:42
"No one has fallen victim to the vaccine.  Covid, congenital heart failure, car accidents, yes.........",0.0,Conservative,2021-03-14 22:30:56
"You missed **the point** entirely, fool.  Be it convenient to add non-Covid causes to the death toll, or ignore Vaccine causes in the death toll.  Read between the lines.",-2.0,Conservative,2021-03-14 22:35:35
And yet Surfin' Joe takes credit for the success of the Covid vaccine when he is just riding the wave that Trump set into motion. He's going to be in a world of hurt once he runs out of Trump's accomplishments to claim as his own or ways to blame his own incompetence on Trump.,1.0,Conservative,2021-03-14 22:42:34
"Border Crisis = Trump’s doing

COVID Vaccine = Biden’s doing 

Please keep lecturing conservatives on how harmful misinformation is as you literally attempt to rewrite history, Nancy.",1.0,Conservative,2021-03-14 22:47:43
"You sounded like one of the “people die with covid not from covid” folks, who now seem to blame anything that happens after the vaccine on the vaccine, so apologies for misreading your statement.",-1.0,Conservative,2021-03-14 22:59:12
"I will be getting the vaccine, I happen to be high risk for severe covid, so yeah, I assessed my risk from both and decided which seems safer.",1.0,Conservative,2021-03-14 23:07:54
Enlighten me? Are you afraid it will harm you? The more people who take the vaccine the better off we are from my understanding. If you switched Polio out with Covid would you also say people not take the vaccine?,1.0,Conservative,2021-03-14 23:15:25
"Covid vaccines don't prevent transmission, only (supposedly) lessens the severity of some symptoms. Why would I take an experimental vaccine that's been rushed through production with unknown long term health effects whose companies can't be held liable for damages, all for a mild virus with a 99% recovery rate. 

Tell me again why I should take it?",1.0,Conservative,2021-03-14 23:25:10
"Have you read any of the new reports coming out of Isreal on the vaccine? 

[https://www.nbcnews.com/health/health-news/pfizer-covid-vaccine-cuts-transmission-coronavirus-new-real-world-study-n1260542](https://www.nbcnews.com/health/health-news/pfizer-covid-vaccine-cuts-transmission-coronavirus-new-real-world-study-n1260542)

Are you also worried about long term effects of the flu shot? I could understand not wanting to take the RNA version of the vaccine but the J&amp;J vaccine is the same principle as a flu shot.   


The point of the vaccine is to stop the spread so that coronovirus doesn't mutate as fast. Could you imagine covid with its asymtomatic nature mutating into something 10%-20% deadlier? These are the issues with allowing it to replicate in hosts across the world.",1.0,Conservative,2021-03-14 23:30:57
"Because it’s untested gene therapy that’s literally failed every previous attempt to test it on animals. But because of emergency authorization it was pushed through and those that are now taking it, they are the test subjects. It’s not even difficult to find this information.

PROOF.. You Are Participants In An Experimental Vaccine Study

&gt;PFIZER VACCINE DATA

The Pfizer COVID-19 study is ACTIVE, NOT RECRUITING

Now, please note the STUDY COMPLETION  DATES. 👀 You and your families are study participants based on this data. 

This is from https://clinicaltrials.gov

Here is the link to the Pfizer data..

https://clinicaltrials.gov/ct2/results?term=Pfizer+AND+vaccine&amp;cond=Covid19

&gt;MODERNA VACCINE DATA

The Moderna study is ACTIVE, NOT RECRUITING

Again, like Pfizer the Moderna study is ACTIVE and ONGOING. 

Note the completion date. 👀 You and your families are study participants based on this data. 

This is from https://clinicaltrials.gov

Here is the link to Moderna data...

https://clinicaltrials.gov/ct2/show/NCT04470427?term=Moderna+AND+vaccine&amp;cond=Covid19&amp;draw=2&amp;rank=5",1.0,Conservative,2021-03-14 23:32:03
"Yet the flu has a vaccine and it still kills 45k - 65k people annually in the United States. Well, not in 2020 though because those were all coded as Covid deaths.",1.0,Conservative,2021-03-14 23:35:31
"The motivation behind it is still there, I think you came looking to discredit me based on some unrelated speculation that has nothing to do with what I originally said.   That mentality seriously damages the whole conversation about vaccines.  I would assume someone in your position would want to be fully informed, and there is no way you can be in this climate.  Especially with a entirely new type of vaccine.  When anyone expresses the least bit of hesitation about it all you get is people screeching anti-vax and anti-science.  I'll give you credit for stopping short of that, but have a feeling it was coming.

I've already had covid, they say I should still get vaccinated, but there isn't any actual good data that says why...or shows that vaccine antibodies are more effective.  

They harvest convalescent plasma for the antibodies as a treatment for severe cases, and the company I go to said no-one has been kicked out of donating yet because their antibody level has fallen to far.",1.0,Conservative,2021-03-14 23:48:37
"Except they do prevent spread... thats what in the link i posted for you. There have not been any confirmed deaths from the covid vaccine. Can you point me to some?  

You are free to make your own choices but i would be in favor of you not being able to travel or go to events if you refuse to take a covid vaccine after this year is over.  I hope you don't get covid either but saying ""well i don't take the flu shot and don't get the flu"" is a pretty bad way to judge science.",2.0,Conservative,2021-03-14 23:54:24
"Did he or did he not push for the vaccine to get made, touted The accomplishment literally every chance he got on the campaign trail, and told people to get vaccinated? I mean, the only reason he wouldn’t have gotten vaccinated himself is because… He actually got Covid. If I remember correctly, didn’t Mike Pence get the vaccine publicly? Pretty sure that happened. What more did you want?",1.0,Conservative,2021-03-15 02:56:05
