comments,score,subreddit,time_created
It's ironic that conservatives hate misinformation yet continue to spread false information about the virus.  Covid is real and the vaccine is safe.  Idiots like this are going to cause the virus to run rampant for another year.,-33.0,Conservative,2021-07-25 02:31:03
"And that's the ONLY reason you're still not free to do what you want. Stop making it all about politics and just listen to not only the American scientists, but also the indipendent ones from around the world, and you'll see that masks do definitely help when combined with keeping 1.5 meters distance. If you're afraid of any side effects from the mrna vaccines I can fully understand that, honestly, but there are also traditional vaccines for covid out there. Those are far from experimental outside of the USA, where the government you hate so much isn't quite sure whether they should use it or not. See how it doesn't make much sense to somebody outside the USA? ""I hate person x. I don't trust the vaccine because person x says it might not be safe""...",1.0,Conservative,2021-07-26 11:36:36
"Great question. Kind of brings up another point. When someone dies of covid, while on their deathbed from underlying conditions, it’s a covid death. When a bunch of people die within 2 days of getting the vaccine, with underlying conditions, it’s an underlying condition death. But back to your question, most of it is self reported data (which is to be rightfully questioned) but when you have the government and healthcare system dead set on jabbing everyone by any means necessary who am I to believe? I can just as easily tell myself that they have their agenda and will release data accordingly. I hate it but it really was all lost with the stance swapping by the democrats. Should have just told people to make educated decisions and to think about others. A unified bipartisan stance in November 2020 and we wouldn’t be having this discussion (for the most part).",5.0,Conservative,2021-07-26 12:26:21
"Can't put toothpaste back in the tube. In addition, if breakthrough infections are low, people can at least protect themselves against the virus. I feel for the few people who can't get vaccinated for various reasons, but most of the people having issues with Covid now have only themselves to blame, as they could have taken the vaccine. It's a sad situation and I hate that people are getting hurt, but it really does feel like personal responsibility at this point.",2.0,Conservative,2021-07-26 16:27:12
"I’m originally from Knoxville, personally I am very far left on the political spectrum, and I can’t fucking stand liberal bullshit on this. They are just doing this holier than thou, my shit don’t stink, look at all my Etsy masks. They are not truly into politics, they just hate that trump said mean things. Now I can’t stand Trump myself, but Obama was useless and Joe is not doing much better (caveats on the CTC and ending the Afghan war). 

If they really cared about saving lives they would be going into communities and working with community leaders on spreading information about the vaccines. Breaking Points with Krystal and Sagaar did a good piece on it. The people that are staunchly against the vaccines aren’t going to wear masks anyway for the most part, so it’s just a slap in the face to all those that got the vaccine and accomplishes nothing. People can chose to get it or not. It’s America after all and we still have a few freedoms left. If you are unvaccinated and you get the coco and die, that is your decision. Doesn’t seem difficult to understand.",2.0,Conservative,2021-07-27 00:06:44
"Right on dude. I got the vaccine a while back and feel fine but I can mess with the idea that there is ruthless profiteering behind the vaccines. I hate how distracted our news and social media keeps us all while the Industrial Complexes keep voting themselves money.  In the meantime our civil liberties, privacy rights and safety net protections continue shrinking while Tucker Carlson is calling out BLM protests and blah blah blah. The Industrial Complexes (Military, healthcare, education, prison, financial) are the biggest problem in this country and until it’s exposed and dismantled by some courageous and brave citizens, we will remain in the decline that we’re currently in.",1.0,Conservative,2021-07-28 18:35:30
"Literally I hate the left. Hannity isn’t anti-vax at all, he just wants his viewers to be able to make their own decision based on the scientific research behind the vaccines. Many people in America have questions about the vaccines since they were created rather quickly compared to how long it usually takes to make a vaccine, and that’s perfectly fine. The American people have a right to know what is in these vaccines and if they are safe, and they shouldn’t be shamed or cancelled for simply expressing that viewpoint.",1.0,Conservative,2021-07-28 20:17:08
"Sarah Huckabee Sanders said she took the Trump vaccine and she felt good about it because Trump took it 

I feel like people can’t decide to hate or love the vaccine

The vaccine is good and we should take it - and Trumps operation warp speed DID make it possible. So now we need to take it",1.0,Conservative,2021-07-29 01:02:39
"Yeah, unfortunately you're misinformed.

While it's never been in use on a major scale like this - this technology has been in the works since the 90s. In fact, they've been working on making mRNA vaccines a reality for over a decade - as there are major pluses that come from using that as opposed to the usual active or inactive viral vaccine.

Also there is a much larger population of people that are at risk than you realize. Hence why there were so many deaths in New York, so quickly, before measures like social distancing and mask wearing was implemented.

And even if you are not in the at risk group, you could be a vector for the virus and infect people who ARE. Meaning you don't die of the virus but grandma, who you inadvertently infected, could.

Lastly, I am conservative. But I'm also a doctor. And I hate how much hostility there is to something as useful as vaccines on this sub.

And the fact is, vaccines prevent many millions of illnesses and save numerous lives every year. You don't have to look very far to see that - as a result of widespread vaccine use, the smallpox virus has been completely eradicated and the incidence of polio, measles and other childhood diseases has been drastically reduced around the world.

I hope this helped sway your opinion. There are people getting sick and dying out there because people don't want to get vaccinated. I don't like masks. But I certainly don't like getting others deathly ill either - especially if it might be because of my own actions.",1.0,Conservative,2021-07-29 14:37:50
"No one has ever said that you can't get it if you're vaccinated. They have always said you can still get it and spread it, but you get over it in days instead of weeks, and the symptoms are minimal. That has been what every doctor and the cdc have said since the vaccine was issued. 

The problem now is half the country won't get the vaccine. So we got to go back to masks. 

I'm not a pro faucci nutjub. I hate the guy. And everyone involved is a moron to me. But the science has never changed , or the message. People are listening to dumbass website by antivaxxers Instead if thier doctor.",1.0,Conservative,2021-07-30 15:43:57
"I agree that the vaccine is still very effective against the Delta variant, so I wish everyone would just go get the vaccine (and children were eligible).

Unfortunately, the CDC has found that vaccinated individuals carry the same viral load as unvaccinated individuals when they are exposed (less symptoms but still able to infect others). I personally hate wearing masks. If the vaccine was available to all I would say well the unvaccinated have made their choice, but children still can't and the Delta variant has led to increased hospitalizations of children (heard that on the radio with regards to Arkansas).

Hmm, did you look at slide 20, with the four charts showing probability of increase in infections per week in the y-axis and vaccination coverage in the x-axis? The one surrounded in a red box appears to be the US with Delta's R-value, and the blue dotted vertical line is our current vaccination coverage. The brown being no masking, the tan being only unvaccinated masking, and the purple being everyone masking? I may be reading it wrong, but it seems to show a substantial decrease in the likelihood of increased infections with everyone masking verse only unvaccinated masking. I am no expert though so if you read it differently I would be interested in knowing how.",1.0,Conservative,2021-07-30 16:11:56
"The math makes sense for most people, but yes. Decide for yourself. I just really hate seeing the misinformation on this sub. I see a lot of posts/comments about how terrible the vaccine is and basically none about how it's good. A lot of people here are repeating the same talking points that Kamala Harris and Joe Biden did when this same exact vaccine was supposedly ""Trump's vaccine.""",1.0,Conservative,2021-07-31 03:47:09
"I hate the ""get the vaccines and get back to normal"" business. Getting a vaccine is a *medical decision.* Threatening to screw your whole life up if you don't make a certain medical decision for yourself is utterly horrible. Dangling a normal life like a carrot is beyond sick. I can't say I'm surprised though; they already had been doing the same thing to welfare recipients for years. And we'd gotten off lucky here in Sydney before this outbreak, but I always knew there were no guarantees....",1.0,Conservative,2021-07-31 06:13:28
"What am I supposed to do? I want people to get the vaccine. Mandates are unconstitutional, and I'd never advocate them. I would just like real information to be posted and for people to come to the logical conclusion to get vaccinated themselves through evidence-based persuasion. I know that the Moderna vaccine greatly reduces your chances of being admitted to my floor of the hospital. I hate having to see patients struggle to breathe just because they won't get the shot. Again, it's their choice, but I want people to know the serious potential consequences of their choices.",1.0,Conservative,2021-07-31 13:44:51
"Here’s a link to a writeup about it:

https://www.news-medical.net/news/20210608/No-point-vaccinating-those-whoe28099ve-had-COVID-19-Findings-of-Cleveland-Clinic-study.aspx

FWIW I’m sorry you are getting downvoted for trying to have a rational discussion,I hate reddit even when it agrees with me.

My personal believe is that vaccinating children,people with previous infection, and childbearing aged people with no comorbidities is reckless.  Although deaths in these groups are highly publicized, they are statistically rare, and this isn’t just a new vaccine it is a totally new class of medicine.  Requiring mass deployment is insane.

But my personal belief is that this is very much about political precedent from people that want control.  If these politicians really believed what they were shoving down our throats they wouldn’t constantly be breaching their own covid rules.",1.0,Conservative,2021-07-31 16:05:30
"They know that the vaccine is much less effective than hoped, but they keep lying to the public to push the vaccine. Masking everyone will just create more hate and bully pressure towards the unvaccinated. 
Once most are vaccinated and it still doesn’t work, THEN what? This is just another stage in a sinister game.",1.0,Conservative,2021-08-01 14:04:55
"Does anyone have an actual number for % of vaccinated Republicans? I reckon it’s beneath the national average, but I wonder if it’s lower than largely democratic city areas. Keeping in mind Republicans are also far more likely to live in rural areas where there are far fewer sources of infection. 

I hate to boil it down to this data comparison, but I think a telling statistic will be: who has lower rates of vaccination, conservatives or the African American community. ***I*** don’t agree with that being a good or healthy comparison, chiefly that an ethnic group and a political group aren’t analogous, and there’s crossover (black conservatives). 

If the left insists on being so morally righteous about vaccinations and institutional trust, we will be forced to point out their hypocrisy toward their pet communities. 

As someone who got the vaccine, I *almost* want to go back in time to **not** get vaccinated just because fuck all these authoritarians. But I also like having a little piece of mind that Covid symptoms will probably be far less harsh ***when*** or if I eventually get it.",1.0,Conservative,2021-08-01 18:17:48
"I think it will hurt the economy even more.  My husband makes pretty good money in California, and pays a ton of taxes.  He will take a leave of absence if they force him to get a vaccine (already had covid and recovered during the worst of it).  So there go his tax dollars.  And they are banning non-vaccinated people from restaurants, bars, and concerts.  We don't need to go to those places.  Won't that hurt businesses?  

A lot of the Trumpsters that the libs hate, and don't want to get the vaccine, make good money.  They also have savings and can afford to quit their jobs if they need to. So if there are enough of them that will be a loss of tax dollars.  And then even more loss of money/taxes when they are banned from eating out.

Also I will home school my kids if I have to.  And then the schools will lose money because they get paid daily for each kid that attends.

I'm stocking up on Omaha Steaks and get most of my shopping items from Amazon.  Service at restaurants is crappy right now and they are cutting corners with less quality food while raising prices. So it's not a big loss to not go out.",1.0,Conservative,2021-08-02 02:41:31
"Right. My entire issue with the conversation that is being had is the goal post is moving all over the place under the guise ""the science changes"" which is kind of a cop out if you ask me. People who act like ""the science changes"" but ignore the fact that leadership said if you are vaccinated you don't have to wear a mask...if you knew ""the science changes"" then you should have known this was a real poor decision so early in the vaccine rollout. 

Science is not the only thing that changes though. The metric for success under the Biden admin is also something that seems to be fluid. 70% vaccinated America is now 70% kinda vaccinated america. The Biden admin and their blind constituents are praising the ""70% success"" even though that aggregate accounts for people who have only had 1 shot in a 2 shot treatment. This has got to be the dumbest shit.


Why am I not surprised reddit as a whole is not more critical over this? If this was Trump they would have found every reason in the book to be pissed and burning down the front page with Trump hate...the unfortunate reality is were in full on Democrat jerkoff mode with no signs of stopping. insanity.",1.0,Conservative,2021-08-03 00:29:32
"Bro I hate trump but the vaccine was created by some of the brightest minds in the world. It has nothing to do with trump. For fucks sake, Pfizer is a Belgium company.",1.0,Conservative,2021-08-03 01:04:35
"&gt; I would not like to take the 1% or even 0.1% chance my kid ends up in the hospital.

Hate to break it to you, but 0.1% is so small that 1) ANY disease, not just COVID, could result in hospitalization and 2) other kids masking will hardly make a difference.

I’ll give you a point on the long-term side effects, but just like anti-vaxxers who say they fear long-term vaccine side effects, that’s a card that kinda unfairly gets to be played now simply because we won’t have that data for a long time.

&gt; How about until they have the ability to receive a vaccine?

Not sure how much longer this will be. But kids 12 and older (where most of the COVID deaths under 18 are coming from) are already eligible and the vaccine has a chance of being FDA-approved before the school year starts.

&gt; I'm not going to try and convince you of anything, but I will say this is not my understanding.

https://www.cdc.gov/flu/highrisk/children.htm#danger

Less than 350 Americans under 18 have died with COVID in the last 18 months. That’s less than the number who died from the Swine Flu. The seasonal flu varies but can kill up to 200 kids a year, maybe more. With half the country fully vaccinated and kids 12 and older vaccine-eligible, the annual COVID death rate for kids is likely less than that.",1.0,Conservative,2021-08-03 01:08:55
"While the lockdown rules remain in place, the protests against injustice spill out onto the streets. Tens of thousands of people crowd into major cities.

Few wear masks and social distancing is non-existent. 

Clashes with police ensue, and in America protestors loot stores, attack residents and start fires. A retired black police officer called David Dorn is among dozens of people who are murdered in the chaos.

After months of telling you to stay at home to avoid spreading COVID, doctors explain that rather than being a mass COVID spreading event, “protest is a profound public health intervention”.

Big Tech companies go into overdrive to stop the spread of disinformation. All discussions of alternative points of view regarding the efficacy of masks and lockdowns, as well as the origins of the virus are censored.

Attempts to discuss the negative impact of lockdown on health and mental well-being are suppressed. 

As the year runs on, with a pivotal American election looming, President Trump promises a huge push to develop a vaccine.

Kamala Harris, who is later elected Vice President, says that she would not take the vaccine if Trump told her to.

On the eve of the election, a publication in America releases a damaging report about Hunter Biden, son of presidential candidate Joe Biden. The story alleges corruption which may involve his father, as well as drug taking, use of prostitutes and more.

Twitter and other social media companies prevent the story from being shared. The media lines up commentators to claim the story was “Russian disinformation”.

Once his father wins the election, it becomes clear that several key elements of the story are likely accurate and the laptop from which the information was recovered is in fact Hunter Biden’s laptop.

Meanwhile, the numbers of COVID patients and deaths turn out to have been wrong. 

For some time, anyone who died at any point after a positive COVID test was counted as dying of COVID, even if they were killed by a drunk driver.

This figure is later revised again. The number of people who are in hospital because of COVID also turns out to be incorrect.

Now that racist Donald Trump is no longer President, closing borders is no longer considered xenophobic and is widely advocated for in the media.

The racist conspiracy theory that the virus came from a lab is now also allowed to be discussed and appears likely to be the most credible explanation of the origins of the virus.

Imagine your horror as you learn that the reason thousands of people died in the first wave of the pandemic was that elderly patients with COVID were allowed to be released back into care homes.

This is especially true in the UK and in New York, run by Governor Andrew Cuomo, brother of CNN anchor Chris Cuomo.
Governor Cuomo’s publisher suspends promotion of his book about leadership during the pandemic amid the enquiry into nursing home deaths.

Meanwhile, Texas and Florida which remained open continue to thrive.

In the UK, the Health Secretary, the person responsible for saving lives, is found to be cheating on his wife with a married aide in breach of social distancing rules.

The man making the rules for you does not follow them. 

It is at this point that the vaccine, which you were initially told would need to be given to the vulnerable before restrictions are lifted, becomes the main drive of Government policy and media commentary.

The same people who told you Brexit would never happen, Trump would never win, that when he did win it was because of Russian collusion, then because of racism, that you must follow lockdowns while they don’t, that masks don’t work and then that they do work, that protests…

…during lockdowns are a “health intervention”, that ransacking black communities in the name of fighting racism are “mostly peaceful”, that Jussie Smollett was a victim of a hate crime, that men are toxic, that there is an infinite number of genders, that COVID didn’t come…

…from a lab and then that it probably did, that closing borders is racist and then that it’s the most important thing to do, that the Hunter Biden story is Russian disinformation and then that it’s not, that they would not take Trump’s vaccine and then that you must take the…

…vaccine, that Governor Cuomo is a great COVID leader and then that he is a granny killer, that the number of COVID deaths is one thing and then another, that hospitals are filled with COVID patients and then that many of them caught COVID in hospital…

These same people are now telling you the vaccine is safe, you must take it and if you don’t you will be a second class citizen.",1.0,Conservative,2021-08-03 15:26:30
"&gt;I'd just like to point that fear is also a very good motivator for division.

Facts, which is why they want to keep us separated in little boxes, and have us base our identities off of our irrelevant differences (like skin color or sexual preference), rather than all of our similarities.  They hate things that should unite us, like love for the flag and our country.

&gt;What the people want is one thing, too, but I don't really believe that anybody big in government wants to have less control.

You're right.  Except for a few outliers like Rand Paul (who I don't even really like tbh and disagree with often, but the man is definitely principled), and Trump (who was only probably that way because he didn't rely on politics for his income).

&gt;I don't think there's any grand malicious conspiracy or secret cabal.

But even ignoring the swamp rats seeking personal gain who sell out our country to places like Russia, Ukraine, and China, or sell their crackhead son's finger paintings anonymously for half a million dollars, there are definitely unelected bureaucrats (who are so partisan to the point of being radicalized), that narcissistically think they know what is best for this country and have abused the powers that we have given them.  Not sure if it's the ""deep state"" or what.  I personally call them the corrupt establishment.  And to be clear, it's not only Democrats in it (there's also Republicans like Bush, Cheney, Romney, McConnell, etc.).

&gt;When either of them mention covid or the vaccine, a hyperlink to the CDC website is inserted at the end.

Your intentions are good, and that type of stuff might be possible with people like you, but that's never what happens unfortunately.  You give them those powers, they'll abuse them, and never give them back.

&gt;I apologize for any disjointed or misplaced ideas.

You're good.  It's always encouraging to speak with rational Democrats.  I'll have to try to seek out conversations like this after browsing Twitter, so I don't lose faith in humanity lol.",1.0,Conservative,2021-08-03 19:30:25
I find it comical and sad that you have to clarify you are pro vaccine before declaring belief in freedom to avoid the backlash religious fervor of hate.,15.0,Conservative,2021-08-04 12:35:48
"Threatening people with losing their jobs if they don’t comply to vaccine order 

covid passports etc

i am double jabbed but hate that people are being bullied into having the jab",12.0,Conservative,2021-08-04 14:35:52
"To quote the great Ron Swanson, ""The whole point of this country is if you want to eat garbage, balloon up to 600 pounds and die of a heart attack at 43, you can! You are free to do so. To me, that's beautiful.""

It's your right to die of a heart attack early on. It's not your right to infect others. You do what you want with your body. You have no right to inflict harm on another person's body. If you claim your body your right to not wear a mask, it's our body and our right to remain healthy. No one likes to be couped up in the house, right or left. Humans are sociable and need that connection with others. 

Nobody on either side likes wearing masks. We hate it as much as you. But we also care about our fellow citizens, even if you don't and can't care about anyone past your own nose. We could've been well past this like New Zealand if this wasn't politicized,  wasn't called a hoax, and all the misinformation disappeared.

 It may have a 1-1.5% mortality rate, but that's still a potential between 3-5 million deaths. About 650k people die from heart disease each year, and that's something that can usually be handled with personally with a good diet and exercise. By the end of the first year in January 2021 with covid, we were at 433k. 

Now that's a sizeable gap, but that number could be lower if people weren't selfish and wore a mask. I'm counting my blessings none of my family and friends who caught it succumbed to the virus, but for the hundreds of thousands of others, it's a slap in the face that you're given the opportunity to play a role in getting this virus under control, but you squander it with your selfish personal freedoms. It's a slap in the face for the people who CAN'T get the vaccine because of whatever unlucky genetic lottery they inherited, and you WON'T because of the misinformation, bat shit crazy anti-vax conspiracies, or don't want to be part of the ""experiment"".  

And because of that, mask mandates are coming back again. Both my girlfriend and I have to start wearing masks AGAIN at our jobs because some people won't do the bare minimum. In the long run, if you're sick and tired of the virus and all the mandates, just like the left is, and everything else, just wear the damn mask so we can finally get this under control. Otherwise, it's going to be the same loops over and over and the virus kills off people who were too stupid and selfish to do the bare minimum.",4.0,Conservative,2021-08-04 15:10:25
"But then why do you trust your dentist? Why would you trust astronomers, or even engineers? Why would you trust the company that made your laptop knows what they’re doing? 

I’m exasperated that the pandemic and the vaccine have become political, and the subject of these conspiracy theories. Does it make sense that the entire medical establishment is conspiring to keep the pandemic going indefinitely and suppress the truth that the virus is harmless and easily cured with vitamins and an ancient anti worm medicine, while the vaccine is a deadly toxin? 

I’m dead tired of the pandemic, and I hate that my kids, too young for the vaccine, are at risk, I resent having to wear a mask, and I have the distinct impression that this wouldn’t have been necessary if everyone had been on the same page",1.0,Conservative,2021-08-05 01:32:35
"What? Lmfao, no real freedom is when your life and others aren’t constantly put in danger by the uninformed/insane such as yourself who can read that and go:

&gt;Real freedom is doing what you’re told?

You’re just latching on to what’s left, because you know that what I said is correct about average and vaccination, you just can’t bridge that information with your whole thing on individual choice. It’s called cognitive dissonance—a recognition of the aporia that exists between the real world and the world inside yourself. It’s why you talk about Pravda’s and Barack Obama’s birthday parties. Instead of charting the world as best you can to reconcile those contradictions, you turn to hysteria, conspiracy theories: a poor man’s cognitive mapping. I said that from a position of empathy dude. I don’t hate you or anything. I love this country so much that I want everyone to be safe. It doesn’t mean holding people down and giving them newfangled shots, it means being receptive to a genuine desire to help people, and the vaccine drive/campaign is just that. Unfortunately, to ensure that freedom, there has to be consequences for those that want to exercise their freedom so radically. And I have no problem with that, as long as they know that they are not an island and they must reckon with that properly.",1.0,Conservative,2021-08-06 04:52:22
"1. Im vulgar? Because I used the word teat? To describe your 'mindless drawing to the easiest answer provided' to be the same as breast feeding. Wait is breast feeding vulgar to you? 

I didn't sat tit, knocker, melon, fun-bag, boob, or rack so I'm sorry can you specifically inform me where the vulgarity lies in my statement aside from your own childish interpretation of a PROPER TERM FOR A BREAST. 

2. You think I'm wrong. You're entitled to that. However im going to point out that I'm not ruling out vaccines. Im saying this one specifically is a joke. If you can still catch/carry/spread it after getting it, then people choosing not to indulge in it shouldn't be bringing condescending hate from someone who just seems to be a regurgitator of what they are told by their government and health agencies. There are profits involved in medicine that are astronomical. Money brings corruption to any agency. Your blind faith in what the medical corporation has to say, is rather sad actually. 

Hmm im trying to follow your point form here, and seemingly you can't seem to organize a numbered statement, or count past 2 for that matter. Yet somehow you're asking if I think I'm smarter than epidemiologist. 

3. (Sorry if this number is beyond your comprehension. Truly.) No I of course am not more educated than a doctor who has spent a long time researching the control of spread of a disease. I'm just a simple dealership mechanic. Don't assume my level of intellect however. 

4. I understand the 4 types of vaccine and how each of them works in the body. Im not against the science you half-wit. Im against the application based on profits and the untrustworthy levels of conflict of interest that exist between the companies producing the drugs, and the companies approving them for human consumption. Im against the lack of liability towards pharmaceutical companies when they mess up (and to deny that they ever mess up is just ignorant and delusional). 

5. (I see you gave up numbering things at this point so im going to also summarize) 

Take your shot. Or don't take your shot. It should be a free choice without social consequence. It shouldn't be incentivized, it shouldn't be limiting, and it shouldn't be mandatory. If it makes you feel safer, then by all means feel safer. Be safer if you will. If I choose that the risk associated with the jab is higher than the risk of catching covid, then that should be my choice. If you can still catch/carry/spread the virus after receiving this vaccination, then yes. I still stand by the idea that it is worthless. That doesn't require evidence. Thats just common fucking sense. (THAT was vulgarity in case you required clarity) 

**mic drop**",1.0,Conservative,2021-08-06 23:27:35
"I agree, in medical school we were taught the 4 pillars of medical ethics. One being patient autonomy (ie ""informed consent""). I don't know what happened to the medical community but I do not support mandated vaccination, ESPECIALLY with a vaccine that is still in the experimental emergency use authorization stage and not FDA approved. 

If the FDA new it was safe and efficacious, it would be approved the fact it isn't means they are still wanting to see the data and we should allow the population to right to wait and see that data too. This is politicians overreaching and overstepping our fairly well trusted approval system. I hate that I am only a handful of doctors that don't support these mandates.",27.0,Conservative,2021-08-07 22:15:34
"&gt; I hate that my kids, too young for the vaccine, are at risk

You don't specify their actual ages, but COVID-19 risks to anyone under 18 are vanishingly small. From March 2020 to February 2021 in the UK fatality rate from COVID-19 for under 18's was [just 0.0002%](https://www.nature.com/articles/d41586-021-01897-w).",1.0,Conservative,2021-08-08 06:40:52
Hate to break it to you... the vaccine passport is already a thing in Europe.,1.0,Conservative,2021-08-08 15:23:00
"They're cramming this down everyone's throat despite questions about long term effects that could be catastrophic. Unless the goal is something like depopulation, having at least some cohort of unvaccinated out there as a control group should be prudent. Brave stand by the deputies.

Question to the trolls who only flash ""we hate law enforcement"" when they see this, you're a female deputy who is either pregnant or wants to have kids. How confident would you be getting an mRNA vaccine? You have a family history of neurological disease, in treatment for other viral infections? Willing to risk ending up in a facility with a drool cup to prove your wokeness?",14.0,Conservative,2021-08-08 15:39:58
This sounds more like a reason to get the vaccine than hate Obama lol.,-29.0,Conservative,2021-08-08 18:05:20
"Facts. I'm pro-vaccine and even DNA editing (inorder to remove bad genetics) and yet I still want to wait. I'm a healthy individual and there is no evidence asymptomatic adults or kids should be wearing masks..

When did the left start kissing that ass of Big Pharma? They used to hate them and now all of a sudden  we aren't allowed to live life unless Bug Pharma 'allows' us.. this is sad.",1.0,Conservative,2021-08-08 22:45:43
"Well, I'm coming over here after being banned on r/pics for saying something mild against the vaccine. Fuck all of the real fascists out there right now!

The Democrats breath fear and hate into our society. We need to support states like this, Florida, and Texas!",5.0,Conservative,2021-08-09 09:08:19
I hate this argument from the left. Flu vaccines have never been required for anything except healthcare. You never had to take and prove you took a flu vax to take a cruise. This is absurd. The vaccines we are required to take actually prevent the disease. Flu and rona vaxes do not fit the definition of vaccine until they changed the definition to fit the narrative.,4.0,Conservative,2021-08-09 13:37:08
"That's me! I hate how any sort of vaccine hesitancy for any reason is lumped into one ""anti-science, selfish idiot"" pot.",5.0,Conservative,2021-08-09 18:31:04
"I’ll probably get hate for this, but i don’t get the obsession of hating vaccines and masks that the right has. If everyone masked up and received the vaccine, this might have been the end of Covid. Now we are prolonging the lifespan of the virus and giving it a chance to mutate. It doesn’t hurt to put on a mask for 15 min at a grocery store to potentially stop transmission to another customer (fellow American). I am socially and fiscally conservative but I guess this stance makes me politically homeless. Identify politics really sucks",-8.0,Conservative,2021-08-10 18:11:20
Like I’m scheduled to get the first dose of the vaccine this morning and I honestly feel like an idiot doing it. Absolutely nothing says that this is a good idea other than a bunch of evil people people that will hate me no matter what I do.,7.0,Conservative,2021-08-11 10:56:40
"Probably because we are talking about participation in society as a whole; a grocery store, restaurant, bank, federal service building, a school, and even your place of employment you may face denial based on your vaccine status. 

Additionally, if you do not comply with a vaccine record search or validation you will be criminalized for being on the premises. Law enforcement will be called and you will prosecuted stemming from not providing a vaccine card. You will face fines or imprisonment for non-compliance with a voluntary or mandated medical procedure. 

Why does the government have to violate your Fourth Amendment Right when they can coerce businesses and corporations to do it for them. 

Sorry for the downvotes, I gave you an updoot to level it out, We don't hate you just leftist ideas.",3.0,Conservative,2021-08-11 21:13:04
"Wuhan style lockdown? Yet to see a video of doors being bolted shut

Like all aus covid articles I see here it lacks a lot of context. If our approach is so wrong why do deaths remain so low despite a bungked vaccine rollout. You cant pin that on our borders beung shut because we have still had outbreaks weve gotten under control

If we hate freedom here so much why have we spent most of the pandemic in most of the country walking mask free, going to music festivals, pubs, clubs, night clubs and full capacity sporting events (without covid risk). Even today most of the country doesnt have restrictions 

The fed government inexcusably fucked our vaccine rollout, i dont think its moral to throw the vulnerable to the wolves before theyve had a chance to get immunised if they choose

Itll be a different conversation around lockdowns once the rollout is complete",1.0,Conservative,2021-08-12 00:47:06
"I’m not on the right and I’m not on the left, I hate overreaching governments. This is not political for me. It doesn’t take a vaccine specialist to make a risk assessment on a new, unapproved vaccine that has only been released for emergency use, especially when the risk of the virus is more than likely going to replicate flu symptoms for the majority of the population. The fact is that there are no long term studies, the vaccine only stops some individuals from having strong reactions to the virus, it does not stop transmission and has only been approved for emergency use. I would be completely happy to get this vaccine if it was out of testing phases and was approved (as I am with every other vaccine). People are free to make there own mind up on whether they want this new vaccine or not and should absolutely resist any coercion. We live in the west. We are free.",3.0,Conservative,2021-08-12 21:58:49
"&gt;we were told the vaccine would slow the spread, protect everyone from getting it.

  
That was undeniably true from December 2020 to June 2021 (6+ months). The mRNA-based vaccines had a \~94% efficacy against the initial alpha variant of covid, according to Phase 3 trial results from Moderna and Pfizer. For the initial alpha variant, the immune system primed with 2 shots of the vaccine was able to react much faster to the virus than when unvaccinated. Because of the faster immune response given by the vaccine, antibodies are able to remove the virus from your system at a faster rate, reducing the virus's ability to rapidly multiply and cause symptoms to a vaccinated person. This also meant that infected vaccinated people emitted a low virial load--low enough where infected vaccinated people didn't risk infecting others. Hence, getting the vaccine protected everyone else around you.  
  
But obviously the delta variant of covid reduced the efficacy of the vaccines to around \~80% because the delta variant does a better job at evading the immune system than the alpha variant. This gives the virus more time to replicate/multiply inside someone to the point where it can cause an infected person to emit a virial load capable of infecting everyone else around them.  
  
However, despite this, vaccines do still help your immune system ramp up faster, thus reducing the damage that the virus can cause on your lungs. Covid kills you with pneumonia, and in cases where you do narrowly make it out, it causes scar tissue in your lungs, permanently reduces your lung capacity. (This is why you should avoid getting it.)

&amp;#x200B;

&gt;Because many time, hard truths three months ago are false later.

I hate to break it to you, but there are no such things as hard truths, except if you're a religious person (then I suppose God is a hard truth). You have to understand this. With science and engineering, recommendations and designs can change when new data comes in. However, this is a good thing. It would be stupid to just completely ignore new information on a changing threat and ignorantly go about your day.  


&gt;so let me ask you this, if I have had COVID, and I could spread COVID as easily if I was vaccinated or not, snd if hard truths become false in months...why would I not be hesitant?

  
For vaccines, we understand their biochemical mechanisms, meaning how they work under the hood. They're pretty much one-and-done deals that disintegrate after they serve their purpose.  
  
Furthermore, taking the vaccine can still potentially save your life and your children's. Most people struggling for their lives in the ICU right now are unvaccinated. Vaccines don't stop you from contracting covid, but they allow your immune system to ramp up faster, which minimizes the symptoms you experience and the potential long-term damage caused by scar tissue in your lungs.  
  
Another risk of covid is that if your immune system reacts too slowly to it (if you're unvaccinated), covid may spread to your spinal cord or brain and lay dormant there, later manifesting itself as something else when you're older and weaker. In fact, this is the case with chickenpox. Unvaccinated people who went to the chickenpox parties when they were younger are at risk of developing shingles later on in their life, because the chickenpox virus hides in your spinal cord and later emerges as shingles.",4.0,Conservative,2021-08-13 03:10:21
"Funny. Someone told me it would be ready in 3 weeks two months ago. It will eventually be approved, no doubt. Even if there was something wrong with it, the FDA can't really come out and say ""so, the federal government that gives us our budget and administered this into some half of the population actually overlooked X and Y.""

I want Barrett to stand up for what's right, and furthermore, this precedent was not made with Covid in mind. Attempting to utilize it if it was is inviting the future exploitation of it. When the vaccine is FDA approved and passes the test of time, I'll happily get it. Until then, it's experimental. You can hate that it's experimental, but it *is* experimental.

Until then, the forced law would be forcing people to inject experimental medication into their body. This is a fact. Supporting it is shoveling your rights away like coal into a steam engine.",1.0,Conservative,2021-08-13 11:00:07
"nice jump to conclusions idiot. I can hate the mandate and have the vaccine...

but you keep tossing comments out there like you know what someones done because you are an army medic and have insight.

i wonder what baseless claims youll be leveling when we are at 99%. ""If that 1 percent would step up, cases wouldn't still be on the rise...i think one of them is this guy in the Reddit sub whose never mentioned it!""",3.0,Conservative,2021-08-13 12:03:31
"Commercial air travel in Canada now requires travellers to be fully vaccinated. Of course when the vaccines came out they said vaccine passports would not happen, but the Delta's giving them all the political cover to do this now. If you check in with /r/canada these people are cheering this on, and seething with hate against ""anti-vaxxers."" Their delight for this is absolutely repulsive.",1.0,Conservative,2021-08-14 13:00:24
"Don’t get me wrong…I thoroughly support your decision to not get the vaccine if that’s the decision you’ve made. I just hope you’re doing it for the right reasons and not just to thumb your nose at the fanatical dipshits on the left that are so demanding about it. I sometimes feel like some people will refuse the vaccine simply as a political decision, which just gives the liberal vaccine demanders more incentive to promote policies that negatively affect non-vaccinated people. 

I realize that the decision whether to get the vaccine is based on unproven scientific data that is morphing every day, and the long term effects of both the virus and the vaccine are unknown. I feel like you’re your own best advocate when it comes to your health and only you can best asses the risk vs reward of getting the vaccine.

And personally, I find it absolutely ridiculous and unacceptable how non-vaccinated people are being treated. You’re still a human being and an American citizen. It’s disturbing that the left thinks that further restricting civil liberties and mandating the vaccine is the right way to move forward.

As for why get it? Otherwise normal, healthy people have died from the virus. That was something I didn’t want to risk based on some health history in my family, so I chose the vaccine. I can’t speak on behalf of your health or your acceptance of risk. If you don’t think it’s worth the risk, I won’t argue over it or hate you for it.",2.0,Conservative,2021-08-14 22:25:26
"technically, but not in the ways that matter. Like in rights, or freedom, or liberty. 

God I hate living here. I'm engaged to an American and will be applying for a green card once we're married, but its looking like to even be allowed to leave Canada I'll have to get a vaccine passport",-2.0,Conservative,2021-08-15 13:41:15
"Yes, thanks. They sort of switched language but she was saying she wouldnt trust trump ONLY, but would take the “trump” (hate this language because hes not a scientist/doctor, nor does he have any part in making it) vaccine if other medical professionals signed off. Keep digging!",9.0,Conservative,2021-08-15 21:00:18
"I don’t give a fuck man.

I hate Americans that are too stupid to tell when someone is lying to them about eLeCTion FrAUD and VaCCiNE bAD",1.0,Conservative,2021-08-16 21:15:28
"He's vaccinated like they want everyone in the world to be. If he dies, isn't that an indictment on their vaccine? For the record, I'm vaccinated, but hate the idea of mandatory vaccinations, vaccine passports, and the constant virtue signaling from leftists about getting the vaccine.",5.0,Conservative,2021-08-18 14:15:00
"You've said that three times already. You are wrong. You're ""own research"". Read the actual studies. Talk to actual professionals. Talk your your doctor, talk to an infectious disease doctor, speak with a microbiologist. There is no good reason to not get the vaccine besides you just wanting to say no because you want to be against recommendations. You are wrong and hate being called out.

If you're unvaccinated and get covid do you're own research and treat it yourself at home",3.0,Conservative,2021-08-19 01:50:11
"There was a brief, fleeting moment of sanity where this vaccine is available to everyone, so either get it or don't.  Don't and you put yourself at risk of serious Covid illness, simple as that.

Now my head is spinning trying to keep up with the logic.  We HAVE to mandate vaccines because they're so effective.  OK but why?  What do you care if someone who you apparently hate refuses the vaccine and puts themself at risk?

They're spreading the virus to vaccinated people! OK, but you're vaccinated and protected from serious illness.

The vaccine isn't 100% effective! Then what is mandating going to do?

What about the kids?! There have been fewer children/day hospitalized/killed from Covid than in a normal flu year.  In fact, it's about at half the rate.  And I guarantee as soon as children are able to get the vaccine, you'll come up with a new excuse, because you have for a year and a fucking half why we have to follow your bullshit rules that clearly do absolutely nothing to slow the spread of Covid.",22.0,Conservative,2021-08-19 15:05:11
The people pushing the vaccine are clowns. They seem to hate science. Risk vs benefit is not a thing to these morons.,3.0,Conservative,2021-08-20 21:38:40
"I absolutely have buyer’s remorse.

I got the two stabs in April when they opened up in my state for my age bracket.  I was told this was needed to get back to normal.  I like to travel, hate wearing the masks, and had covid back in February.  But if I wanted to travel, people were talking about vaccine passports and not letting you in without proof.

We were told the Pfizer vaccine was 95% effective against reinfection, higher than normal vaccines and it gave me hope.  Then we find out it’s only 39% effective - but at least you won’t end up in the hospital.  Except I didn’t end up in the hospital the first time I had it, and don’t see any indication that reinfection would anyways.

I have both antibody types now, but when traveling I need to still wear masks, get a COVID test exiting and entering the country, show pages of proof... and some chief epidemiologists are saying we’ll probably need to keep these controls in place for 15 years.

The office I work in, which was allowing people to come back in and work now wants everyone masked at their desk all day long, even if you’ve been vaccinated.  

Why the hell did I even do this for?  

Like ‘flatten the curve’, ‘we can stop wearing masks after Biden’s first 100 days’ and ‘just for two weeks’, it seems that ‘do it to get back to normal’ was also a lie.",27.0,Conservative,2021-08-22 18:11:18
"I hate to say, but most of them went getting it under Trump. Why? Because people like Biden and Harris said they weren't getting the ""Trump vaccine"" until a lot of further review. They didn't hesitate to get it once Biden was ""elected"" president. Sorry, but if they had objections back then while being more in the know than the average American, I'll take a pass now until long term effects have been established and discovered. No one knows how this gene therapy is going to affect us down the road, especially seeing as they couldn't get it approved for the past 20 years. Even the creator of mRna gene therapy has reservations about using it for Covid. It's simpler to take HCQ and a Z-Pack at onset than to reengineer your body for life with something that can't be removed. No thanks.",1.0,Conservative,2021-08-23 19:06:37
"I am the biggest Republican ever.

* Voted Trump twice
* I own over 20 guns
* I want to see 50 foot concrete wall spanning entire Mexican border
* I am strongly against voting rights and mail in voting
* I hate almost all social programs because I think they encourage people to be lazy.

I am basically what every liberal on r/politics would describe as a complete POS.

However I am also a scientist, and a healthcare worker, and was vaccinated in late December as soon as I was able to get the vaccine.

This is not a political issue people, its just science and common sense, get vaccinated.",1.0,Conservative,2021-08-24 00:43:10
You’re right. It’s unfair and there are a lot of puppets. I hate that shit. I just hope you can put that aside and still get the vaccine even though many will continue to lie for political gain,-8.0,Conservative,2021-08-24 01:45:42
"How to say... I can see where you are coming from. Those who refuse to take the vaccine choose to take the risk with genuine COVID instead of the relatively much smaller risk from the vaccine. They choose the risk, and they probably should take that responsibility for their choice.

But at the same time... considering that people who have taken the vaccine have much, much lower chances of dying even if they do get the virus... it also makes sense to argue the opposite.

Well frankly... I do not know which the right answer is... This is a complicated situation and I think each choice has got its pros and cons. Ideally everyone who has no reason not to take it takes the vaccine imo but ofc I can see why people have become so averse of it. It has become sooo politicized and I swear I hate the shame tactics being used, and the the elites treat the average people as if they are stupid and just say stuffs and opinions they think will get people to take the vaccine instead of just giving the facts as they are and then giving their opinions only when necessary.",-2.0,Conservative,2021-08-24 05:39:37
"&gt;All the vaccines are doing is acting as ""treatment"", or a ""theauraputic,"" however they don't act as vaccines, as in they're not preventing transmission, nor are they aiding in herd immunity.

Not true. You cannot receive the vaccine as a treatment. The vaccine still provides great protection against you being hospitalized.

If you do get the virus after you are vaccinated the odds likely favor a more mild case of the virus. 

Getting vaccinated is not a burden on customers. Everyone needs one for their own good. 

The real fear with the virus has been and remains overflowing hospitals. If the hospital has more patients that it can care for, everyone else that needs treatment suffers more. All cause morality spikes with a non-functioning health care system. People suffer worse health outcomes because their problems are not treated as fast as they normally could be. 

Graphs like this in the St. Louis area should not be happening: 

https://scontent-ort2-2.xx.fbcdn.net/v/t1.6435-9/239606878_371654561156381_5659059901264702483_n.png?_nc_cat=100&amp;ccb=1-5&amp;_nc_sid=973b4a&amp;_nc_ohc=jxYFetqFGgEAX_UwbYH&amp;_nc_ht=scontent-ort2-2.xx&amp;oh=3c4cf0bbe4243370117a6f7224ee9e34&amp;oe=614A7B93

The vaccine if everyone got it would prevent the recent uptick in hospitalizations. I bet good money that vast majority of people getting hospitalized for COVID-19 are not vaccinated. 

Furthermore, pay attention to when hospitals are talking about cancelling elective procedures. Hospitals make their money off of elective procedures. They hate canceling them and only do it because they fear a surge of COVID-19 patients. 

Help your fellow human out and get vaccinated. We all have to our part to save the health care system in case any of us need it.",1.0,Conservative,2021-08-24 08:29:53
"&gt; If it is preventable let’s prevent it

....er, hate to break it to you, but the COVID vaccine doesn't prevent catching COVID, passing COVID along, or dying from COVID.  

&gt; Do you agree with my seat belt example?

I sure do.  I grew up in an era when seatbelts were not mandatory, so seeing as auto's built without seatbelts don't have to be retrofitted, yes, I like your example very much and will not be getting the vax.",1.0,Conservative,2021-08-24 14:53:31
"&gt; I'm a pro vaccine, anti-mandate. I don't know why this position is so difficult for people to understand.

Oh they understand it perfectly.

They just want a reason to label half the country as “anti-vaxxer conspiracy nuts” so they can have an excuse to hate people and believe they’re on the “correct side of history.”

The vast majority of conservatives share your view. Get as many medically-cleared people vaccinated as possible, but don’t mandate it. That’s not remotely the same thing as anti-vaxx, nor is it the “wrong side of history.”",206.0,Conservative,2021-08-24 15:14:12
"It's both amusing and sad to see their hate shifting. When there were no vaccines last year, they were targetting their hate towards people who weren't a fan of lockdowns or social distancing or whatever. Even if those people followed the rules but they didn't like the fact that it occurred - they were all lumped into the same group.

Now that the majority of the population is vaccinated (at least where I am in Alberta), they are now shifting their putrid hate towards people they deem as ""anti-vax"". Even if they're vaccinated but they think there should be no vaccine passport or mandate. They'll get lumped into the anti-vax category.  

I guarantee you if theoretically 100% of the population is vaccinated, these same people will find another reason to hate on those they deem to be inferior. Probably something about how people getting their 3rd or 4th booster shot to be great people and the rest are anti-vax. Wouldn't be surprised considering how much they want to hate other people.",41.0,Conservative,2021-08-24 16:32:43
"Preseason tickets are worthless unless they are very good seats. Hate to break it to anybody but nosebleed seats in a big stadium, like New Orleans are impossible to sell for Preseason games, vaccine or not.",1.0,Conservative,2021-08-25 19:14:11
"I completely get the resistance to masks, especially for children because it's really dumb. I hate lock downs and think they are pointless, same thing with social distancing. I disagree with almost all of the lefts stupid authoritarian policies and I don't exactly agree with his using companies as a proxy. However, I don't understand why people don't get the vaccine. I understand it's hard to listen to what crooked Joe Biden and his leftist buddies are telling you, but the vaccine will protect you for the most part and will make the left fuck off.  Millions of people have already gotten it, including me, and still not any major side effects. I like to think the FDA does it's job on approving them. I think we should all just get the vaccine.",1.0,Conservative,2021-08-25 21:48:29
I’ve never heard anyone say anything about the vaccine making one immune. The hell? When certain surgeries are being put on hold where in some cases people had been waiting many months you have to sit and think hmm there has to be a middle ground we can all agree on so we can at least keep medical staff sane and not burning out. The amount of hate/vitriol I have seen thrown at people who are just trying to do their jobs is just inhumane.,7.0,Conservative,2021-08-26 04:17:11
"I just hate our government is trying to go this route instead. We could just give out a $2,400 vaccine/stimulus check to everyone who gets vaccinated now or before and it would convince a lot more people. Maybe like $100 to just watch some videos at the clinic for why they are better to take than getting the virus. People are inherently terrible at calculating statistics and risk",-28.0,Conservative,2021-08-26 13:27:11
"I hate to break it to you because like all woke you know nothing. IC Units are designed to be at near capacity.  Like airplanes they are very expensive to maintain and therefore need a butt in every bed/seat.  The number of patients actually suffering from just COVID is very small.

The vaccination has risks.  It doesn't ""save lives"" because the survival rate of COVID is essentially 100% with treatments.  And people are still getting COVID after the vaccine. 

Maybe people like you should stop listening to CNN and actually learn to know what you're talking about.",21.0,Conservative,2021-08-26 13:59:52
"That's not the whole story though. The article notes this is due to waning immunity from the vaccine after 6 months, so Israel is giving boosters which is decreasing spread.

This is still super disappointing news though. I hate the idea choosing between a boosters or a COVID infection every 6 month for the rest of my life.",1.0,Conservative,2021-08-26 14:39:58
"Trump rolled out a vaccine ""warp speed"" faster than any leader in the history of this planet. Also, when Trump left office, the Taliban controlled how many territories? Zero. I hate to break it to you but he's no longer president and hasn't been for some time but keep trying to deflect from dementia Joe's absolute creation of the worst foreign policy disaster since Saigon.",5.0,Conservative,2021-08-26 14:44:33
"False. High viral loads are being found in the vaccinated. Take your pick of source.
I have had the disease. I will not get vaccinated. Period.

I do hate masks. I will not wear one again. With or without a mandate. Period.


: https://apnews.com/article/health-coronavirus-pandemic-79959d313428d98ab8aa905bbe287ba0

https://www.cbsnews.com/news/covid-vaccine-delta-variant-infections-carry-same-virus-load-unvaccinated/",6.0,Conservative,2021-08-26 17:06:10
"The reason why all your countries are shit and you don’t even know it because you’re so latched onto that government teet is because stuff like this is baffling to you.

The vaccine is available for all and for free and that should be the end of it. There’s value in the freedom of an individual to decide if they want to take advantage of the vaccine or if they choose to not. It’s not about the vaccine it’s about principles. 

We are very principled individuals as Americans. We fill fight to the death for your freedom of speech even if you use your speech to hate on us, simply because the principle demands we protect even the speech we don’t like. It’s the same with the vaccine. It’s absolutely insane to even speak of a mandate. It should be offered and that’s it. If someone chooses to decline to get it and put themselves at a higher risk of getting it then that’s on them and that’s the freedom we adore. The only thing you should fear is the inherent consequences of not getting it which is the risk of sickness or death (extremely low). Arbitrary mandates like Losing your job is only a coercion which doesn’t make a whole lot of sense.",1.0,Conservative,2021-08-27 18:10:36
Go back to Finland where you can hate Trump and peddle the vaccine in safety princess.,2.0,Conservative,2021-08-28 13:17:20
"I wouldn’t trust Joe Biden to drive me to a grocery store.  I honestly think we’d crash on the way there and he’d be telling the cops how I caused the accident by distracting him.

One of the most glaring examples of how messed up the government has become is how politicized the COVID-19 response has been.  Democrats have repeatedly imposed draconian mask measures which they ignore once the cameras are off.  Let’s be clear: it’s about creating phoney rules in order to placate the people they’ve terrified with their propaganda.  And the attempt to demonize white Christians as the cause of the anti-vaxx movement is grotesque.  When over 70% of young black New Yorkers are unvaccinated, I’m sure they all identify as White Evangelicals.  Whether you love or hate the vaccine hesitancy, it has a very broad demographic.",24.0,Conservative,2021-08-28 13:34:22
"I hate being labeled an “ant-vaxer” because I’m against MANDATORY vaccinations. I support the vaccine and think it’s a great idea for a very large portion of the population. However, I don’t think children, pregnant or wish-to-be-pregnant women, those who had Covid or just generally heathy young adults should be mandated or strong armed into getting the vaccine.",4.0,Conservative,2021-08-29 01:57:05
"I agree that they should not drum up fear and hate towards people who question them, if only because people who don't take vaccines are not putting vaccinated people at risk. The vaccines seem to be very, very effective at preventing people from hospitalized, or even dying. I got the vaccine, but I have no problem being around people who haven't. Frankly, if they want to put themselves at risk, that's okay with me, but their personal decisions have no bearing on me.

However, I don't agree that they're downplaying the benefits of ivermectin ""just because."" I'm not a doctor, and I doubt you are either, so anything we do is just armchair quarterbacking. That said, I think there is a public campaign against ivermectin simply because it is clearly less effective than any of the vaccines.

I guess my question to you is: if your concern with the vaccine is that it is potentially unsafe, why do you think ivermectin is any safer? Why prefer the less-effective drug over the more-effective one?",9.0,Conservative,2021-08-30 05:34:53
"You cant prevent covid with one or two shots either.

Hate to break it to you, the covid vaccine needs to be repeatedly administered, and hasnt even shown to prevent or lessen the effects of covid.",0.0,Conservative,2021-08-30 18:11:46
"My biggest issues with this is that there is such a conflict of interest with Fauci/CDC and the vaccines. Of course they push something they profit from. Equally, we still do not have enough data on true antibody counts. I grow increasingly worried of a situation where we overvaccinate a leaky vaccine. We do not have the science to back such a push, we haven't had time to have the science. Numbers take time. If we make a mistake with the vaccine, we haven't seen close to the worst in death rates. 

The data is continuously muddied on true death counts, and who knows what else. Part of good science is a rigid system of data collection, ensuring those numbers are only subject to one variable. This has been bad science, and continues to be. I am for vaccinating those at risk, because that is what vaccines are made for, but I don't understand pushing to vaccinate every single person. It tells me it is for financial gain. Fauci has a history of it, and I don't see that it has changed. 

I don't say any of this to fear monger, but because people need to hear the concerns that many have but are discredited due to not being the mainstream idea. The point of science is to test and retest, and offer differing ideas and results. If you shut down the opposing results or hypothesis, you are no longer doing anything in the name of science.  Also, if you see many scientists agreeing, they're being paid to agree. Scientists fucking hate to agree, the whole profession is built around proving everyone else wrong.",1.0,Conservative,2021-08-31 00:30:54
"No! We cannot become like the left supporters pushing the vaccine passport! We believe it is wrong then and we should belief this is wrong now. I hate the censorship the left does to the right and the people who voted Biden altogether. However, doing this won’t win over any neutral parties nor will it switch any blue voters. It makes us just as bad as the left! 

Please do not make this a normal. I want to beat the left, not become them!",-1.0,Conservative,2021-09-01 03:04:18
"I'm just throwing a theory out there. We know the following about these strongly liberal backed policies:

Affirmative Action - Strongly disincentivizes black and brown people to perform optimally is academic settings, and in some cases, places them in a school where they're academically below other students, increasing the likelihood that they'll fail.

Vaccine Mandates - The current argument is to force this on the workforce rather than legislature, effectively making it difficult or impossible to get a good job without a vaccine for Covid. Who's the current groups least likely to be vaccinated per capita? Black and brown people. A liberal policy that would force minorities into poverty even in 2021.

Abortion - Liberals want this legal, and even I myself find it difficult to understand where the line is drawn as to where the government should put their feet here. However, liberals want it legal for a longer period of the baby's growth in the womb and to have it subsidized. Which group is most likely to abort? Black people. Like Kanye West said, the sheer volume of black babies aborted per year feels like genocide.

Welfare - African Americans have these benefits generally more per capita, and once again, this benefit that masquerades as good for society tends to keep people hooked on the benefit and unwilling to find work. This leads people on welfare to never build career prospects or a stronger network, leaving them dependent on the government.

How many liberal policies can eat away at black and brown people until it becomes obvious the democrat politicians actually hate them?",13.0,Conservative,2021-09-01 14:45:52
"The vaccine does work to make symptoms milder, BUT I hear it's not working for the Lambda variant which has made it's way to CA and TX.
My neighbor stopped by today to let me know her granddaughter has covid again.  She had it last year when she started college.  This crap is going to be around for a long time.  I will be taking the booster along with the flu vaccine. Totally worth it me.  I hate throwing up that much.",4.0,Conservative,2021-09-01 23:01:52
"And the open hate they preach on these other subs, wishing death for people who have opposing opinions or cheering on death for people who oppose vaccine mandates… 

it’s beyond comprehension and Reddit just looks the other way",1.0,Conservative,2021-09-02 04:09:38
"This is just my personal experience, but I feel like most people of color tend to hate politicians in general and believe that none of them truly care about them. They just tend to vote Democrat because the Republican Party is known for being stagnant, while the Democrat party is more about changing everything so there’s always a chance things will just magically change for the better when a Democrat is in charge.

This is a pretty big opportunity for the Republican Party to make big gains in minority groups, IMO. More than a quarter of them voted for Trump in 2020, and it’s becoming clearer that the “changes” the Democrats want are only making things *worse* for minorities. Vaccine mandates in areas like NYC where the vaccination rate of African-Americans is VERY low is a prime example of this.

If I’m a leader in the Republican Party, I would put an emphasis to the minorities on how “freedom for all” includes YOU. Despite what the left tries to claim, YOU are a part of all. We want YOU to be free, and not an ounce less free than any other person.

Republicans need to destroy that “racist” label once and for all.",1.0,Conservative,2021-09-02 14:23:43
"They hate people who question the vaccine but don't want to help the ones who ask to be tested... makes sense.  Really shows that all they care about is being seen to be on the ""right side"".  Peak virtue signalling.",12.0,Conservative,2021-09-02 14:31:37
"This was the conspiracy theory among my female lib friends in a group. They were all mocking it, but one on one the story was very very different. If she had kids, she mocked it still, if she didn’t or was in the stages of getting married, the vaccine wasn’t as attractive to them. I accepted my fate, but this is why I really hate people who mock folks for hesitation or avoidance of this shot. It’s not them who must pay if something crops up.",15.0,Conservative,2021-09-04 13:40:46
"Ugh. Now I'm really going to go off.....The modern ACLU is such a joke. There was a time when they defended the free speech rights of literal Nazis, among the most universally hated and unpopular groups of assholes in American history. Despite wanting to retain the credentials of the ACLU of yore (e.g. ""we are not shy about defending civil liberties, even when they are very unpopular""), they've abandoned those principles to refrain from upsetting the liberal elite.

What really pisses me off about this OpEd is that they purposefully blur the line between private mandates and government mandates. As I believe in freedom of association, I think it's perfectly within an employers' rights to require their employees to get vaxxed. Or a business checking vaxx status at the door for their customers. We should all get to decide what risks we're willing or not willing to take. So I agree with them that Florida and other states banning private entities from having vaccine mandates is an affront to civil liberties. But the only way to have ""vaccine requirements also safeguard those whose work involves regular exposure to the public, like teachers, doctors and nurses, bus drivers and grocery store employees"" is to make it a government mandate. I hate that the ACLU still tries to pretend to have it both ways. If you want to just be a mainstream left-leaning organization, just own it. Stop pretending that you have principles. I used to have so much respect for the ACLU; they've fallen so far and it's heartbreaking. Ok. Rant over.",1.0,Conservative,2021-09-05 01:34:20
If only o’toole had a little more character because I hate to say it but no one really knows who he is. What I’ve also noticed is that Canadians in general are a lot more liberal in their overall social view of things so vaccine passports are definitely popular amongst a majority of the population which o’toole doesn’t support.,0.0,Conservative,2021-09-05 08:10:07
"I hate using CNN but here u go. I may have exaggerated the 2 years part but he was not optimistic of it being made quickly. But of course he flip flops a lot... so went from doom to hopeful to back to doom.

https://www.cnn.com/2020/03/31/us/coronavirus-vaccine-timetable-concerns-experts-invs/index.html",2.0,Conservative,2021-09-07 14:19:49
