comments,score,subreddit,time_created
"I was being pessimistic and assuming five years of repeated outbreaks and lockdowns, in the US anyway, especially since the anti-vaxers are working harder than ever to convert people (my immuno-compromised mom leans way more antivax than she did before COVID, and isn't planning to take the vaccine, though she's enough of a homebody that I'm not too worried for her). But a lot of people *are* taking the vaccines which *do* seem to be effective, and maybe it *will* be enough to stop the virus from getting as major as it was before. I'm ignorant, but your scenario sounds plausible.",2.0,AskReddit,2021-04-20 20:43:10
"""anti-vaxxer"" is just a buzzword people use if you even hint at questioning the efficacy of the current controversial vaccine. At this point in time, if you're anti flu vaccines but pro CovID vaccine, nobody would call you an anti-vaxxer because you're complying with the most celebrated vaccine. Now, if you were pro flu vaccine, but anti CovID vaccine, you bet your ass people would call you an anti vaxxer.

People are desperate to make sure that everyone else agrees with them. Remember this.",1.0,AskReddit,2021-04-21 07:07:40
"""The covid vaccine is a mind control drug"". This person is NOT an anti-vaccer and normally a very shit together person. Strange.",1.0,AskReddit,2021-04-21 14:17:01
"I've been asking around trying to understand the rationale behind anti-covid-vax arguments as it seems to go beyond just concern for personal risks.

When you recommend the anti-covid-vax people receive the vaccine, what are some of the reasons besides fear of blood clots and microchips that you've heard for refusing to get one?",1.0,AskReddit,2021-04-21 17:36:33
"A friend of mine has covid denier parents. Her dad is a pastor in Oklahoma. He contracted covid (because they were having services without masks, since this whole covid thing is just a way to suppress Christians) and came down with a pretty severe case. After it was all done they remaining covid down players/anti mask/ anti vaccine because “god kept them safe” and it “wasn’t that bad” since they didn’t get hospitalized. Her mom had a very very mild case... oh but her grandma died. But since she was already ill she went on hospice so it didn’t count.",3168.0,AskReddit,2021-04-21 17:58:59
"One of my Covid-minimizer, anti-mask relatives is in the hospital with Covid right now. 

His wife is throwing shit fits all over the place because they won't allow visitors without a vaccine.

I feel bad that I don't feel bad. I just hope they didn't infect anyone else.",1274.0,AskReddit,2021-04-21 18:17:25
"For a while, I guess I got that concern, but the door is open to any adult in America now.

Not sure if pausing the J&amp;J vaccine did more harm than good. Anti vaxxers needed some reason not to get a vaccine but think nothing of 500k people dying from covid in a year.",3.0,AskReddit,2021-04-21 18:22:26
"NAD - but my aunt and uncle covid deniers got covid around thanksgiving. My family and I were livid because they moved in with my elderly grandparents during a pandemic and were trying to convince them it wasn’t real. During thanksgiving when they got covid, they quarantined downstairs but still had 2 of their kids visit who then also got covid. My grandmother then got covid but was thankfully fine. Then while my grandmother and that uncle a couple months later were at the funeral for her brother who had died of covid, my grandpa (84) got covid and had to go to the hospital and was sobbing with fear, and the only person who could take care of him was my mom. Thankfully, my grandpa was released from the hospital a few hours later and is ok, and my mom never got covid. But my ignorant aunt and uncle spread covid around, and I was gonna lose my shit if they ended up killing my grandparents over it. 

I talked to them last week. My uncle has had his first vaccination dose, and my aunt and her daughter had their vaccine appointments set. So I guess they now believe in it and are willing to get vaccinated (they were never anti-vaxxers to begin with). 

The thing is, my aunt and uncle are usually good, normal people. My uncle is highly educated although he turns into a Karen sometimes at Walmart, but it’s only since Trump came into office that they started to become a bit weird. I hope that will start to wear off.",81.0,AskReddit,2021-04-21 19:14:10
"Forgive my ignorance, but wouldn't getting the virus mean you develop anti-bodies making you immune?  
We have COVID right now and I think I heard my dad say he might not get the vaccine after we recover.",1.0,AskReddit,2021-04-21 20:22:33
"Because a lot of autistic people believe that they don't need to be cured. And those who push for a cure are, a majority of the time, anti-autism folks/Karens/whathaveyou who view autism as a fatal disease akin to rabies or cancer.

A lot of autistic folks don't feel that it should be prevented either. There are diseases that should get *much* higher priority in the ways of prevention--the aforementioned rabies and cancer, COVID, etc.

As another comment pointed out, you would have to change the brain's structure to fully prevent autism. And even then, I don't see any prevention efforts happening anytime soon.

Autism is a spectrum. Even those who are low-functioning can still function to some degree. Everyone with autism is different in some way.

I'm autistic myself. I would not have a viable career, nor would I have found my purpose in life, if I didn't have autism. I wouldn't have some of the best friends in the world if I didn't have it. It gave me experiences that nearly no one else has had. However, it's also impacted my life negatively. I was told I would never be able to drive. I didn't do well in school. Even today I hate socializing and struggle with eye contact.

Despite this I wouldn't cure myself for the world.

I will say this, and this is a hill I will die on: ***you cannot fully understand autism unless YOU have it yourself.*** You need experience actually having the disorder and living with it. Not caring for someone with it. Not teaching someone with it. ***Actually having the disorder.*** This is why so many allistic folks want a prevention method and/or a cure for autism. Many autistic people I've met don't want such a thing.

As another comment pointed out, you would have to rewire the human brain if you wanted to cure autism. And since you can't rewire every human brain from birth, the next best option I'm guessing would be some sort of pill or vaccine. Which, obviously, hasn't been developed yet.

Autism is here. Autism is real. And it's allistics' job to not engage in ableism and to accommodate us. That, at least, is *far* easier than looking for prevention and/or a cure.",1.0,AskReddit,2021-04-21 20:48:03
My town has something like a 45% rate of covid denial and anti maskers among its healthcare community. There's a whole group of nurses forming some anti covid vaccine club. It's astonishing.,15.0,AskReddit,2021-04-21 20:52:28
"Not that I wish it, but I hope that everyone who wants - gets the vaccine and it works perfectly, and the anti people that don't get it - all grab covid and get done away with.  Will help us greatly when the next pandemic hits down the road that these people are weeded out.",2.0,AskReddit,2021-04-21 21:15:34
"What do you call someone who realizes the world is big, strong, scary, and I have no control over it...so I'll just try and slice out my little sliver of happiness and do my own thing (covid related, got my vaccine)? Am I anti-conspiracy theory? Am I a sheep for just believing some things just are what they are?",1.0,AskReddit,2021-04-21 21:17:40
"&gt; this whole covid thing is just a way to suppress Christians

COVID, an illness that helps paranoids of all works of life. 

&gt; After it was all done they remaining covid down players/anti mask/ anti vaccine because “god kept them safe” and it “wasn’t that bad” since they didn’t get hospitalized. Her mom had a very very mild case... oh but her grandma died. But since she was already ill she went on hospice so it didn’t count.

hey, try god sends ships to rescue drowning believers trick. Maybe logic hidden in a biblical context still works...",1.0,AskReddit,2021-04-21 21:29:51
"&gt;lots still refuse the idea of vaccination even after being in the ICU.

I found out a couple of weeks ago that my cousin and her husband (an EMT) won't get the vaccine because they think it's experimental and they don't trust that it's safe. They're not anti-vaxx, just this one particular vaccine.

And today, in a family text, my cousin complained that her ""Covid cough"" was so bad she went to the ER. She has Covid! So does her husband. And their two teenage kids. The whole fucking house has Covid.

There's no real point to this story, I just want to brag because I *didn't* tell her she's a fucking moron and she deserves to be miserable and I hope it fucking hurts. I didn't know I had that much self-control.",1.0,AskReddit,2021-04-21 22:03:10
"I consider myself bouncing between anti vaccine and pro vaccine often when I research. I would like to mention I am planning on getting the covid vaccination. Why I am anti vax on occasion is that I am  vegan, and many vaccines including the covid one is not vegan, because they use ingredients such as golden retriever genetics and monkey saliva, which I can’t imagine they get in an ethical way. Although, I do have profound respect for how far science has come, and we might as well use it to save lives. Also, a pandemic like this hasn’t been seen in a century, so as a human I feel obligated to do my part to reduce its effects.",0.0,AskReddit,2021-04-21 22:44:50
"It's a touchy subject considering everyone passing judgment on nurses just because they're viewed as these healthcare angels. So I can admit I do have a sensivity to the topic after these past few years. 

It's not a nurses job to tell someone to get a vaccine they may not even want to get. It's our job to give people information and let them decide and take initiate in their own healthcare. I mean considering at the beginning of all this, Fauci had told US healthcare workers you didn't need a mask to prevent covid, (and anyone with even an ounce of scientific knowledge knew this was bs) I can see why some people may be anti THIS vaccine. They knowingly lied to us, people were getting fired for wearing their own masks at work, and then a little time passes and they mandate masks. Then it was no you don't need N-95's, and people were fired for wearing their own N-95's, then some time passes and guess what! Now they say we need n-95's! LOL we conveniently didn't need it when the PPE wasn't available ... I don't pass judgement on people who are more skeptical considering the history, and it's ok to be selfish with your own health considering you only get one life to live. I'm not antivax, just truly believe everyone should have a choice and be able to think freely.",1.0,AskReddit,2021-04-21 23:02:24
Those who have already had COVID shouldn’t feel pressured into getting a vaccine because if they had COVID and survived then they have the anti body’s. Am I wrong?,-7.0,AskReddit,2021-04-21 23:32:18
"A friend of mine who works in a hospital said that a couple of nurses he worked with didn't want to take the vaccine. One of them ended up getting COVID, and the next day the other nurse immediately signed up for the vaccine. She saw how sick her friend got, and signed up immediately.

Not COVID deniers, but anti vaxxers. In other words, the benefits of the vaccine outweigh the side effects.",3.0,AskReddit,2021-04-22 00:03:35
"I am not a doctor but I thought I should share this.

I work in film. My wife works in childcare. In film we have a strict covid protocol. We have Covid officers, mask wearing, pod systems, social distancing and we all get PCR tested between 1-3 times a week.

In childcare they say they have pod systems and covid compliance but in my wifes workplace that just is not true. They dont wear masks or socially distance , much to my wifes dismay.

Before christmas we finished work around the same time and planned to isolate for 5 days and both get tested, with negative tests we were going to then spend a non social distanced new year with our families (seperate to each other).

Low and behold my wife comes back positive, I come back negative. 7 days later I still comeback negative. Cut to present day and my wife still can't walk down our driveway and is signed off work by her doctor until summer. 

Here's the kicker, my brother lives in australia and thinks covid is a sham, masks dont work and there is a grand socialist agenda to depopulate and vaccines are a key element. He also actively protests against vaccine coercion and ""legacy media"".

He argued with me over PCR reliability suggesting they have way too high false negatives, I have been tested dozens of times and have always come back negative. And huge TVshow here had over 20,000 tests with 2 false postives. 

He used us as an example in his arguments for how covid is a sham because I didn't get sick. He unfriended me on facebook because I called him out on a private phonecall about the garbage he posts and we havent talked since.  

My parents who could potentially be dead (both over 70) if we hadn't got tested for Christmas refuse vaccines because they are about control. They even doubted wether my wife had covid saying the tests dont work. My mother even said ""theres a bad cold going around."" 

Sometimes you just cant talk to people. Even family.



TLDR: My wife got covid, has long covid, off work for months, family are anti vax covid deniers regardless of evidence before their very eyes.",6.0,AskReddit,2021-04-22 00:15:22
"Got into a huge yelling match with my wife's best friends, a husband/wife couple we've known for 20+ years who are anti-mask/lock down covid deniers while they stayed with us for a few days earlier this year. I ended up embarrassing my wife when I shut them down as hard as I did after I got sick of the ""Muh FrEeDoMs!"" garbage they kept spewing.

1 week later the husband's mother dies within 24 hours of a getting her first vaccine dose and after the paramedics make an emergency triage call and do NOT route her to already at capacity local and regional Hospitals. Sadly, she was an obese, elderly woman with multiple *diagnosed* underlying conditions who could die if she caught a cold. Now said couple will not shut up on Social Media about how big pharma's vaccine killed her. 

I can't even look at them the same.",2.0,AskReddit,2021-04-22 00:46:23
Not all the anti vaxx are conspiracy theorists. Some of them are highly educated and they have their scientific reasons and they defend them. Of course some are just following the herd as always. I take all the vaccines but not the controversial ones with some very serious side effects. I already got my first dose of Covid- 19 vaccine. Now I am waiting for the second one.,0.0,AskReddit,2021-04-22 02:58:01
"A close friend is an ER nurse and has a lot of COVID stories, but what struck me was hearing about his QAnon believing 40 something year old sister. Denied COVID, anti-mask, all that, and of course contracted COVID. Recovered fine, just a bad flu, it's all overblown and just the deep state controlling us. Until she went for a check-up 6 months later to ensure the cancer she fought years back hadn't returned. Doctor took one look at her CT scan and said ""You've had COVID, haven't you? You can see all this scarring in your lungs."" Now COVID is real as hell. Of course the vaccine is still worse (according to her.)",2.0,AskReddit,2021-04-22 04:14:39
"Family doctor in community practice. I’m in a (thankfully) lower prevalence area and so haven’t actually had a positive care in a patient of mine yet. I have had a few encounters though that left me... frustrated to say the least.

One patient came in demanding a note excusing them from needing a mask because they had a chronic cough. They worked in another medical clinic. Needless to say, I did not give them a note.

Another patient made an appointment with me to tell me that they didn’t believe in the  covid vaccine and why would we need a vaccine when we have such an effective treatment with hydroxychloroquine.... this was MAYBE two months ago.

Plus a bunch more anti maskers who either want notes or won’t put a mask on. Or take them off when I come in the room.",5.0,AskReddit,2021-04-22 04:28:02
"Heights. Infinite underwater darkness (space applies too but I’m less worried about space cuz there’s no sharks n shit). 

And as I age...my own mortality. Except not even dying. I’m 35. I haven’t been seriously injured in...20+ years? I’ve barely bled in that time. For WHATEVER reason, I fear injuries now. Like I would still play a sport and I’m a competitive guy so I’ll play hard and not worry about it. But I can FEEL my shin bone. It worries me that the only thing standing between my shin bone and ...well anything else, is a thin layer of skin. I’ve never broken any bones, but I played sports, plenty of cuts, scrapes, sprains, never thought about any of it. I’ve been hospitalized a few times, not for injuries but other shit. But when I bend my knee I can feel (my ignorance on anatomy will show here) a tendon, or maybe it’s cartilage, again, the only thing between that sensitive item and it’s utter destruction...is a thin layer of SKIN?  THATS IT?  I haven’t had a vaccine in 20 years, not cuz I’m anti vax, but cuz I haven’t needed one. I’m not worried about getting the covid vaccine, but I could see an easy way where I could psyche myself out of it. I won’t let that happen but it’s along the same lines as my phobia of injuries lol",1.0,AskReddit,2021-04-22 05:42:52
"My landlord has opted to sell our house rather than continue our lease. Not a big deal in the long run, we get it. He's not kicking us out prematurely, gave us plenty of warning. However, he's said that he's going to be hosting tours while we still live here.

You know. During a pandemic.

He visited in person the next day, and my roommates and I raised our concerns regarding this. We mentioned that only one of us has started the vaccine, and two of us (myself included) are more succeptable to catching COVID than others. He then immediately launches into an anti-vax tirade and that we should ""do [our] own math"" on the issue, berating us.

Normally I'm pretty non-confrontational, but I didn't like hearing that. I told him we weren't having this conversation and that he wasn't welcome here anymore. He left without so much as a word.

We clenched our butts and immediately began packing, fully expecting him to evict us right away. However, he emailed us later in the evening and apologized, said he would hold tours off until we left, and even promised some additional money if we were out of the house before our lease expired.",1.0,AskReddit,2021-04-22 07:04:24
"I might get downvoted for this, but I genuinely don't fully understand it. I had COVID back in December, with no ill effects other than loss of smell and taste for about a week. No fatigue, fever, cough or shortness of breath. In March, I was still positive for antibodies. I know that these antibodies will go away eventually but from my understanding of how the immune system works with other viruses, the body will essentially store the ""blueprint"" for how to create the antibodies, should I come in contact with the virus again. Isn't this essentially how a traditional vaccine works except I got the actual virus instead of an inoculate version (which I realize is not ideal)?

I do understand the mRNA versions of the vaccine work slightly different than that, but what net benefit does the vaccine offer that my immune system doesn't already have? Will the vaccine help prevent me from spreading it in the future? I was pretty much asymptomatic the first time except for losing my smell so severity reduction isn't necessarily a concern of mine. Is it a situation where there's just not enough data to support natural immunity so the CDC recommends vaccinating anyways?

Before everyone starts accusing me of being and anti-vaxxer, I'm not. I've been vaccinated more times than I can remember for a number of things from overseas travel. I literally used to have a vaccine passport. I still wear my mask in public and am signed up to get the vaccine bc from what I understand it won't hurt and if I can do my part for the greater good, I will. I just am wondering if it is necessary for someone in my situation.",2.0,AskReddit,2021-04-22 13:36:58
"&gt;He keeps saying there needs to be a list of people that refuse to wear masks, deny covid exists, etc and every medical facility should be allowed to turn them away or put them at the end of the list for treatment and care.  

This is what you defended. You can't just ignore context, after answering, because you weren't engaged in that part of the debate.

I don't engage when you are moving the goalpost, which is why I did not address most of your comments. But here you go:

&gt;Private hospitals do NOT have to treat you. Well, emergencies/ER yes. Anything beyond that, no.

You said, this was 100% correct. [Not getting a vaccine is a protected right in the US and not a basis to refuse treatment, since that is considered discriminatory.](https://www.linklaters.com/en-us/insights/blogs/employmentlinks/2021/january/worth-a-shot_are-anti-vaxxers-beliefs-protected-under-the-equality-act) Same goes for not taking tests.

But at this point, you moved the goalpost so far that you reduced your argument to:

&gt;hospitals are under self-mandated rules at the moment that seem to include the ability to postpone, delay, transfer or release as they see fit 

Which is categorically false, too. There are extremely clear ethic guidelines, which are not self-mandated and can open up the hospital to a lot of legal trouble, hence why your own link states:

&gt;When there is an unknown or elevated risk of infection, we recommend delaying their procedures until the risk is either better known (i.e., negative test result) or patients are asymptomatic for at least 10 days. 

They also don't have the extra ability to reschedule, they are supposed to *offer* a reschedule.

&gt;offer to reschedule procedures  

That's not random or self-imposed. Yes, risks have to mitigated, but go a millimeter further and you are in the ""highly illegal"" zone.",1.0,AskReddit,2021-04-22 14:30:42
"Vaccine is only battling the virus and skirmishing with it. 

It does not locate and kill the virus 

Scientist are doing the best they can, the way we discovered vaccines being a thing that works is purely by chance 

Virus are so odd to me, what do they want? Say if the human body did not die and persist what will happen to the virus and human body? 

Anyways the vaccine protocol is not a sustainable solution to this virus outbreak 

Authorities are saying to get the vaccine but not why to get it. 

They said to stay home and isolate and wait till it’s safe 

They said wear a mask to then “slow the spread” 
Now they are saying to wear a mask to “fight the virus” 

And they already said that covid is not ever going to go away 

Like the common cold 

But covid 29 joking but covid is deadlier than the flu 

People are not born with vaccines in them, people aren’t born with a immune system to fight off their virus 

We are really going to be fucked for instances 

Like they say only people 16 and older can only take the vaccine not any kids and babies

Why is that? 

I read that 2 year old got sick and died from covid 19 

They made it seem like covid 19 was a low risk virus comparing it to the common cold that was a mistake to say it’s largely the reason for people not wearing mask. And being nonchalant about it. If the virus was like the black plaque. People would be sectioning off parts of cities 

Anyways I’m saying we will be royalty fucked if covid 19 kills off kids basically and targets humanity youth 

We will basically go extinct somewhat if we can’t procreate and have our young live on long enough to spread their genes and create more people 

That’s just one of the worst scenarios I can imagine 

You can’t say vaccines are effective solution when it only prevents people 16 and older from getting infected 

Will you vaccine shot your new born baby? 

I can risk getting a vaccine shot for myself and stuff but again I simply don’t believe it’s the best approach to kill covid 19 

And they don’t believe it possible to kill covid 19 

Then basically said everyone is going to get infected 

By saying “slow the spread” 

Wtf was the isolation talks about then 

Anyways for instance 

Their was a Zika virus outbreak not long ago

I’m not taking a vaccine for that virus and would t dare to because that virus kills you in 3 days and even if you do not die from it, your offspring will be born with weird shape heads 


On the topic of immortality say that we were immortals having a virus persist in the environment is a kryptonite that will kill us 

Like if. Superman takes a vaccine it will weaken him for a moment but teaches his body how to fight the kryptonite 

But then it mutates and he takes a booster shot 

Weakens him further 

Ehh 

The other thing scientist are not know it all to the understanding of the universe 

The antibodies that are created from use of the vaccine how do they influence things after 

It basically like covid becomes a part of you and part of the environment and everything 

Because covid will infect and battle you but you simply fend it off am hence like the common cold 

That no scientist understands exactly 

Vaccines are t the answer 

But a stronger immune system is the answer but vaccine do not garrentee that 

When mutation of the virus and booster shots are needed 

From my understanding vaccines and immune system is not a fully understood science it’s just the best they can do

And to think this is not about money would be naive 

Explain. Johnson &amp; Johnson rush to a vaccine that proved dangerous outcomes 

What a immune system is, it’s a defense system 

To specifically fight the infection 

Kinda imagine sickness like this if you got the flu and start sneezing a lot but then hang out with other sneezers and coughing people 

Forget flu shots you all will die but maybe not 

But the reason you will die is you multiple the sickness in the environment and overwhelmed your immune system 

People are being exposed to covid and not showing signs of it. 

So pretend you are sick and everyone is sick but you constantly hang out with everyone still and act as if things are normal 

The mask does indeed slow the spread but it’s barely effective at doing a single thing in my eyes 

It’s just a professional upkeep look and a mandate 

I hate the narrative it’s to late to stop covid 

And that covid is not ever going away 

I would be more trusting of the vaccine if it worked like a charm but does not 

The best offense is the best defense 

A vaccine is booster to the attack system called your immune system 

Everyone should wear hazmat suits ideally 

And people would be if the covid 19 virus was not presented to us as a low risk virus that only infects a few 

Even the people who hate no maskers 

I just think it’s stupid to hate them 

You are wearing a mask. 

That not enough in any way you slice it because the best approach would be to wear a damn hazmat suit 

But even if people did 

The proper strict protocols will not be followed 
So it’s in a sense infected 

In real virus outbreaks 

Their are zones called quarantine zones wear non infected people are allowed to enter only 

That’s basically what sectioning off parts of a city is about 

But it’s actually more than that 

I would say not only sectioning off the city is needed but cleaning of things are in order to eradicate germs in the environment 

Everytime I get slightly sick I worry if it is covid 19 
Because it’s exactly like having allergies apparently 


Covid 19 is a weak virus because it does not kill quickly so having a slightly stronger immune system is good 

Tbh 

I can imagine the need for sky cites and flying cars I somewhat think that is the best solution to all this and to a lot of other things 

I just want covid to die 

AIDS still persist in society but it’s not talked about and it’s odd that Michael Jordan apparently has aids and is still alive 

But I know aids is not a death sentence but influences many things like it can past on to your offspring 

I care not to speculate on that 

Aka confirmation bias 

I believe the vaccine is good but not best and definitely not ideal 

More research into the immune system and of viruses 

Is needed 

But simply vaccine vaccine 

But the nature of things what are virus purpose to kill us? 

I think it’s to find a host and live as one with us 

And if that’s the case the population will be curb and evolution is happening the weak die the strong survive and the smart survive 

Vaccine is smart to do 

But it creates a way of things that those who do not vaccine will die 

And I know no Vaxxers are stupid but they need to recognize 

Thst this is no a no vaxxer environment for them 

No vaxxers do live for a long time till they get infected and die 

Because they do care for their body and sickness

I don’t think natural remedies is the way 

But the mind is just because if the placebo effect and that warm hands water glove thing 

Thst creates intimacy to infected covid people that actually improves their condition 

And they are already infected 

Vaccine aren’t doing anything for them but isolating and proper montering of their condition is 

And that basically what no vaxxers are doing 

Being their own hospital and doctor that cares for their infected condition when sick their own way and approach 

I’m not a anti vaxxer

I had took care of cats before and wanted to get them shots and stuff but my dad did not let me 

But the main reason why is because I don’t know what makes them sick and what kills them and the shots that pets take 

Is a combination of a bunch of shit 

Hmm 

Honestly their should not be a vaccine 
But a shot that increases the strength of the immune system against all possible infections not just specific ones 

Like scientist should have that as a goal 

And one shot for all viruses

But again that essentially is wearing a hazmat suit and following the proper protocols religiously",1.0,AskReddit,2021-04-22 17:54:53
"From what i hear, in all cases they are highly recommended but not mandatory.
It just prohibits you from certain things.

So why would the covid vaccine need to be treated differently?


Dont get me wrong, im not anti-vaccine.
Im saying that other vaccines arnt mandatory and i havnt seen anyone with Polio for some time.",1.0,AskReddit,2021-04-22 18:18:10
"So I am not currently getting the COVID vaccine and I’ll tell you it is hell. Literally my entire family will crucify me and shout anti-Vaxxer. It is really frustrating. I believe in vaccines and I think a large number of people currently being lumped in to the anti-vax camp do too but there just isn’t really a need for me to rush out and get it yet and personally the risk of Covid is less than the risk of taking such a quickly slapped together product. I’m healthy and have no co factors. Anyone near me who does have them did get the vaccine and I can’t care about every random person in the world so as long as those important bases are covered I am not going to struggle to find myself an appointment and take time out of my schedule to potentially have a worse reaction than I am currently having from covid. 

Where I think anti-vaxers are getting a lot of traction is they are roping in the more simple minded who have similar thoughts to myself and pulling them under their umbrella. Like I said it is difficult to not want to just brainlessly get the vaccine. People treat you like a second class citizen, call you names, etc, everything short of slapping a yellow star on you and throwing rotten fruit as you pass. The anti-vaxxers are seeing this as an opportunity to say hey come over here where I can reassure you are correct and protect you from the mean society. 

If we want to end anti-vaxers we just have to stop caring about each other’s vaccine status. You do you and I’ll do me mentality. It is just yet another whole fee will, freedom of choice, government and people butting into others lives topic and to be clear I think myself and others like me would and will get it when the time and need present themselves but it just can’t and shouldn’t be priority number one of it isn’t that important to the individual.",-6.0,AskReddit,2021-04-22 18:30:00
"I'm genuinely baffled by anti vaxers. My mother is one. Just today she sent me anti vax propaganda then three sentences later insisted she's not anti vax....all while telling me she's anti the covid vaccine because ""it hasn't been human tested"" and ""I already have an autoimmune condition, I don't want to be a guinea pig (her exact words)"". This is the same person who insisted to me that vaccines cause autism and that ""vaccines have never been proven to cure anything (again, exact quote)"". Utterly baffling how she's apparently a quantum vaxer (both an anti vaxer and not an anti vaxer at the exact same time)",1.0,AskReddit,2021-04-22 19:38:22
"I am not a denier of covid, my SO is a respiatory therapist. I am not educated about this matter but would like to know something if anyone here with the knowledge is able to answer:

1. Is it biologically possible for covid vaccines to affect fertility?

2. When you get vaccinated, are you set for life or does the effect expire?

3. If I am vaccinated, will that prevent me from getting others around me sick?

4. I am 32, should I get the vaccine?

5. I am not anti vaccines in anyway, however, could there be a possible danger of a vaccine developed in less than 1 year?

Thanks.",3.0,AskReddit,2021-04-22 19:57:17
"How sway!? Joking but I was not speaking in a sensible manner I wouldn’t say I’m confused just because you fail to interpret my ramblings and gibberish. But I agree I am at fault for not conveying myself in a proper manner aka proper English. 

But you are confuse? To what I said? It’s interesting if you are because you called me confused. Which I could be confused but you could be confused to so like—-/

It’s weird and interesting maybe you are not confused but view what I said as like wrong and that your stance point 

Thus “How sway!?” 

The proceed to say I’m confused and how.

But it’s not that serious it’s inevitable that I will take the covid vaccine 

I don’t get how anti vaxxers are possible 

If they are required by school administration to take vaccines 

And they would be dead in a sense if their parents didn’t vaccinated them 

So maybe them become anti vaxxers by falling into a conspiracy of sorts and converting and to adopting it and passing it on their kids 

And that’s the fight that upkeeps and persists.... 

Ima stop have a great day",1.0,AskReddit,2021-04-22 22:00:55
I’m not anti vaccine by any means but all of our other vaccines have been around for years and shown no side affects. While the covid-19 vaccine was developed really quickly and not many studies done so I’ll sit on it for awhile.,7.0,AskReddit,2021-04-22 23:52:42
"Oh I have my vaccine and am not a covid denier by any means. I think we should have done stuff. But I just saw how the liberals were anti Trump by any means necessary,  no matter what. It was annoying af. Based on my observations I have zero doubt they would've said Trump was an idiot and covid isn't a big deal if he garnered a response to it.",1.0,AskReddit,2021-04-23 00:07:43
"To be 100% honest, I really just don’t want to get it. I don’t think the vaccine is dangerous, I’m not “anti-vax”, and I’m not religious. No one I live with or have in my family is at any risk of dying from COVID. I have a right to not take it and if that makes me an asshole, so be it. I’m just tired of people being berated for making a personal decision.",1.0,AskReddit,2021-04-23 03:51:21
That makes no sense as the covid vaccine is free and big pharma is about making ridiculous amounts of $ off of mandatory medications. Then again anti vaxxers aren't reasonable and don't tend to make sense,2.0,AskReddit,2021-04-24 12:47:48
"I honestly think people who are rushing to get this vaccine—which was rushed out and clearly not developed well—are just being propagandized. Mark my words, in a couple of years, there are going to be a lot of revelations about how faulty/ineffective/dangerous/ this vaccine really was, and I think a lot of innocent but gullible people are going to pay the price because big pharma and every corporate media outlet told them  it was their duty to get it or else they’d be killing everyone’s grandma. 

I’m not a covid denier. I’m not an “anti-masker” or against vaccines; I’m fully vaccinated against everything else. But I’m not getting a vaccine that was slapped together and released after we were told a proper vaccine would take years to develop, and has caused seizures, blod clots, and paralysis and makes almost everyone who gets it violently ill. That is the opposite of trustworthy.",1.0,AskReddit,2021-04-24 13:51:51
"Literally the first time I’ve ever used that site.  I’m not familiar with it but It just had the information I was looking for.  I recall what the definition of vaccine was and I remember when they changed it.   I believe it was the WHO (or CDC) that also changed the definition of “herd immunity” which no longer includes naturally acquired immunity, only vaccine-acquired immunity.

The point is that these kinds of vaccines are new and experimental but most people don’t know that.  The fact that they’re calling them vaccines despite not meeting the decades long definition and medical practice of “vaccination”—I personally find that not only uninformative but intentionally misleading. 

Informed consent matters.

Also interesting is the fact that the only way they could get approved under FDA emergency use authorization, is if there are no approved treatments for covid. Coincidentally, FDA has barred hospitals from using proven effective outpatient medicines that could have saved thousands of lives.  I can’t be the only one who questions their motives, if it really is about saving lives then the data should speak for itself. 

I’m not anti-vaxx, but I am pro-data and pro-informed consent.

https://vimeo.com/490351508",3.0,AskReddit,2021-04-24 15:59:43
"Tl;Dr civil war in both China and the US is more likely that WWIII and WWIII would be end of global leadership for both. 

Both are unlikely. China isn’t doing well. It rode a wave of growth with rapid industrialization with prior policies intended to gradually roll back Maoist failures. If they had continued that as the KMT did in Taiwan, they likely would have been on track to not only domination but possibly peaceful reunification with Taiwan and maybe even lead Korean reunification.  They could have eroded western alliances in the Pacific. Instead Xi Jinping has been walking back to those Maoist policies. He gained popular support based on anti-corruption policies, but made a lot of enemies within the party with those same policies and is more interested in saving his own skin than China’s long-term stability. 

Before the trade war and Covid China was already facing a massive private debt problem, a real-estate bubble, accelerating inflation, manufacturing competition from India and Vietnam, and a shrinking manufacturing sector which it was already overly reliant on. And everything Xi Jinping has done to solve one problem exacerbated another because he doesn’t understand how to let the market correct itself. 

Then throughout Covid he failed repeatedly to capitalize on any opportunities that it presented. The west botched the covid response for months and China hoped it could be the first to develop a vaccine and give it away to other countries in exchange for political favor... but they not only fucked up the vaccines they gave away but lagged behind vaccinating their own population.

And the US isn’t doing particularly well either economically or socially. Major issues that should have been resolved decades ago are still  unresolved. Healthcare is a disaster. Public Education has been underfunded and failing and student loan debt crisis and the government’s insistence on writing blank checks to colleges in the form of loans means higher education is artificially overfunded.

Most likely there will be saber ratting as China flies planes over Taiwan as PR stunts to convince its own population that the house isn’t burning down around them and the US tries to convince its allies that it isn’t losing its goddamn mind. There may may be proxy wars like Vietnam or Korea, but in Taiwan and.. Korea. But civil war in both China and The US is more likely than WWIII, and even if WWIII does come around, it would be the end for both Chinese and US leadership no matter which is victorious, just like WWII was for the European empires.

Either way power will quietly shift back to parliamentary democracies that have proven more stable and Europe in general will probably regain diplomatic power and then economic power over time.",1.0,AskReddit,2021-04-24 20:33:11
"Good-ish, people aren't talking COVID seriously, but people are getting the vaccine, but a lot of people are anti-vac.

But the politics are a mess, some Politian is coming back to office and says he will make changes to end the pandemic, then like 10 other Politian's do the same.

Then some changes to the pandemic are made, they get a pay check and disappear, then some other Politian's create a party and say they will make changes, and repeat.",2.0,AskReddit,2021-04-25 10:11:21
You do know there's a difference between anti covid shot and anti vaccine.,2.0,AskReddit,2021-04-25 21:27:42
"You sound like an anti vaccine loony making stuff up?

Ive had covid and it fucked me up for two weeks. AstraZeneca vaccine afterwards was an achy arm for a week and flu symptoms for 36 hours

YOU DO NOT WANT COVID",-3.0,AskReddit,2021-04-25 22:11:38
"Its untested. Im not a guinea pig. There isnt any information that what is currently offered will actually do anything. There are reports of vaccinated people catching Covid which negates the purpose. There's also the add on that maybe you'll need booster shots every year. It might not protect from strain xyz we just discovered. Long term health effects? We don't know. So for those reasons I'm going to sit on the sidelines.

I have been on 24+ travel flights all over the world since Jan 2020. I have been tested more than 12 times, quarantined six times. I still haven't caught it, and neither has anyone in my direct circle including other pilots. I'm not anti vaccine, I have my shots, I'm anti unknown and untested. Unless work requires the flu shot I dont get that either, but for different reasons.",1.0,AskReddit,2021-04-25 22:35:46
"First, my deepest sympathies to anyone who has lost a loved one to covid. 

I live in Ontario, Canada and we are currently in the middle of our 3rd wave. Things are worse than ever despite the (albeit slow) vaccine rollout. Our government has issued a stay at home order, the 3rd since the pandemic began. 

Since this was implemented, there has been a massive uptick in anti-mask, anti-vaccine, and anti-lockdown protests all over the province - all fuled by covid denial. It makes me so sick and angry to see this occurring and I have not personally lost anyone close to me due to covid. I can't imagine how seeing these awful displays of willful ignorance and selfishness must feel to the people who have.",1.0,AskReddit,2021-04-26 03:20:19
"PS: Polls and research showed an average of 20-40% throughout the west, depending on the country, that will refuse the vaccines. These statistics are from months ago, with the controversy around the deaths and side effects these numbers have risen.

These aren’t just “anti-vaxxers...”

Vaccines aren’t going to be the solution to lifting the restrictions.

There is a big difference between proven polio etc vaccines and things like flue shots and this experimental covid vaccine.

Many people somehow have the illusion the restrictions will be lifted when most people are vaccinated, while nobody that has actual epert knowledge has said this.

Data shows in a few years at least 1/4th of the West will still not be vaccinated. Are you willing to put on a mask and stay home forever? Cause I, and many with me, won’t.",1.0,AskReddit,2021-04-26 09:13:53
"A family member is a real Covid Karen and is like all the other Covid Karen's out there and is constantly spewing false news and facts. 

She is a major Trump supporter and feels like he will still come back in a reign of glory and overthrow the government. 

I'm getting so sick of her trying to convince my family of the microchips in the vaccine and how we all are being controlled. 

Any perry revenge that I can do against her to make myself feel better and hopefully waste some of her clearly valuable time that she is spending every waking moment on finding new anti-mask facts?",1.0,AskReddit,2021-04-27 00:07:12
"A family member is a real Covid Karen and is like all the other Covid Karen's out there and is constantly spewing false news and facts. 

She is a major Trump supporter and feels like he will still come back in a reign of glory and overthrow the government. 

I'm getting so sick of her trying to convince my family of the microchips in the vaccine and how we all are being controlled. 

Any petty revenge that I can do against her to make myself feel better and hopefully waste some of her clearly valuable time that she is spending every waking moment on finding new anti-mask facts?",2.0,AskReddit,2021-04-27 00:22:31
"I’ve told my anti-vax friends and family that “it is 100% scientifically proven that if you don’t get the COVID-19 vaccine, you are a p*ssy.”

Seems to be working well.",-2.0,AskReddit,2021-04-27 14:44:17
"Switzerland checking in. Our direct democracy only requires a 50% majority (mob dictatorship!) to vote stuff into law. Cost of living is absurd, lots of working-poor people. We're not very progressive and our politics move very slowly. Some stuff is really old-fashioned, like including a portrait photograph on your resume/CV. The strongest political party is strongly anti-immigration and the billboards they run can be quite shocking. We're home to the some of the biggest pharma businesses but we can't produce a single dose of covid vaccine and the importing is going badly.",2.0,AskReddit,2021-04-27 15:20:35
"I’m only anti-vax for Covid. It’s not going to affect me, mRNA is experimental, vaccine trials take years to come up with and you want me to try something conjured up in less than a year? If you get the vaccine you can still contract covid and pass it on to others so why would put something experimental in my body if it won’t help anyone out? Also fuck vaccine passports.",2.0,AskReddit,2021-04-27 16:56:32
"Both. I've followed the data very closely throughout this whole ordeal. It has a 99.7% survival rate, and I am in an age group which has an even smaller risk of death or serious complications. 

I took COVID seriously for the first 2-3 weeks when they said ""2 weeks to slow the spread"". When that 2 weeks expired I stopped worrying as much when nothing the CDC predicted happened. 

Now I read all of these reports on r/covidvaccinated and VAERS data of people suffering severe complications from the vaccines and I think people should wait a little longer to see what the effect of these vaccines is. It blows my mind that you get attacked for being very reasonably skeptical about a new, untested, rushed, experimental therapeutic- it is far more dangerous to do no research at all and to dismiss all doubters as ""Anti-Vaxxers"". I've never considered myself ""Anti-Vax"", I am mainly Anti-COVID Vax, though I don't go out of my way for the flu vaccine (6 years without the shot, 6 years without the flu; my personal experience). 

People like me are not crazy as Reddit would try to make you believe, we just did our research and have lots more questions before we'd consider taking these vaccines.",1.0,AskReddit,2021-04-28 14:56:18
"While I'm not an anti-vaxxer, I'm not getting the covid vaccine. Since these have been conflated so frequently, I'll answer since I'm guessing this vaccine in particular is what you're getting at.

I think most vaccines (dTap, MMR, influenza, hepatitis, tetanus) are a good thing and will gladly take them. In this instance however, not enough is known about long-term complications (particularly concerned about fertility) for me to be confident in taking the covid shot. I also have little faith that mass panic hasn't corrupted the scientific process and allowed bad test results to be overlooked.

As someone in an incredibly low-risk demographic, I'd rather wait it out until some more robust data is available.",3.0,AskReddit,2021-04-28 18:36:44
"Seeing the effects of this vaccine, not an anti vaxer but I can just see the commercials now... if you or a loved one has been affected by the covid-19 vaccine you could be entitled to financial compensation. 

Also going out and not worrying about masks.",1.0,AskReddit,2021-04-28 19:28:37
"This is anti-science disinformation.  The vulnerable were the first to be approved to get the vaccine. The CDC says almost all immunocompromised people can take the covid vaccine.  There is an extremely small number of people who cannot take the vaccine, and those people have probably been self isolating and taking precautions for years anyway.",2.0,AskReddit,2021-04-29 09:32:32
You’re still wrong.  The CDC says prior at risk of suffering from covid can and should get the vaccine.  The exceptions are extremely small.  Saying the vulnerable can’t get the vaccine is anti science disinformation.,0.0,AskReddit,2021-04-29 15:10:47
"Chances are you’ll be fine and everything will go great. The only thing that worries me with the COVID vaccines is that it was pushed through extremely fast. Like a normal vaccine is developed, tested, and researched for 5+ years. 

Chances are pretty slim of you getting the bad side effects like blood clots and heart problems and what not. The thing that I’m most hesitant is years down the road seeing if it causes something else like possibility of cancer or other bad side effects. That we won’t know for years, but if you have health problems and older and at risk then yes you need the vaccine. 

I would probably already have gotten the vaccine if I hadn’t already had COVID. I’m waiting a little longer than everyone else(my person choice NOT trying to persuade anyone else)to get it because we still don’t know yet how long the anti bodies are good for. When I feel like we’ve researched enough and scientist and medical people say for certain that say 2 years post having COVID your antibodies go away then yes I will get the vaccine then.",1.0,AskReddit,2021-04-29 16:12:42
"My parents kept me super isolated when I was young because they didn't want me exposed to beliefs they didn't hold, political, religious, or otherwise.

Once I was on my own, it was a pretty rough start, but I met the kinds of people my parents discriminated against, or thought were destroying America, or thought were some kind of evil satanic cabal or what have you. They were pretty chill, so it became apparent that my parents were full of shit.

Over time, it also became apparent that a lot of the other things they tried to teach me about the world were similarly bullshit.

These days, I don't talk to my dad because I found out that beating your kids is both frowned upon and illegal, and I haven't forgiven him. There's more to it than that, but I'm not in the mood for a rant right now.

My mom isn't speaking to me because I debunked her anti covid vaccine videos, and they came from a web site that references Mary in the URL. She said that if I don't believe them, it's because I'm living in sin, so I told her I guess I'm living in sin then.",1.0,AskReddit,2021-04-29 16:24:16
Some of my family were anti vacciners took their grandma to die to prove that COVID isn’t a hoax and that the vaccine is safe.,4.0,AskReddit,2021-04-29 21:50:32
"As long as they are out there unvaccinated they are a public health issue to those who can’t get the vaccine for whatever health reasons. I think it’s less about ‘letting anti-vaxxers suffer the consequences of COVID’ and more waiting until we reach a vaccinated percentage of the population high enough to ensure herd immunity, and then it will be safe for everyone.",4.0,AskReddit,2021-04-30 00:04:27
"This isn't as bad as it sounds, most vaccines work the same way, and other vaccines are much less effective, the flu vaccine is much less effective and only protects against so many strains of the flu, there are well, a lot of strains of the flu. I would say with the covid vaccine 95% is pretty damn good and basically the best we could have hoped for. We also all had vaccines when we were kids unless you have some weird anti vax parent who wouldn't give them to you which I don't know if that is even possible in the USA and apparently a lot of people forget that.

Also if you are vaccinated and somehow do get covid at least from what I understand its very unlikely that it will be deadly or even put you in the hospital. You will likely recover from it normally. I don't think anyone who has been vaccinated has died from covid yet, or become seriously ill from it if you are vaccinated.",2.0,AskReddit,2021-04-30 03:35:27
"Because the idea of a mask was for you to not spread droplets of COVID from sneezing and etc if you had it.

If you got a vaccine, your body was given a disarmed version of COVID for your body to develop anti-bodies against it. Meaning you're no longer spreading the virus around if you've been vaccinated.",0.0,AskReddit,2021-04-30 19:38:12
That isn’t being an anti vaxxer. I’m still against the covid vaccine because it’s still experimental.,2.0,AskReddit,2021-04-30 22:46:49
Im not a anti-vaccer or anything. But I am cautious about getting a covid-19 vaccine right now. Since they are in such a early stage of development. And i am not sure if they have any side affects that i wouldn't like.,1.0,AskReddit,2021-05-01 23:09:03
"As left as they come, but covid vaccine requirements for work just rub me the wrong way. That being said I’ve got my two shots, am very pro-vaccine, and think anti-Vaxers are total idiots. But forcing requirements for vaccines in some companies just feels bad to me.",1.0,AskReddit,2021-05-02 03:11:34
"Unfortunately,  because of poor economic standing and high mistrust in the medical competencies of the government (many, justified) the covid pandemic waa a disaster here. Mounting anti vaccine sentiments are also on the rise.


however, Ukraine is a great place, it's beautiful, culturally rich and very diverse, affordable (if you're on a foreigners salary) and quite responsive to foreign immigration. There are many after effects of the Soviet Union, of course, but not ALL are terrible. That would be not truthful.",11.0,AskReddit,2021-05-02 14:06:36
"Are all vaccines the same vaccine? Are all deseases the same desease? Is polio the same as covid 19? Which polio vaccines were effective and which ones weren't? Is the covid 19 vaccine the same as a polio vaccine? What do you mean by ""every possible citizen"", and how do vaccines communicate amongst themselves when they start working? If I take the vaccine, unless every single person in the world takes it, it won't work? What is normalcy? What if someone does not wish to return to normalcy, what if a group of people, a large group like it as it is? Why is return to normalcy a preferred outcome? What if the people handling the system that you cannot even think about, what if they will be the anti-vaxxers? If they are everywhere, maybe they can infiltrate and subvert institutions? What if they buy off scientists and television and become successful in their alternative economies? Will you believe the anti vaccination point of view when they are the authoritative source? It happened before with sugar and tobacco and the Tuskegee experiment. Why can't your point of view not be engineered as it was many times before?",1.0,AskReddit,2021-05-02 14:13:03
"I would say that historically the anti-vaxxer movement has been more on the liberal side, but I think the Covid-19 vaccine specifically has been demonized by the right.  Trump did everything he could to downplay and ignore the dangers of Covid-19, and a lot of his followers seem to equate getting the vaccine with bowing to liberal pressure.  From a recent Vanity Fair article: ""According to a Monmouth University poll conducted between April 8 and April 12, a whopping 43% of Republicans say they’ll never get the coronavirus vaccine (versus just 5% of Democrats).""",2.0,AskReddit,2021-05-02 16:27:49
"Maybe don't try to force people to do something they don't want to do. It's ok to disagree, but it's not ok to force opinions on people. 

I myself will be waiting a long time before I get any Covid vaccine, no because of anti-vaxxer ideas, but because it's just too risky. My sister is the same. All our family members who are getting vaccinated have simply said that it's our choice. 

One of them spent the week following the vaccination in bed with rashes, swollen limbs, and nausea. To which they said maybe we have a point, to which we responded that it was their choice to make and we had no right to tell them otherwise.

The lesson is just respect other people's choices and stop causing fights over opinions.",1.0,AskReddit,2021-05-02 19:59:55
"Not me, but my dad

After he took the Covid-19 vaccine his nose bleed _alot_ and he went to a hospital and almost bit the dust, not sure if that's only a side effect in the german one or its just bad

(This isn't a anti Covid-19 vaccine post)",4.0,AskReddit,2021-05-02 20:08:26
"I am afraid to tell people that I don't want the covid vaccine. I live in Canada and 2 of the 4 vaccines (astra zenica and johnson &amp; johnson) have been banned by other countries. Less than 30% of people in Canada have been vaccinated and 50% of the vaccines have been deemed dangerous by other countries. I am not anti vaccine, I get the flu shot every year but that along with many other things causes me to pause. However, even when I tell people I want to wait a little longer before getting the vaccine they say I want children to die or call me a crazy conspiracy theorist. So I just keep my mouth shut and try to not tell people that I am waiting to see how things play out. I feel like a lot of people feel this way but are bullied into saying otherwise.",4.0,AskReddit,2021-05-02 21:28:00
"Sadly I can see/understand how Anti Vax came to be. (And by extension Covid denial)

When vaccines where first introduced every parent sent their kids to get them. Why? Because they saw the crippling and/or fatal alternative. The risk of side effects where far outweighed by the reward of not dying from disease.

So everyone did it. And heard immunity flourished to the point where the diseases where almost eradicated and the children and grandchildren of first  generation vaccine receivers never saw what it used to be like.

Vaccines where successful. Too successful and became victims of their own success.

So the parents don't see the rewards. And they don't know or understand what is in a vaccine. And wanting to keep their children safe they don't want ""science mumbo jumbo"" put in them for a ""non existent"" threat.

It boils down to fear, lack of knowledge and trying to feel like they can positively control their kids lives. Add in the Wakefield study and it has exploded into what we are facing now. 

I'd wager Anti Covid people feel the same. The world has drastically changed and they feel afraid, powerless and uncertain. There isn't much you can control but you can control wearing a mask and if you don't believe then you can try to force life to being normal",3.0,AskReddit,2021-05-02 22:47:52
"There would of course be exceptions, for the same reasons we need people to get vaccinated in the first place.  Nearly 3% of the US population, for example, is immunosuppressed or immunocompromised.  Sometimes this is congenital, sometimes the result of chemotherapy or anti-rejection meds after organ transplant.  Nobody is suggesting these people get the vaccine either willingly or unwillingly, and the only way we can protect them is to achieve herd immunity so that they can go about their lives as best they can.  There are also diabetics and certain allergies that have to be taken into account.  

But given those obvious stipulations, I would support mandatory vaccination, whole-heartedly.  Unless you live entirely off the grid, or cited some stupid religious grounds I wouldn't respect in the first place, everybody already receives vaccines at different stages of childhood.  You can simply add this to the list.  It directly prevents harm to the community - particularly that 3% (also include fetuses in that, if you're so inclined).  

However the reality is there are only certain ways we could go about it.  As we currently do with school enrollment, we can federally mandate certain institutions or places of employment to require vaccination cards.  These are the cards you get at the vaccination site that track your doses.  Using them as 'passports' for entry into public areas for as long as Covid remains a public health risk should be enough to get us past that crucial 70-75% (I mean, 90% would be ideal).  Sure, people could use Peapod to deliver groceries for the rest of their life and remain unvaccinated, but I think the majority of unvaccinated would come around.  

We also need better information campaigns so that those people with fears can understand what is and isn't a legitimate concern.",1.0,AskReddit,2021-05-03 04:10:57
They are misinformed. They think the risks getting the vaccine are greater than the risk of getting the disease. Some are just anti science because of religious beliefs. Just like those ppl that thought praying to jesus would protect them from coronavirus. They are just scared and look to the wrong places for direction. Some are also just crazy and believe it's a conspiracy to put trackers in them. Some US congressman literally asked a doctor if the covid vaccine had trackers in it on live television the other day.,2.0,AskReddit,2021-05-03 13:04:37
"Given the absolute massive influx that the anti-vax community has gained recently, it doesn't look like modern medicine is enough anymore. For now, its not trusting the covid vaccine or believing it pointless. Next year, why bother to get our children vaccinated against polio, we didn't get the covid vaccine and Karen says that they cause autism anyways. Next decade, people will be dying en mass to preventable diseases and viruses because ""vaccines make you go to Hell, mark of beast, government chips, nanny state!!!""

Humanity is doomed if anti-vaxx maintains its popularity. At first it was a fringe group of dumb Facebook moms and religious zealots everybody agreed were morons. Now, being anti-vaxx is a statement about how Conservative and non-liberal one is.",1.0,AskReddit,2021-05-03 15:48:19
"I'm not anti vac, but this covid shot seems more political than anything. Remember hearing when it first came out everyone was upset cause trump only order enough for like 50million people and wasn't able to receive anymore til mid summer because of demand. Biden becomes president and suddenly we have so much in April that it's expires before we can use it. The announcement of 2 days after election was called that we have a vaccine. The whole j+j blood clot thing didn't help anything.",1.0,AskReddit,2021-05-03 18:13:23
"There's this thing going around on anti-vax social media about how ""DEATHS AFTER VACCINATION HAVE SPIKED 6000% THIS YEAR"". They have. However, think about the average age people get every other vaccine. You get them while you are a child. The sudden, massive influx of seniors getting covid vaccines has made people much more likely to die in the 2 weeks after a vaccine, since old people normally don't get vaccines.",1.0,AskReddit,2021-05-03 18:38:11
"Is this really the precedent you want to set? Once you force people to take a vaccine you open the door to force other medical procedures onto people. And since you already did it once it makes it a lot easier to do it again. 

Would you be okay with forced sterilization to stop the spread of hereditary conditions? How about if someone is diagnosed with terminal cancer? Would you support a measure that would require them to be terminated before the cancer became extremely expensive to treat? I mean it's terminal, so it's not like they're going to survive it. Why not just kill them instead of spending resources on keeping them alive? Why stop at a vaccine? Why not just send everyone with covid to live in a colony to stop the virus from spreading?

Seriously man, as much as I understand everyone's frustration with anti-vax people you DO NOT want the government to be able to force them on people. I just think of the extremists on the Anti-Vax side of things and think that if they were forced to get vaccinated the crazy violence they would get behind would probably cause more death than whatever illness you're trying to eradicate with vaccines. You think covid kills a lot of people? See how many people anti-vax nutcases would kill with bombs and shit if you force them to take the covid vaccine.",1.0,AskReddit,2021-05-04 19:26:41
"There is this crazy anti-vax neighbor. Here are a few arguments he tried making:

1. The COVID-19 vaccine isn’t actually a vaccine
2. The COVID-19 vaccine doesn’t actually promote immunity
3. COVID-19 is completely overblown and pharmaceutical companies are just using it to make money with fake vaccines.
4. The vaccine has liquid mercury in it (yes, he seriously argued this)
5. Masks dont work",2.0,AskReddit,2021-05-05 03:32:32
"Vaccines. I'm not anti vax by any means, myself, my children have all been vaccinated against polio, mumps, scarlet fever ect. I'm tired of people being rude and ignorant when I say I am going to pass on the covid vaccine for now.",-1.0,AskReddit,2021-05-05 03:33:01
"Any COVID denier. (SERIOUS) My cousin who is actually a nurse ( a shitty school nurse btw), and still feels that way. Anti-vaccine, gun toting, essential oil pushing, Bible hugging. I am embarrassed to be related to her. She and her son post revolting COVID anti-vaxx propaganda on a daily basis on social media basically mocking anyone who believes that there is a virus. They claim to have had it and that it's not a big deal, then at the same time whine that it's not real. She shits all over any doctor even if they're from Harvard for God's sake and claims she's more knowledgeable. She truly believes world leaders and top CDC/WHO specialists got together and made the whole thing up. Even more unbelievable is that there are a whole bunch of people out there like this. It's disgusting and amazing at the same time.",1.0,AskReddit,2021-05-05 03:59:55
"You know how drug commercials always say ""do not take if you're pregnant or planning on becoming pregnant""? Same deal here. Vaccine hasn't been out long enough for full term pregnancies to happen. There's zero data.

We're waiting for enough full term babies with 10 fingers and 10 toes to be born before getting the shot. Not generally anti-vaxers, but we'll hold off for a while here.

Plus we've both had Covid and it was mild. We're in the young and fit category. Might as well let somebody else test their babies with it.",4.0,AskReddit,2021-05-05 12:33:15
"I know a few guys at work. All ex military. Cant remember what it was for but they have stories of a disease/virus (?) in the not so distant past where a vaccine was developed quickly for military personnel. 

Long term it gave a lot of people bad digestive/intestinal problems. So they don’t want it for that reason. They’re mostly young, otherwise healthy people who most likely would survive a bout of Covid anyway so that’s their take. 

They definitely aren’t anti Vaxers as such but don’t want any of these vaccines until it’s had a little longer term testing",5.0,AskReddit,2021-05-05 14:50:35
"I do my own research... reading in reputable scientific sources from experts in their fields. You are the one making an extraordinary claim (10k+ people dying from COVID vaccine) so it is on you to provide links to the relevant data, from reliable sources.

I have done extensive research on this topic. I grew up anti-vax, and was concerned about the vaccine myself. I did a lot of research, have read things from all sides, and trust the experts in virology, epidemiology, and immunology over anonymous sources or discredited doctors.",0.0,AskReddit,2021-05-05 15:24:47
"The COVID-19 Vaccine is a human experiment on millions of people. It hasn’t gone through anywhere close to the clinical trials a normal vaccine would be subject to.

(Not an anti-vaxxer, got my second shot just today).",2.0,AskReddit,2021-05-05 20:04:48
"Truly ignorant here. Why isn't the Covid vaccine a vaccine ""by definition?"" And who is arguing it's not a vaccine? Is it anti-vaxers? Because there would be a hilarious irony there.",9.0,AskReddit,2021-05-06 00:29:07
I'm not sure if it's the anti-vaxers in general or just people who are covid deniers. But because it doesn't have a weak version of the virus in it that it doesn't count as a vaccine.,9.0,AskReddit,2021-05-06 00:40:19
Oh they are indeed. People who don’t want the covid vaccine are called anti-vaxxers on a daily basis.,2.0,AskReddit,2021-05-06 01:32:32
Are you an anti-vaccine person or just against covid vaccine?,0.0,AskReddit,2021-05-06 02:42:38
"The thing is I don't actually mistrust ""science"". I love science and new scientific studies and all sorts of stuff. Shit I'm not even anti vax man. I think vaccines can be good. 

There is just something with this vaccine and covid in general that is extremely fishy to me. 

And there has been complications with the new vaccine, a lot actually. And even if you don't die from it immediately, what are the long term effects going to be? Why won't they say exactly what is in the vaccine? Why is there some much propaganda pushing it? 

it's just fishy man. 

And yes, I have always been extremely mistrusting of the government. And that is why we live the way we do, we try as hard as we can to not need to rely on society. 

Scientist may not be the enemy, but the government is. This is the same government that kicked my ancestors from their native land and forced them to march a thousand miles in the winter to a land that is shitty af. And to top it all off, they gave them blankets ( because it's winter ) that were infected with polio. 

This also comes from the same governments that my fiance's ancestors fought against for decades. And now because they didn't submit to them, their band of people are not recognized by the federal government as a native tribe. So they don't have the same rights.

These are the same governments that have lied, and lied and lied again for thier own benefit and control. 

Vietnam 
9/11
All the wars in the middle east

I don't believe anything they say, especially if they are trying to push it this hard. It screams ulterior motives to me. 

And yea honestly, you and I would probably get along. I get along with most people. Our views on death are definitely vastly different than most people, but we just don't view death as a bad thing for the soul. Yes, it would make me sad if my loved one or my dog , my grandma or whatever dies, shit I still feel bad killing a deer or an elk for my own food. But it doesn't make it a bad thing, death is just a transition to the next state.",1.0,AskReddit,2021-05-06 07:29:33
Anti-vaxx or not taking the COVID vaccine that will mutate for the foreseeable future requiring additional shots similar to that of the flu since herd immunity is our best option and the current vaccines doesn't cure/prevent spread.,1.0,AskReddit,2021-05-06 16:41:08
As in anti Covid vaccine or vaccines in general?,2.0,AskReddit,2021-05-06 16:50:54
Important question. I’m not anti vaccine in general but at the very least will hold off on Covid vaccine until there is more data on long term affects.,2.0,AskReddit,2021-05-06 17:07:36
"Currently the vaccines are solving this strain of the virus helping reduce fatalities. 100%. However this virus is acting similar to that of the flu which leads us to believe that there will be multiple iterations of the virus requiring multiple vaccines down the line (a year or years). Hopefully not but lets look at statistics. So with the current vaccines they don't remove the possibilities of a vaccinated person contracting the virus, being asymptomatic, and then passing the virus to non infected peoples. If you follow covid guidelines and are younger and of better health you have a reason to avoid the vaccine until more research has been conducted. It isn't a sure safe bet though and it is risky however the vaccine is not exterminating the virus as we had hoped and as seen recently with the UK mutations develop rapidly. Its not the best game of chance but if you drink eat at mcdonalds, drink alcohol or smoke you're also playing a game albeit with greater chances. The question is where do you draw the line. If the virus was completely eradicated from this vaccine and you didn't take it that is endangering the public similar to an anti-smallpox person would be. Right now avoiding the covid vaxx is avoiding a flu shot that has more likely dire consequences.",1.0,AskReddit,2021-05-06 17:47:55
"Calling people anti-science because it's not what one scientist says doesn't mean that. Pretending that there is ONE science is disingenuous to your argument because if it wasn't science it would be fact. For example. The ""science"" first on covid was don't wear masks because they don't do anything unless worn properly by professionals. Then everyone wear masks because why not, that makes sense, right? Then it's okay vaccines are coming so you don't have to wear masks cause you'll be immune. Okay now it's even with a vaccine you have to mask unless you're OUTDOORS? or the fact that if you get covid you're pretty much immune from it and apparently that doesn't matter to anyone. Or that there's no scientific evidence that re-usable cloth masks that are shoved in your glove box and aren't cleaned properly after every use are in any way shape or form useful, (they might actually be the opposite if you look into it).

So nah. Calling people anti science for something like that should have read ""anti-politics""",-2.0,AskReddit,2021-05-06 18:14:20
"Where have i said anything about being anti Vax, except for this ""vaccine""? How many of those millions that have died were at risk and likely would have died from ANY respiratory virus? That's not even taking into account countries like the uk that count your death as a covid death regardless of what you REALLY died of if you tested positive within 40 days? That sounds SUPER ACCURATE. 
Why are you so upset that peyote don't want to line up to be guinea pigs? You simply won't even acknowledge that the fda hasn't approved any of the treatments, making this a large test, rather than an innoculation. Not only that, not every single person needs to be given the Jab to achieve herd immunity. Viruses continue to mutate to become more transmittable, so are we expected to be given this shit year after year? If that's the case why get it at all? I'll take my chances with my human immune system that is well equipped to handle it. 
The fact of this whole thing is there is literally nothing i can show you/ tell you that's going to make you see anything other than what you've been led to believe. There is data out there to prove any point you or i want to make and youre not going to change your mind and I'm free to make up mine as i see fit. Until there is long term data proving this experiment is safe, im not going to put it in my body. You are free to do it if you feel like you need to. But you don't have any right to tell me i have to do it too.",1.0,AskReddit,2021-05-06 19:02:51
"Is it though? I usually take the approach of leaving people alone, but recently a family friend has been posting anti-COVID shit online and today I ""snapped"" when she posted a ""Proudly not vaccinated"" meme and I finally said something to the effect of ""The vaccine is safe and effective and there really is no reason other than selfishness or ignorance for not getting the vaccine"" and had my comment deleted and was promptly defriended. What good has that done? So few people are willing to reconsider their views and just isolate themselves in echo-chambers. Is it worth it? What good does it do?",0.0,AskReddit,2021-05-06 22:40:30
"Being skeptical about one rushed, experimental vaccine doesn’t make me an anti-vaxxer. 

Ive had all of my vaccines as a kid, and I wouldn’t hesitate to give them to my kid if I had one. But this rushed COVID vaccine simply hasn’t been studied enough for me to feel good about taking it.",1.0,AskReddit,2021-05-07 04:12:43
" Don't be anti-science and anti-vaccine. We have whipped many contagions with vaccines, including polio. Here is positive and healthy info from UPMC.

 At UPMC, we continue to vaccinate people 16 years old and older in our  communities. The COVID-19 vaccine is a safe and effective tool in  stopping the spread of COVID-19. To date, we have distributed more than  515,000 doses across all of the regions we serve.  
 

To schedule your vaccine today, visit [Vaccine.UPMC.com](https://click.notify.upmc.com/?qs=c850c5db6bfed2e89e22974b6c1b2a09b76efd94c103d83c124e5ad87258f992ac386188114b66b41696e04b88d14cde953741cb08475962). You will be able to schedule an appointment online or by phone at a convenient time and location.   
 

For more information about our COVID-19 vaccination efforts, visit [UPMC.com/COVIDVaccine](https://click.notify.upmc.com/?qs=c850c5db6bfed2e83368c08b1826fd5624dbb175d901744a6ca2807159056d19155e3474001a265b65dadce6c041137a6934cb72da450d5b).",2.0,AskReddit,2021-05-07 12:49:14
