comments,score,subreddit,time_created
"“Known unknown” is cool and all, but this is a highly infectious virus. Sure you “don’t know” but the potential for it to completely fuck up you and everyone you know is there. I had a COVID similar illness the November before COVID hit, and my lungs have not been the same, early 30s non smoker lifetime of being a gym rat, national rugby player. It can fuck you up, and you don’t know otherwise until you get it or a vaccine, and there will never be a moment where they can predict exactly what will happen to you or your family or anyone else you expose.

So: extremely logical to wear a mask. Panicking about it obviously not logical, but panick in general is not logical and not useful, so you’re not really saying any thing other than bothsidesing masks vs anti masks, which is **objectively** stupid.",1.0,AskReddit,2021-03-07 15:56:56
"At this point we have a vaccine.

Why are we making people that are immune, and don’t carry nor have the virus, wear a mask? That’s like making somebody who doesn’t have cancer take chemo, albeit less extreme. 

In addition to this: seeing as COVID is basically the cold, albeit the cold on steroids. Attempting to slow the spread in any way is futile, just like everybody gets the cold, everybody will get covid at some point, you might have had it already. I know I did, I’m still fine.",1.0,AskReddit,2021-03-07 16:04:09
"I'm just going to put this out there.

I DO claim that masks do not work as effectively as people believe they do, same as how the vaccine isn't just a one shot and you're immune type thing.

most people are buying cheap, thin masks that they either don't wear properly or constantly touch and adjust, making them almost completely ineffective.

To make them work, they need to be worn correctly, Not messed with, and not made of a cheap material that was sold to you cheap because you didn't feel like spending money.

If you decide to start wearing 2 or 3, will that prevent infections? possibly.
Will that also lead to different health issues? again, probably.

It's less a point of ""masks don't work I won't wear them"" like we're all a bunch of karens and more ""masks are being worn correctly, and I don't want people using the excuse of wearing one as a means of them getting into a close proximity like going to a party or gathering.""

I've already had covid once- and it was for the exact reason I've just stated. I wear my mask, but that doesn't protect me enough from idiots that don't.",1.0,AskReddit,2021-03-07 16:10:18
"&gt;&gt;If at any point you are dismissive of this virus, know that you know absolutely nothing about it, you will never know anything about it

I am on the vaccine trials. I put myself forward (for no financial gain). I know about this virus.

&gt;so minimizing the effects publicly

Is not what I am doing. Everything I have said here is true, and in context. ""Long covid"" is poorly defined - this is not a call to ignore it, it is a call for medicine to better and more accurately define it. Right now if you have some sore joints, or mild pins and needles, you could be diagnosed as suffering ""long covid"". This kind of lazy/unclear direction just causes people to lose faith in the institutions we're supposed to trust.

&gt;bothsidesing masks vs anti masks

Again, not what I'm doing. I wear a mask. I believe everyone **should**. What I am against is turning that *should* into a *must*.",1.0,AskReddit,2021-03-07 16:14:53
Yeah I heard about this : Doesn't it use similar technology to the covid vaccine? Gene mapping is wild,1.0,AskReddit,2021-03-07 16:24:48
Covid is real. The response was fabricated. The extent to which the restrictions affect our lives rest solely on politicians and not on anyone who does or doesn’t wear a mask/get a vaccine.,1.0,AskReddit,2021-03-07 16:44:22
"Lol
Firstly.. the virus does not exist. Everything is now labelled as “covid”
There’s a new disease but it’s caused by 5G 

Secondly.. the way they will depopulate is using the poison vaccine 

Patients are being killed in hospitals with respirators and DNR orders (do not resuscitate)

In care homes, the elderly are being neglected and pretty much left to die as well",1.0,AskReddit,2021-03-08 00:25:09
"The internet

Smart phones (essentially are tricorders)

Touch screens

It really is amazing we got a covid vaccine in just 10 months",1.0,AskReddit,2021-03-08 01:50:54
"FOID card, drivers license, $20 bill, $2 bill, random gift cards, AAA card, library card, debit/credit card, my car key, 1 quarter, insurance card, &amp; my Covid Vaccine card",1.0,AskReddit,2021-03-08 01:59:07
I didn’t hear that. I never heard that some people can’t get the vaccine. If that’s true then I hope they never get Covid because the Maxine is derived from the coronavirus.,1.0,AskReddit,2021-03-08 02:34:42
"I'm not at all in favor of coercing vaccination, but I would like to point out that covid vaccine does not contain the covid virus, so it cannot infect you

Some vaccines like MMR do contain the live viruses, but not all do, for example there is no way to get hepatitis from a hepatitis shot",1.0,AskReddit,2021-03-08 03:21:44
"what kind of argument is this&gt;? Most unvaccinated kids survive, covid vaccine isn't even given to kids, and because of this autism is not being used as an argument against covid vaccine",1.0,AskReddit,2021-03-08 03:26:26
"Your body is not 'fighting' the vaccine. Unlike some other vaccines, the COVID vaccine does not contain any actual virus. See 'mRNA.'",1.0,AskReddit,2021-03-08 03:50:26
"On break from my job, helping my government's stockpile of medical supplies get distributed to various jurisdictions to support the vaccine roll-out (we receive freezers from the factory one day and ship them out the next) and to help various regions in case of a third wave of COVID-19 (we have a convention centre worth of ventilators that we are gradually shipping out after it took until the middle of the second wave to get all of them).",1.0,AskReddit,2021-03-08 15:21:36
"Covid makes this difficult because you can really only be outside to be as safe as possible. I usually end up suggesting a walk by the river during the day, which is heavily populated. Even at night it's populated, so during the summer one night I ended up going on a first date by there. I suggested a dock I knew which was well lit and always had people there. She texts me when she got there and I find out she's waiting by the dark, abandoned amphitheater that is hidden away by bushes and trees. I meet her and am like ""yea let's go over *there*"" (gestures towards the light, and people). It was awkward and I hated it. Hoping by the summer, many people will have had the vaccine and I'll feel safer sitting at outdoor restaurants.",1.0,AskReddit,2021-03-08 16:28:01
"It doesn't cause covid, it is a mind control device and will become activated when you get the vaccine",1.0,AskReddit,2021-03-08 18:04:48
"My dad refusing to get a cell phone. Insists he doesn't need one, despite all the problems that could be rectified if he had one. A recent example, my parents are both retired and just share one car. My mom was scheduled to get her covid vaccine Sunday morning. My dad forgot, went out early in the morning for coffee and to go grocery shopping. Mom woke up to no car and not knowing where my dad was, with no way to get ahold of him. 

Dad was 5 mins away and could've come back easily to either give her a ride or give her the car. Mom didn't get her vaccine. This is just one of countless examples of problems that are so easily avoidable, and I think it's purely because my dad is embarrassed about not knowing how to use a cell phone so he avoids it at all costs.",1.0,AskReddit,2021-03-08 18:07:22
"I caught Covid and recovered back in December, therefore my body will have developed natural immunity. The CDC says people who've had the illness should still get vaccinated because ""we don't know how long your natural immunity will last,"" implying that vaccines provide longer lasting protection. But vaccines work by triggering your body's natural defenses, as if you'd had the disease, right? So what is the vaccine doing that my body hasn't already got going on? For the record, I'm not an anti-vaxxer or anything, I'd just like to understand.",1.0,AskReddit,2021-03-08 18:37:01
"Be ready for the landslide.

The reason we want people vaccinating even if they had it is that we do know that the vaccine immunity is lasting so far, whereas there are people getting sick again just a few months later. 

Even with what we know about the vaccine, we only know how long, based on regularly testing the original recipients in a large enough group to see they're maintaining immunity. COVID vaccines could be annual like the flu, or bi-annual or a 5 year wane. Since it's new, we're playing that by ear in a way.

The reason this is 100% make or break, must vaccinate instead of a coin toss basically, is because we must have reliability to eliminate enough hosts, that the virus will not mutate enough times to use up the vaccine cushion. Viruses mutate and vaccines are made with that in mind, but there is only so much cushion. We will start the whole thing almost at zero if we lose the efficacy of these vaccines.",1.0,AskReddit,2021-03-08 18:53:46
"Big Government can't make Money off of natural Immunity. Where  artificial immunity makes money and helps the MSM push more Fear mongering to force compliance. They cannot make money off of you if you are not forced to pay for a vaccine you don't actually need.

Now before you all freak out, yes this covid is real. I never said that. But 90% of what they are FORCING us to do in the ""name of safety"" is a load of crap. If you really think an old Tee-shirt over your face is adequate protection from this then sorry but you are gullible.

&amp;#x200B;

Also not an Anti-vaxxer, but at the same time if the vaccine has a 95% cure rate or protection rate and my own immune system has a 99.8% cure rate or protection rate I'm good thank you.

And I question something that they want me to take that the first thing they did was claim immunity from any and all side effects? So they don't trust or actually know what it will do, but I have to take it? Big nope.",1.0,AskReddit,2021-03-08 19:04:03
"Getting the virus can kill you, potentially give you a life long condition (we don’t know if COVID can do this, but long COVID is a thing), put you at risk of other illnesses (again, this is in theory), cost who knows how many thousands of dollars in health expenses and ultimately overwhelm the health care system, leading to more deaths. 

The vaccine won’t do any of these. It will also be a lot faster to get to immunity with vaccines.",1.0,AskReddit,2021-03-08 19:29:38
"Hypodermic needles. It's the main reason I don't bother with consistently seeing a primary care doctor. If 9 times out of 10 I'm not going to let him or a nurse stick me with a needle for any reason, there's really no reason to waste time or money to go in just to have him tell me I'm overweight and I need to eat better. I can figure basic health fitness problems/resolutions on my own.

It's also the only reason I've been procrastinating getting a COVID vaccine.",1.0,AskReddit,2021-03-08 19:43:03
"Kinda rough. I had my COVID vaccine yesterday and I'm dealing with a few side-effects. Nothing too bad, but I'm just tired and achey. I had a pretty bad headache this morning. 

I think I'll be okay by tomorrow.",1.0,AskReddit,2021-03-08 20:07:58
"That's the mechanism that we've traditionally used to create vaccines. The new generation of mrna vaccines is very different. Here are some words from someone smarter than me. 

https://ndworks.nd.edu/news/how-do-mrna-covid-19-vaccines-work/

&gt;“An mRNA vaccine works a little differently than most other vaccines that are available to us, such as a more traditional mechanism of vaccination for the measles or the flu or chickenpox. Typically, those either use a weakened, killed or a picked-apart copy of the virus that won’t normally cause you to contract disease, but it's similar enough to the real virus or bacteria that your body mounts an immune response to the real version.

&gt;“The way these new mRNA vaccines work is the mRNA molecule is surrounded by a lipid shell or kind of a chunk of fat, and all that chunk of fat does is allow that mRNA molecule to enter your cells, otherwise mRNA can't get past the membrane. And once it's there, your body reads that mRNA and uses its natural machinery to produce a specific protein that would naturally be on the virus that you are vaccinating against — in this case, the spike protein, which a lot of people have probably heard of for COVID. Your body naturally recognizes that spike protein, after your cell makes it, as something bad. And it makes a bunch of immune responses to that spike protein without you ever having to have the virus inside your body ...",4.0,AskReddit,2021-03-08 20:35:34
"The covid vaccine is a sars variant, not something they pulled out of their ass in 8 months",1.0,AskReddit,2021-03-08 20:44:47
"immunity via vaccine is better since you do not have to go through that virus/disease/illness, in order to get any immunity to it.

I had Covid. It took me out for MONTHS. I am now on blood thinners for what may be the rest of my life. I would have MUCH preferred to NOT get the virus itself, and just get immunity to Covid via a vaccine",1.0,AskReddit,2021-03-08 21:01:36
Same I’m packin. Thnx covid vaccine,3.0,AskReddit,2021-03-08 21:17:32
Got my first dose of covid vaccine today!! Might be able to visit my mom for Mother's Day. Haven't seen her for over a year; 18 months by May.,2.0,AskReddit,2021-03-08 21:24:53
"I'm on my way there. I do t hate them but I'm fast on my way to really wanting nothing more to do with them for the most part. 

My mom has radicalized herself and follows the Trump cult. She is now an antivaxxer and she and my dad refuse to get the vaccine. They still believe hydroxychloroquine is a good treatment for it and claim that the CDD even says so (and then will cite a website that is not the CDC). She also tried to then say the CDC is lying about the vaccine being safe and that covid is just a flu.... nevermore that half a million people have died from it. Just a flu.

Her and my dad were always loving and supportive, to the best of their abilities, provided me with plenty of gifts and a good life. But they also continually vote republican even though the republican party has made it clear they are anti gay rights. I'm gay so, while I'm. It always pleased with the democratic party at least they want to give me rights.

I don't know you how can claim to love your kids and still support a political party that doesnt even see your child as human.",3.0,AskReddit,2021-03-08 22:07:19
My wife got home this afternoon and was extremely excited.  She had received her first dose of the vaccine.  Not more than an hour later she got a call from someone she was with on Friday telling her that she had tested positive.  Should she go get a test?  Will the vaccine signal a false positive? Is the vaccine even effective if you have covid when you get the shot?,1.0,AskReddit,2021-03-08 23:15:13
My wife got home this afternoon and was extremely excited. She had received her first dose of the vaccine. Not more than an hour later she got a call from someone she was with on Friday telling her that she had tested positive. Should she go get a test? Will the vaccine signal a false positive? Is the vaccine even effective if you have covid when you get the shot?,1.0,AskReddit,2021-03-09 00:11:12
Probably a case of the Covid vaccine,1.0,AskReddit,2021-03-09 00:21:42
"oof... for the plebs I'd be happy to elaborate (even though this info is readily available.....)

 This is not a vaccine. we are using the term vaccine to sneak this under public health exceptions. This is an mRNA packaged in fat, delivered to a cell, like a medical device. Designed to stimulate a human cell into becoming a pathogen creator (poison). Vaccines are a LEGALLY defined term, in public health laws, CDC and FDA. Specifically, a vaccine has to stimulate immunity and it has to disrupt transmission. That is NOT what this is. They have been abundantly clear (for those listening) in saying that the mRNA stan that is going into the cell is NOT to stop transmission. IT IS A TREATMENT. Wear a mask lol. If we were to discuss this as what it is, a treatment, it would not get the sympathetic ear of public health authorities bc people would ask ""okay, what other treatments are availble?"" (ivermectin). The use of the term Vaccine is unconscionable for both the legal definition and bc it is the sucker punch for open and free discourse. By saying vaccine you dump it into a anti or pro heated topic. MANIPULATION. the company Moderna (ModRNA) was started as a chemotherapy company for cancer... not a vaccine manufacturer. say... if we said we were going to give people a prophylactic chemo treatment for cancer they dont have you would be laughed out of the room. Because its a stupid, backwards, idiotic idea. This is a treatment, mechanical device, a small packet of technology, being injected into human beings to cause it to create pathogens (poison). Do you know what an autoimmune disease is? how about AIDS? That is what is taking place with this injection. It meets all the definitions by the CDRH of a medical device. It is not a LIVING SYSTEM, as the legal definition of a vaccine mandates. That's where you are right now, defending the covid ""vaccine"" don't be dumb.",1.0,AskReddit,2021-03-09 01:07:37
"A vaccine helps prevent something from happening, such as lowering your chances of getting COVID-19, a cure completely wipes it out.",1.0,AskReddit,2021-03-09 02:57:20
"Electric cars, monorails, GTA VI, COVID vaccine, electric planes, more renewable energies powering our homes, my first car, my first home, the possibility to have a girlfriend in a close future and wayyy more",1.0,AskReddit,2021-03-09 03:09:09
"I look up how many millions of people were killed by the COVID ""vaccine"" in 2021 and beyond.",1.0,AskReddit,2021-03-09 03:26:05
I got the covid vaccine. First shot wasn't that bad. I guess I handled the second shot better than Kennedy.,1.0,AskReddit,2021-03-09 04:54:50
"Sure! I think the best example is probably the internet, but there's also rocketry, computers, nuclear energy, and antibiotics! Now, a lot of these things have obvious military uses, but the fact is that almost everything does. Anything from concrete to vaccines ultimately stem from a need of military supremacy.
The COVID vaccine is a great counterexample to my point, and it totally demonstrates that the public sector absolutely can outpace the government. But the case of the vaccine is special for two reasons:
One, it's not exactly new tech. Developing the COVID vaccine isn't an example of brand new innovation, it's an example of doing an awesome job reapplying old innovation and distributing it. Again, I think the government is great at creating new technology (such as researching the idea of mRNA vaccines,) but horrible at actually distributing that technology (such as developing and distributing the vaccine).
Second, the US government pretty much DID produce the vaccine (at least as much as they produced the moon rocket or the white house.) The US government is the one buying the vaccine; according to free market principles, the US government is creating the demand, and companies are satisfying it. This is the way all government technology works, from stealth fighters to buildings, government agents aren't actually designing them themselves, they're contracting them out to others.",1.0,AskReddit,2021-03-09 06:49:24
"What annoys me is loads of the people I know that are anti-GMO are inherently anti-science to some extent. Some of my best friends aren't exactly anti-vax, but they were very quick to jump on the ""I'm not against vaccines, but I don't feel there's a reason for me to take the unsafe COVID-vaccine"" bandwagon.",1.0,AskReddit,2021-03-09 06:52:30
"Well, considering he inherited a pandemic that was completely and totally ignored, he’s got to start from scratch. Trump’s inaction (and outright lies) can’t be quickly or easily undone. Biden is at least doing a decent job of getting the vaccine sent out and administered. There was never a chance that people weren’t going to continue to die at the rate they were simply because Biden took office. Anyone trying to peddle that kind of crap simply has no idea how to engage in discourse based on objective truth and fact. It says a lot about the people claiming “but people still died they day Biden took office” much more so than it says about Biden or his actions. 

It also has to be noted that while Biden was asking to be allowed to start working on COVID as early as possible, Trump was denying him at every corner because he believed he had a shot at overturning the election.",1.0,AskReddit,2021-03-09 07:33:45
COVID VACCINE,1.0,AskReddit,2021-03-09 07:35:10
"I was born in '98. Graduated high school with crippling depression but was bombarded with people telling me to go to college right away anyway. Ended up dropping out with thousands of dollars of debt before my first semester even ended. Spent the next couple years slowly recovering from that depression 'til I got to the point where I could gather the willpower to be able to go to a cheap community college and succeed. In what should've been my last semester I got hit with an illness that almost killed me; spent six weeks in a hospital and had to withdraw from college for that semester. And the next semester covid-19 causes in-person classes to be cancelled right as I get to the point in the curriculum when I got sick during the previous semester. I ended up failing one of my classes that I needed to graduate, even though I had near perfect grades up until in-person classes were cancelled. And now I'm just waiting to be able to get the covid vaccine and to be able to finish that last class I need. 

And while all that was going on, I have to worry about needing to gather up enough wealth to be able to buy a house and maybe retire at some point in my life. I honestly don't think I even have twenty years to do that; automation is quietly eating away at job opportunities and is forcing increased competition for the opportunities that remain. Job benefits and pay are steadily being worn down and it wouldn't be surprising to me if wages start decreasing within ten or fifteen years. (Wages were already nearly stagnant as of pre-covid, and the issues associated with automation are just going to grow exponentially.) Solutions to this might be things like universal basic income ~~or~~ and decoupling employment and healthcare, but there's zero chance those would be implemented in time-- or without being neutered to the point of ineffectiveness-- in the United States. I'd like to move out of the U.S. to a country more likely to implement policies that'd help, but you can't move out without tons of money and valuable skills-- neither of which I've been able to acquire.

And what if I want to have a family some day? As far as I'm aware, any children I would have will endure the same problems I will face except they'll be hit much harder. The only way I'd feel confident in having a family would be to have any children's finances for their entire life sorted out before they're even born. That's not happening unless I get hit with some one-in-a-million luck.

I guess I can sum up my feelings as: I feel like I have far less time to get my financial situation settled that any previous generation has had, all while life has been trying to knock me down at any opportunity.",1.0,AskReddit,2021-03-09 08:02:30
"Interesting, my 10 year old son and I were getting a flu shot last fall, got to talking how vaccines work and that we hoped there would be one for covid soon. My son was very interested in how vaccines worked and wanted to figure out how to make a “vaccine that just takes care of everything”. He’s always been interested in robots and science but it was interesting hearing him try to work through it",1.0,AskReddit,2021-03-09 08:29:38
"mRNA vaccine tech developed just in this last year due to COVID, has put us on the brink of potentially eradicating malaria!!",1.0,AskReddit,2021-03-09 09:03:52
"I work in healthcare and have had the first dose of the Astrazeneca vaccine (have my second dose next month). It has made me feel more at ease I suppose. Before I was vaccinated I took appropriate precaution - full PPE, distance when possible, cleaning every part of my body as often as possible lol, but almost felt that it was inevitable I would get Covid due to the nature of my work. Now I feel that I still have to be sensible, but the risk is much much lower. I will still continue to comply with PPE regulation in the workplace and wear my mask outdoors/in shops etc, but I guess I don't have that same sense of 'I'm definitely going to get Covid.

I also feel more at ease at home because I'm not so worried about infecting my loved ones. While I'm still obviously not inviting anyone over, the thought of say - going for a walk with a friend doesn't make me as anxious.",1.0,AskReddit,2021-03-09 10:16:49
"I strongly dislike my step-dad because I'm supposed to treat him with respect but he shows me little to no respect. He never apologizes to me for getting into an argument with me, but I'm supposed to apologize. He constantly talks about how different countries have faired better than ours with the Covid situation, despite those countries being less densely populated (so of course, they're doing better than we are, genius). He refuses to take the vaccine which potentially could put my entire family and friends at risk.

I know he's the only constant father figure I've had in my life but goddamn, he can be a jerk sometimes.",1.0,AskReddit,2021-03-09 10:47:56
"I always park in the back of the parking lot. I see people looping the damn lot trying to find a close spot, but if you park in the back it's easier to park, easier to get out, and just easier in general.

I also used to only shop with a handbasket instead of a cart (now I do larger trips, due to COVID, looking forward to the vaccine and going back to my browsing habits) so I had to carry all my groceries in my arms. Actually a good exercise in choices, you learn pretty quick not to buy food you don't *really* want if you have to carry it in your arms for approximately a mile through the store (bullion &gt; broth, I can add water myself thanks).",1.0,AskReddit,2021-03-09 15:08:49
"I'm not in any sort of risk group, and I'm in extremely good health. Plus, I've actually tested positive for COVID, but had no symptoms. It's apparently not something I have to worry about too much. It's the same reason I never get a flu shot: I never get sick.

To be clear, I probably *will* get the vaccine, because why not. I just have the luxury of waiting until most everyone else gets it.",1.0,AskReddit,2021-03-09 15:45:26
"False choice. Just because it isn't ""certified"" organic doesn't mean it's processed.

Hey, here's a riddle... 

I wonder how many of the folks who refuse to eat GMO engineered products are in a rush to get a Covid vaccine? Hmmmm.....?",1.0,AskReddit,2021-03-09 15:57:23
I don’t mind vaccines at all. But this Covid vaccine has not been extensively tested. Plus honestly I don’t get the flu shot so I won’t get the Covid shot.,1.0,AskReddit,2021-03-09 16:14:28
"I am 100% going to get the Covid-19 Vaccine when it is my turn. My parents will both be getting their second shot shortly and I am so relieved.

As for my reasons, my main reason is because I don't want myself or others to get sick. If basic human compassion and decency wasn't enough, then I feel I have a moral duty to get the vaccine. This is a huge problem, and in a lot of ways it has made me feel very powerless. Getting the vaccine gives me a way to positively and meaningfully affect my tiny part of the world. It gives me the power to actually do something about a large problem. This vaccine gives us an invaluable tool to hopefully return our lives back to normal without risking the lives of our loved ones.

Also, thank you to everyone else who has received the vaccine or is going to get the vaccine.",1.0,AskReddit,2021-03-09 16:14:57
"I don't distrust vaccines and I was vaccinated for pretty much everything they vaccine for where I live, but I can't say I trust the covid vaccines yet. 

My reason is, interestingly, science. They are very new and there is zero data on long term effectiveness, let alone on long term side effect.",1.0,AskReddit,2021-03-09 16:15:28
"Testing for it began in July 2020. To get put on the market, it has to go through many many tests and trials to ensure accuracy and effectiveness. If this data was not known, the vaccine would not be available to the public. Covid isn’t the flu. It is worse in terms of severity and long term effects.",1.0,AskReddit,2021-03-09 16:25:16
The first trials for the Covid vaccine began in July 2020. Vaccines have to go through a long line of tests before they are made available to the public.,1.0,AskReddit,2021-03-09 16:28:58
"I have been vaccinated and have interacted with those that later tested positive for Covid. So far, I have not developed any symptoms. The purpose of the vaccine is to reduce/prevent symptoms and infectiousness. It is true that there is limited data on if it prevents/reduces spread, but all three that are currently available have proven effective against severe illness (hospitalization) and death.",1.0,AskReddit,2021-03-09 16:33:38
I recommend everyone who’s worried about the COVID vaccine listen to the Sawbones episode about it. They do a good job of explaining what actually happened.,1.0,AskReddit,2021-03-09 16:36:11
"It might be, if there was a risk of death or life long ailment. I’m more worried about what that vaccine might do than I am about getting covid.",1.0,AskReddit,2021-03-09 16:40:43
"When they locked down Wuhan, I was absolutely shocked and distressed. I work in the medical industry in the US (research journal) &amp; have a passing interest in “plagues” so to speak (like looking up the history of Ebola, smallpox, HIV, etc). I was SUPER paranoid in late February, even ordered some non-perishables to be delivered that my husband thought was overkill.

My reasoning was - China &amp; other Asian countries are equipped to handle SARS-like viruses and similar outbreaks without super extreme measures. So, when I heard rumors of people being welded into their apartment buildings, I was SO worried. Images of bodies being hauled off from hospitals or stacking up in ambulances before they were removed from the internet :( it was just so spooky and eerie. If it was that bad under an authoritarian government that had experience in handling disease outbreaks, I could only imagine how the virus would thrive in other countries that didn’t have the resources or plans to control COVID.

I also texted my siblings to stock up on important items a week or two before shutdowns started happening (they were like, it really isn’t that bad? Who cares). Thankfully my family hasn’t been too badly affected so far, and I truly think the vaccine rollout is a Hail Mary for this entire thing, but I underestimated how politicized it would become. Like I figured there would be some morons, but not like half the country who didn’t think it was even real.",1.0,AskReddit,2021-03-09 17:50:05
Traditional influenza vaccines use [eggs to replicate the viral vectors](https://www.cdc.gov/flu/prevent/how-fluvaccine-made.htm#egg) but the new mRNA vaccines [do not utilize eggs this way](https://www.allergicliving.com/2020/12/16/faq-on-allergy-concerns-and-the-mrna-covid-19-vaccine/#:~:text=The%20CDC%20specifies%20that%20the%20two%20vaccines%20do%20not%20contain%20eggs). So here's hoping the manufacturers could switch gears quickly to produce an influenza vaccine lol.,1.0,AskReddit,2021-03-09 17:51:55
"I am not kidding, my parents have told me that if I get the COVID vaccine they will disown me.",1.0,AskReddit,2021-03-09 18:33:46
"I’m worried about the Covid vaccine because it can cause skin reactions, and I have a condition that makes skin reactions more dangerous for my health than Covid. My sister has the same condition and we’ve had massive issues with specific types of vaccines in the past.",1.0,AskReddit,2021-03-09 18:59:42
Mosquitos and I would only save two both different gender of each other because ppl would start being happy that no more mosquitos no more malaria then after a couple of years the mosquitos would reproduce and then there would be lots and because it has been a couple of years or more they would develop no immunity to the malaria and by then they would stop all cures for the malaria and boom mass panic that mosquitos returned ppl die from it and they try to make a cure quickly which won't work cuse look at the covid vaccine it had lots of side affects so mass panic would happen even more,1.0,AskReddit,2021-03-09 19:08:07
"Yeah, well - I guess then your Folk / Friends are pretty dense.

While I don't ""shame"" people which are carefull in regards to Covid and so on - This rule is simple dumb.

Expect you all were in isolated rooms to eat.

Anyway, the vaccine is there - Wait until everybody got it or 8 out of 10, which basically minimize the Chance to spread it pretty much and have a regular dinner party.",1.0,AskReddit,2021-03-09 19:11:45
Is there any reason to believe the risks of the vaccine outweigh the risks of getting covid?,1.0,AskReddit,2021-03-09 19:22:18
"I mean it is definitely not a bad idea. I have heard that even with a vaccine, COVID won't go away. It will stick around like the Flu. Any situation where there are a large number of people in a small area should be treated with the possibility it could be a spreader event.",1.0,AskReddit,2021-03-09 19:39:56
"That the reason people are being told to remain inside is so the government can monitor us. Those who catch Covid and ‘die’ were in reality taken by the government for resisting. Once they are captured they are either killed or brainwashed. Those who remain in doors will eventually be given a vaccine which is in reality a microchip placed under the skin. This way the government can always monitor you.

I’m not sure if the person I heard this from was serious but if he/she was...",1.0,AskReddit,2021-03-09 20:09:23
"Just want to say - the vaccines still underwent all the same trials as any other vaccines (moreso), just without being slowed down by red tape. Also, we *know* there are potentially awful long-term side effects of COVID; so I guess you have to weigh that against the *possible* long-term effects of a vaccine",1.0,AskReddit,2021-03-09 20:13:26
Second vaccine for COVID,1.0,AskReddit,2021-03-09 20:25:04
"The COVID vaccine is the first mRNA vaccine available. While it's true that we're moving away from the use of eggs (for many reasons, not the least of which because of the waste and people with allergies to eggs), it would be a while before we would have an acceptable mRNA vaccine for flu, which is different from COVID. We were able to speed things along with COVID because of all the previous research on the SARS vaccine, which is very similar to COVID.",2.0,AskReddit,2021-03-09 20:59:16
Oh that's great hope you get to see your mom soon.  Also didn't mean to come off as a jerk with the previous comment.  My place of employment makes us keep up with the latest vaccine research and there are a lot of scientists and pharmacology institution zoom meetings I've been to we're there dating that the vaccine shouldn't be relied on to remain safe from covid.  Even the CDC states people shouldn't feel all cozy inside just because the vaccine was administered.,1.0,AskReddit,2021-03-09 22:12:55
Video games don’t cause violence but standing in front of a microwave interferes with your governmentally implanted tracking devices that were in your COVID vaccine,2.0,AskReddit,2021-03-09 22:55:31
"I’m so sorry you’re dealing with that. I’m positive for Lyme and co-infections which is why I listed Lyme and mold. I’ve had Lyme for somewhere in the range of 5-10 years undiagnosed. Took my hearing in my right ear, masked as classic menieres symptoms. Took away my ability to drive and gave me drug resistant depression. 

But I’ve been in treatment since late November with rounds of antibiotics, herxing, then recovery with blood tests in between to make sure my body is tolerating the antibiotics. And 3 rounds of herxing, I’ve been feeling much better. More mental clarity than I’ve had in years and my depression lifted. Herxing, especially the first one, feels like you’re dying. Take supplements and alkaselzer Gold along with ginger lemon tea. 

Unfortunately, I got the 1st round of COVID vaccine and it set off really bad Lyme reaction. I’ve been bedridden for 2 weeks now mostly due to vestibular migraines. 

Being ill is definitely getting to me, crying on and off from pain, but I’m not depressed. 

Feel free to DM me if you have any questions about treatment. I definitely think you’re on the right path with the diet. I love chocolate, cheese, and coffee but my god does it make things that much worse. I just subscribed to a gluten free, dairy free meal delivery because I don’t have the energy to prep and cook. 

Good luck! Hope you’re able to move out of the moldy house or get a specialist in to get rid of it soon!",2.0,AskReddit,2021-03-10 00:08:00
"Actually I've had more luck on those apps, tinder, bumble, PoF..  But they just weren't compatible with me. I'm probably going to give those a shot after my vaccine 😂 just I could have covid sex if it comes up.",1.0,AskReddit,2021-03-10 00:38:28
"Yes she should get tested, no a vaccine does not contain the actual virus and should not cause a positive test, and vaccines don't start working for 2 weeks after you take them

She should follow the CDC guidelines on what to do if exposed to covid [https://www.cdc.gov/coronavirus/2019-ncov/if-you-are-sick/quarantine.html](https://www.cdc.gov/coronavirus/2019-ncov/if-you-are-sick/quarantine.html)",1.0,AskReddit,2021-03-10 01:21:38
"My brother in law is convinced that the government practices mind control on the public through 5G.  Also, the covid vaccine does the same thing.  Meth is a helluva drug....",1.0,AskReddit,2021-03-10 02:29:12
"I have no idea which vaccine I will be getting, probably the Oxford/AZ one. But honestly, as long as I get one, I don't care which the government decides. Unlike mother, who is obsessed with the apparent differences of 1 or 2% effectiveness between the vaccines. I just don't see the point of giving yourself so much worry and anxiety, we will continue to be careful about COVID-19 once I've been vaccinated.",1.0,AskReddit,2021-03-10 04:12:32
"Dinosaurs became birds, like chickens. If we didn’t have chickens, we wouldn’t have COVID vaccine.",1.0,AskReddit,2021-03-10 04:32:31
"I can’t tell your tone but I 100% agree and I’m terrified. I grew up in an abusive evangelical home. I studied really hard, got a degree in electrical engineering (stealing men’s jobs) and moved far far away from my parents. Only to be hit with debilitating diseases and drug resistant depression. 

I work at a good company but my ambulance ride, hospital bill, and psych ward put me massively in debt. Only able to barely afford rent. Was 115lbs at 6’ when my SO met me and he’s the only reason I’m not on the street. 

With his help, I was able to pay off my bills and save to 10k. But got diagnosed with Lyme in November and now I have zero savings and only 32hours of Family Medical Leave left which oops I used because the COVID vaccine made my Lyme flare up so bad I’ve been bedridden for 2weeks and the 2nd injection is supposed to be worse. So I’m terrified of losing my job right now and insurance doesn’t cover Lyme. 

So yes, you’re absolutely right and believe me, I’m incredibly pissed off. No one in the Bay Area really got stimulus money and it doesn’t even cover rent.",1.0,AskReddit,2021-03-10 04:33:32
You know there are people that are anti vaccine that don't believe the microchip thing. There's also a difference between being anti vaccine and anti covid shot.,1.0,AskReddit,2021-03-10 04:38:10
Kinda like the covid vaccine,1.0,AskReddit,2021-03-10 04:54:51
"She put up a million of her own cash to fund research for the moderna covid vaccine. What a beautiful, smart, multi talented, kind, badass!",1.0,AskReddit,2021-03-10 05:23:48
It's a pretty hearty virus. We'll likely see isolated cased into 2023 or 2024 depending on vaccine acceptance. There's a chance we'll still have a few Covid cases hanging around by the time the next pandemic comes knocking...,1.0,AskReddit,2021-03-10 05:33:20
Warn your future employers that your SO has covid-19. Receiving the vaccine doesn't mean you can't still carry and transmit the virus. How your employers decide to handle the situation is up to them.,1.0,AskReddit,2021-03-10 06:22:04
"Agreed. She donated $1,000,000 to Vanderbilt University to find the Covid vaccine and built Dollywood in the poor area she grew-up in to provide people jobs and she sends kids books. She is adorable!!!",1.0,AskReddit,2021-03-10 06:57:12
The Russians are spreading anti-vaccine propaganda in the US to undermine our healthcare system so we keep getting COVID and the economy stays shutdown.,1.0,AskReddit,2021-03-10 08:26:31
"I think that would be quite hard to keep track of, and would be more of a hassle than it would be worth for Japan. Also not every Japanese person is gonna be vaccinated by this summer. COVID-19 also has different variants that we don’t know as much about as we should, and god forbid another variant pops up in Japan that the vaccine cannot handle. Remember the vaccine while it does help tremendously isn’t 100% effective. If a variant did pop up that the vaccine wouldn’t be able to handle we’d be pushed back again on our fight against this virus. The Japanese government is responsible for its people, and taking all of these possibilities into account (and probably many more) they rightly in my opinion made the right call.",1.0,AskReddit,2021-03-10 09:42:30
"The Flash could literally helped with the said research of the vaccine process and go pretty fast on delivery of said items. 

Iron Man could also help with said schools by funding them with more integrated network software that could provide a more connected and enriched environment. 

She Hulk could actually help via legality process on getting victims of abuse actual cases such as employees who get beat by anti-mask people or critical infrastructure cases against their companies on not giving them the proper medical insurance for Covid-19 exams and vaccine tests. 

But I think the most helpful would be Hank Pym being able to transport materials towards different states with his helpful engineering into gateways with his pym particle tech.",1.0,AskReddit,2021-03-10 10:20:16
"Oh no, he accidentally injected *himself* with the evil covid vaccine!",1.0,AskReddit,2021-03-10 10:27:54
"I hear that. In that case, what information would make the difference between being anti vaccine and specifically anti Covid shot? Would it be an article/information or a personal experience?",1.0,AskReddit,2021-03-10 13:06:54
"I'm not anti vaccine cause when I became an adult I asked for the chicken pox vaccine. My child gets vaccines. 

They rushed the vaccines for covid. A friends wife is an ER nurse and she wont get one. Also look at how the flu shots get botched year after year.

On non mainstream sites you can find negative information on problems with the vaccines that isn't suppressed.",1.0,AskReddit,2021-03-10 13:19:29
Nothing. COVID itself hasn’t changed my life much so the vaccine isn’t going to change anything for me either.,1.0,AskReddit,2021-03-10 15:16:52
"Follow the CDC guidelines for what to do if exposed to covid, if you have been around your SO while they were contagions you need to quarantine for 14 days after the last contact with your SO [https://www.cdc.gov/coronavirus/2019-ncov/if-you-are-sick/quarantine.html](https://www.cdc.gov/coronavirus/2019-ncov/if-you-are-sick/quarantine.html) The vaccine does not immediately make you immune, and if you are exposed to covid any earlier than 2 weeks after the second dose you may still get covid and should act as if unvaccinated

You SO may be contagious starting 2 days before the first sign of covid, be that symptoms or positive test (using the date the test was administered, not the date they got results) and for 10 days after this, or 24 hours after end of fever, whichever is longer [https://www.cdc.gov/coronavirus/2019-ncov/if-you-are-sick/isolation.html](https://www.cdc.gov/coronavirus/2019-ncov/if-you-are-sick/isolation.html)

This advice does not apply to immune compromised persons, who may be contagious for longer and need to talk to their doctor",1.0,AskReddit,2021-03-10 16:25:52
I just got the first covid vaccine shot.,1.0,AskReddit,2021-03-10 16:44:40
"So he needs to be stopped from orchestrating the mass vaccine rollout that has so far inoculated 18% of the population from COVID?

Okay, I guess you must like living in the pandemic then.",1.0,AskReddit,2021-03-10 16:45:15
"I guess sarcasm is hard to detect, but I mean considering how normally pro vax people are also skeptical about covid vaccine, I wouldn't have high hopes of anti vax crowd being pro Covid vaccine..... Kind of a redundant question.",1.0,AskReddit,2021-03-10 17:24:44
This is true.  I as a person with natural born rights get to choose what goes in my body and what doesn't.  When any vaccine or medicine gets created most sound people would like to know the short term and long terms effect of what is being put in the body. I've had covid and survived so no need to get a vaccine for something I already beat and have built up antibodies to.,1.0,AskReddit,2021-03-10 17:36:06
Covid vaccine,2.0,AskReddit,2021-03-10 18:08:37
"Oh boy, of course they should get the COVID vaccine. They are people. Human beings. But if anyone wants to be a fucking “patriot”: well, if you don’t vaccinate illegal immigrants, they will carry the virus and spread the infection in America. The same America.",3.0,AskReddit,2021-03-10 18:38:49
"Vaccine allocation is triage. It's not about who ""deserves"" it, it's about who's most likely to get covid and who would be most likely to die or pass it on if they did. Undocumented workers in jobs that put them at risk, or undocumented people with underlying health conditions need the vaccine more than the rest of us.

We didn't prioritize people in nursing homes and healthcare workers because they deserve it, we put them first in line because they need it most. That's why people in prisons are getting some priority too (communal living conditions, rates of preexisting conditions, and poor protection measures).",1.0,AskReddit,2021-03-10 18:40:53
"Being as I am unemployed, I would accept minimum wage. 

I am really looking forward to my COVID vaccine, y'all.",1.0,AskReddit,2021-03-10 19:24:21
