comments,score,subreddit,time_created
Yup it bugs me to no end that the daily symptom survey doesn't even ask you if you're vaccinated. I hate filling it out every day because it's so... safety theater. Like the people at the desks don't seem to care at all and just take a cursory glance at your phone. The one thing that WILL undoubtedly protect you (whether you have the vaccine) isn't even a question on the form??,2.0,UCDavis,2021-05-22 06:22:43
"&gt; Issue is that one side (I don't think I need to mention who) has near total hegemony over the sciences, controlling not only which studies are approved but also which are funded, praised, or mocked.

Vague insinuations of hegemonic control somewhere aren't good enough. Not only do you need to mention who, but you need evidence. That's the meat of the issue: any time you want to claim a conspiracy, you need to have strong, specific, comprehensive evidence. Because otherwise *it just doesn't make sense* to believe in that conspiracy. If you're ready to believe things without strong evidence, then anything is possible--really. Even really ridiculous examples like the one I gave earlier. How would you pick from those infinite possibilities? That's why we wait for evidence. If it isn't there, it isn't there.

&gt; The watchful eye of the media, multinational corporations, and the government all work in lockstep to ensure that the arguments of only one side are seen by the general public in a good light, while opposing arguments are associated with Alex Jones-esque drunken conspiracy theorist ramblings.

That would be quite a lot of different entities colluding together, right? None of those things you mentioned are homogeneous. In particular, even governments that hate each other are still promoting the vaccines to their citizens. The simpler explanation is that there aren't really two comparable sides, because only one side has evidence and people who know what they're doing. What evidence do you have that it's anything more than that?

&gt; Perhaps they are correct, but I'd prefer to wait awhile and observe the long-term effects myself. I do not think that this is unreasonable.

It's not unreasonable, in a vacuum. But to really assess risk, you have to weigh the risk of both doing and *not* doing something. In the context of the worst pandemic in a century, one which has killed over 600 000 Americans and is actively evolving to become more contagious (and possibly more deadly), we have to look at the evidence that suggests that the benefit of the vaccines *far* outweighs the risk. (For what it's worth, that's exactly the explanation government regulators have given for continuing to recommend things like J&amp;J after those rare side effects; and I think they've been extremely cautious about investigating those side effects.) Especially since vaccines aren't like a pill you take long term, so there isn't any particular mechanism by which they *would* cause long-term effects that haven't yet shown up in the last year plus (Moderna, for instance, entered clinical trials in March 2020).

Bottom line, sure, you may not be personally ready for the vaccine yet. And it is good to be skeptical. But I hope you expand your skepticism, and set higher standards for evidence when you settle on a belief.  There are things (conspiracies) that are clearly, provably true, like NSA spying. I prefer to focus on those, because they're in the realm of firm evidence.",1.0,UCDavis,2021-07-17 03:02:27
