comments,score,subreddit,time_created
"Sigh, I don't know why I'm bothering but....

Republicans are literally trying to remove the voting rights of black people.  They are preaching every day from their pulpits in the senate and on Fox News that COVID is a hoax and not to get the vaccine. Costing ACTUAL LIVES. Republicans are trying to pass a law in Florida right now that will let people drive their cars into protesters with no penalty! I could go on and on...

They hate blacks

they hate gays

they hate jews

they hate immigrants

they hate, hate, hate

They are Christians in name only.

You may try to say they aren't ALL like that.  But the ones who have a moral code strong enough not to associate themselves with any of the above sure as hell aren't considering themselves Republican.

Decency never USED to be a one-sided thing.  In the good old days Democrats and Republicans differed on policy but were more or less the same morally. But it sure as hell isn't that way anymore.

They are a bunch of racist, big lie promoting, climate change denying, holier than thou because I got Jebus, science-hating sheep.  OR they associate with them and are fine VOTING for them, which doesn't forgive them in my books.

I'm not saying every Democrat is an angel.  I'm just saying I know what side of the line the actual angels would be on at this point in history.

And it AIN'T the one with the fucking Neo-Nazis",2.0,democrats,2021-04-23 03:15:50
"The Republican party is effectively killing off their own base. Never interrupt an enemy when they're making a mistake. 

&amp;#x200B;

I know it seems like a cruel idea to just let them do this, but in the long run it's far better for humanity. The vast majority of Republicans are older individuals. Covid is far deadlier to older people. It's a survival of the fittest thing at this point. 

&amp;#x200B;

Get vaccinated, get your friends and family vaccinated. If people are too stupid to do it, that's on them. 

&amp;#x200B;

I'm sorry, but evolution has always been a total bitch when it comes to the stupid. Many Republicans have and will die from this, and that's a shame, but unfortunately, we kinda just have to let them go. They can't say we didn't TRY and help them. 

&amp;#x200B;

I know many will say ""***But what about the ones that can't get vaccinated because of some underlying medical condition that still somehow mill about in public and don't protect themselves by staying at home like every credible medical professional has insisted since the start of this entire pandemic?***"" It's a shame, and I feel badly for them, and I hope they make it through. But evilution doesn't, and has never cared. 

&amp;#x200B;

At a certain point, you gotta say you tried your best to give factual information to the public, and tried to get the most people possible vaccinated, and if they are too stupid to figure it out by NOW, well, I'm sorry, they get what they deserve. It's a survival situation folks. 

&amp;#x200B;

It's like on airplanes when they tell you in the case of cabin decompression to put on your own mask before helping anyone else. There's a reason for that. 

&amp;#x200B;

Put on your own mask, get the vaccine, if they're flailing about drinking bleach and shoving flashlights up their asses, you can't help that.",6.0,democrats,2021-04-24 02:29:35
"There’s [plenty of data](https://www.axios.com/republicans-coronavirus-vaccine-hesitancy-023bf32f-3d68-4206-b906-4f701b87c39f.html).  No need to speculate.

[more data](https://www.vox.com/2021/3/21/22342184/democrats-republicans-covid-19-vaccine-hesitancy-polls)",2.0,democrats,2021-04-24 02:43:30
"Exactly, if vaccinations or any covid prevention measures at all were about just protecting oneself there wouldn't really even be a need for restrictions in the first place because everyone could just decide for themselves their own risk. (Except for hospital capacity). But having the virus means you could transmit it to others, some of whom can't get vaccinated. So by not getting the vaccine people aren't just putting themselves at risk, but others.",4.0,democrats,2021-04-24 03:51:25
"Hahahaha, as if covid is some apocalyptic virus that will kill anyone who doesn't get a vaccine. They don't even know if the vaccine prevents transmission. It literally is only to protect yourself. The fatality rate is .02. The hospitalization rate is 1 to 5%. 

Like what the fuck are you guys talking about? Do yall get on the cdc website at all to look at all? I guarantee with the lefts shitty rhetoric as of late, more Republicans are being minted every day.",1.0,democrats,2021-04-24 12:36:30
You do know that even if you are vaccinated you can still get covid right? You could also spread it around.. The vaccine Is Just to lower your chance of dying.,1.0,democrats,2021-04-24 15:36:09
"You brought the discussion over to “if there are not politicians who support this then it doesn’t count” which is not my point. My point is that humans are stupid, ALL OF THEM. They are so stupid they believe actually that only their party is amazing and the other one must be from satan.

But to your point here is what the VP said:

“CNN’s Dana Bash asked whether Harris would trust a vaccine released by the end of the year, or sooner, and the candidate responded, “I think that we have learned since this pandemic started, but really before that, that there's very little that we can trust that comes out of Donald Trump's mouth.”

Asked if she trusted that health experts would be able to get the “the last word” on the vaccine, Harris answered in the negative”

Also, remember when DR. Fauci said “don’t wear masks they don’t prevent covid” at the start of the pandemic? Google it.",1.0,democrats,2021-04-24 16:08:41
"&gt;“CNN’s Dana Bash asked whether Harris would trust a vaccine released by the end of the year, or sooner, and the candidate responded, “I think that we have learned since this pandemic started, but really before that, that there's very little that we can trust that comes out of Donald Trump's mouth.” 

And? She's saying you can't trust Donald Trump and she didn't believe that a vaccine would be ready quickly. She's not saying you can't trust vaccines. Do you even understand what you're reading?

&amp;#x200B;

&gt;Asked if she trusted that health experts would be able to get the “the last word” on the vaccine, Harris answered in the negative” 

You clearly don't even understand what this means. It means that she doesn't trust that Trump will let health experts make decisions. It doesn't mean that she doesn't trust health experts.

&amp;#x200B;

&gt;Also, remember when DR. Fauci said “don’t wear masks they don’t prevent covid” at the start of the pandemic? Google it.

I do remember that and he absolutely lied. But, are you assuming he's a liberal? I'd like to see some proof of that.",1.0,democrats,2021-04-24 16:29:35
"&gt;So, the Idea that Democrats are all scientists and Republicans are not is leftist propaganda. 

Well, you set this up as a strawman so it's easy to tear down.  Obviously no one is saying this so unconditionally.  But look at how both parties responded to Covid and the vaccine.  Rates if denialism and conspiracy theories are twice as high among Republicans.  They clearly have a complicated relationship to an evidence based approach.",1.0,democrats,2021-04-26 12:28:10
"No, I agree with you that he is choosing to put his money in the right places. 100 percent. I just think it's a waaaaaaay too much credit to say he's influential in any way, especially ""the most influential of our time"" when he's just the one with the megaphone taking credit for his employees' innovations. 

For example, anyone can say ""Let's go colonize Mars,"" and sound ""innovative,"" but what actual contributions has Elon's brain (not his wallet) contributed to these innovations? The true talents who are influencing the time are the engineers who aren't on Twitter 24/7 trying to convince everyone of how smart they are.

Not to mention he has used his platform to publicly state he and his family would not get the COVID-19 vaccine. He's since then recanted and stated his support for vaccinations, but I'm curious what influence his initial tweets had on the millions of unsure followers he has. Definitely not a good influence.

He's a great businessman, I won't argue with you on that. But influential (in a good sense)? Absolutely not when you look at him as a whole.",1.0,democrats,2021-04-26 16:16:57
"Long term affects of cigarettes: known

Long term affects of the covid vaccine: unknown",-2.0,democrats,2021-04-30 23:53:18
"Well, he knows that cigarettes are going to lead to lung cancer so that’s okay. But he doesn’t want something crazy to happen from a vaccine like not dying from covid because he smokes cigarettes.",4.0,democrats,2021-05-01 02:33:12
"I’m not getting the vaccine because I’m young and healthy, I already had covid so It would be useless",1.0,democrats,2021-05-01 10:33:50
"If you're a Democrat why are you saying dems like it's a bad thing and so much negativity I agree CNN is biased,  but how can you not be when you're seeing all the bat shit crazy stuff Trump did in office compared to the stimulus package, and massive vaccine rollout speed that has come under Biden's first 3 months alone during this pandemic. Agreed Fox needs to ship out 100% nobody likes them except for the lunies that believe only in conspiracy theories and god alone.  (God not being a negative there, but the only reason they have a moral compass in some compacity) I agree Fox has bias too which is just their defending of their candidate like how when Trump had covid they cried about the people who wished him negative outcomes, but yet they go on to make fun of Biden's health ailments and mental status. It's often pretty alarming when you see how low Fox will stoop to degeneracy and shamelessness.",1.0,democrats,2021-05-01 18:27:11
"I think it’s because the effects of long term smoking are known, and so he feels comfortable knowing the effects, even if they are negative. On the other hand, the long term effects of the Covid vaccine are literally unknown-and will be for another couple years- so he and many others feel safer risking getting Covid than getting an experimental mRNA vaccine that was pushed through in record time and only has EUA and not FDA approval",1.0,democrats,2021-05-01 18:45:30
"The antibodies from contracting covid don't last forever, you can get it again in a few months. There is also real potential for the virus to permanently damage your body (heart and lungs) even if you are not hospitalized or killed by it.

&gt; I’ve already had covid so why would I need to get vaccinated if I’m not a threat to anyone. 

You can still easily spread it. The vaccine is for personal safety from getting sick. This is true of any viral infection. It also may reduce chance of spreading the virus.

&gt;  Some religions don’t allow vaccination, so it should be a choice. 

The religions that do not allow vaccination are very obscure and practiced by relatively few people, and are against medical intervention in general. Regardless, the safety of the public comes before religious practices, and always has. They are free to not get the vaccine, but they're not going to be allowed in certain buildings. Rights do not exist in a vacuum.",6.0,democrats,2021-05-01 19:30:17
"The 'plan', such as it is, is to refuse to take the vaccine, then howl that Biden's vaccine plan failed. Expect Covid to sink into the unvaccinated population and become endemic. We'll all need yearly boosters just like with the flu.",1.0,democrats,2021-05-02 02:02:30
"“By providing resources and assuming the financial risk, OWS allows companies to produce and stockpile vaccine doses even before the company knows if the vaccine is going to work,” said Dr. Yager.

https://www.medicalnewstoday.com/articles/how-did-we-develop-a-covid-19-vaccine-so-quickly",-1.0,democrats,2021-05-02 03:14:22
"That’s a load of horse crap.  Trump was busy pushing phony “cures” like hydroxychloroquine and oleandrin and suggesting bleach and sunlight as treatment, while research scientists around the globe were developing covid vaccines.  

https://www.medicalnewstoday.com/articles/how-did-we-develop-a-covid-19-vaccine-so-quickly

He did come up with the name, Operation Warp Speed, which turned out to be really dumb, because the name made too many people think the vaccines were developed too quickly and they’re afraid to get the shots.  

And again, the vast majority of these people who refuse the vaccine are Magas.",3.0,democrats,2021-05-02 10:54:09
"I'm fine going back to ""normal,"" but we're at, what, 28% fully vaccinated? [https://usafacts.org/visualizations/covid-vaccine-tracker-states/](https://usafacts.org/visualizations/covid-vaccine-tracker-states/)

We're going to see local and state opening up, but you KNOW that the dumbfuck antivacc communities are trying to skip ahead when they're not ready.",1.0,democrats,2021-05-03 06:57:14
"“Biden said the vaccine situation he inherited was ""more dire than we thought,"" and that the former administration ""did not order enough vaccine and did not do enough to get people lined up to get vaccinated."" Now, after securing additional deals with companies such as Pfizer, the president will be obtaining 200 million additional vaccines doses by the end of May, two months ahead of schedule. And the goal he set of 100 million vaccinations in his first 100 days – called overly ambitious by some -- will be surpassed as the U.S. is averaging 1.7 million vaccinations per day. Biden says we could be ""approaching normalcy by the end of this year."" 

“Biden, with numerous executive orders, is addressing a complaint by many that the Trump administration didn’t have a plan to deal with COVID. The orders help house the homeless by ordering FEMA to fully reimburse municipalities for homeless housing expenditures; instruct agencies to use data to improve access to programs that provide pandemic relief, especially in areas hardest hit by the virus; study the long-term effects of COVID; coordinate supplies and treatments from PPE to tests to vaccines; create a COVID testing board so more people can get tested and have access to testing sites; and expand support to individual states by reimbursing them for costs associated with this pandemic. “




Now consider the fact, 

That this is Fox News saying that.


https://www.foxnews.com/opinion/biden-top-10-achievements-leslie-marshall.amp",1.0,democrats,2021-05-04 04:49:37
"I mean no, but I think it’s goes much deeper than that.

They’re not necessarily “fine” with it, but at the same time, they don’t have the mental fortitude to actually acknowledge it or do anything to change it. Ignoring issues or pretending everything is actually fine is a pretty strong coping mechanism for many on the right. You see this across so many different issues. This is why so many of them are vehemently anti-mask/anti-vaccine/deny that COVID even exists, it’s why many of them flat-out refuse to acknowledge or make a good-hearted attempt to understand systemic racism, it’s why so many of them completely fail to address our country’s many shortcomings but in then religiously worship the US as the greatest country on Earth etc etc.

Now, there are obviously many other factors at play with the above things I’ve mentioned, but I think straight-up denialism is a strong component overall with the ideology of the right. It’s a lot easier to deny that something even exists in the first place than it is to actually have a good-faith discussion and/or change something. 

It’s not “conservatism,” it’s largely denialism imo.",2.0,democrats,2021-05-05 14:12:24
"Great idea. I wonder if insurance companies in the US can have a covid carve out for anti-vaxxers. If you choose not to get the covid vaccine, then you don’t get insurance coverage when you get ill with covid. This seems like a reasonable ask in my opinion.",0.0,democrats,2021-05-07 15:33:01
"&gt;This “the only person you can trust is yourself” mentality has a tendency to cause people to conceive of themselves as individuals and not as citizens. Derek Thompson of The Atlantic recently contacted more than a dozen people who were refusing to get a Covid-19 vaccine. They often used an argument you’ve probably heard, too: I’m not especially vulnerable. I may have already gotten the virus. If I get it in the future it won’t be that bad. Why should I take a risk on an experimental vaccine?

&gt;They are reasoning mostly on a personal basis. They are thinking about what’s right for them as individuals more than what’s right for the nation and the most vulnerable people in it. It’s not that they are rebuking their responsibilities as citizens; it apparently never occurs to them that they might have any. When Thompson asked them to think in broader terms, they seemed surprised and off balance.

And so it's no wonder that the anti-vaccine attitude persists more with Republicans than Democrats. 

The Republican voter orientation is to think of things from an individual rights perspective. Whereas Democrats approach things from a ""we are all in this together"" perspective.",6.0,democrats,2021-05-07 21:44:48
"Republicans censoring facts?  Pshaw I can't believe it. After all everyone knows that forbidding sex education keeps people from having babies and that giving money to the rich makes the poor happier and that Demoncrats are all socialist communist fascists and that the covid virus is a lie and the vaccine kills you while changing your DNA to a snake.

I could go on and on and on. But I think you see my point.",2.0,democrats,2021-05-09 19:27:37
We shouldn't take the covid vaccine either because it wouldn't be fair to those who died to covid before it was developed,-1.0,democrats,2021-05-11 14:41:03
"Now your comparing human life to paper money.. Lol .. Im sorry i dont see the comparison.. Although im just waiting for another 2 a.m whispering commercial "" have you or a loved one recently experienced extreme bloodclotting or death due to taking Johnson and johnsons covid vaccine if so your entitled to compensation"". Their baby powder caused women cancer of the lady parts.. Why on earth would you inject yourself with anything they produce?? Especially when a external powder caused cancer...??",-2.0,democrats,2021-05-11 14:45:35
When your administration is handed a covid vaccine and a distribution plan they are obviously going to appear to be better with handling covid.,1.0,democrats,2021-05-13 01:32:33
"That's pretty ambitious. Honestly, with the amount of vaccine hesitancy going around, I'm not 100% sure if there are enough people willing to get vaccinated to hit that number so quickly. Props to him and his covid team if they can make it happen thpugh.",3.0,democrats,2021-05-15 18:22:23
"- Russia, Ukraine and Crimea has been going on for almost a decade. Why is the US has to get involved in every single foreign war? Besides, Russia was emboldened by the previous administration

- China has been amassing military power for decades and the Trump administration's very weak foreign policy allowed them to gain ground. Again, why do we need to spend our tax dollars to police the world?

- NK has been doing this shit since the 1960's. Trump allowed them to thrive and got nothing back. NK is a non issue. 

- Iran is emboldened because an idiot tore down the nuclear deal that took years to negotiate. Is Biden suppose to clean up every fuck up Trump did while handling covid and our economy?

- The border is a consequence of 4 years of systemic tearing down of existing processes and infrastructure. Fixing it will take time. 

- Ford would never make a haste decision to move a plant for tax reasons. That's an idiotic and misleading talking point. Ask where's' the Foxconn factory in Wisconsin, you know the one that used up a lot of public resources and won't even be built. 

- Commodities prices have been going up since the pandemic started. If the idiot Trump hadn't destroyed the pandemic response team, we could have avoided all of this. Biden is putting the pandemic early warning system back on to prevent the next one. 

- The pipeline that was stopped had already leaked several times. It was an environmental disaster, same with the stupid wall. The jobs from infra stimulus will dwarf any of those useless projects. 

- The economic stimulus has already kick started the economy. That talking point is ignorant. 

- The debt (which GOP didn't care while Trump was cutting taxes to the ric) means nothing. Stop the lies 

- The infrastructure bill will generate several times back in taxes. It's basic economic common sense. 

- The unemployment is a reflection of the low minimum wage. If republicans supported a living wage, we wouldn't be in this mess. 

- In 70 days more than 270m doses of the vaccine have been administered, a massive economic stimulus passed and is working, our institutions are being rebuilt, and we have a president that works instead of tweet and play golf. Republicans fucked up the country and tried a treasonous coup after their failed policies lost. It's time for them to shut the fuck up.",3.0,democrats,2021-05-17 06:14:20
"It's insane that this is a problem for people and it is all the problem of the gop creating multiple false narratives about every aspect of covid, including the vaccine.",4.0,democrats,2021-05-17 15:20:46
"Id disagree, but they are the source of covid and vaccine denial. It is dangerous that they breed and brainwash kids",8.0,democrats,2021-05-18 13:38:51
here's my question and I think 33 million others may want to know the answer to this also..... if what they say is true that your body creates it's own antibodies to a virus once you've had it then why do people that tested positive for covid still need the vaccine ?,-2.0,democrats,2021-05-25 19:01:14
Bruh you're in the same party that want covid vaccine passports.,1.0,democrats,2021-05-30 01:32:18
"Get an N95 if you can't get the vaccine, and learn how to use it. Given Republican Covid denial, the virus will always have a reservoir in the United States. That makes a transition to vulnerable people having to protect themselves inevitable, and now is not an obviously bad time to start shifting a model where individuals are responsible for their own protection and decisions around it.

Seriously, we all should have been wearing strong PPE a year ago, but we had no strategy or policy to make that possible.",5.0,democrats,2021-05-30 19:21:54
I wouldn’t risk them getting sick because I wouldn’t visit them. I also have the vaccine so the chances of me spreading COVID is extremely slim. You want everyone to wear masks to stop the spread of flu now too? Where does it end?,-1.0,democrats,2021-05-30 22:59:08
"There still isn’t enough data on how sick a vaccinated person can get and if they can pass it to another person who can’t (not won’t bc fuck them) get vaccinated. So I’m wearing a mask for at least another month. Yesterday the mask mandate ended In Massachusetts, so I want to wait a few weeks and see what happens. The idea of breakthrough covid that can send you to the hospital is terrifying. Don’t get me started on vaccine resistant variants.",2.0,democrats,2021-05-31 01:33:22
People who don’t take the Covid vaccine give some of the dumbest reasons I’ve ever heard,5.0,democrats,2021-06-13 23:31:42
"I don't know why you've been downvoted, not me. 

I don't know where you read that but it's beyond wrong. When looking for this type of info, try doing it on reliable sources. Some say Covid 19 antibodies last no more than a couple of months, others than 8 months. Not one of all the reliable sources I've read talks about 17 years, not even with the vaccine you're protected for that long, flulike vaccines need to be injected every year. 

Whether you have antibodies because you had it or because you were vaccinated, you can still be re- infected. CDC and John Hopkins (reliable sources) recommend that even if you had the disease, getting vaccinated is in your best interests.",1.0,democrats,2021-06-14 15:43:08
"Man, I couldn't disagree with you more. I understand that there definitely are people like the ones you are refering to but not all are like that.  


But some people don't consider those sources less than trustworthy because they have been all their life told, by people they trust, that they are the honest ones. Reality isn't a fixed point, truth changes regularily since we know so little we humans.  I don't know what is the best way to handle a pandemic so I follow the guidance of the experts. And the experts have slightly different views in different places as well as have changed their minds over the course of the pandemic. It is hard to know exactly what is the right thing to do when even the experts are not 100%.  


In vaccination of course it's different. I don't think you will find many doctors recommending not to vaccinate :p. But vaccination also comes with risks. I make the judgement that for me Covid is a larger risk. But here in Sweden during swineflue we vaccinated tons of people with a quickly developed vaccine. 400 people in our small country developed Narcolepsia after that. Something that is a lifelong disease that will have a huge effect on your quality of life.  
 

I again like to consider the religious side of it because in some groups politics is definitely close to that. And that goes for both left and rightwing groups across the globe. I know highly intelligent people that are Muslims, Christians, Jehovas witnesses as well as atheist/agnostic. These groups will often claim to know the reality of the world more than the others and some of them are certainly brainwashed, yet they are not dumb.  


""You don't get brainwashed without knowing it"" is however a dumb statement. If you from your childhood constantly gets an idea reinforced by your surroundings it is hard as fuck to change that and it does not make you dumb, you most likely also have ideas that are wrong, so do I. If someone during the pandemic went and sought ought something they accept to be untrustworthy for information then yes, they are dumb.",1.0,democrats,2021-06-15 08:08:54
"Just like Missouri? You have a Democrat Governor who tried to protect everyone from Covid-19. Guess what our Governor did... made masks optional or for local leaders to decide. St Louis County was one of the few to require masks. Then when the vaccine became available, guess who got the lion's share of the vaccine. People of St Louis had to drive hours to get it.",0.0,democrats,2021-06-21 21:33:43
"Not one person has made that comparison 😂. Straw man. So now, let’s address the actual issue. COVID 19 is a mild flu, masks do nothing (except for suffocating you), and Bill Gates (someone who believes in overpopulation) is funding the “vaccine” (or experimental gene therapy). Straw men arguments are so stupid, how can you not recognize them?",1.0,democrats,2021-06-23 00:15:22
"Yeah but...Freedom. 

\[Associated Press\] Nearly all COVID-19 deaths in the U.S. now are in people who weren’t vaccinated, a staggering demonstration of how effective the shots have been and an indication that deaths per day — now down to under 300 — could be practically zero if everyone eligible got the vaccine.

An Associated Press analysis of available government data from May shows that “breakthrough” infections in fully vaccinated people accounted for fewer than 1,200 of more than 853,000 COVID-19 hospitalizations. That’s about 0.1%.

And only about 150 of the more than 18,000 COVID-19 deaths in May were in fully vaccinated   
people. That translates to about 0.8%,or five deaths per day on average.",13.0,democrats,2021-06-25 03:15:55
"I don't self identify as conservative, but I am very interested in the origins and not at all interested in ""stopping the virus"".

This virus is a pandemic.  It is everywhere on this planet.  By all indications that I can find, it appears to be very similar to influenza in both transmission and mutation rates.  A virus with a lesser mutation rate (polio) could be ""stopped"" with a vaccine.  Influenza has been with the human species since 1918 and has developed several variations that all mutate with some regularity.  We have no ""stop"" plan for influenza, just mitigation and minimization of transmission and severity of cases.  This is ongoing for Covid and nothing I have seen the conservatives doing is hampering this.

The origin is VERY important to me.  Was this a weapon?  I don't \*think\* so; the Journal Lancet came out very early saying that the COVID 19 variant that had jumped to humans had no indications of modification.  Was this bad (or not great) infection management at a lab?  I would like to know so that we can prevent in the future.  Was this something we could have attacked globally in DEC of 2019 and JAN of 2020 to prevent it becoming pandemic?  Dunno, but sure would like to have tried.

There are more virus' out there looking to jump to the human population.  Influenza killed 80,000 US citizens in 2019.  We will now add to influenza the ""normalized"" annual mortality of Covid 19 (not normalized yet, and 2021/22 flu season (that now needs to be renamed to flu/Covid Season) will be a blend of the 2)).  This will hopefully erode some of the mortality of influenza as their target demographics seem to overlap lots.  But even most optimistically, I expect that we will see in excess of 80k deaths per year ongoing.  

Finding the origins may help us from adding another virus to the flu/Covid season we now face into perpetuity.  I don't know that we will ever find a way to beat the mutation rate.  Life...uhh...finds a way...",0.0,democrats,2021-06-28 17:42:45
"The Trump response was awful in epic proportions, and anyone who was paying attention knew this person and has administration was utterly incapable of handling a crisis more serious than a Cat 3 hurricane. 

Unfortunately we did not dodge the bullet and he and his administration was as uniquely awful as imagined. Then Biden comes along and picks through the wreckage of what Trump left behind and launched a vaccine program. Most of us are seeing our communities get back to normal and the economists are cautiously optimistic that we’re near the end of the Covid driven recession so life is looking good.

Life is looking good no thanks to the GOP. So what do they do? Distract. Let’s not talk about our cautious return to normal let’s talk about the lab created virus...which is a very short walk to bio warfare meat for the base.",1.0,democrats,2021-06-29 03:39:27
"srsly, if you refuse the vaccine you should refuse treatment. the same ppl who complain about experimental drugs dont know the first thing about covid treatments",39.0,democrats,2021-07-03 02:50:01
"The vaccine wasn’t rushed, it was being worked on long before the outbreak because scientists had predicted that a COVID virus was coming, and had been ringing alarm bells for years with nobody paying attention. I don’t care what dangers you put yourself in by your own volition. I also don’t care about your or any other healthy individuals “concerns” about getting vaccinated. What I do care about are the tens of thousands of people with compromised immune systems who are put in constant lethal danger because of you and others who selfishly believe the amazing gift of vaccines is somehow an infringement on YOUR rights. What about the rights of those I mentioned previously to live? And to live without constant fear of contracting an illness they are less able than you to survive? What gives your “right” to not protect yourself take priority over everyone else’s rights?",4.0,democrats,2021-07-03 06:33:31
"A woman I know, who I thought was on the “science” side of Covid, declined the vaccine for this same reason - it interfered with her chakras. I couldn’t come up with a better response other than, “oh.”",4.0,democrats,2021-07-03 11:20:51
"&gt; She thinks the vaccine is going to change her dna.

I thought that at first too. But I did the ""research"" and watched as more information came out. The danger from any covid vaccine is incredibly low. 

However many people have no understanding of probability. Instead optimists believe believe their gut feeling that they'll win the lottery this week and not die of anything ever and pessimists believe anything the doc in the white coat does is guaranteed to endanger them. 

Of course there are people too intelligent to be ruled by feelings. They are either wealthy,  powerful egotists or Democrats.",1.0,democrats,2021-07-03 18:09:35
"Much of our DNA does show inherited changes which various viruses have caused over millennium. However Covid is much more likely to do that than is a covid vaccine. 

Note ""much more likely than the vaccine"" does not mean particularly likely at all. Unless the long-haul symptoms are caused by DNA changes, I wouldn't know, but the thought is enough to make me get vaccinated.",2.0,democrats,2021-07-03 18:56:23
Yep. I have an aunt who's a retired emergency room nurse. Her son works in nursing and just wrapped up an 18-month assignment working in a covid unit. He's told horror stories. My aunt won't get the vaccine and refused to wear a mask too.,1.0,democrats,2021-07-03 19:04:02
"&gt;...an American Nurses Foundation October survey found that about two-thirds of the nurses polled were unsure about receiving the vaccine or said they wouldn’t voluntarily get it. Their reasons vary. Some say they distrust the speed at which the vaccine was developed and approved, some are wary of being “guinea pigs” because they’re the first outside of clinical trials to receive the vaccine, and others express commonly held conspiracy theories about the vaccine (for example, that it can mutate human DNA or cause COVID-19 infections to worsen).

https://www.myamericannurse.com/nurses-and-vaccine-hesitancy-references/",0.0,democrats,2021-07-03 19:26:07
"No and I really don't care to try. If you don't want the vaccine then take your chances with COVID, it's your choice.",3.0,democrats,2021-07-03 19:27:11
"October. Of last year. 

More recent info is [here. ](https://labblog.uofmhealth.org/rounds/some-healthcare-providers-among-those-hesitant-about-covid-19-vaccine)

And this survey showed rates about 80%.

Why you saw in October was people unsure of a new vaccine, as awareness spread much of that uncertainly went away, and when it came time to get vaccinated most did.",1.0,democrats,2021-07-03 20:37:36
"Your article doesn't appear to break down the responses by position. My article was only about nurses, where in October of 2020 two thirds of nurses said they were vaccine hesitant. I understand that you're defensive about this, but there's no reason to be disingenuous. This is from June of this year.

&gt;What I don't understand is how come 40% of my nurses who have worked with me in my COVID unit, where three patients die every day, they still say no.

&gt;DR. JOSEPH VARON, CHIEF OF CRITICAL CARE, HOUSTON'S UNITED MEMORIAL MEDICAL CENTER

https://www.usatoday.com/in-depth/news/investigations/2021/06/03/covid-19-vaccines-refused-surprising-number-hospital-workers/7432058002/

Nurses are vaccine hesitant at a strangely high rate for their job position. I think there are reasons for this.",0.0,democrats,2021-07-03 20:45:57
"After the GOP's reaction to covid, I'm not surprised, though I know a nurse who treated covid patients and is still a Trump fanatic and refused to get the vaccine",15.0,democrats,2021-07-07 16:23:20
"The government should stop paying for free healthcare for those that get covid that need hospitalization but haven't got the shots (underage or those with actual medical reasons should still get covered).

Why do taxpayers need to pay for those that refuse the shots that will help them or their neighbors.  

No one of forcing them to get the vaccine but if they want to still say no to it, then if they get sick, they need to pay for themselves.  

This may even help push those that have been waiting to get the shot to the finish line.",2.0,democrats,2021-07-09 19:20:49
"We should start web rumors that the Anti-Vax movement is all funded by liberals so that Republican votes would die of covid.  They are dumb enough to believe that.

Also we could try another rumor that the vaccine  makes you add 2 inches to your dick.",1.0,democrats,2021-07-10 00:13:52
"And it may not be worth it to the young healthy person themself. But getting vaccinated isn't just about how it affects you. It's about helping to protect those around you, especially children, immunocompromised, and other who cannot get the vaccine. Vaccination is a public health issue because your decision affects those around you. It's not just about you. We need the young and healthy to get vaccinated so that they don't get covid and keep it in circulation.",1.0,democrats,2021-07-10 07:07:19
"Pfizer is making a booster. 

You'll probably need a booster shot within 6-12 months from the time you got fully vaccinated (for Pfizer that means you got two shots already) to protect yourself from the current or future variants. Current--as in not necessarily prominent or for that matter yet discovered.

As of today (July 2021), we're seeing the [Delta variant becoming prominent:](https://www.cdc.gov/coronavirus/2019-ncov/variants/variant.html)

&gt; B.1.617.2 (Delta): This variant was first detected in the United States in March 2021.  It was initially identified in India in December 2020.

We won't know more until more data comes in. Pfizer is developing a booster shot anyway and so that people have that option in the future. It'll be available by August if approved for an emergency authorization.

The CDC says that you don't need a booster shot *at this time.* They didn't say ever. They're prepared for booster doses if they are needed. 

* https://www.hhs.gov/about/news/2021/07/08/joint-cdc-and-fda-statement-vaccine-boosters.html

Right now, 99.5% of coronavirus deaths are from [unvaccinated individuals.](https://news.yahoo.com/cdc-99-5-covid-19-162125960.html) 

According to a study from Israel, the current Pfizer vaccine is up to 70% effective against the *Delta variant* compared to 95% against the earlier strains (Alpha variant) that we saw back in May. Other studies from Britain and Scotland show the Pfizer vaccine was 79-88% effective against the Delta variant.

[**Here's the important part.**](https://www.khou.com/article/news/health/coronavirus/vaccine/covid-vaccine-delta-varient-israel/285-ed3c124e-6fb4-4d06-bc1f-2739f4d31075)

&gt;...it is important to keep in mind, Israel says the Pfizer shot is 93 percent effective at preventing severe disease and hospitalizations. That is not a large drop from the 97 percent reported back in May. 

tl;dr You can get *symptoms* from the new variants but 99.5% of coronavirus deaths right now are from **unvaccinated individuals.**",1.0,democrats,2021-07-10 16:30:04
"Except it correlates almost exactly...

https://www.denverpost.com/2021/06/25/covid-19-vaccine-rates-donald-trump-joe-biden/

You may not like it but it's true.",10.0,democrats,2021-07-13 22:33:09
"This was 49%, in April.  https://www.usnews.com/news/health-news/articles/2021-04-21/the-big-covid-vaccine-holdouts-republican-men",6.0,democrats,2021-07-13 23:30:01
"The vaccine has become political, tragically. That's definitely a problem.

But it's also ageist. Young people of both political persuasions are turning up their noses at the vaccine. 

The average 20 year old isn't vaccinated. And I get it, I remember being young and selfish and thinking I will live forever. We need to get people under 27 (who are only vaccinated at 47% nationally) to get the shot. They just don't give a shit, they know statistically that they won't suffer major covid consequences, and they don't care that they can be a carrier especially when their older relatives are vaccinated. 

The understanding of mutations and herd immunity needs to be better propagated.",7.0,democrats,2021-07-13 23:56:14
From Google’s COVID vaccine data tracker. It pulls information from several trustworthy sources on the internet.,1.0,democrats,2021-07-14 00:44:52
It isn’t bait. I made this map using data from the Google COVID vaccine tracker.,2.0,democrats,2021-07-14 03:48:14
"I think the only way that would have happened is if Trump did a complete 180 on Covid if he was elected. Yes, he pushed for the vaccine's creation, but at the same time he downplayed Covid and said it was no big deal. How does he then turn around and tell everyone to get vaccinated for something he says isn't a problem?

It'd be like if they told you there was now a vaccine for the sniffles. You could totally get it and be protected, but everyone has said the sniffles is no big deal for years. Why would you bother getting vaccinated if you knew that not getting vaccinated would have barely any effect, if any at all?

Trump backed himself into a corner on it. It was a no win scenario.",6.0,democrats,2021-07-14 04:04:36
"Biden needs to talk to Trump or someone near him. This entire situation can be fixed by convincing Trump to release a statement, preferably televised, urging his followers to get vaccinated. I'm sure he could find some way to spin it to where getting vaccinated is ""making America great again,"" but it needs to happen. 

His loyalists will never get vaccinated unless he tells them to and that leaves the door open to many more future waves of Covid. I think everyone would rather not have that and sadly I think involving Trump and using his pull with his followers is the best way to fix all this. 

They'll never agree to get the vaccine no matter what Biden or the rest of the government does to convince them. Trump has to get involved and use his influence for good. Sadly, I doubt that will ever happen and we'll have these pockets of Covid for years to come.",6.0,democrats,2021-07-14 04:22:47
"https://data.lansingstatejournal.com/covid-19-vaccine-tracker/michigan/26/

And it's now 48%. Looks like they're pulling these numbers from the CDC.

Who knows the real number, hopefully it's over 50%",3.0,democrats,2021-07-14 11:42:07
I made this map myself using data from the Google COVID vaccine data tracker. I made sure that it was as accurate as possible.,1.0,democrats,2021-07-14 14:04:06
"My biggest issues have been his protectionist actions, like leaving most of Trumps tariffs in place(I understand not lifting the ones with China until further notice though). 

Not advocating  for a Carbon Tax is a huge missed opportunity where there can be some bipartisanship support, a way to increase revenue and pay for either infrastructure/preparing for future crisis'. 

It's still very early in his administration though, so far his handling of the COVID Vaccine rollout and just turning the temperature down in society and even world has been pretty good. I'm not stressed out when I look at headlines daily anymore. 

He's got some decisions to make here with Haiti and Cuba. 

Well see what happens moving forward with Iran and rejoining the JPCOA(I'm hopeful he does). 

I'd like to see he try to counter China using trade deals, including joining CPTPP. I know I may not fall in the mainstream of Democrats with some of those views but as far as making the US better off and countering China, trade agreements and creating trade allies in the region/world is the best path forward in addressing a lot of problems.",2.0,democrats,2021-07-17 20:37:26
"You may be right on the air america thing--i knew hm from  Muike Papantonio--Ring of fire

The only thing i can think of  was he hooked up with Russia Today whch is where Ed Schultz ended up--msnbc

They kind of all ran in the same circles for a while--actually looked up as i was typing yes Ring of Fire and RT are bed fellows, but it also seems like RFK was anti vaxx before covid--from 2019 politico--actually better article from Scientic America 2017
https://www.scientificamerican.com/article/how-robert-f-kennedy-jr-distorted-vaccine-science1/

Sorry was searching and typing",2.0,democrats,2021-07-19 00:16:12
"Wait, so 43 ppl got the vaccine and still died from covid?? 🤔😳",0.0,democrats,2021-07-22 13:40:12
"Incorrect. This isn't about the overall odds of dying. Imagine this:   you put 1000  people who is currently in the hospital for covid, getting intubated, risking permenant lung damage and neurological damage, all wondering if they're about to die, into one room.   You ask them who didn't get vaccinated. 9970 of them will raise their hands. 

Doctors are telling stories (NPR) about intubated patients begging for a vaccine. Doctor has to tell them it's too late.

That's not the same as your overall % chance of being hospitalized. 5% chance if you're unvaccinated, becomes ~ 0.15% if you are vaccinated.",1.0,democrats,2021-07-22 17:12:05
"There are estimates. Pretty heavy estimates that assume a pretty high rate of undocumented cases, but the percents are built into that.  If anything, those numbers are even MORE inaccurate for vaccinated people since we are more likely to be asymptomatic/barely symptomatic carriers. 

This is why the overall % of deaths and hospitalizations is a tricky conversation. But when you see that 99% of covid deaths are unvaccinated against covid, that's a pretty clear, obvious, and indisputable sign that it's time to go get the vaccine.",1.0,democrats,2021-07-22 19:54:40
I think it would seriously dilute the COVID vaccine messaging right now.  Not a good idea.,1.0,democrats,2021-07-23 13:39:13
"If they just get the damn vaccine, then they wouldn't have to be protesting any more covid restrictions",1.0,democrats,2021-07-24 20:49:02
"I’m worried about it. Then again, the covid deniers refusing to take the vaccine should really put a dent in the Republican vote tally by 2022.",1.0,democrats,2021-07-25 05:19:01
"We knew this was going to happen. When the vaccines came out, lots of us told the anti-vaxxer Republican covidiots they would eventually be playing the covid death lottery all by themselves.

So it's heartbreaking when kids or the immunocompromised are intubated or die because they are either unvaccinated or don't respond well to the vaccine.

These ""MuH FReeDumB, MuH cHOice"" folks, not so much. And instead of being selfish at the end, if they felt true remorse for their actions, they would get on YouTube. Tell their story. Apologize for putting other people at risk and encourage their fellow and vaccinated friends and relatives to get the vaccine.",1.0,democrats,2021-07-25 14:59:51
"You’re the one supporting the ridiculous assertion that “the Delta variant is a good thing, actually”, but sure I’m the troll. There’s no silver lining here. The Pfizer vaccine may only be 39% effective against the Delta variant according to an Israeli study: https://www.cnbc.com/2021/07/23/delta-variant-pfizer-covid-vaccine-39percent-effective-in-israel-prevents-severe-illness.html",1.0,democrats,2021-07-25 15:13:11
"It's sad that it took getting covid to change her mind. It's sad that there are still so many people that have this absurd notion that the vaccine hasn't been tested, that it's killing people, and that for some reason the government is trying to force people to get it for some unknown nefarious reason.",1.0,democrats,2021-07-26 16:57:25
"I also believe that those who deny COVID, and refuse the vaccine, should have to sign a little pledge saying if they get sick from COVID, they won't come in to waste hospital resources AND they can come volunteer a few hours on the COVID ward.... since they won't get sick",42.0,democrats,2021-07-26 17:24:34
"I work in health care. I recently saw a nurse bring a covid patient to our floor...she had on no PPE. When I questioned her, she said she'd take her chances. I asked if she'd been vaccinated, she said no that she wasn't going to take anything that would change her DNA.  I asked a different patient if he had been vaccinated, he said no that he didn't trust Anthony Fauci. I said well I don't think Anthony Fauci makes the vaccine. He replied I don't care, I don't like Fauci.",94.0,democrats,2021-07-26 19:20:41
"All I can say is GOOD FOR HER!

She didn't study to help others, only to be abused by employers and patients. Most people going in for COVID now are the ignorant.  I feel sorry for the kids and those who CAN'T take the vaccine, and they should always be helped, but the adults can KMA with their steady diet of disinformation.  Stupid-at-will.

https://www.npr.org/2021/05/18/996207511/hospitals-serving-the-poor-struggled-during-covid-wealthy-hospitals-made-million",12.0,democrats,2021-07-26 22:17:10
I saw a YouTube video the other day that showed a thread where the person thought the covid vaccine worked like aids.,2.0,democrats,2021-07-26 22:54:38
"I feel bad for the doctors and nurses in this wave we are having only them none of the patients only the ones who’ve been vaccinated. Don’t give me your sob story of how sorry you are now. It’s too late you’ve let lies, propaganda and politics make your decisions. If trump had won and gotten vaccinated on tv they would’ve lined up for the vaccine. But no he does it in secret while claiming COVID is nothing. It’s no wonder they don’t trust anyone everyone they listen to is lying to them. So when we tell them the truth or Fauci tells them the truth they don’t believe it. I’m tired of all the pandering the media does to them.",1.0,democrats,2021-07-27 05:41:10
"&gt;My apologies... I meant adult population. Are there countries that are vaccinating children?

61 percent of Israelis has received the first dose of the COVID vaccine, and **56 percent the second** \- as the country faces a surge of **delta variant infections**

[https://www.haaretz.com/israel-news/israel-vaccine-data-how-many-have-already-been-inoculated-for-covid-1.9626604](https://www.haaretz.com/israel-news/israel-vaccine-data-how-many-have-already-been-inoculated-for-covid-1.9626604)",1.0,democrats,2021-07-29 04:49:15
My friends wife got Covid after she was fully vaccinated. She didn’t realize it for about a week because it was mild. I’d say the vaccine is doing it’s job.,1.0,democrats,2021-07-29 22:07:03
"Damn. The 'source' thing. Nothing personal but that really tightens more shorts. Asking others to be Google. I don't get it. Here. It took me all of five seconds. [https://www.nbcnews.com/health/health-news/rarely-covid-vaccine-breakthrough-infections-can-be-severe-who-s-n1274164](https://www.nbcnews.com/health/health-news/rarely-covid-vaccine-breakthrough-infections-can-be-severe-who-s-n1274164)

And to toss it out there, if I'd wanted to use the word ""exclusively,"" I would have.",1.0,democrats,2021-07-29 22:24:03
"It does matter because while no variant has pierced the vaccine yet, one conceivably COULD. Plus there are people with allergies or immune conditions that medically can’t get the vaccine and they’re put at risk by Republicans. 

It’s like HIV in the 80s. Republicans at the time thought that it was just a “gay disease” so they were down to let everyone die from it because they thought it would just hurt gay people. But diseases don’t work like that and they started to get sick too. While Republicans are significantly more likely to contract COVID-19 and die from it, it would be a mistake to let the disease run rampant through their population. Besides, as much as I disagree with them I don’t want them to DIE.",1.0,democrats,2021-07-30 14:03:23
"Hi there, DonSalaam. Thank you for participating on /r/democrats. Unfortunately, your post has been automatically removed because we do not permit anyone to post more than 5 times over a 24 hour timespan.

Your previous posts:

[Pfizer data show vaccine efficacy wanes after 6 months](/r/democrats/comments/ou7lny)

[How this mayor tackled vaccine hesitancy in a deeply Republican city](/r/democrats/comments/oub1ut)

[Flawed scientific papers fueling Covid-19 misinformation](/r/democrats/comments/oubnus)

[Vaccine, mask opponents are fueling the delta variant's death toll. Will incentives help?](/r/democrats/comments/ouc84d)

[Racist conservative mob doesn't care for science, threatens state public health official over life-saving advice](/r/democrats/comments/oudj07)",1.0,democrats,2021-07-30 14:07:25
"Are you ok?  You're comment here is a partial loaf...how can you be so obtuse?

The new guidelines are because of the unvaccinated...if they were vaccinated then it wouldn't matter that the vaccinated can carry it! 98% of cases are in the unvaccinated.

The unvaccinated are a plague wielding albatross on the neck of America.

Why?

Because the unvaccinated are going to destroy their red state communities which hurts my country, our economy, our national security, and the world economy.

Because it matters to me as an American when my fellow Americans are killing themselves.

Because now I am probably going to voluntarily start  to wear a mask again to protect the unvaccinated. The masks aren't for the person who wears them...the mask stops the virus from leaving a person and going into the air to infect others...a basic mask doesn't really stop the virus from getting in you need a special mask for that...so now because these people can't stop murdering themselves in their unvaccinated communities I have to wear a mask again. Yet the unvaccinated are not likely to wear a mask. 

And this last reason is the worst...

Because the people who don't get vaccinated...are turning themselves into covid mutation machines...incubators for new variants beyond the delta version of covid...and yes on a long enough timeline if these people don't get vaccinated the delta variant will turn into a yet much stronger version of covid that the vaccine can't prevent...imagine that...

I mean...get it together will you?",1.0,democrats,2021-07-30 18:32:33
"Do you believe that any of the reported deaths caused by the vaccine to the VAERS data base could be factual? There have been over 12,000 reports. Obviously many/probably most of these reports are bogus/are not caused by the vaccine. However, there is probably a decent percentage that genuinely cannot be explained away. 

Now if you are a healthy relatively young person. One who may already have natural immunity because you already had Covid 19. You see that boosters are on their way. You understand what is being reported to the VAERS data base. You are not afraid of Covid 19. You have lost all faith in the government/politicians, scientist/doctors that just do what they are told because they don't want to get fired, and the media. How could you not hesitate to get the vaccine? 

Again, I'm not against the vaccine. What you said makes a lot of sense. I just don't think it's ok to begin mandates. I think it's the logical choice for many people. I actually convinced my dad to get the vaccine because he's in his mid 60s.",1.0,democrats,2021-07-30 19:17:56
When I get confronted by the misinformed my go to strategy has been to act slightly confused and ask to see where they read that. Don't act judgemental but slightly interested and ask lots of questions. Where do you think they're all living? If they're giving all these immigrants big handouts wouldn't that be good for local businesses? How are they spreading covid when Bill Gates is firing them all to take the vaccine?  Etc,1.0,democrats,2021-07-31 03:48:12
"I totally understand, I'm from Ohio and most of my family is either Evangelicals or just plain racist. What I finally had to do was let them go. I deserve peace in my life. I have let those toxic hateful people dictate the script to long. So I cut them off completely. 

I do keep in touch with the liberal family members (we just happen to be well educated PhD master and bachelor's degrees) which is a total of 6. 5 cousins and 1 aunt, that's out of hundreds of close family members. (Both grandparents had 12 children each). They have all drank the Trump koolaid. But I had to separate my self from the hate and bile they all  surrounded themselves with. D. Trump gave them permission to be as hateful as he is and it feels good to them like  drug.

You are young and I get that family is important, and you love them and want them as a part of your life but at what cost? I'm 47 and only now do I have the peaceful and drama free life I always wanted. 

What I came to realize is that I was the one doing all the work in those family relationships. I made all the phone calls home and Christmas cards were only going on one direction. When I stopped calling there was no calls to me asking why I wasn't calling. So I wrote a letter a s posted it on facebook
 Because almost the entire family is on there regularly thats how they get their news and are told what to believe. (And my mom spies on me through FB Post, which is dumb) I posted the letter and aired my grieves like you grams suttle disrespect mine is a aunt that doesn't know she's going to hell because she doesn't know she isnt perfect. I laid it all out called everyone to task and confessed my short comings so as to show I was no better than them. 

But for the fact that I believe in democracy, the right that All Americans have fair access to the Vote. That health care is a right. That only those with vaginas and can produce a baby should be  making decisions about those thing. That my husband and my marriage is just as valid and theirs. That truth and facts actually matter, being able to back the up of real tangible proof. That kissing, touching, grabbing and part of a persons body without permission is sexual assault plain and simple. That the color of a persons skin, thier choice of religion, or where they come from does not indicate they are inferior to anyone, God created us all equally in His image. And finally that covid 19 is real, mask saves lives (and you can personalize then to be fun and stylish), and a vaccine is not where the government is going to put chip to tract you in. And for that matter is this NOT the mark of the beast you evangelical idiots. If anyone is the complete opposite of Christ and there for be an antichrist would be trump. 

So that's how I handle them. Most were pissed when I pointed out how they are racist bigots and completely uneducated and total idiots. Once that was complete a load was lifted l, and peace came. My life is drama free. 

I wish you the best of luck and will add you to my prayers this week.  Life is what YOU make it. Boundries are important and necessary.",2.0,democrats,2021-08-08 10:43:31
"There’s an amazing tik tok video about convincing people to get vaccinated using the analogy that covid is in their body illegally. The first shot builds a wall, and the second deports them all using tiny guns that are in the vaccine. It’s really amazing",3.0,democrats,2021-08-08 18:03:11
But there's one group of people that aren't getting the vaccine. They were also the same group of people that didn't wear masks. Which is why we're seeing another wave in COVID cases. I'm sure you can figure out which group of people that is.,1.0,democrats,2021-08-08 21:59:28
"Look if they want to kill themselves thats their decision. The problem is before they go they often spread it to others. I'm currently having this problem with my wife's family members. They're Trump supporters who've been living their normal lives the last 18 months, got COVID and were fine, but still refuse to wear masks and won't get the vaccine. But then want to be around my 2 year old daughter. That's the problem. Just pure selfishness and not giving a shit about family, friends, and your community.",2.0,democrats,2021-08-08 22:27:35
"Catch 22 for desantis. If he enforces masks he will loose re-election because the republicans act rabid when you ask them to mask up. No one took the vaccines and now they are dying. 

Imagine almost dying of covid in the hospital and STILL saying that they wouldn’t have taken the vaccine. What are you going to do.. shut down the economy again? A lot of smaller businesses will shutter forever.. If they survived the first shut down. 

As the saying goes… you can lead a horse to water but you can’t make them drink. If your family is vaccinated then the only thing you need to worry about is if you need to go to the ER for something else right now. I have no more sympathy for covid patients and I think if they are unvaccinated, then regular ER patients should get priority.",4.0,democrats,2021-08-09 16:23:45
"&gt;You sure like twisting words, don’t ya?

I'm literally repeating back to you what you're saying. I'm just trying to help you understand how horrible that sounds.

&gt;They’re a danger to public safety.

Are all ""anti-vaxxers"" (I don't really think this is a fair way to describe people who are against taking the Covid Vaccine as it exists on the market currently) a danger to public safety?

&gt;They’re berating the health care professionals who are doing their best, forcing them to quit.

They're all doing this?

What about the doctors and nurses who are being forced to quit because they themselves don't want to take the Covid Vaccine? Any sympathy for them?",1.0,democrats,2021-08-11 13:56:27
"When we shut down in March, it was because we didn't know what was going on and needed to hit the emergency brake. When we applied COVID measures after in 2020 and beyond, it was to buy us time to get to a vaccine. Every time we shut down it was because something would change in the future.

Now I ask, what will change in the future? What is the point of applying COVID precautions that come with their own mortality risks in the form of socioeconomic decline, missed education, and rising wealth inequality?

People will say to keep the hospitals from drowning in patients, but at 0% vaccination and the south/rural areas doing nothing all of 2020, the doomsday scenarios never materialized. Busy hospitals, yes, but not a catastrophic collapse. Now we've got a vaccine that more than half the population has taken, disproportionately by the elderly. I just don't see the hospitals collapsing. Getting very busy? Yes, but that happens every year.

So there seems to be little chance of true catastrophe/collapse given the vaccines are preventing hospitalization and death and mitigating disease in many ways. We have a vaccine that is wildly effective and protects nearly everyone who takes it. Why *not* let people make that decision for themselves? Fuck it. I'm vaccinated and I won't die of COVID. Others have chosen not to be, and I'm not sure I want to hamstring my life again for their sake when they clearly don't care.",-7.0,democrats,2021-08-11 23:22:32
