comments,score,subreddit,time_created
People who don’t take the Covid vaccine give some of the dumbest reasons I’ve ever heard,5.0,democrats,2021-06-13 23:31:42
"I don't know why you've been downvoted, not me. 

I don't know where you read that but it's beyond wrong. When looking for this type of info, try doing it on reliable sources. Some say Covid 19 antibodies last no more than a couple of months, others than 8 months. Not one of all the reliable sources I've read talks about 17 years, not even with the vaccine you're protected for that long, flulike vaccines need to be injected every year. 

Whether you have antibodies because you had it or because you were vaccinated, you can still be re- infected. CDC and John Hopkins (reliable sources) recommend that even if you had the disease, getting vaccinated is in your best interests.",1.0,democrats,2021-06-14 15:43:08
"Man, I couldn't disagree with you more. I understand that there definitely are people like the ones you are refering to but not all are like that.  


But some people don't consider those sources less than trustworthy because they have been all their life told, by people they trust, that they are the honest ones. Reality isn't a fixed point, truth changes regularily since we know so little we humans.  I don't know what is the best way to handle a pandemic so I follow the guidance of the experts. And the experts have slightly different views in different places as well as have changed their minds over the course of the pandemic. It is hard to know exactly what is the right thing to do when even the experts are not 100%.  


In vaccination of course it's different. I don't think you will find many doctors recommending not to vaccinate :p. But vaccination also comes with risks. I make the judgement that for me Covid is a larger risk. But here in Sweden during swineflue we vaccinated tons of people with a quickly developed vaccine. 400 people in our small country developed Narcolepsia after that. Something that is a lifelong disease that will have a huge effect on your quality of life.  
 

I again like to consider the religious side of it because in some groups politics is definitely close to that. And that goes for both left and rightwing groups across the globe. I know highly intelligent people that are Muslims, Christians, Jehovas witnesses as well as atheist/agnostic. These groups will often claim to know the reality of the world more than the others and some of them are certainly brainwashed, yet they are not dumb.  


""You don't get brainwashed without knowing it"" is however a dumb statement. If you from your childhood constantly gets an idea reinforced by your surroundings it is hard as fuck to change that and it does not make you dumb, you most likely also have ideas that are wrong, so do I. If someone during the pandemic went and sought ought something they accept to be untrustworthy for information then yes, they are dumb.",1.0,democrats,2021-06-15 08:08:54
"Just like Missouri? You have a Democrat Governor who tried to protect everyone from Covid-19. Guess what our Governor did... made masks optional or for local leaders to decide. St Louis County was one of the few to require masks. Then when the vaccine became available, guess who got the lion's share of the vaccine. People of St Louis had to drive hours to get it.",0.0,democrats,2021-06-21 21:33:43
"Not one person has made that comparison 😂. Straw man. So now, let’s address the actual issue. COVID 19 is a mild flu, masks do nothing (except for suffocating you), and Bill Gates (someone who believes in overpopulation) is funding the “vaccine” (or experimental gene therapy). Straw men arguments are so stupid, how can you not recognize them?",1.0,democrats,2021-06-23 00:15:22
"Yeah but...Freedom. 

\[Associated Press\] Nearly all COVID-19 deaths in the U.S. now are in people who weren’t vaccinated, a staggering demonstration of how effective the shots have been and an indication that deaths per day — now down to under 300 — could be practically zero if everyone eligible got the vaccine.

An Associated Press analysis of available government data from May shows that “breakthrough” infections in fully vaccinated people accounted for fewer than 1,200 of more than 853,000 COVID-19 hospitalizations. That’s about 0.1%.

And only about 150 of the more than 18,000 COVID-19 deaths in May were in fully vaccinated   
people. That translates to about 0.8%,or five deaths per day on average.",13.0,democrats,2021-06-25 03:15:55
"I don't self identify as conservative, but I am very interested in the origins and not at all interested in ""stopping the virus"".

This virus is a pandemic.  It is everywhere on this planet.  By all indications that I can find, it appears to be very similar to influenza in both transmission and mutation rates.  A virus with a lesser mutation rate (polio) could be ""stopped"" with a vaccine.  Influenza has been with the human species since 1918 and has developed several variations that all mutate with some regularity.  We have no ""stop"" plan for influenza, just mitigation and minimization of transmission and severity of cases.  This is ongoing for Covid and nothing I have seen the conservatives doing is hampering this.

The origin is VERY important to me.  Was this a weapon?  I don't \*think\* so; the Journal Lancet came out very early saying that the COVID 19 variant that had jumped to humans had no indications of modification.  Was this bad (or not great) infection management at a lab?  I would like to know so that we can prevent in the future.  Was this something we could have attacked globally in DEC of 2019 and JAN of 2020 to prevent it becoming pandemic?  Dunno, but sure would like to have tried.

There are more virus' out there looking to jump to the human population.  Influenza killed 80,000 US citizens in 2019.  We will now add to influenza the ""normalized"" annual mortality of Covid 19 (not normalized yet, and 2021/22 flu season (that now needs to be renamed to flu/Covid Season) will be a blend of the 2)).  This will hopefully erode some of the mortality of influenza as their target demographics seem to overlap lots.  But even most optimistically, I expect that we will see in excess of 80k deaths per year ongoing.  

Finding the origins may help us from adding another virus to the flu/Covid season we now face into perpetuity.  I don't know that we will ever find a way to beat the mutation rate.  Life...uhh...finds a way...",0.0,democrats,2021-06-28 17:42:45
"The Trump response was awful in epic proportions, and anyone who was paying attention knew this person and has administration was utterly incapable of handling a crisis more serious than a Cat 3 hurricane. 

Unfortunately we did not dodge the bullet and he and his administration was as uniquely awful as imagined. Then Biden comes along and picks through the wreckage of what Trump left behind and launched a vaccine program. Most of us are seeing our communities get back to normal and the economists are cautiously optimistic that we’re near the end of the Covid driven recession so life is looking good.

Life is looking good no thanks to the GOP. So what do they do? Distract. Let’s not talk about our cautious return to normal let’s talk about the lab created virus...which is a very short walk to bio warfare meat for the base.",1.0,democrats,2021-06-29 03:39:27
"srsly, if you refuse the vaccine you should refuse treatment. the same ppl who complain about experimental drugs dont know the first thing about covid treatments",39.0,democrats,2021-07-03 02:50:01
"The vaccine wasn’t rushed, it was being worked on long before the outbreak because scientists had predicted that a COVID virus was coming, and had been ringing alarm bells for years with nobody paying attention. I don’t care what dangers you put yourself in by your own volition. I also don’t care about your or any other healthy individuals “concerns” about getting vaccinated. What I do care about are the tens of thousands of people with compromised immune systems who are put in constant lethal danger because of you and others who selfishly believe the amazing gift of vaccines is somehow an infringement on YOUR rights. What about the rights of those I mentioned previously to live? And to live without constant fear of contracting an illness they are less able than you to survive? What gives your “right” to not protect yourself take priority over everyone else’s rights?",4.0,democrats,2021-07-03 06:33:31
"A woman I know, who I thought was on the “science” side of Covid, declined the vaccine for this same reason - it interfered with her chakras. I couldn’t come up with a better response other than, “oh.”",4.0,democrats,2021-07-03 11:20:51
"&gt; She thinks the vaccine is going to change her dna.

I thought that at first too. But I did the ""research"" and watched as more information came out. The danger from any covid vaccine is incredibly low. 

However many people have no understanding of probability. Instead optimists believe believe their gut feeling that they'll win the lottery this week and not die of anything ever and pessimists believe anything the doc in the white coat does is guaranteed to endanger them. 

Of course there are people too intelligent to be ruled by feelings. They are either wealthy,  powerful egotists or Democrats.",1.0,democrats,2021-07-03 18:09:35
"Much of our DNA does show inherited changes which various viruses have caused over millennium. However Covid is much more likely to do that than is a covid vaccine. 

Note ""much more likely than the vaccine"" does not mean particularly likely at all. Unless the long-haul symptoms are caused by DNA changes, I wouldn't know, but the thought is enough to make me get vaccinated.",2.0,democrats,2021-07-03 18:56:23
Yep. I have an aunt who's a retired emergency room nurse. Her son works in nursing and just wrapped up an 18-month assignment working in a covid unit. He's told horror stories. My aunt won't get the vaccine and refused to wear a mask too.,1.0,democrats,2021-07-03 19:04:02
"&gt;...an American Nurses Foundation October survey found that about two-thirds of the nurses polled were unsure about receiving the vaccine or said they wouldn’t voluntarily get it. Their reasons vary. Some say they distrust the speed at which the vaccine was developed and approved, some are wary of being “guinea pigs” because they’re the first outside of clinical trials to receive the vaccine, and others express commonly held conspiracy theories about the vaccine (for example, that it can mutate human DNA or cause COVID-19 infections to worsen).

https://www.myamericannurse.com/nurses-and-vaccine-hesitancy-references/",0.0,democrats,2021-07-03 19:26:07
"No and I really don't care to try. If you don't want the vaccine then take your chances with COVID, it's your choice.",3.0,democrats,2021-07-03 19:27:11
"October. Of last year. 

More recent info is [here. ](https://labblog.uofmhealth.org/rounds/some-healthcare-providers-among-those-hesitant-about-covid-19-vaccine)

And this survey showed rates about 80%.

Why you saw in October was people unsure of a new vaccine, as awareness spread much of that uncertainly went away, and when it came time to get vaccinated most did.",1.0,democrats,2021-07-03 20:37:36
"Your article doesn't appear to break down the responses by position. My article was only about nurses, where in October of 2020 two thirds of nurses said they were vaccine hesitant. I understand that you're defensive about this, but there's no reason to be disingenuous. This is from June of this year.

&gt;What I don't understand is how come 40% of my nurses who have worked with me in my COVID unit, where three patients die every day, they still say no.

&gt;DR. JOSEPH VARON, CHIEF OF CRITICAL CARE, HOUSTON'S UNITED MEMORIAL MEDICAL CENTER

https://www.usatoday.com/in-depth/news/investigations/2021/06/03/covid-19-vaccines-refused-surprising-number-hospital-workers/7432058002/

Nurses are vaccine hesitant at a strangely high rate for their job position. I think there are reasons for this.",0.0,democrats,2021-07-03 20:45:57
"After the GOP's reaction to covid, I'm not surprised, though I know a nurse who treated covid patients and is still a Trump fanatic and refused to get the vaccine",15.0,democrats,2021-07-07 16:23:20
"The government should stop paying for free healthcare for those that get covid that need hospitalization but haven't got the shots (underage or those with actual medical reasons should still get covered).

Why do taxpayers need to pay for those that refuse the shots that will help them or their neighbors.  

No one of forcing them to get the vaccine but if they want to still say no to it, then if they get sick, they need to pay for themselves.  

This may even help push those that have been waiting to get the shot to the finish line.",2.0,democrats,2021-07-09 19:20:49
"We should start web rumors that the Anti-Vax movement is all funded by liberals so that Republican votes would die of covid.  They are dumb enough to believe that.

Also we could try another rumor that the vaccine  makes you add 2 inches to your dick.",1.0,democrats,2021-07-10 00:13:52
"And it may not be worth it to the young healthy person themself. But getting vaccinated isn't just about how it affects you. It's about helping to protect those around you, especially children, immunocompromised, and other who cannot get the vaccine. Vaccination is a public health issue because your decision affects those around you. It's not just about you. We need the young and healthy to get vaccinated so that they don't get covid and keep it in circulation.",1.0,democrats,2021-07-10 07:07:19
"Pfizer is making a booster. 

You'll probably need a booster shot within 6-12 months from the time you got fully vaccinated (for Pfizer that means you got two shots already) to protect yourself from the current or future variants. Current--as in not necessarily prominent or for that matter yet discovered.

As of today (July 2021), we're seeing the [Delta variant becoming prominent:](https://www.cdc.gov/coronavirus/2019-ncov/variants/variant.html)

&gt; B.1.617.2 (Delta): This variant was first detected in the United States in March 2021.  It was initially identified in India in December 2020.

We won't know more until more data comes in. Pfizer is developing a booster shot anyway and so that people have that option in the future. It'll be available by August if approved for an emergency authorization.

The CDC says that you don't need a booster shot *at this time.* They didn't say ever. They're prepared for booster doses if they are needed. 

* https://www.hhs.gov/about/news/2021/07/08/joint-cdc-and-fda-statement-vaccine-boosters.html

Right now, 99.5% of coronavirus deaths are from [unvaccinated individuals.](https://news.yahoo.com/cdc-99-5-covid-19-162125960.html) 

According to a study from Israel, the current Pfizer vaccine is up to 70% effective against the *Delta variant* compared to 95% against the earlier strains (Alpha variant) that we saw back in May. Other studies from Britain and Scotland show the Pfizer vaccine was 79-88% effective against the Delta variant.

[**Here's the important part.**](https://www.khou.com/article/news/health/coronavirus/vaccine/covid-vaccine-delta-varient-israel/285-ed3c124e-6fb4-4d06-bc1f-2739f4d31075)

&gt;...it is important to keep in mind, Israel says the Pfizer shot is 93 percent effective at preventing severe disease and hospitalizations. That is not a large drop from the 97 percent reported back in May. 

tl;dr You can get *symptoms* from the new variants but 99.5% of coronavirus deaths right now are from **unvaccinated individuals.**",1.0,democrats,2021-07-10 16:30:04
"Except it correlates almost exactly...

https://www.denverpost.com/2021/06/25/covid-19-vaccine-rates-donald-trump-joe-biden/

You may not like it but it's true.",10.0,democrats,2021-07-13 22:33:09
"This was 49%, in April.  https://www.usnews.com/news/health-news/articles/2021-04-21/the-big-covid-vaccine-holdouts-republican-men",6.0,democrats,2021-07-13 23:30:01
"The vaccine has become political, tragically. That's definitely a problem.

But it's also ageist. Young people of both political persuasions are turning up their noses at the vaccine. 

The average 20 year old isn't vaccinated. And I get it, I remember being young and selfish and thinking I will live forever. We need to get people under 27 (who are only vaccinated at 47% nationally) to get the shot. They just don't give a shit, they know statistically that they won't suffer major covid consequences, and they don't care that they can be a carrier especially when their older relatives are vaccinated. 

The understanding of mutations and herd immunity needs to be better propagated.",7.0,democrats,2021-07-13 23:56:14
From Google’s COVID vaccine data tracker. It pulls information from several trustworthy sources on the internet.,1.0,democrats,2021-07-14 00:44:52
It isn’t bait. I made this map using data from the Google COVID vaccine tracker.,2.0,democrats,2021-07-14 03:48:14
"I think the only way that would have happened is if Trump did a complete 180 on Covid if he was elected. Yes, he pushed for the vaccine's creation, but at the same time he downplayed Covid and said it was no big deal. How does he then turn around and tell everyone to get vaccinated for something he says isn't a problem?

It'd be like if they told you there was now a vaccine for the sniffles. You could totally get it and be protected, but everyone has said the sniffles is no big deal for years. Why would you bother getting vaccinated if you knew that not getting vaccinated would have barely any effect, if any at all?

Trump backed himself into a corner on it. It was a no win scenario.",6.0,democrats,2021-07-14 04:04:36
"Biden needs to talk to Trump or someone near him. This entire situation can be fixed by convincing Trump to release a statement, preferably televised, urging his followers to get vaccinated. I'm sure he could find some way to spin it to where getting vaccinated is ""making America great again,"" but it needs to happen. 

His loyalists will never get vaccinated unless he tells them to and that leaves the door open to many more future waves of Covid. I think everyone would rather not have that and sadly I think involving Trump and using his pull with his followers is the best way to fix all this. 

They'll never agree to get the vaccine no matter what Biden or the rest of the government does to convince them. Trump has to get involved and use his influence for good. Sadly, I doubt that will ever happen and we'll have these pockets of Covid for years to come.",6.0,democrats,2021-07-14 04:22:47
"https://data.lansingstatejournal.com/covid-19-vaccine-tracker/michigan/26/

And it's now 48%. Looks like they're pulling these numbers from the CDC.

Who knows the real number, hopefully it's over 50%",3.0,democrats,2021-07-14 11:42:07
I made this map myself using data from the Google COVID vaccine data tracker. I made sure that it was as accurate as possible.,1.0,democrats,2021-07-14 14:04:06
"My biggest issues have been his protectionist actions, like leaving most of Trumps tariffs in place(I understand not lifting the ones with China until further notice though). 

Not advocating  for a Carbon Tax is a huge missed opportunity where there can be some bipartisanship support, a way to increase revenue and pay for either infrastructure/preparing for future crisis'. 

It's still very early in his administration though, so far his handling of the COVID Vaccine rollout and just turning the temperature down in society and even world has been pretty good. I'm not stressed out when I look at headlines daily anymore. 

He's got some decisions to make here with Haiti and Cuba. 

Well see what happens moving forward with Iran and rejoining the JPCOA(I'm hopeful he does). 

I'd like to see he try to counter China using trade deals, including joining CPTPP. I know I may not fall in the mainstream of Democrats with some of those views but as far as making the US better off and countering China, trade agreements and creating trade allies in the region/world is the best path forward in addressing a lot of problems.",2.0,democrats,2021-07-17 20:37:26
"You may be right on the air america thing--i knew hm from  Muike Papantonio--Ring of fire

The only thing i can think of  was he hooked up with Russia Today whch is where Ed Schultz ended up--msnbc

They kind of all ran in the same circles for a while--actually looked up as i was typing yes Ring of Fire and RT are bed fellows, but it also seems like RFK was anti vaxx before covid--from 2019 politico--actually better article from Scientic America 2017
https://www.scientificamerican.com/article/how-robert-f-kennedy-jr-distorted-vaccine-science1/

Sorry was searching and typing",2.0,democrats,2021-07-19 00:16:12
"Wait, so 43 ppl got the vaccine and still died from covid?? 🤔😳",0.0,democrats,2021-07-22 13:40:12
"Incorrect. This isn't about the overall odds of dying. Imagine this:   you put 1000  people who is currently in the hospital for covid, getting intubated, risking permenant lung damage and neurological damage, all wondering if they're about to die, into one room.   You ask them who didn't get vaccinated. 9970 of them will raise their hands. 

Doctors are telling stories (NPR) about intubated patients begging for a vaccine. Doctor has to tell them it's too late.

That's not the same as your overall % chance of being hospitalized. 5% chance if you're unvaccinated, becomes ~ 0.15% if you are vaccinated.",1.0,democrats,2021-07-22 17:12:05
"There are estimates. Pretty heavy estimates that assume a pretty high rate of undocumented cases, but the percents are built into that.  If anything, those numbers are even MORE inaccurate for vaccinated people since we are more likely to be asymptomatic/barely symptomatic carriers. 

This is why the overall % of deaths and hospitalizations is a tricky conversation. But when you see that 99% of covid deaths are unvaccinated against covid, that's a pretty clear, obvious, and indisputable sign that it's time to go get the vaccine.",1.0,democrats,2021-07-22 19:54:40
I think it would seriously dilute the COVID vaccine messaging right now.  Not a good idea.,1.0,democrats,2021-07-23 13:39:13
"If they just get the damn vaccine, then they wouldn't have to be protesting any more covid restrictions",1.0,democrats,2021-07-24 20:49:02
"I’m worried about it. Then again, the covid deniers refusing to take the vaccine should really put a dent in the Republican vote tally by 2022.",1.0,democrats,2021-07-25 05:19:01
"We knew this was going to happen. When the vaccines came out, lots of us told the anti-vaxxer Republican covidiots they would eventually be playing the covid death lottery all by themselves.

So it's heartbreaking when kids or the immunocompromised are intubated or die because they are either unvaccinated or don't respond well to the vaccine.

These ""MuH FReeDumB, MuH cHOice"" folks, not so much. And instead of being selfish at the end, if they felt true remorse for their actions, they would get on YouTube. Tell their story. Apologize for putting other people at risk and encourage their fellow and vaccinated friends and relatives to get the vaccine.",1.0,democrats,2021-07-25 14:59:51
"You’re the one supporting the ridiculous assertion that “the Delta variant is a good thing, actually”, but sure I’m the troll. There’s no silver lining here. The Pfizer vaccine may only be 39% effective against the Delta variant according to an Israeli study: https://www.cnbc.com/2021/07/23/delta-variant-pfizer-covid-vaccine-39percent-effective-in-israel-prevents-severe-illness.html",1.0,democrats,2021-07-25 15:13:11
"It's sad that it took getting covid to change her mind. It's sad that there are still so many people that have this absurd notion that the vaccine hasn't been tested, that it's killing people, and that for some reason the government is trying to force people to get it for some unknown nefarious reason.",1.0,democrats,2021-07-26 16:57:25
"I also believe that those who deny COVID, and refuse the vaccine, should have to sign a little pledge saying if they get sick from COVID, they won't come in to waste hospital resources AND they can come volunteer a few hours on the COVID ward.... since they won't get sick",42.0,democrats,2021-07-26 17:24:34
"I work in health care. I recently saw a nurse bring a covid patient to our floor...she had on no PPE. When I questioned her, she said she'd take her chances. I asked if she'd been vaccinated, she said no that she wasn't going to take anything that would change her DNA.  I asked a different patient if he had been vaccinated, he said no that he didn't trust Anthony Fauci. I said well I don't think Anthony Fauci makes the vaccine. He replied I don't care, I don't like Fauci.",94.0,democrats,2021-07-26 19:20:41
"All I can say is GOOD FOR HER!

She didn't study to help others, only to be abused by employers and patients. Most people going in for COVID now are the ignorant.  I feel sorry for the kids and those who CAN'T take the vaccine, and they should always be helped, but the adults can KMA with their steady diet of disinformation.  Stupid-at-will.

https://www.npr.org/2021/05/18/996207511/hospitals-serving-the-poor-struggled-during-covid-wealthy-hospitals-made-million",12.0,democrats,2021-07-26 22:17:10
I saw a YouTube video the other day that showed a thread where the person thought the covid vaccine worked like aids.,2.0,democrats,2021-07-26 22:54:38
"I feel bad for the doctors and nurses in this wave we are having only them none of the patients only the ones who’ve been vaccinated. Don’t give me your sob story of how sorry you are now. It’s too late you’ve let lies, propaganda and politics make your decisions. If trump had won and gotten vaccinated on tv they would’ve lined up for the vaccine. But no he does it in secret while claiming COVID is nothing. It’s no wonder they don’t trust anyone everyone they listen to is lying to them. So when we tell them the truth or Fauci tells them the truth they don’t believe it. I’m tired of all the pandering the media does to them.",1.0,democrats,2021-07-27 05:41:10
"&gt;My apologies... I meant adult population. Are there countries that are vaccinating children?

61 percent of Israelis has received the first dose of the COVID vaccine, and **56 percent the second** \- as the country faces a surge of **delta variant infections**

[https://www.haaretz.com/israel-news/israel-vaccine-data-how-many-have-already-been-inoculated-for-covid-1.9626604](https://www.haaretz.com/israel-news/israel-vaccine-data-how-many-have-already-been-inoculated-for-covid-1.9626604)",1.0,democrats,2021-07-29 04:49:15
My friends wife got Covid after she was fully vaccinated. She didn’t realize it for about a week because it was mild. I’d say the vaccine is doing it’s job.,1.0,democrats,2021-07-29 22:07:03
"Damn. The 'source' thing. Nothing personal but that really tightens more shorts. Asking others to be Google. I don't get it. Here. It took me all of five seconds. [https://www.nbcnews.com/health/health-news/rarely-covid-vaccine-breakthrough-infections-can-be-severe-who-s-n1274164](https://www.nbcnews.com/health/health-news/rarely-covid-vaccine-breakthrough-infections-can-be-severe-who-s-n1274164)

And to toss it out there, if I'd wanted to use the word ""exclusively,"" I would have.",1.0,democrats,2021-07-29 22:24:03
"It does matter because while no variant has pierced the vaccine yet, one conceivably COULD. Plus there are people with allergies or immune conditions that medically can’t get the vaccine and they’re put at risk by Republicans. 

It’s like HIV in the 80s. Republicans at the time thought that it was just a “gay disease” so they were down to let everyone die from it because they thought it would just hurt gay people. But diseases don’t work like that and they started to get sick too. While Republicans are significantly more likely to contract COVID-19 and die from it, it would be a mistake to let the disease run rampant through their population. Besides, as much as I disagree with them I don’t want them to DIE.",1.0,democrats,2021-07-30 14:03:23
"Hi there, DonSalaam. Thank you for participating on /r/democrats. Unfortunately, your post has been automatically removed because we do not permit anyone to post more than 5 times over a 24 hour timespan.

Your previous posts:

[Pfizer data show vaccine efficacy wanes after 6 months](/r/democrats/comments/ou7lny)

[How this mayor tackled vaccine hesitancy in a deeply Republican city](/r/democrats/comments/oub1ut)

[Flawed scientific papers fueling Covid-19 misinformation](/r/democrats/comments/oubnus)

[Vaccine, mask opponents are fueling the delta variant's death toll. Will incentives help?](/r/democrats/comments/ouc84d)

[Racist conservative mob doesn't care for science, threatens state public health official over life-saving advice](/r/democrats/comments/oudj07)",1.0,democrats,2021-07-30 14:07:25
"Are you ok?  You're comment here is a partial loaf...how can you be so obtuse?

The new guidelines are because of the unvaccinated...if they were vaccinated then it wouldn't matter that the vaccinated can carry it! 98% of cases are in the unvaccinated.

The unvaccinated are a plague wielding albatross on the neck of America.

Why?

Because the unvaccinated are going to destroy their red state communities which hurts my country, our economy, our national security, and the world economy.

Because it matters to me as an American when my fellow Americans are killing themselves.

Because now I am probably going to voluntarily start  to wear a mask again to protect the unvaccinated. The masks aren't for the person who wears them...the mask stops the virus from leaving a person and going into the air to infect others...a basic mask doesn't really stop the virus from getting in you need a special mask for that...so now because these people can't stop murdering themselves in their unvaccinated communities I have to wear a mask again. Yet the unvaccinated are not likely to wear a mask. 

And this last reason is the worst...

Because the people who don't get vaccinated...are turning themselves into covid mutation machines...incubators for new variants beyond the delta version of covid...and yes on a long enough timeline if these people don't get vaccinated the delta variant will turn into a yet much stronger version of covid that the vaccine can't prevent...imagine that...

I mean...get it together will you?",1.0,democrats,2021-07-30 18:32:33
"Do you believe that any of the reported deaths caused by the vaccine to the VAERS data base could be factual? There have been over 12,000 reports. Obviously many/probably most of these reports are bogus/are not caused by the vaccine. However, there is probably a decent percentage that genuinely cannot be explained away. 

Now if you are a healthy relatively young person. One who may already have natural immunity because you already had Covid 19. You see that boosters are on their way. You understand what is being reported to the VAERS data base. You are not afraid of Covid 19. You have lost all faith in the government/politicians, scientist/doctors that just do what they are told because they don't want to get fired, and the media. How could you not hesitate to get the vaccine? 

Again, I'm not against the vaccine. What you said makes a lot of sense. I just don't think it's ok to begin mandates. I think it's the logical choice for many people. I actually convinced my dad to get the vaccine because he's in his mid 60s.",1.0,democrats,2021-07-30 19:17:56
When I get confronted by the misinformed my go to strategy has been to act slightly confused and ask to see where they read that. Don't act judgemental but slightly interested and ask lots of questions. Where do you think they're all living? If they're giving all these immigrants big handouts wouldn't that be good for local businesses? How are they spreading covid when Bill Gates is firing them all to take the vaccine?  Etc,1.0,democrats,2021-07-31 03:48:12
"I totally understand, I'm from Ohio and most of my family is either Evangelicals or just plain racist. What I finally had to do was let them go. I deserve peace in my life. I have let those toxic hateful people dictate the script to long. So I cut them off completely. 

I do keep in touch with the liberal family members (we just happen to be well educated PhD master and bachelor's degrees) which is a total of 6. 5 cousins and 1 aunt, that's out of hundreds of close family members. (Both grandparents had 12 children each). They have all drank the Trump koolaid. But I had to separate my self from the hate and bile they all  surrounded themselves with. D. Trump gave them permission to be as hateful as he is and it feels good to them like  drug.

You are young and I get that family is important, and you love them and want them as a part of your life but at what cost? I'm 47 and only now do I have the peaceful and drama free life I always wanted. 

What I came to realize is that I was the one doing all the work in those family relationships. I made all the phone calls home and Christmas cards were only going on one direction. When I stopped calling there was no calls to me asking why I wasn't calling. So I wrote a letter a s posted it on facebook
 Because almost the entire family is on there regularly thats how they get their news and are told what to believe. (And my mom spies on me through FB Post, which is dumb) I posted the letter and aired my grieves like you grams suttle disrespect mine is a aunt that doesn't know she's going to hell because she doesn't know she isnt perfect. I laid it all out called everyone to task and confessed my short comings so as to show I was no better than them. 

But for the fact that I believe in democracy, the right that All Americans have fair access to the Vote. That health care is a right. That only those with vaginas and can produce a baby should be  making decisions about those thing. That my husband and my marriage is just as valid and theirs. That truth and facts actually matter, being able to back the up of real tangible proof. That kissing, touching, grabbing and part of a persons body without permission is sexual assault plain and simple. That the color of a persons skin, thier choice of religion, or where they come from does not indicate they are inferior to anyone, God created us all equally in His image. And finally that covid 19 is real, mask saves lives (and you can personalize then to be fun and stylish), and a vaccine is not where the government is going to put chip to tract you in. And for that matter is this NOT the mark of the beast you evangelical idiots. If anyone is the complete opposite of Christ and there for be an antichrist would be trump. 

So that's how I handle them. Most were pissed when I pointed out how they are racist bigots and completely uneducated and total idiots. Once that was complete a load was lifted l, and peace came. My life is drama free. 

I wish you the best of luck and will add you to my prayers this week.  Life is what YOU make it. Boundries are important and necessary.",2.0,democrats,2021-08-08 10:43:31
"There’s an amazing tik tok video about convincing people to get vaccinated using the analogy that covid is in their body illegally. The first shot builds a wall, and the second deports them all using tiny guns that are in the vaccine. It’s really amazing",3.0,democrats,2021-08-08 18:03:11
But there's one group of people that aren't getting the vaccine. They were also the same group of people that didn't wear masks. Which is why we're seeing another wave in COVID cases. I'm sure you can figure out which group of people that is.,1.0,democrats,2021-08-08 21:59:28
"Look if they want to kill themselves thats their decision. The problem is before they go they often spread it to others. I'm currently having this problem with my wife's family members. They're Trump supporters who've been living their normal lives the last 18 months, got COVID and were fine, but still refuse to wear masks and won't get the vaccine. But then want to be around my 2 year old daughter. That's the problem. Just pure selfishness and not giving a shit about family, friends, and your community.",2.0,democrats,2021-08-08 22:27:35
"Catch 22 for desantis. If he enforces masks he will loose re-election because the republicans act rabid when you ask them to mask up. No one took the vaccines and now they are dying. 

Imagine almost dying of covid in the hospital and STILL saying that they wouldn’t have taken the vaccine. What are you going to do.. shut down the economy again? A lot of smaller businesses will shutter forever.. If they survived the first shut down. 

As the saying goes… you can lead a horse to water but you can’t make them drink. If your family is vaccinated then the only thing you need to worry about is if you need to go to the ER for something else right now. I have no more sympathy for covid patients and I think if they are unvaccinated, then regular ER patients should get priority.",4.0,democrats,2021-08-09 16:23:45
"&gt;You sure like twisting words, don’t ya?

I'm literally repeating back to you what you're saying. I'm just trying to help you understand how horrible that sounds.

&gt;They’re a danger to public safety.

Are all ""anti-vaxxers"" (I don't really think this is a fair way to describe people who are against taking the Covid Vaccine as it exists on the market currently) a danger to public safety?

&gt;They’re berating the health care professionals who are doing their best, forcing them to quit.

They're all doing this?

What about the doctors and nurses who are being forced to quit because they themselves don't want to take the Covid Vaccine? Any sympathy for them?",1.0,democrats,2021-08-11 13:56:27
"When we shut down in March, it was because we didn't know what was going on and needed to hit the emergency brake. When we applied COVID measures after in 2020 and beyond, it was to buy us time to get to a vaccine. Every time we shut down it was because something would change in the future.

Now I ask, what will change in the future? What is the point of applying COVID precautions that come with their own mortality risks in the form of socioeconomic decline, missed education, and rising wealth inequality?

People will say to keep the hospitals from drowning in patients, but at 0% vaccination and the south/rural areas doing nothing all of 2020, the doomsday scenarios never materialized. Busy hospitals, yes, but not a catastrophic collapse. Now we've got a vaccine that more than half the population has taken, disproportionately by the elderly. I just don't see the hospitals collapsing. Getting very busy? Yes, but that happens every year.

So there seems to be little chance of true catastrophe/collapse given the vaccines are preventing hospitalization and death and mitigating disease in many ways. We have a vaccine that is wildly effective and protects nearly everyone who takes it. Why *not* let people make that decision for themselves? Fuck it. I'm vaccinated and I won't die of COVID. Others have chosen not to be, and I'm not sure I want to hamstring my life again for their sake when they clearly don't care.",-7.0,democrats,2021-08-11 23:22:32
"According to this, older people are more likely to be vaccinated than younger 

https://usafacts.org/visualizations/covid-vaccine-tracker-states/",1.0,democrats,2021-08-12 17:47:33
"“And then **I see the disinfectant**, where it knocks \[the virus\] out in one minute,” Trump said during the on-air presentation. “**And is there a way we can do something like that, by injection inside** or almost a cleaning, because you see it gets in the lungs and it does a tremendous number on the lungs, so it’d be interesting to check that, so that you’re going to have to use medical doctors with, but it sounds interesting to me.""

You're technically correct: Trump didn't directly tell people to inject themselves with disinfectant. 

Trump suggested — publicly, while addressing the people — that *scientists research the idea of* injecting disinfectant into Covid patients. (Psaki didn't say Lysol, she said ""poison."") The problem with this is:

* It was a stupid, unscientific suggestion. Too stupid and unscientific for scientists to waste time ""researching."" It's already well-known that injecting people with disinfectant will poison them.
* It was an irresponsible suggestion to make in a public forum. It very predictably resulted in a stark increase in people trying to poison themselves by drinking bleach.

There's nothing hypocritical about taking medical advice from Trump instead of from scientists.

But all this is moot, because Biden/Harris have nothing to do with vaccine hesitancy and everyone, even the reporter who asked the question, knows that. As the article states:

""Doocy’s suggestion that people who refuse the vaccine are doing so because they listened to Biden instead of Trump – and then stopped listening to Biden immediately after his September 2020 comments – does not square with reality. 

A Public Religion Research Institute/Interfaith Youth Core poll found that **Republicans were more likely than independents and Democrats to report vaccine hesitancy** and white Evangelical Protestants were the religious group most likely to report vaccine hesitancy, both groups that are unlikely to make major decisions based on comments from a Democratic politician.""",12.0,democrats,2021-08-13 15:42:08
What’s your deal? Do you LIKE covid? Do you LIKE masks? Do you LIKE all this shit with stuff be shut down? The vaccine works and slows the spread a lot. Just get the shot and tell everyone you know to get the shot and we can be done with all this shit.,5.0,democrats,2021-08-13 16:05:36
"When did Trump step up and advocated taking the vaccine? Where was his leadership in pushing for people to get vaccinated? He got covid himself and then promptly pretended it was no big deal and mocked wearing masks and mocked getting vaccinated while he and his family all got vaccinated in secret.

&gt;This whole debacle was politicized from day one.

Yes it was, by that orange cunt shitting and whining in the oval office.",4.0,democrats,2021-08-13 16:07:29
"Besides which, if you're worried about the mRNA issues with Pfizer/Moderna -- which you shouldn't be, the method is new in the same sense that immunosuppressant medications like Humira or Remicade are new; which is to say, yeah, some of it is new, but the underlying science isn't anything revolutionary -- just take the J&amp;J shot. It's a traditional shot, using the same basic ideas as many shots before it, [it does not contain aborted fetal tissue] (https://www.reuters.com/article/factcheck-johnson-aborted-idUSL1N2LU1T9), and it's basically as effective at preventing death and severe consequences as the other vaccines.

Not sure who I'm trying to convince, but as you can tell, I'm on an immunosuppressant also. Looking into getting a booster, if I do in fact need one. Also know someone fairly close to me, arround that same age, that's refusing to get the vaccine because they ""always have bad reactions"" to things (nevermind how bad the reaction from COVID is likely to be, given their other medical issues).

Regarding if you're allergic or something, I think it depends heavily on the reason of the allergy. For example, I've heard that the delivery mechanism for some vaccines essentially use chicken egg or yolk somehow or another, so allergies to that will cause an allergic reaction to certain vaccines, the flu vaccine in particular, I believe (this is all stuff I've heard from others, not first hand knowledge). But I don't believe any of the current COVID vaccines are using a similar delivery method. J&amp;J would be most likely, but I don't know either.

I do know one of the screening questions for getting the vaccine is to the effect of ""have you ever had a severe reaction to a previous vaccine?"" What they ask after that, or whether that's disqualifying by itself, I don't know.",2.0,democrats,2021-08-14 07:56:37
Exactly that is kind of what I was saying. It’s not the same as the flu vaccine. My sister in law is rediculous saying she knows lot of people who have had bad reactions to the vax. When everyone else in my family have had it with no problems. She is also gets all of her news from Facebook and tried to tell us more people were dying from the vaccine then Covid and I told her I would give her 5 grand if she could find it on a major news site. But nope the main stream media is hiding it all. The reporters would rather hide the truth than get a Pulitzer.,2.0,democrats,2021-08-14 08:52:40
"I'm unvaccinated. Im 27 year old school teacher who voted for Biden. I just dont trust any vaccine under ""emergency use authorizarion""  at my age, I'm at very low risk and I have already had covid last year. I'm going to wait until it is fully approved by the FDA",1.0,democrats,2021-08-14 21:23:14
Well it’s great that you didn’t have a bad time with Covid the first time. But as it mutates it will get more and more deadly unless we can contain it. Part of containing it is getting everyone vaccinated. We get vaccinated to protect ourselves but also protect others and so far almost everyone has had the vaccine is fine. I think people not getting them are selfish but that’s just my opinion. Especially if your a school teacher around children.,1.0,democrats,2021-08-14 22:43:43
"He is fake as shit.

[https://www.nbcmiami.com/news/local/florida-gov-ron-desantis-receives-single-dose-covid-19-vaccine/2423449/](https://www.nbcmiami.com/news/local/florida-gov-ron-desantis-receives-single-dose-covid-19-vaccine/2423449/)

[https://www.wfla.com/community/health/coronavirus/vaccines-are-saving-lives-desantis-stresses-importance-of-shots-as-florida-covid-cases-spike-criticizes-mask-mandates/](https://www.wfla.com/community/health/coronavirus/vaccines-are-saving-lives-desantis-stresses-importance-of-shots-as-florida-covid-cases-spike-criticizes-mask-mandates/)",1.0,democrats,2021-08-15 00:00:35
It has come… ICU wards at capacity… the (Covid) Delta Force is strong and even GOP Hero Chuck Norris cannot mixed martial arts his way outta it without the vaccine…,1.0,democrats,2021-08-15 00:49:32
"Unfortunately they have their little pity party pal to cheer on their stupidity. This is why the anti-vaccine movement is so strong they encourage this ignorance. Well we’ll being seeing this person on r/leopardatemyface of either dying of Covid or asking for people to pray for a family member dying of Covid. 

Sadly I am just done… I don’t have it in me anymore to even give two f$&amp;ks for these people anymore. Sorry, I know that’s heartless but I am just done.",3.0,democrats,2021-08-19 21:35:36
"Part of Biden’s approach was an aggressive push for vaccination. Expanding vaccine accessibility was part of the American Rescue Plan. You can literally walk into a store and get vaccinated. What does Cuomo have to do with “the Democrats.” He had accusations and resigned and was encouraged by other democrats to do so. Matt Gaetz is still servicing and walking around like he has nothing to worry about, doing tours with Majorie Taylor Greene. Okay, Cuomo made mistakes, but in relation to covid, he took more action than every Republican governor combined. 
DeSantis has allowed a virus to run wild, but somehow “…yeah, uh, nursing home deaths.”

The Republican Party has failed in virtually every arena. Your guy is on tape talking about downplaying this virus and you still come out with this. Lol, no. Just no.",1.0,democrats,2021-08-20 00:06:07
"Republicans before the vaccine--its China's fault

Republicans after the vaccine--its the Mexicans


6 Days ago-- Aug. 14, 2021,
No, the surge in Covid cases across the U.S. is not due to migrants or immigrants https://www.nbcnews.com/news/latino/no-surge-covid-cases-us-not-due-migrants-immigrants-rcna1656

WELL THEN ITS THE BLACK PEOPLE--Says the Republican Leuitant Governor

MEANHILE

Mar 11, 2021 — Nearly half of U.S. men who identify as Republicans said they have no plans to get the coronavirus vaccine,  PBS

EVERYONE IS TO BLAME BUT THEMSELVES

The Republican Governor of Texas came down with a break through case of Corona, Within a matter of hours he go Monoclonal Antibdies--meaning the disease he is downplaying and pretending is like the flu, Freaked the sht out of him",1.0,democrats,2021-08-20 03:03:59
"While it is true that there is higher vaccine and to do an extent, Doctor hesitancy within the African American  community, it’s absolutely stupid to blame the community as the only source of the Covid problem.",3.0,democrats,2021-08-20 06:07:41
"well..let's see vax rate in mid-Feb was 4% fully vaxxed. So any statistic incorporating that date range is GARBAGE.

https://usafacts.org/visualizations/covid-vaccine-tracker-states/state/texas

+ if u don't count vax cases/deaths...",1.0,democrats,2021-08-20 07:20:21
"&gt;The vaccine is now only mildly effective in preventing transmission of the virus due to variants


This is not true, at all. 


&gt;vaccines by themselves may not be the answer and we must develop additional tools to deal with this pandemic and keep people safe.

There are literally millions of scientists all over the world working on Covid treatments and the vaccine is and will remain the best tool. Ask literally any virologist.


&gt;In all likelihood the vaccine will soon prove ineffective in preventing serious illness with newer variants


This is not based in any known reality.


&gt;The likelihood that masks will significantly reduce the spread will soon become Less apparent.

No it absolutely has not. 


&gt;We must launch a Manhattan style project to fund, promote and encourage investment in therepudics.

What exactly do you think millions of biochemical engineers, biologists, chemists, and virologists have been working on for 18 months? 



I respect that you're a realist and recognize this is endemic, but don't let eagerness allow you to spread misinformation.",4.0,democrats,2021-08-20 11:13:05
"&lt;13% of the population of Texas is black [source](https://www.census.gov/quickfacts/TX). Yet 55% of Texas is partially vaccinated, and 45% are fully vaccinated [source](https://usafacts.org/visualizations/covid-vaccine-tracker-states/state/texas). Sure let's blame a minority group.",7.0,democrats,2021-08-20 12:57:39
"I'd say it will play out a lot in TX and FL. There is one very clear case study of a chief executive who downplayed the pandemic, resisted mask/vaccine mandates, and otherwise adopted a ""freedom first, public health second"" attitude. That case study would be Donald Trump. If things get out of hand, hundreds die in the next few months, and the pandemic continues to rage for months in red states while it is much better contained in blue states, people's track record on COVID denial might just come up during the 2022 campaign. How does ""They let [X of people] die of COVID-19"" sound as a Democratic campaign slogan in 2022?

Maybe 2022 will be ""COVID election, part II."" Remember, two of the three occasions in the past century where the president's party picked up seats in the midterms were during and after crises (1934/The New Deal, and 2002/9-11).",1.0,democrats,2021-08-20 20:02:25
"That article is from July 2020, before the vaccines were released. Last updated in Dec 2020.

Herd immunity comes at a percentage 1 - 1/R0. The R0 of covid-delta is about 5. So, we need 80% of people who are basically immune to achieve it. Now, recent trends indicate that even vaccinated people can spread it if they get it, but they don't really get it very easily (that is, like 5% of vaccinated people get it and spread it). I don't know the math for compensating for that issue, but if 90% of people get the vaccine, I'm guessing we will be out of any real danger.

Note that the recent outbreak in Provincetown, RI, died out on its own due to herd immunity caused by a high vaccination rate. That's all herd immunity is good for; it won't prevent people getting it, it'll just prevent it from spreading exponentially in a population once people get it.",1.0,democrats,2021-08-20 21:01:59
"Wait last week it was the Mexicans coming across the border. Last year it was the Chinese. Now it's the blacks. I better warn us Jews that we're obviously next on this list of blame. Because there is no way it could be Republicans fault for denying, then downplaying COVID, then hating on masks, then hating on the vaccine. I'm sure none of that is the reason we're 18 months into this and cases are rising again and hospitals are filling up.",13.0,democrats,2021-08-20 23:38:40
Generational inbreeding among southern republicans have rendered them so incredibly stupid that they are choosing a horse dewormer over the vaccine for COVID prevention and treatment.,7.0,democrats,2021-08-21 22:02:38
"If you didn't get the vaccine, you can't go to the doctor of you get Covid.",1.0,democrats,2021-08-22 02:22:45
"Yes, but at the same time the covid vaccine is too experimental. 100s of millions of subjects isn’t enough.",4.0,democrats,2021-08-22 10:33:46
"The same people who decry universal health insurance, by golly won't be force to have health insurance and have no problem declaring bankruptcy and stiffing the hospital (and the rest of us) when they can't pay their Covid bills.  Refused a free vaccine though.  Isn't it mind boggling?  The fall out from all this is going to be astronomical.",12.0,democrats,2021-08-22 15:13:00
"I just think it's interesting that they won't trust the medical field for the vaccine, but when they get covid they run straight to the hospital lol",25.0,democrats,2021-08-22 16:11:16
"Paying for horse worm meds to cure covid because you're too afraid of a vaccine that 100 million people have taken and your response is that there have been 1000s of people have adverse reactions to the vaccine. 

Cult culture at it's best.",6.0,democrats,2021-08-22 17:53:33
"What are the long term side effects of using ivermectin to fight a virus?
What are the long term side effects of the COVID-19 vaccine?",0.0,democrats,2021-08-22 21:49:22
"Right. Republican leaders and their big donors themselves have been vaccinated. And they can afford the best health care if they do get covid.

So they don't care if anyone else gets the vaccine. And they thought they could put covid on Biden.

But now that it's mainly red states that are getting hit so hard with covid, because of low vaccination, their strategy is not working so good for them anymore.",17.0,democrats,2021-08-24 22:28:37
"See, I keep hearing ""we don't know the long term side effects"" from people on the right who are refusing to get the vaccine but there's never a mention of the long term side effects of covid, of which we are starting to see be pretty fucking serious.",3.0,democrats,2021-08-24 23:40:08
Just asking but is the livestock medicine more expensive than the Covid-19 Vaccine?,9.0,democrats,2021-08-25 10:12:32
"So “Radio host who regretted vaccine skepticism dies of Covid-19” is cheering on? Over half of the comments are on how we should pity people like that and that when people do cheer the death of others because of honest mistakes how ever harmful is a complete disconnection from the party ideals and human ideals. While we may debate these people in life, doesn’t mean we celebrate their death.",1.0,democrats,2021-08-25 11:14:40
"Spread ignorant misinformation about the virus and vaccine (in an asshole arrogant manner) you get zero sympathy from me when you catch covid.. Family or not.

Also, you can eat my ass after a sloppy dump.",1.0,democrats,2021-08-25 14:03:13
"Haha, I just had a friend of a friend die of Covid a few days ago, anti vaxxer, anti masker, believed in faith healing, so I made the comment, ""well, why didn't he and his wife and buddies lay hands on him and heal him?"" This guy kept saying he didn't need the vaccine because Christ was protecting him, I said good luck with that, 3 weeks later Covid, 2 weeks after that, dead. I'm not an atheist, I believe in God, but Christ stopped healing on the cross. This guy is irrefutable proof of my theory",1.0,democrats,2021-08-25 18:26:31
"Well we all know the ole Trump gang isn’t going to donate one penny of all the money he scammed from the folks that willingly emptied their pockets for the racist, fascist, 26x sexual abuser, professional grifter, fake billionaire. But sure let’s talk about Hillary’s corruption. Oh that’s right, I forgot she eats babies dipped in Covid vaccine for lunch. Praise be. When is that damn rapture happening?",2.0,democrats,2021-08-26 06:46:49
"Your friend has it wrong:

[Trump](https://www.nytimes.com/2021/03/01/us/politics/donald-trump-melania-coronavirus-vaccine.html) is vaccinated. 

All but [three](https://www.forbes.com/sites/nicholasreimann/2021/04/13/here-are-the-3-gop-senators-who-still-refuse-to-get-a-covid-vaccine/?sh=11c8b0a318fe) Senators are vaccinated. 

Fox News [media](https://www.azcentral.com/story/opinion/op-ed/ej-montini/2021/08/23/fox-news-media-requires-vaccine-passports-hypocrisy/8234845002/) stars are vaccinated.  

At least [half](https://www.cnn.com/2021/07/22/politics/house-republicans-vaccination-rates/index.html) of house Republicans. 

Republican senators, politicians, media heads are vaccinated. They don't push for vaccination because vaccine skepticism has become part of the media narrative. They are being misled because it's popular to be against vaccines than for them.",28.0,democrats,2021-08-26 07:47:12
"Ah yes. The Vax vs the anti vaxx. That's where the world is headed. Not much different than proletariat vs bourgeoisie. ""Antivax"" being demonized. Charged additional money for Healthcare by their employers (delta airlines). Do this or don't eat (mandates in Oregon) . Wake up and look around. This is highly highly disturbing. You should be ashamed at the mass disposal of a person with a different Healthcare opinion.
You know what else is not funny? Vaxxers promoting no healthcare for people without a vaccine. Telling people to sit at home and die if they get covid and didn't get the vaccine. You are fucking sick in the head.",1.0,democrats,2021-08-26 15:12:19
"How a grown adult can be so unaware of themselves and petulant is mind boggling. Most pediatric COVID cases in the US? Check. Signed an executive order forbidding local school districts from mandating masks? Check. Refuses vaccine mandates for Healthcare workers? Check. 

""BuT bIdEn HaSn'T gOtTeN rId Of CoViD.""

Probably cause all you GOP dumbasses are actively working against him. 

Can't WAIT to vote against this POS in the midterms.",51.0,democrats,2021-08-26 16:49:17
