comments,score,subreddit,time_created
"Because this sub has gone from ""stay safe at home"" to ""I need this to be over"" in a millisecond, goaded along by anti-public-health-guidance groups like LockdownSkeptics, etc. 

I have no idea what changed. A few months ago, you'd be downvoted into oblivion for even slightly complaining about having to wear a mask. Now people get bagged on for repeating what is basically verbatim guidance from the CDC on post-vaccine protocols. 

It's probably just the natural result of people's tiny attention span and low frustration threshold and general lack of patience or empathy. People are afraid that this pandemic has actually changed society and by many accounts, it has. 

People hate change. They want to go back to Applebee's. They want to go to a store that has nothing they need or want and just ""browse"". They want to go back to an office of people standing around a water-cooler telling stories that no one is truly listening to while making ""active listening"" faces even though they don't even know who is even talking. 

They miss ""the old world"". It's sad.",1.0,Coronavirus,2021-03-28 10:36:59
"Go elsewhere if you can. I’ve already wasted a ton of time with Seattle VA trying to get a vaccine. Endless phone transfers, long hold times, nobody knows what’s going on. I hate that they announced this or that valuable vaccine supplies will sit on the shelf because they can’t figure out how to work around their billing system.",1.0,Coronavirus,2021-03-28 17:25:22
"exactly. So i hate it when i see news channels fear-monger on how cases are suddenly spiking in the big cities.

The weather is getting warmer, so people naturally have more of an incentive to go outside. Also, most young people are unvaccinated, except for those with underlying conditions. So they should stop complaining and just promote the vaccine more. Because i don't think most people will be willing to spend another spring or summer locked up, away from family and friends. 

except for Europe of course. They screwed up their vaccine drive and are now paying the consequences. Their governments are also abusing their powers and keeping citizens locked up",1.0,Coronavirus,2021-03-28 18:23:06
"Hate to break it to you, but people are going to get back to their lives with or without a vaccine - most people already have. You can continue hiding in your basement after you get vaccinated if you are that afraid, just don't expect anyone else to.",1.0,Coronavirus,2021-03-28 21:08:01
Hate to say it but I think people finally hit there wall. Me included. Can't blame them with great vaccine number plus with the weather breaking. It's only natural at this point.,1.0,Coronavirus,2021-03-28 22:54:46
"I don't quantify it, but I also don't really understand why do I even owe you an answer with that. For me it is enough now and that is why I will get the vaccine.

I take 2 brands of painkillers, both are either paracetamol or ibuprofen.

I am really not here to argue about if you should or shouldn't take vaccines, only to say that I can actually understand if someone is waiting a bit. I know it is fancy to hate on people.",1.0,Coronavirus,2021-03-28 23:30:21
"EU speed is so low because we literally cannot buy any more rn. Certain countries that get praised the most here on reddit took that privilege for themselves, halt exports and give a damn about dividing up doses based on population of their continent.

I guess morals only go so far... I hate that the EU is being spat in the face for literally trying to do the right thing. And vaccine-nationalism is on the rise",1.0,Coronavirus,2021-03-29 00:22:15
"Not to hate on it yet, but we can't really say that. When we started the vaccine roll out we started our lockdown, this could be due to lock down. We are opening up slowly so let's see what happens then once people start mingling",1.0,Coronavirus,2021-03-30 11:18:29
"I hate to break it to you, but real life isn't a video game. Existence of vaccine doesn't mean everyone is instantly immune. It takes time to get everyone vaccinated.",1.0,Coronavirus,2021-03-30 11:58:12
"Anyone else just tired of the goal post shifting that’s been happening lately? I recently saw a comment say that the vaccine program won’t be effective until kids are vaccinated because they spread it the most. I thought the key to normality was all vulnerable adults vaccinated. Now it’s turned into all adults vaccinated. Now everyone has to be vaccinated before restrictions can lift? 

If you told me that last March I would’ve just killed my self cause I hate living through this never ending nightmare.",9.0,Coronavirus,2021-03-30 15:35:19
"Pro-vaccine in the sense that you want to force everyone to get it and bar those who can’t/won’t from society? Or in the sense that you think it’s perfectly safe and will get the vaccine and encourage others to? The latter, I totally agree with, and I also hate lockdowns. I don’t think it’s as unique of a stance as you seem to think it is.",3.0,Coronavirus,2021-03-30 18:41:54
"I have come close to passing out when having blood drawn from me. I just hate needles. That being said, the vaccine needle must be insanely thin because you barely feel it.",1.0,Coronavirus,2021-03-30 21:54:52
"In addition, I’d hate to wait and end up getting COVID.  I know a lot of people say after the first trimester because of the reactions, but if you got Covid it would be far worse then the few hours of reactions from the vaccine.",2.0,Coronavirus,2021-03-30 23:28:27
"Yeah honestly the ""I hate hearing about vaccine"" posts annoy the fuck out of me. Like good job, you  hate hearing about people getting vaccinated. No need to display this info all over the place, you aren’t being edgy or cool.",0.0,Coronavirus,2021-03-31 15:05:44
"Give me one reason why we should still be wearing masks when anyone that wants the vaccine can get it easily. No long wait times. Btw, if masks were “too much of a cross to bear” I wouldn’t ever wear one. I wear it, I hate it, it makes my nose dry, I have a staph infection or whatever you call those red bumps in your nose. It’s annoying af and I’m sick of it, but I still wear it.",4.0,Coronavirus,2021-03-31 23:22:31
"[I believe all states have set a date or guaranteed a deadline, but I wouldn't be shocked if some of them move around.](https://i.imgur.com/VUF7ILA.png)

With 400,000,000 doses set to be distributed by the end of May from just Moderna and Pfizer- I'm not sure about Johnson and Johnson numbers after today's news- I absolutely think we'll be hitting herd immunity in the United States very, very soon. I don't think there's a legitimate safety reason to maintain restrictions for the summer.

Hopefully soon we'll be looking at walk in vaccinations. I think the biggest issue for a large portion of the population is scheduling a vaccination. I know that there's a concern of people exposing themselves by going to a pharmacy or other vaccination location, but- hate to tell you- the overwhelming supermajority of Americans is already going out and doing whatever. Since most Americans who haven't gotten a vaccine so far aren't at high risk, I think walk in vaccinations are going to become more helpful than harmful very soon, if they wouldn't be already.",4.0,Coronavirus,2021-03-31 23:58:42
"I hate to say it, the extremely limited amount of people who cant get the vaccine are going to be living in the post ""acute"" COVID world no matter how many people there are left to get it.  We need to push the vaccine hard but there is going to be a limited vulnerable population no matter the efforts.",7.0,Coronavirus,2021-04-01 01:49:13
"&gt; her husband has a phobia of needles (passes out when he gets shots every time), so he was probably easy to convince.

I hate needles too, but I was never going to not get the vaccine. 

My dog had to go to the vet for his annual checkup and vaccinations the day before I had my first dose scheduled. I figured if he can get 4 shots in the butt cheek without whining, I could get one shot in the arm.

I just look away when getting injected, I barely feel a thing.",3.0,Coronavirus,2021-04-01 03:17:16
"Maybe we can turn it into an asset.

The most vaccine hesitant group in the US is republican men. Maybe we rename one of the variants to the ""I hate America"" variant, or the ""I love (something left wing)"" variant.

""Dude, did you hear? Jimmy got the I hate America variant! Make sure you stay the hell away from him for 10 days. Maybe get vaccinated?""",1.0,Coronavirus,2021-04-01 13:58:07
"Honestly, the reason that people are chastised for these “different opinions” is because to the majority of the medical community, giving these folks validation is like validating flat-earthers. Sure, you have the right to believe whatever the heck you want to believe, but that doesn’t make it scientific fact. In the past year, we’ve watched confidence in the scientific community take a huge nose dive, and I really can’t blame them for feeling personally attacked upon suggestions that we shouldn’t hurt feelings or discount the opinions of laypersons. Let’s not forget that a majority of the deniers cannot back up any of their arguments without facebook posts or YouTube videos. I mean, what do we even pay scientists for if we’re going to normalize tiptoeing around the feelings of granola moms about vaccinations? Of course, I’m not speaking about you in particular, but I’m giving you a reason why there is so much pushback about this and why “everyone with a different opinion is attacked”. 

FWIW, I completely agree that people should absolutely have the right to choose what they put into their body. That’s a fundamental human right. But when you choose a career in healthcare, there are sacrifices that you have to make sometimes. If your employer deems it a requirement to be vaccinated, then there are no opinions that get to override that. Nobody bats an eye at the requirement of a Hep B vaccine, and that vaccine was developed only 10 years before mRNA vaccines were. The covid vaccines have a cleaner ingredient list than a McDonald’s hamburger. Getting this vaccine poses no more risk than any other vaccine. 

Again, I really mean no disrespect. I’m just so tired of the whole, “these days people hate anyone with a different opinion” argument.",3.0,Coronavirus,2021-04-01 15:26:25
I hate to see that. Hopefully vaccine production can keep ramping up and start getting some supplies there.,1.0,Coronavirus,2021-04-01 17:24:54
"I hate when nationalism is the source of spreading an emergency good to the rest of the world that's in dire need and very low supply. Just eats me up inside, knowing all those elderly Canadians received doses instead of dying all because of my European nationalism.

The doses aren't charitably given away, they're graciously allowed safe passage through companies export channels that the EU grants every single day. Those very same export channels which are unable to be used for those same companies for the plants they have in the US, UK, and India.

Had the EU kept all those doses, it'd have a very similar level of doses used as the US, meaning slightly lower per capita but still an improvement. It has sufficiently shown it's able to have a 80% vaccine usage rate, similar to that of the US, which is even more impressive given it's a multitude of nations and the horrific unreliability of AZ that changes delivery amounts days before delivery. This leads to a higher stockpile to account for suddenly receiving millions fewer doses that may have already been scheduled.

But no, keep calling me some blind nationalist, whilst almost certainly in a country currently benefiting from vaccine nationalism and the EU's goodwill.",3.0,Coronavirus,2021-04-01 17:35:29
"Maybe the problem is that we all write each other off as self righteous assholes instead of understanding that we’re all more similar than we realize. 

I’m truly not trying to make enemies here. I’m just saying that maybe some people don’t realize how much of an asshole they come across as. I’m guilty of that, too. Again, I’m really sorry my comment was a low blow. But I’m gonna defend myself, lol. I don’t live with my parents and I’m proud of that, but plenty of others our age aren’t so lucky. I don’t believe in hating on them because it could very easily be me. I hate the term “triggered”, but.......

It’s okay, the microchip in the vaccine will help us all get together and be happy. For humanity and all, ya know. 🤣",1.0,Coronavirus,2021-04-01 19:01:38
"I hate to argue with the Chief Medical Officer as just a random idiot on Reddit, but... what the hell is this guy talking about? 

I don't know what the numbers look like in the UK, but I know that in the USA, only about 40% of people get vaccinated against the flu each year, and the vaccination is hugely hit-or-miss on different strains, ranging from like 40-60% effective overall.  

That isn't even in the same ballpark as the numbers for covid.  We have an extremely effective vaccine that has been hit-and-hit on all the strains and a lot more than 40% of people are going to take it.  We're already pushing 40% of adults having it and we're still picking up steam.

Why this would end up looking anything like the flu on a yearly basis is beyond me.",1.0,Coronavirus,2021-04-02 01:58:56
"Yes. That is theft too. Also i mentioned my stocks for exactly one sentence. I dont got time for dumb. Conversation done. The whole point of my post was clearly bidens export ban. Continue being mad at the wrong thing and pretending its about saving lives rather than your hate for pharma companies, and then pretending your any less evil for being that way. Makes no difference to me. Just thought you might actually like to know whats causing vaccine shortage in 3rd wod countries. Guess not. If you read between the lines, youd see its big pharms in usa lobbying for export ban most likely. Creating issues for companies such as novavax and others who are trying to give their vaccine for low profit to less developed nations. You get to still be mad at big pharma with the truth man, and the solution isnt stealing from hard working scientists, buisnessmen, and low to high wage alike investors across the world.",1.0,Coronavirus,2021-04-02 02:45:43
"Whats left to be said? I want politicians to stop causing the issues in vaccine supply that they are causing so we can be done with covid.  . You however want pharmaceutical companies to suffer and are pretending its about lives and wanting covid to be over, and dont even consider how your plan would likely end innovation in variant boosters  which are mostly coming from not big pharma, and make covid worst in the end. But your plan hurts big pharma so win right?..  Who lacks empathy? Whos clearly full of hate for something in particular here?  Who wants to just insult people on the internet when they tell you what the buisness world KNOWS to be the problem in supply chain, and are laughing at your solution your angry wont pass because everyone knows it would literally upend capitalism, hinges on a 100% consensus vote between multiple capitalist countries,and uh good luck with that mission.... 

P.s ill make way more money off the world reopening due to my buisnesses booming from that,  than i would ever make off a covid stock bud, because instead of wasting my only life being angry at  capitalism, something i cannot change,i have made it work for me
. You have no idea about litteraly anything youve decided to type with such conviction about and try to trash another humans character over. 
And you wanna talk about empathy lol. Get some. Maybe then youll see eye to eye with others and the world enough to end up with enough money to not be so mad at capitalism.  Id never dog on your wallet had you not dogged on me, but way to be a stereotypical mad at the world clearly broke person.
Work on solutions that dont involve begging ,stealing, and guilting others maybe youll get somewhere in life, maybe even far enough to have stocks of your own and understand how those investments fuel innovation , and understand how immature you come off the moment you said fuck your stocks.",1.0,Coronavirus,2021-04-02 03:41:58
"Agreed. I hate big pharma too. Its why i hold no big pharma stocks. Its really not ground breaking stuff that big pharma is evil man, look at fetanyl. Youre preaching to the choir on that one no matter who you preach it to. I specifically want my small  vaccine company im invested in to eat as much of their market share as possible for that precise reason , on top of it being a better vaccine than theirs by miles which will a actually get us out of covid. But youre focused on your hate for big pharma, not helping end covid, and it shows, no matter how much you mask it in ""saving lives/ end covid"".   Nothing will convince you IPs shouldnt be lifted, because you want big pharma to hurt, even if it hurts other lives down the road. You just wont give those lives consideration.
Empathy. Youve judged mine. Now ive judged yours. And none of it matters.  We both lose. The end.",1.0,Coronavirus,2021-04-02 04:13:02
You seem to be under the impression medicine or vaccines can be 100% safe. Hate to break it to you every vaccine and every medicine comes with its risks. Nothing is 100$ safe with zero risks. The question at hand is whether the benefits outweigh the risks.,1.0,Coronavirus,2021-04-02 13:44:20
"A lot of reddit are older children who hate children (""child free"") so any time they are reminded that they might be inconvenienced by someone's child they lash out like children.  This has been happening in this subreddit largely because they don't want to hear about anything around trying to protect kids under 16 that can't get a vaccine yet that might possibly inconvenience them.",1.0,Coronavirus,2021-04-02 14:15:44
"It's frustrating that no one knows why these vaccines are not approved, even the people that signed the papers acknowledging they are not approved. So I share your frustration.

Well, thanks for helping us speed up the approval process. I have several friends that are getting the vaccine and I support it.

I've only asked this thread on two occasions, was like two weeks ago and yesterday. But it seems people just hate on my question and don't want to help find the answer (pretty toxic group). I think at this stage people here can't help and I will just keep asking doctors and see if the FDA can help. I just know there has to be some documents showing where these vaccines are in the approval process and what's left to be done.

Would you be interested for the answer if I ever get it? I could just reply to our thread here with the details. I assume you're not, but figured I ask.",1.0,Coronavirus,2021-04-02 18:29:05
"&gt;A horrible vaccine

What skin have you got in this game my dude? You seem real upset about AZ even though it is a perfectly good vaccine that is saving countless more lives in the countries it is being given than the insignificant few who are having issues. Out of 18,000,000 jabs given, 7 SEVEN have died in the UK!

I just don't understand the hate...

And for the record, I've had the AZ jab, as has my partner, her two sisters and my brother... All fine. You know what almost killed my partner? Actually getting Covid.",1.0,Coronavirus,2021-04-03 10:20:29
"Why does everyone hate Florida man? I think the vaccine passport is a terrible idea, and fI ully agree with him blacklisting a forced obligation/crackdown on the general public against the people's will just for the sake of *some* leeway.",1.0,Coronavirus,2021-04-03 18:46:20
"You’re acting like everyone knew it was for POC communities. Sounds like you’re projecting your “white people hate POC” narrative on something that had nothing to do with race.

For example, I was forwarded a text from a couple friends last month that there were extra doses in Oakland that were going to waste and if you entered “OAKLAND3A5” on myturn (CAs vaccine scheduling website), it would automatically let you make an appointment. 

How the fuck are people supposed to know that was a code for POC communities? You search the code up online and nothing comes up. California also said nothing beforehand about specifically giving codes to underprivileged communities so they could skip the line. 

It wasn’t until about a week after the code was deactivated did they say that it was a code for an underprivileged community that was being abused. All it took was for one person from that community to spread the code and then start an avalanche of everyone telling their friends. Just because the population of the US is mainly white and as such, white people were by in large the ones using the code spreading (as common sense would dictate), does not mean white people were intentionally trying to steal vaccines from POC.

Take your anti-white hate out of here, and stop blaming everything on race.",1.0,Coronavirus,2021-04-03 19:46:10
I hate that governors figured out that just by opening up vaccination to wider groups they can trick their constituents into thinking their state is doing well with vaccine distribution without actually having to do anything to improve distribution.,1.0,Coronavirus,2021-04-04 16:37:54
"Yup, I really hate the “YOU STILL HAVE A 5% CHANCE OF CATCHING IT!” argument. We all spent almost a year of this pandemic not being vaccinated at all, and the vast majority of people never caught COVID, so 0% vaccine protection obviously doesn’t mean 100% chance of catching COVID.

I was talking to somebody the other day about the vaccine, and they basically had the same fear. “The vaccine doesn’t work for 1 out of 20 people. So every time you go to a place with more than 20 people, even if everyone there is vaccinated, you’re around somebody who can still infect you. Is that really a risk you want to take?” I almost pulled my hair out",1.0,Coronavirus,2021-04-04 18:03:26
"It’s because many people are scientifically uneducated on efficacy and risk and the constant fear-mongering news doesn’t help. You certainly do not have a 1 in 20 chance of getting Covid when fully vacced- much, much less. I’ve read much less than 1%, all things considered, but that’s still being figured out. Seems about right, though. These vaccines are GOOD, almost goddamn miracles, in fact. 

Even unvacced people living in the same household have a less than 20% chance of getting it. I hate how these vaccines continue to be downplayed like that. Why would you want to get the vaccine if your chances are still so high when vacced? It’d make people just want to get Covid and get it over with because reinfections are so rare. 

That, or just lock yourself in your house for eternity.",1.0,Coronavirus,2021-04-04 18:40:38
"I hate how Alabama gets the same number of doses per capita as places like Massachusetts when hardly anyone in Alabama is interested in getting vaccinated. Doses in flyover America expire due to lack of demand while people have to fight fiercely over appointments in the Northeast due to almost everyone understanding what viruses are, how they work, and that vaccines help prevent viral spread.

I wish that more doses were given to states where people actually want the vaccine.

For example, if State A people are 30% more likely to want vaccination they should receive 1.3x the amount of doses compared to population. And if State B people are 30% less likely to want vaccination they should receive 0.7x the amount of doses compared to population.",1.0,Coronavirus,2021-04-04 21:49:28
"Honestly, this baffles me. You know there is a problem, COVID. You can be a part of the solution by getting vaccinated.You have worse odds with COVID than anything you can contrive concerning any of the vaccines. Vaccination costs you nothing, and as a matter of fact, places will give you things for free for getting vaccinated. 

I personally HATE needles, I never get flu shots (I'd get the mist, tho). When I got my vaccine I had to lay on the floor in case I passed out (luckily putting my feet above my head keeps me conscious). But this one to me is a no brainer. I don't see how anyone, taking an educated stance, could come to any conclusion other than I should get vaccinated.",1.0,Coronavirus,2021-04-05 00:43:27
"If the media really wanted to positively encourage the young to get it, they would have said 77% will likely get the vaccine. 77% of the least effected group wanting to get it is actually a really really good start. 77% actually indicates the young actually do care- but oh no that’s not what the media wants you to focus on. 

Just another awful title that encourages one group of people to hate another group of people. That’s how you get clicks these day.",2.0,Coronavirus,2021-04-05 21:43:58
"I really hate how political the astrazeneca vaccine has gotten, with certain news publications framing it as a UK vs EU thing, because this attitude completely obscures any action involving the vaccine, and might even cause a new wave of anti-vaxxers",5.0,Coronavirus,2021-04-05 22:28:01
"I hate that people are turning this into a political statement.  The passports are to keep people who are not vaccinated out of most ""back to normal"" situations.  I'm sure there will be something for immune compromised people who cannot get the vaccine as well. If you're anti vax, you don't deserve a level of normality, because you don't care about other people around you, so why should we care about you?",1.0,Coronavirus,2021-04-06 04:03:15
"Hi, sorry not a reply to your post but im exactly in the same situation as you. Will get my first dose probably this month, I hate that I will have to spend part of the summer locked down just because ''we dont have enough vaccine''. Honestly, im tempted to say I didn't receive the first dose just to get the second dose but i don't know if that's possible.  


I hope to see some news if the vaccine is as potent if we receive the second dose 4 months later",1.0,Coronavirus,2021-04-06 05:22:49
"It’s terrible to think that sharing your opinion could lead to negativity. I understand some people are more than willing to take it , and others are not interested. Did people forget freedom of choice? Did people forget that EVERY SINGLE DAY that LIVING is a risk in itself? People make risky choices every day according to their own intellect and free will. The problem with this pandemic is that the MSM took away our free choice by pinning everyone against each other, forgetting that we are all human and have a right to a choice. If someone says that they do not want to inject a questionable substance in there body that was created in a 10th of the time of most vaccines, then let them have that choice without condemnation. Yet people don’t know successful vaccines take 10+ years to come about. People say that “science is getting better” and that’s why they did this one so fast, yet they don’t know that in 2002 these MRNA vaccines tried to be FDA approved for years and they could not prove safety and that’s why they kept getting denied. MSM keeps the bad adverse effects hushed, but if you search you can find them. If the people search they will find. Let people make their own informed decisions, for whatever that is. 

I am not anti vaxx, I have all my vaxxs and my flu’s, yet I don’t support this vaccine. How does that make me antivaxx? It’s just another divide and conquer ploy to target people and hate them. Don’t fall for it. Please search on your own, thoroughly.",1.0,Coronavirus,2021-04-06 13:22:48
"Not sure , I mean they say they have no evidence to support this claim. This might just be a hate boner for the UK by the rest of the EU to make sure their vaccine fails or something by spreading a false narrative. 

I ain't trying to provoke anyone or instigate anything or offend anyone involved, heck I am not even from the Europe.. but like I get pissed off when I see shit like , ""clear link"" and then read the article and find the words ""no evidence yet"" . Like wtf man?",2.0,Coronavirus,2021-04-06 14:57:26
"Your history comments though, Darkdurumi: *Holy crap!*

I don't know you're being serious or just plain satirical. Cause from your words, all you see is that you desperately want the USA to take more suffering despite its fast vaccine rollout.

Bet the number of cases from Winter got your mind all stirring and makes you hate living here US.",1.0,Coronavirus,2021-04-07 07:11:33
"To be clear, I hate it too, but it's the reality we are living in.  Governments have always prioritized the lives of their people over telling them the truth.  We did it about mask effectiveness, we're doing it about vaccine effectiveness, and we'll do it again the next time it appears to the people in charge that it will save lives.",2.0,Coronavirus,2021-04-07 17:39:45
I wish they would develop a pill vaccine.  I hate needles.,4.0,Coronavirus,2021-04-07 17:45:27
"Wow, I can't imagine still going into lockdowns. I would be going crazy. I live in an area of the US that is extremely anti-covid precautions, and I hate how people forgo basic common sense, but I am kind of grateful to not have to deal with all that. Our numbers are actually really low now since everyone either got the virus or the vaccine at this point. I'm curious how much marginal benefit the lockdowns are really bringing at this point.",2.0,Coronavirus,2021-04-07 22:20:56
"This is me! Help!! Im afraid my work is going to force me to go back and I can't!! I just can't!!

My employer has said they want to begin to transition us back to the office but I really dont want to!!! I was able to get the vaccine, so that helps, but i still don't really feel safe, maybe because my coworkers are gross and take their masks off to sneeze, or wear their masks but with their noses sticking out, it is infuriating!! And then somehow i am the bad guy if i say anything to them.

Bosses said they would take volunteers first. The older coworkers are eager to return to the office, but these same older people are the least productive/most incompetent and love to fuck off and drink coffee and not answer the phones or do any work.

 I am SO much more productive at home, the company is getting much more work out of me!!! At home, it's quiet, compared to a shared office with multiple people talking, phones ringing nonstop. At home, I can concentrate, I don't have to wear pants, less distractions, i take much shorter lunches and breaks because the kitchen is 1 minute away instead of going out to pick up lunch and waiting in line and driving back, I don't have coworkers interrupting me every 5 minutes, I don't have the awkward feeling of obligation when someone starts a non work related conversation with me and im too polite to tell them to ""fuck off/ leave me alone /im trying to work"". Like with WFH, if a coworker calls me directly to chat, im still working on other stuff, sending emails, typing reports, entering data or updating case files. It's great because they can't see me.

Also, I have recently been given more responsibility with regard to special projects, so having a quiet workspace to focus is really the only way it has been possible for me to handle the additional workload. 

I have been on time everyday while WFH, compared to my occasional tardiness with in office work, and, i have not called in 1 single day since WFH, which, when i was going into the office, I would have panic attacks and end up calling in 1 to 2 days a month. 

My stress levels are much more manageable with WFH, so much so, even my therapist brought it up during our last session (over the phone). Not to mention I was able to get off my antipsychotics  (under the care of my Dr, of course) and I am afraid i will have to get back on meds if i have to return to the office just to stay calm and not stab my coworkers. I had crappy sexual side effects from the meds that were ruining my romantic relationship with my partner, and I hate to give up all the progress I've made. 

I've been with this company for over 6 years, which probably isn't long for most people but for my work history, it's a lot. I hate to have to walk away and start over, but im not sure what else I can do.

My fears are that if i leave
1. I'll be taking a huge paycut to start over in a new industry to stay WFH
2. I may have to use my camera for a new WFH situation because they dont know me (I refuse to use my camera for the meetings at my current job and they dropped the issue after asking a couple times)
3. Scams. I don't want to give out my personal information to a stranger, but you kinda have to for job stuff

My plan is to schedule a meeting with the owners of the company to plead my case. I am hoping if I rattle off the list of all the reasons WFH has benefited me, and the company tbh, maybe they will let me stay WFH.

If any of you wonderful internet people have any ideas of what I could say or how I could approach my employer to help them ""see it my way"", I would truly appreciate it. 

Also, when I do speak to the bosses to plead my case, should I tell them I am looking for something else? I have been looking for a while, but not found anything suitable for my skill set, so I don't know if it is stupid to threaten to leave when I have nothing lined up.",1.0,Coronavirus,2021-04-08 05:26:37
"Well, with current political news with Georgia’s law to require an ID to vote, it’s mildly hypocritical to ask someone to provide a vaccine passport to do things. That’s just the angle I think people are coming from. 

My thought is more on the fact that we have 3 highly rated and highly effective vaccines that are vaccinated nearly 3mil+ per day. By the time the number starts to trend down further, there should be no need to worry about those who aren’t. With the at risk community being over 70% vaccinated, I just would hate a piece of paper being in the way of us having a normal life again.",1.0,Coronavirus,2021-04-08 08:19:01
"To answer your question - “why be opposed to vaccine passports” - give this a read. She makes many salient points. 

https://spectator.us/topic/hate-vaxport-vaccine-passports-freedom/?fbclid=IwAR3pgv6QAA6Rh484Qqzbfev47bbnTsep0M_VWQVT-iTKmYTNcMNOrLlMpSQ",1.0,Coronavirus,2021-04-08 08:44:37
"I hate that comparison, or any comparison to other risks. There are quantifiable benefits and risks to many activities, when the risks outweigh the benefits, you shouldn’t do it, when they don’t, crack on. 

Birth control pill has the benefit of stopping pregnancy with a risk of blood clot. If you like that balance crack on, it has nothing to do with the vaccine. 
The vaccine has the benefit of protecting you and your loved ones from a virus, with the risk of a blood clot. If you like that balance crack on. 

The reality is that at the moment the risk to young people and their family is low because the virus is much less prevalent than in say January. If they offered a polio vaccine with a one in a million chance of killing me I wouldn’t take it, because there is no polio. If it was for yellow fever and I was going to somewhere with yellow fever I would.

The point is it’s really complex and simple comparisons to make either side seem like they’re just being ignorant or brainwashed or anti science or anti freedom is too simplistic.",1.0,Coronavirus,2021-04-08 10:26:03
"Likely written on an American-designed device using chips manufactured by American machinery. A device that was probably shipped on a cargo ship in trade lanes secured by the American navy.

You’re likely waiting for a vaccine mostly funded by American taxpayers and manufactured and distributed most efficiently in America. Statistically, you probably live in a country that’s under the American nuclear and military umbrella. If you don’t, your country has likely received American foreign aid. Hate us all you want, we don’t really care, but have some perspective lol.

Also, why even attack the US here? The article is about NZ.",3.0,Coronavirus,2021-04-08 15:34:33
"Judging from my friends and extended family:

* Some people are nervous about the sped-up approval process and think it missed some important points and the vaccine might be dangerous.  *(It didn't.  And even if it did miss problems, we would've seen them by now if they were frequent enough to be worrisome.)*

* Some people are generally nervous about drugs, or new drugs.  *(Not the worst position, but sometimes they're worth it.)*

* Some people really hate government pressure and instinctively do the opposite of what the government tells them.  *(I sympathize, but I still use my turn signals.  Even the government sometimes gives good advice.)*

*  Some people note that bad side effects are about the same as the average case of COVID and decide to take their chances.  *(But I still think knowing in advance when you'll feel bad is a nice thing.  Plus, it's worth it to protect other people.)*",4.0,Coronavirus,2021-04-08 16:59:44
"I think the America hate has gone too far and now people are being irrational. 

We fucked up the pandemic response during the trump era and we deserve ridicule for that, but we nailed the vaccine rollout. Thought we’d get some credit for that, but nope.

Now we are right back to being “selfish Americans” who won’t just send all our vaccines to other countries and people like this guy going “well what about how many people died? Isn’t that a funny gotcha?”",1.0,Coronavirus,2021-04-09 10:11:54
"I have a hunch the folks most hesitant to take the vaccine also were the most hesitant to follow any safety guidelines during the pandemic. I hate to say ""I hope a lot of them got COVID"", but the reality is if they aren't going to get the shot, their ""contribution"" to herd immunity is previous infection, even if that's not as solid long term as a vaccine would be.

The damage to lives done by those who wanted to turn the most apolitical thing on the planet (a virus) into a political ""debate"", is one of the shameful chapters of history.",1.0,Coronavirus,2021-04-09 11:19:48
"Exactly. I hate seeing only complaints and sulking at the way the whole vaccine situation was handled in the EU and specifically Germany and why we are not the US and the UK, but I am so glad we are not banning exports and grabbing at the vaccine before everyone else can get their hands on it. Yes, it's complicated and the world is not fair so neither will the distribution of the vaccine be, but I hate to think of the most vulnerable in the poor countries being left at the mercy of the virus while rich countries are reaching herd immunity.",1.0,Coronavirus,2021-04-09 12:53:49
"All these stupid articles and statements are just pitting people against each other. Most normal people have nothing to do with vaccine production, we can't claim we're better than one another because of it. We're all at the mercy of our country's politics and economics. We all just want out of this shite. 
Can't all our politicians just get on with it. 

There's so much resentment built up on all sides now which is completely unnecessary. I felt myself get sucked in and defensive of the UK but now I'm just sick of it. And I was a Remainer and loved visiting countries in the EU. I really hope I can visit again without feeling like their people hate me because I'm British, what with Brexit and vaccine nationalism :(",1.0,Coronavirus,2021-04-09 14:11:05
"I hate to bring this up during a celebratory moment, but the new COVID variants were just discovered in LA county this week.  We're not over this yet, and our current vaccine doesn't account for the spreadability of those new COVID variants.  People are going to get really sick really soon.",-2.0,Coronavirus,2021-04-09 16:40:23
"I hate how i’m being downvoted for saying this but...

“The EU continues to be the leading provider of vaccines around the world. Six weeks into the existence of this mechanism, 249 export requests to 31 different countries* have been granted for a total of 34,090,267 doses, as they did not threaten the contractual engagements between the EU and the vaccine producers. Only one export request was not granted. The main export destinations include the United Kingdom (with approximately 9.1 million doses), Canada (3.9 million), Mexico (3.1 million), Japan (2.7 million), Saudi Arabia (1.4 million), Hong Kong (1.3 million), Singapore (1 million), United States (1 million), Chile (0.9 million) and Malaysia (0.8 million).”


https://ec.europa.eu/commission/presscorner/detail/en/IP_21_1121",0.0,Coronavirus,2021-04-09 17:40:40
"How is it a cop out?  It is how the world works.  We literally owe the world nothing and our country is doing what it thinks is best for its own people.  Which means rapidly trying to vaccinate our entire population.  If the world was as altruistic as you want it we’d never have war and things like hate and racism wouldn’t exist.  I agree I wish we would help impoverished nations get some vaccines but that’s can of worms not worth opening because then who do you decide to help?  How many?  What does that in turn cost in American lives?  How do you then tell the American people the vaccine their tax dollars paid for is now going to be shipped to Uganda and they have to wait 4 more months to get it?  But that’s okay, it’s the right thing to do.... that’s not how the world works.",1.0,Coronavirus,2021-04-14 06:25:56
"You're wrong. https://www.statnews.com/2020/11/10/the-story-of-mrna-how-a-once-dismissed-idea-became-a-leading-technology-in-the-covid-vaccine-race/

Katalin Karikó &amp; Drew Weissman published research around a key mRNA breakthrough around 2005 while at University of Pennsylvania. Their work was a new bioengineering method that made mRNA delivery at all possible. Years before this pandemic, 2 companies licensed that work, one is Moderna (US) and the other is BioNTech (DE), with the purpose of using it in practical medical applications. mRNA could theoretically be used for a slew of purposes &amp; vaccines were far from the only option (e.g. BioNTech hired Karikó &amp; was aiming, for years, at cancer therapy).  

When the COVID-19 pandemic struck, BioNTech &amp; Moderna were in pole position to attempt developing a mRNA vaccine and that is exactly what they did, independent from each other, one in US &amp; the other in DE.  

BioNTech made their vaccine in a matter of weeks but they are an inventor of new bioengineering products and not a mass manufacturer. This is where Pfizer comes in.  

Pfizer handled global trials for the BioNTech vaccine, something that the latter has no experience with at a global level &amp; at neck breaking speeds, and then Pfizer also handled mass manufacturing, something that's again an immense undertaking far FAR outside of what BioNTech does.  

You can hate Europe without getting your facts wrong.",1.0,Coronavirus,2021-04-14 10:36:11
"&gt; the UK government is NOT in charge of the vaccination programme

Of course it is, lmao. Do you even understand how absurd that sounds?   
  
You can hate the tories all you like but pretending the government somehow had no say in its own vaccine programme because you're too immature to admit that they did something right is just silly.",1.0,Coronavirus,2021-04-14 13:10:10
There's nothing more to do at this point. The vaccine is as good as we're going to get. Way better than masks. We can't shut down Disney so that we can only allow in certain people to make others feel safe. That's the point of the vaccine. I hate to take this stance and sound heartless but this is too extreme. Get the vaccine and take the precautions you want to take but stop trying to take it a step further and keep out everyone else. Everyone in my house had covid after I had it and my immunity worked weeks later. Trust the antibodies.,1.0,Coronavirus,2021-04-14 13:11:15
"&gt;they kill just a few people

I hate this train of thought of letting a few die for the sake of the many. Everyone's life should be valued. Situation getting better is not going to bring back those who died because of the vaccine or making their families suddenly forever about them.",12.0,Coronavirus,2021-04-14 15:15:20
"yeah, trying to force a bunch of armed southerners to give up their medical rights. Seems like a good long-term decision. It's not like people were getting killed over telling others to wear masks in a grocery store. 

I'd hate to be the guy telling people they can't come into the store without showing their vaccine card.",1.0,Coronavirus,2021-04-14 23:51:48
"I don’t disagree with your main points, but I have multiple risk factors for blood clots and fall within the demographics at risk. If they knew this was an issue with AZ and it could show up since they are a similar technology I would have appreciated knowing that risk ahead of time. 

I hate what this is doing for public trust of the vaccine and J&amp;J is a great option for a lot of the world, but I’m going to be stressed for the next two weeks and I just wish that they had been more upfront about the possibility.",7.0,Coronavirus,2021-04-15 01:44:49
"I've not been to the doctor in forever.  I don't have insurance now, but even when I did regular checkups cost enough on my plan that I skipped them.  It was there just like my car insurance, if I crash and burn I won't be in debt till I die.  


Getting the vaccine was one of the weirdest feelings in my life.  Had a knot in my stomach before and after, all the time sort of wondering when I was supposed to get my credit card.  


Fucking hate medical care here.",1.0,Coronavirus,2021-04-15 03:47:35
"Fun fact, you CAN walk into a CVS right now and get your vaccine for free.

So if the issue is big government, which is the dumbest excuse I've heard, just call CVS or Walgreens and get your shot. You don't even have to pay them because it is fully covered by the government which you oh so hate",1.0,Coronavirus,2021-04-15 10:45:54
"“Doctors hate this one thing that helps in the sharing and gaining of knowledge”. Dude it’s literally the first sentence of the article. I get it it’s tough to read a lot of articles but how pathetic have we become that if the answer isn’t in a quip we don’t have time to find it?

&gt;	Dr. Anthony Fauci, the nation's top infectious disease expert, says the recommended pause on the Johnson &amp; Johnson Covid-19 vaccine is just that: a pause -- and not a cancellation -- and will likely last days to weeks.",1.0,Coronavirus,2021-04-15 12:06:11
"We already have perfectly safe vaccines with the moderna and the pfizer/biontech products and in a year there will be no problems because nobody is going to use AZ or J&amp;J anymore (the EU already said they won’t prolong the contract).

The choice here is not „I hate vaccines and don’t want any“, but „I want a safe vaccine like the ones that are already on the market.“",1.0,Coronavirus,2021-04-15 13:19:31
"My guess is they probably think it's better getting it and having a natural immunity especially since they don't get the flu every year. But getting the vaccine is really no different to the immunity you get by just getting the flu.









That being said, it doesn't necessarily keep you from getting a severe case of the flu. It reduces your chances but you can still get it severely despite the vaccination. Also, if you get the flu shot early in the season, by late season the shot you got could be ineffective and you can still get a severe case. That being said, they're getting better with the flu shot and having it be more effective to variations so the early season shot is good through the whole season most years. 










Regardless, it's still worth getting in my opinion. I freaking hate the flu",1.0,Coronavirus,2021-04-15 20:24:13
Donald Trump's daughter got the vaccine and posted about it but was met with hate.,2.0,Coronavirus,2021-04-15 21:26:43
"One caveat. Should be whenever every adult has had the opportunity to get the vaccine + 6 weeks for it to take effect.

Hate these people that say we should just jump back to normal the second the rules say that you're eligible for a shot.",0.0,Coronavirus,2021-04-16 00:33:17
"Hate to be bearer of good news, but no. You are misinterpreting the 90-95% statistic. It is not a 5-10% chance of those who were vaccinated still getting covid(even though it seems that way and has often been presented that way by the press) 

All of the vaccine trials measured your chance of Getting Covid once you have the vaccine versus your chance of getting Covid without getting the vaccine. This is what they mean by saying 5% ineffective. But it is a very different number  than just saying your overall risk of getting Covid once your have the vaccine. Basically, this 95% number is *not* your overall risk. It is how much does the vaccine reduce risk of a normal person walking around and encountering people with Covid. 

If I recall correctly, the overall risk of getting Covid after getting the vaccine was actually 0.04%. So it makes sense that they are now finding the percent infected post-vaccine that is somewhat close to 0.04%. 

I get that this is complicated and could be confusing to many people. But these are different numbers. If you want to learn more, he 95% number is called an odds-ratio. Here is a good [source](https://www.google.com/amp/s/www.livescience.com/amp/covid-19-vaccine-efficacy-explained.html) that maybe can explain this whole vaccine thing better than I can. 

Another example; (While this isn’t quite the same thing, it might help some people understand a different way efficacy can be calculated). When they say hormonal birth control is 97% effective, that doesn’t mean that 3 times out of a hundred that you have sex you will get pregnant (Imagine!). The statistic looks at 100 “couples” who have sex numerous times over the course of a year. Of those couples having sex throughout the year many times, 3 will get pregnant sometime that year.",2.0,Coronavirus,2021-04-16 06:15:06
"nO vAcCiNe Is 1o0% EfFeCtIvE!

vArIaNtS!

wHaT AbOuT KiDs?!

Edit: sorry lol I just realized this comment looks obnoxious but I hate when people use these excuses to have restrictions forever.",4.0,Coronavirus,2021-04-16 19:58:38
"I think the thing I have the hardest time gripping is the division that this all fosters, that shit is going to be fucking difficult to clean up. I think we can all agree that the last thing we need is more hate on this earth and some people flat out HATE rule-breakers for not abiding by the rules, no matter how stupid the rules are. If compliance was enough to save lives then we wouldn't have as many cases as we do, the fat is there's a lot of compliance and the minority that are breaking the rules aren't the sole reason for Covid spread and we should treat them as such. 

It's been a year and people have a right to be fed up at this point. I'm going to continue to wear proper PPE and whatnot for the time being but I'm not going to grill someone for not wearing a mask or some shit when the majority of people are wearing cloth masks that do fuck all anyway (I recently read a paper that shows N95's to be pretty much the only thing that's effective. These fashionable cloth masks are a whopping 3% effective. You're not saving anyone with a cloth mask, you're virtue signalling). In general I believe that measures to control the pandemic should be taken but I respect people's autonomy and right to live their life how they want to.

We've got data on who the most at-risk are from covid. Vaccinate 50+ and front line workers as much as possible and open shit up. I think that if that happens it will gain the government a bit more trust and the lower-risk populations can vaccinate at a more leisurely pace. I genuinely think that most people have gone flat out stir crazy over the past year and that getting back to normal as soon as possible is actually the best way to allow people to de-stress, realize that the vaccine isn't a conspiracy, and then start to vaccinate.",1.0,Coronavirus,2021-04-17 04:16:35
Does anyone have any tips for engaging/speaking with people we know who are actively trying to dissuade people from taking the vaccine? Someone i know through various business/networking keeps posting this stuff and suggesting anything to the contrary lands me in a whole heap of hate from her and her large tribe of conspiracy theorists and anti vaxxers.,1.0,Coronavirus,2021-04-17 08:57:15
"is there a site that has vaccination figures at the county or even the state level?

Honestly, this sub is the only place i've seen that delivers rational information. Every other link out there seems to be indicating we'll never see herd immunity due to people refusing the vaccine for ideological reasons.

200 million is almost 2/3rds of the US population. So, there can't be that many people refusing the vaccine based on ""muh freedom!""

I hate that i seem to be falling for sensationalist headlines.",1.0,Coronavirus,2021-04-17 14:39:15
"I know we hate hearing the flu comparisons, but even that disease and vaccine gets yearly variants update and we have to keep doing that probably forever.",1.0,Coronavirus,2021-04-17 19:42:54
"Look at facts.  UK medicines regulator decided to suspend AstraZeneca rollout among the under-30s too, despite evidence that the benefits of the vaccine continue to outweigh any risks.  

Would you say UK hate itself?",3.0,Coronavirus,2021-04-17 23:08:52
"&gt;Hate to say it but most Americans are not as altruistic as you think.


That's probably the worst thing that this pandemic has revealed.

I've all but lost hope in society. 

Ignorance and selfishness abound.

People can't even be bothered to wear a mask or get a vaccine to protect the herd. How are we going to convince anyone to do what needs to be done to mitigate climate change?",3.0,Coronavirus,2021-04-19 01:05:11
"I got the vaccine because my pharmacist told me she was going to throw it away anyway since her appointment canceled. I was there for allergy medicine at first, but she made it seem like such a waste that I might as well take it since its right there. Either in my arm or in the trashcan. It worked out pretty good, I got to skip the wait list appointment scheduling stuff I hate keeping up with. It was just a sweet simple, ""you want it?"" Me: ""sure why not.""",2.0,Coronavirus,2021-04-19 03:10:24
I thought they must have but they need to say it publicly so people can hear it... Like I'm always on here and didn't know that so like people that barely watch news and hate vaccines wouldn't either. If all they needed to do was to get the vaccine to hang out with their friends they might have a higher chance to do it.,1.0,Coronavirus,2021-04-19 04:30:51
"Also in Israel but struggling to take mine off. Honestly I got used to the pandemic the thought of it being over feels surreal. I constantly feel like tmr I'll see the R number ride back to above 1 and we're going to start going into lockdown again. I have started seeing more people in person but things are still weird to me. On one hand I really believe in the vaccine and I really hate the social distancing and lockdowns, on the other hand it doesn't feel like it's actually over for some reason, and I don't know when I will feel that if ever.",1.0,Coronavirus,2021-04-19 06:01:45
"Not true! My wife is fully vaxxed and she and I utilize astral projection weekly to commune with spirits in other planes. Admittedly we had to adjust our ritual by rearranging some of our crystals and swapping out a couple of our salt pillars with new ones but it’s not been an issue at all!

Now if you want to talk about the REAL effects of the vaccine and reasons not to get it you’ll get no argument from me regarding the absolute antagonism we’ve receive from koi fish since she became fully vaxxed. As far as I understand it, the vaccine can dilate your third eye and the koi fish absolutely HATE it. We’ve had to stop stealing them from our neighbors pond but it’s worth it I guess.",1.0,Coronavirus,2021-04-19 19:32:36
"I'm an American guest for the time being, so it's not my country yet, but I can tell you that people here don't share the same sentiment. People who want a vaccine are pissed that it's taking so long to get them (me included), and people who think the virus is a hoax hate the government for ""limiting their freedoms."" There's also an election coming up later this year, so it's highly politicized. The government has loosened restrictions at every major holiday and there's a spike in cases every time. High quality masks (not surgical or cloth) are required in public transportation and stores, but it's never enforced. 

To get a vaccine you must be sent an invitation, which is based on your age or pre-existing conditions. You can't sign up for an appointment online without an invitation. It was just reported today that vaccination sites in Berlin have tossed thousands of vaccine doses because they didn't have enough people to administer them to. It's kind of a shit show because the vaccination rules are so strict.",9.0,Coronavirus,2021-04-20 01:12:06
"So does this mean that I can get a vaccine in one state and the second dose on another or are we not there yet?

I hate the fact that most states still have a residency requirement. Like yo, I might not live in this state, but. Here now and I'd like a shot, just take my ID and keep it moving.",1.0,Coronavirus,2021-04-20 06:44:38
"&gt; So why single out black people?

[Because last week we were singling out white people.](https://www.npr.org/2021/04/05/984322992/love-your-neighbor-and-get-the-shot-white-evangelical-leaders-push-covid-vaccine?force_isolation=true)

Different groups have different reasons they are hesitant and are going to have their mind changed by different methods.  White evangelicals couldn't give a flying fuck about what Obama has to say about the vaccine.  He's speaking to black people because he's got a much higher impact on them than other groups.  There's nothing wrong with acknowledging this.

Your article seems to be busted, btw.  It's just taking me to a main page with a load of different articles.

[I assume it's this one](https://www.rollingstone.com/culture/culture-features/covid-19-vaccine-hesitant-black-communities-singled-out-1137750/)

I pretty much hate the article.  A. It's a month and a half old at this point.  Access is a completely different world. (Not to say that it still isn't an issue, though) B. It starts out with this half baked notion that the media isn't taking lack of access seriously and the Tuskegee study explains every bit of vaccine hesitancy, and to prove this, they link an article with this as the subheader:

&gt;Communities are taking steps to remove obstacles, including distrust of the medical system and **unequal access to healthcare**

They have the entire world of news media out there in which to make the point that no one talks about access and they link one that puts the word access right in the subheader.

They talk about how it's not just the Tuskegee and how ""the media"" is focusing on that one thing and **only** that one thing, but the first linked article includes these quotes:

&gt;‘It’s not just the history, it’s the lived reality of everyday life that people experience in racism that makes the hesitancy come through.’

and

&gt;But she believes it has become a “condensed symbol” for racism and mistrust in medicine that is rooted in experiences that extend to the present day.

or

&gt;The lack of Black representation among physicians is an indictment of the medical system’s “baked in racism,”

Their very first link does an incredible job of absolutely obliterating their premise that the media is creating a ""myopic"" view of vaccine hesitancy and distrust of the medical community.  The Consumer Reports article and the Rolling Stone article actually contain a very similar structure in that latter half.  They have the discussion about Tuskegee acknowledging it as a strong root, but then bring other examples forward that are more modern and have continued the distrust while also addressing the access piece.

Yes, access is a concern, and [I believe that governments are taking steps to address it.](https://www.stanleymarketplace.com/happenings/covid-vaccine-equity-pop-up-for-all?force_isolation=true)  Obviously a little pop up clinic isn't the end all be all, but I link it to show that state governments know this is an issue and are working to address it.

But that doesn't mean we shouldn't have people addressing hesitancy within the black community.  It's obviously still an issue even if it's a bigger issue in other communities (Evangelical Whites, for instance).",1.0,Coronavirus,2021-04-20 14:20:52
"I hate how our government handled this. No point being amazed now. Religious meetings, Restaurant dining in closed air conditioned spaces, movie theaters in full swing. Full on election rallys. Nobody gave a fuck.

To each and every prick who was enjoying the relaxation and got covid now. You might get out of this. You may pay money and get good treatment. But the person who you gave it to may not be lucky. The person who needs a ventilator for another disease may not get one. He/She may die because of you.

You may not give a fuck, but your actions can have long reaching impacts. Have that on your conscience.

Our government donated too many vaccines for political points. Each state government played down infection numbers for political points. Rejected vaccine approvals for promoting ""indigenous"" vaccines. Hospitals have run out of vaccines. Vulnerable people are not getting their second dose. On may 1 they plan to open vaccination for all adults. Which will likely trigger an actual stampede. What haven't they done wrong?",14.0,Coronavirus,2021-04-20 16:01:29
"Yeah I had severe fatigue for ~8 hours after Pfizer #1. I’ve heard lots of people with “mild” covid say that they were so exhausted they could barely get out of bed for a week or more. If the vaccine fatigue is even a fraction of what you experience with covid, I’m damn glad to be getting the vaccine. Would hate to feel like that for days at a time.",4.0,Coronavirus,2021-04-20 18:09:33
"I don't think it is.  I think it's far more people than you'd like who are ""vaccine hesitant"" (which is a term I hate btw, call them anti vaxxers to keep the same negative connotation), but it won't be enough to prevent herd immunity.",0.0,Coronavirus,2021-04-20 18:36:12
"As with other mandates on the vaccine, I just personally think that is not going to happen until the vaccines are officially licensed and approved rather than ""Authorized for Emergency Use"".  I would hate for that to become the standard.",2.0,Coronavirus,2021-04-21 16:23:44
"Here is a better comparison of the population for two states of similar climate since temperature has a huge effect on spread. 

March 1 2021:
S Dakota: 13% confirmed, 52% had Covid*
Michigan: 6.5% confirmed, 26% had Covid

*relies on CDC’s estimate that there are three unconfirmed cases per confirmed 
https://www.cdc.gov/coronavirus/2019-ncov/cases-updates/burden.html

With poor testing, SD is likely closer to 60% while MI is closer to 20% back in March, but that is speculation without enough available fine-grain data. 

Anyway, a vast majority of people in S Dakota who did not socially distance came down with Covid and no longer spread the virus. A significant fraction of people in Michigan can spread the disease and many gave up their social isolation this Spring before the vaccine was widely available to the high-transmitters. Hence the MI spike when the more infectious variants came to the United States. 

Hope this is a politics-free fair comparison based on proven facts and the CDC’s best estimate on the true extent of the pandemic. I am going to get lots of hate comments and might get banned by the mods, but everything is as factual and unbiased as I can get. I am not judging which state is better, just sad that the Michiganders couldn’t wait for another couple months to save grandma.",1.0,Coronavirus,2021-04-21 19:29:00
"Are you even trying to keep up? It's **WORSE** than the others. Much worse. It's not about ""saving lifes"", that's not the goal of a vaccine! 

The goal is to frequent freaking symptoms. I hate repeating myself!",0.0,Coronavirus,2021-04-21 20:17:07
"Well now whoever feels threatened by unmasked people can get the vaccine and not have to worry anymore, and the unmasked people no longer have to be labelled as assholes. We can all move on and find new reasons to project hate onto other people",-5.0,Coronavirus,2021-04-22 04:20:57
"The problem is many.

We had local elections like how u (us guys)guys elect ur governor

They held big rallies and most of them were maskless.

Second point covid waned in our country during Jan feb while we started vaccination which led ppl to believe this will be over by may.

Third media flouted herd immunity while only 20 percent of ppl were immune in whole country.

Fourth ppl in my country (I hate to say it) have the worst discipline generally ever compared to americans/europeans/britons/other asian ppl. If u ask them to wear a mask they will wear one on chin or below the nose(ik many ppl all over the world do this) but the frequency is so high that even in highly Crowded places it became a norm. They spit on roads, be lethargic etc.

Fifth even though our country has three approved vaccine(Sputnik yet to be rolled out) there are many anti vax fucks in my country. If u see the deaths still ppl above age 60 die. Our govt opened vaccination for above 60 and 50 with comorbidities on March but many ppl refused and now atleast one of them in refused grp would regretted it on death bed. 

Vaccination for all is open in our country from may 1 so I appeal to fellow Indians pls get vaccinated. Masks and distancing work but we can't do it forever and the only way is to aggressively vaccinate while keeping masking and distancing. Look at Israel they dropped masks. Pls pls pls vaccinate vaccinate my fellow indians. If u want to enjoy ur clg life vaccinate. If u want a mask free india get vaccinated pls. If u want to go out more without fear vaccinate.

Jai hind we will win this war",11.0,Coronavirus,2021-04-22 15:01:06
"Hate how the Government has refused to give the vaccines FDA approval, and hides behind the weaselly ""Emergency Use Authorization""

Before I got my Moderna vaccine I was handed a scary packet of paper, including stuff like (paraphrasing) ""The Moderna vaccine has not been approved by the FDA. There are currently no vaccines approved by the FDA approved to treat COVID-19"" and all these other scary sounding things making it sound like you're taking an extremely experimental treatment.

While I'm sure that some use the ""it's not FDA approved!"" talking point dishonestly, I also would think that there are some who genuinely are very confused by packets like this. While I did my research and was very confident that the Moderna vaccine was safe and effective, there are many who through no fault of their own, are not as informed (For example: How informed are you about your measles vaccine or whatever? Not everyone has the time or interest to do their own research.) This stuff could be very confusing to them.

I think it's also extremely dishonest that the Government is pushing for everyone to get the vaccine, while still hiding behind this liability shield. The CDC is out there telling everyone to get vaccinated while the FDA is hedging its bets saying ""we haven't approved this yet! There are no vaccines approved! This is an experimental thing approved for emergencies!""

My guess is, they're going to use this to protect themselves from liability in case there are some rare illnesses/deaths caused by the vaccine like the CVST thing. I think it's completely ridiculous that we've already vaccinated half the adult population with these vaccines, and the FDA still hasn't ""approved"" it. There are so few drugs out there that go to half the population. If the Government really had severe misgivings that this ""experimental"" treatment hasn't done enough to be approved yet, then why the heck is it being pushed to half of the population?

Don't let this be taken as an anti-vax post. I believe all the vaccines are safe and effective. What I think is baffling is that the FDA hides behind this ridiculous ""Emergency Authorization,"" that it won't fully approve the vaccine despite it already being given out to half the population, and it sends out these incredibly deceiving, scary consent packets to people about to receive the vaccine telling them that this has not been approved by the FDA. If this vaccine is truly not good enough to get full approval, then it shouldn't have been given to 50% of the population already. Luckily, it is good enough for full approval, the FDA needs to stop hedging their bets.",-14.0,Coronavirus,2021-04-22 16:11:37
"Look, I am vaccinated. I got my second shot last week. So I agree, I hate that, I hate that I still have to act either I am going to cause the death of everyone I end up less than 6 feet away from, or dying because someone got close to me that wasn't wearing a mask. But the negligence of those people put a detrimental effect on others who are being cautious and who do want to be safe but can't be vaccinated for example, and the problem is that until we reach the level of herd immunity we can't just give up literally at the end of the line. This isn't about those per say (who refuse to get vaccinated or treat this seriously), it is about those who are still vulnerable. The vaccine stocks are healthy, the preliminary data suggests that kids can take the vaccine, we are not being asked to wait for more, we are not being asked now to wait till Oct or Nov, just till the date(s) we were originally promised.


It sucks, and I really wish there was a social consequence for the vaccine rejection, but with everyone bubbling in their own circles, that's not going to happen...",2.0,Coronavirus,2021-04-22 21:43:30
