comments,score,subreddit,time_created
"Florida only shares borders with Georgia and a little bit of Alabama. 

I can't see how THAT many people are coming from those states without leaving those states empty.

Since they used the dehumanising term of ""illegals"" I am going to assume he means those people crossing the Texas border from Mexico. Which begs the question, how are these massive groups of people moving around totally undetected and spreading a virus for which we have a vaccine and precautions that the same group of people who hate immigrants refuse to participate in?",1.0,politics,2021-08-03 17:02:02
"Weren't republicans gung ho for real IDs and the fact that people without them, people would be restricted from certain activities because it would create a safer environment on planes, government buildings (cough cough), etc.  How is this any different?  We should have a national vaccine registration and passport, and you need to show it in places where it is unsafe for unvaccinated people to congregate.  

It is not like Republicans hate the idea of showing IDs or they would not be passing so many voter ID laws.",1.0,politics,2021-08-03 17:22:07
"The reason you won’t see much published on “long covid” is because covid-19 has been just over 20 months. 

You keep comparing it to flu, it’s not the fucking flu. 25x deadlier! It’s also not just about kids, it’s about who they could transmit it to, as well. 

Without a vaccine for them, you are now exposing them to other potentially infected kids. The more people this virus gets into, the higher probability to more aggressive variants to arise. 

We’re seeing certain safety nets being lost with the delta variant. A variant that is more transmissible, and what looks to be even deadlier. We were seeing a downtick thanks to the vaccine, but the delta variant is bringing things back. Again, more infected people means an increased possibility for new variants. Newer variants that begin to dominate will likely not be less severe. 

We are literally seeing this already happening. Before the delta variant, the transmissibility was greatly reduced if you were vaccinated. The delta variant has removed that benefit. What do you think the next dominant variant is going to do?

These anti mask movements are incredibly selfish and dumb af. A mild inconvenience to save lives, why do you hate people so much. 

If you told me the vaccine was 100% effective and available to everyone, and no possibility of new variants, I would say fuck it. Let those who don’t want to get vaccinated die off. Let the stupids get what they deserve. Unfortunately it’s not 100% effective, continually changing variants are possible, and there are some people who cannot medically receive it.",1.0,politics,2021-08-03 22:18:13
I honestly hate to say this but if they don’t want the vaccine or wear masks then let them die and be “free”,1.0,politics,2021-08-04 19:14:15
"The Republican party has become a platform of corruption, greed, fears, hate, open racism, sexism, and with absolutely no accountability. They've become a meance...a lost and dying party that is clinging onto the lowest common denominators of the United Stares. 

They've become the party of Dictators, lies, sedition, sensationalism, and have buried themselves in ignorance and conspiracies...and all at the destruction and expense of this country. 

A cult now...where the cult members are actively dying for the cause (COVID and Anti-vaccine).",1.0,politics,2021-08-04 19:28:01
They’re really gonna hate “law an order NYC” here with this vaccine mandate. Which I thought was unconstitutional then I read the part where that doesn’t infringe on rights going to the gym isn’t s right. Going to dinner isn’t a right. It’s sad because I assumed they were until today.,1.0,politics,2021-08-04 19:55:33
"Does it matter? This rhetoric is part of a host of narratives tossed around conservative echochambers that endeavor to preserve anti-vaccine sentiment. That's exactly where she obtained this notion. From the hivemind and the right wing bubbles reiterating it over and over again. I mean that's conservatism in a nutshell, just rehashed, regurgitated talking points and narratives that are manufactured by and for conservatives for the purpose of perpetuating a cycle of outrage, victimhood, hate and fear.

That's all these half witted shit polyps know how to do, they spend their time searching for the latest piece of propaganda, sensationalism and aggrievement, once they find it, whether it be a headline espoused from some far right wing fanatical ""source"", or some rhetoric from a staunch entertainment opinion pundit, maybe some scripted line from Trump himself, perhaps a dogmatic conservative social media personality, whatever it may be, they immediately cling to a very shallow, narrow minded viewpoint lacking in critical thinking and context, they adopt it as their own and regurgitate it verbatim, becoming beacons and transmitters for right wing misinformation an culture war driven talking points. They're hollow, ignorant, superficial, anesthetized drones.",1.0,politics,2021-08-04 20:17:48
"You know you're privileged when you equate Segregation, Jim-Crow Era hate laws, generations of racism for skin color to receiving a free life saving vaccine in order to participate in certain public activities. 

So delusional and disingenuous, you literally have to be stupid to think the two are equal.",1.0,politics,2021-08-05 00:06:44
"You know you're privileged when you equate Segregation, Jim-Crow Era hate laws, generations of racism for skin color to receiving a free life saving vaccine in order to participate in certain public activities. 

So delusional and disingenuous, you literally have to be stupid to think the two are equal.",1.0,politics,2021-08-05 00:06:50
"Hate this sad new media and redditor culture of mocking and ridiculing people who died of covid after refusing the vaccine.

Everyone has their own opinion as to what’s right and what’s wrong, just because you made the “right” decision and someone else DIED because they didn’t doesn’t make it right to make fun of them.

Whether or not they made the wrong decision let them Rest In Peace and stfu",-12.0,politics,2021-08-05 03:20:44
Who the fuck are you to say that.  Would you say this to this person's son or daughter(probably if you are on a computer).  This whole vaccine thing sure is showing everyone's true colors.  This shit makes me hate reddit and lose faith in humanity.,1.0,politics,2021-08-05 12:01:00
"There's still an immense amount of denial that people who happen to ascribe to the only party that pushes hate/dogmatic thinking/decreases in education/props up faith and robber baron capitalism as the only 'true way', couldn't possibly be self destructive, if not outright dangerous morons. People actively seek to buy the excuses because it's easier than realizing they are fig leafs and we have a gigantic pile of shit heels that happen to pretty much exactly overlap with the people who are doing this vaccine / pandemic denial and continually exacerbating social and economic ills while trying to claim false high ground.
It may be a comedy sketch but this captures the exact attitude we are all seeing from a solid third of the country; https://www.youtube.com/watch?v=bC5LaHUnQMA",11.0,politics,2021-08-05 14:35:13
"I have a 60+ coworker who has covid right now. Not vaxxed cause he's republican. He was doing fine the past week and a half with minimal symptoms. Yesterday was his first day with a fever over 100 (102°) and my other antivax coworker says ""that's good, that means his body is finally ridding the vaccine"". No you misinformed fuck, that means he's not going to be back on Monday like you think he is. This is the same guy who says ""I just wanna catch covid and get it over with, if I die I die"". Like bro, you probably will die. You're 63 years old.

I hate most of the people in this state, they're so fucking stupid.",19.0,politics,2021-08-05 16:27:52
"Operation: Warp Speed could have been his finest accomplishment. Now it is a talking point *against* taking the vaccine. 

I hate these bastards.",6.0,politics,2021-08-05 16:28:56
"You're forgetting...that one time he did that thing, *you* know the one. and just cuz he goes to church regularly people think he's not the anti-christ, when he is. He's not hurting the right people. Open borders. Sweeping socialism. Wants black people to have the same rights as us Americans. Vaccine microchip planter...Something something Tara Reade.

Impeach.

I hate I have to drop this here.  /s",11.0,politics,2021-08-05 20:57:58
"Stop all the Division, Stop all the Attacking.  Get the Vaccine if you want, If you don't we still love you and be safe.  Stop all this hate against one another over this virus.  We are better than this!!",-2.0,politics,2021-08-05 21:40:19
"This specific hate that's going on with the people saying ""good"" or ""he deserved"" etc. started with him being a bigot, anti mask and vaccine. So the cycle has to begin with someone and it was him. Though that doesn't excuse those peoples comments. You do have a point but good speech doesn't eliminate the hate speech ya feel? I'm not trying to argue I appreciate your positive messaging respect to you.",3.0,politics,2021-08-05 21:53:38
"They've already done shit like [tried to run a Biden bus off the road,](https://www.rollingstone.com/politics/politics-news/video-trump-supporters-tried-to-run-biden-bus-off-road-1084484/) [called in a bomb threat at a voting centre,](https://www.independent.co.uk/news/world/americas/us-election-2020/philadelphia-bomb-threat-us-election-pennsylvania-vote-count-b1649814.html?utm_source=reddit.com) [and caused an increase of 164% in anti-asian hate crimes.](https://www.voanews.com/usa/attacks-asian-americans-spiked-164-first-quarter-2021) So, since they're already doing shit, you might as well throw Trump in jail if you can. I also think you might as well do it while his most violent Jan 6 supporters are either on the run from the law or in jail with their slap on the wrist jail sentences of [6 months](https://www.buzzfeednews.com/article/zoetillman/capitol-riot-jan-6-defendants-plea-deals-too-lenient) to [8 months](https://www.npr.org/2021/07/19/1017916061/capitol-rioter-who-walked-on-senate-floor-on-jan-6-sentenced-to-8-months-in-pris) before he finds replacements or they get out of jail. With Trump as their figurehead, they will eventually find another thing to rally around and try to top the last shocking thing they've done. What I think will cause the next big incident is vaccine mandates. After that probably the 2022 midterm elections. 

The biggest thing that could be done by the left in the US, and is also something I don't understand why it is taking so long, is declaring all those groups like the proud boys as terrorist organizations. [Canada has declared the Proud Boys as terrorists already.](https://www.npr.org/2021/02/03/963682181/canada-lists-proud-boys-as-a-terrorist-group-alongside-isis-and-al-qaida)",1.0,politics,2021-08-05 22:19:09
"I’m no longer trying.  

If you want to go maskless, skip the vaccine, skip college, mock city jobs, invest in Trump re-election instead of 401k, spout conspiracies about Jewish space lasers starting forest fires, own guns without securing them, claim your neighbors hate babies, openly be a bigot about gays, women, and other minorities, root against American athletes because one teammate out of 20 said something you disagree with, claim grieving parents of the victims of school shooters are paid actors, support terrorist attacks on the United States, root for dictators and tyrants over American politicians, then basically fuck you.

You get what you get and I’ll be goddamned if I give a shit.",8.0,politics,2021-08-05 22:20:24
"This is not mental illness. God I fucking hate it when people try to frame being stupid or worse being racist as a mental illness. No it isn't. There isn't some quirk in the brain chemistry that makes 99% of these people decide that face book knows more then a moutain of accredited research scientist. There isn't an unbalance of dopamine that makes you think the jews are secretly in control of the world. Being conned isn't a fucking mental illness and pretending it is is an insult those of is with actual mental illnesses. 

Secondly even if this was a mental illness if someone knowingly goes off their meds against medical advice and commit a grievous act we hold them accountable. I'm not talking a doctor and patient decide to ease back on an anti psychotic and something happens. Part of being in a society is trying to manage your mental illness so you are not a threat to yourself or others. So if vaccine denialism was (**IT IS NOT A MENTAL ILLNESS**) then these folks would still have culpability due to gleefully letting it run wild. 

If you don't want to take the vaccine with out a good medical reason not to and catch covid I'm fine with there being administrative complications as it deals with your health care. My insurance rates drop since I'm not a smoker since we know there is a direct causeal like to it and cancer. My best friends insurance rates are higher since he owns and rides a motor cycle and the odds say it's eventually going to go not his way. And if you do decide its your personal freedom in not taking the vaccine for Covid I'm fine with your insurance passing you the bill for it if you catch a case requiring hospitalization.",26.0,politics,2021-08-06 12:55:45
"Sadly I think the only way we get a high vaccination percentage amongst the general population is to make being unvaccinated annoying and burdensome. Once people can't fly, can't get insurance, go to bars, restaurants, movies, sporting events, can't attend schools and colleges, can't stay in hotels or rent a car, things will improve. 

As much as I hate having government entrenched in my life we need a digital vaccine passport system, not only for covid, but to start building the infrastructure for the next pandemic.",1.0,politics,2021-08-06 15:41:29
"That comparison doesn't make any sense. 615,144 people have died of covid since January 2020, as several waves have struck the US. You can't compare that to the 5,933 people that these nuts think died from the vaccine, since the vaccine has only been distributed for a few months.

This is the same argument that covid-deniers say - ""well only 615,144 people have died out of 330,000,000 so I have a 0.2% chance of dying of covid!"" No, that's not right. 

Cumulative statistics over time do not represent ""odds"" or ""probabilities"". I hate when covid-deniers make this comparison so I feel the need to call out anyone who makes this flawed comparison",1.0,politics,2021-08-06 17:23:11
"It is frustrating. Holding the line for one’s ideals is frustrating. But, I feel the same way about this I felt about the Jan 6th rioters being mistreated in prison: if my political position is only held on behalf of those who think the way I do, that’s not conviction, it’s in-tribe policy meant to exclude. I hate those fucking insurrectionists but believe in their right to due process and fair treatment under the law. 

Here, I know that these people are idiots and assholes, but being an idiot or an asshole shouldn’t exclude someone from humane treatment, and shouldn’t make someone *more* likely than others to experience life-crushing medical debt. My baseline belief is that all people deserve healthcare, and if I believe that, I *cannot* believe the threat of medical debt is a great cudgel to wield against the vaccine resistant. Fuck em all, but I’m not going to smile about another American family shackled to insurmountable debt.",2.0,politics,2021-08-06 17:38:57
"Be Republican  
Be against Universal Health Care  
Hate the idea of paying for others' medical bills  
Refuse vaccine for preventable disease  
Get sick  
Make others pay for health care bills  
big brain",3.0,politics,2021-08-06 18:32:54
Is the same reason why insurance companies never offered any incentive for their obese members to use a gym diet or literally anything that improves their health. But now with Corona all these unheard of incidents are occurring yeah you can get denied because you don't have the vaccine but if you spend decades sucking down cigarettes or eating at McDonald's the hospitals will open their doors for you. But watch out if you don't pretend covid is real then the entire Internet will hate you,1.0,politics,2021-08-06 18:54:55
"""oh my god! they are paying people to get the vaccine, they are giving away prizes!, they are giving away gift cards! doesn't that concern anyone else? If this was so safe they wouldn't have to do this to get people to take it! not me!""

I hate these people.",68.0,politics,2021-08-06 23:55:29
"&gt; Like the vaccine is some kind of enemy to them and the are proud of it.

It is and they are.

The American right has internalized the concept of hating science and government mandates (that affect them) to the extent that it doesn't matter WHAT it is, they hate it and will fight against it. They'll put themselves and their families in unnecessary danger if it means defying leftists and experts.",2.0,politics,2021-08-07 01:17:16
She is a danger to society.  I hate people like her and if she is not vaccinated I hope she suffers greatly and dies. But as a FU person she got her vaccine but pretends she didn’t claiming HIPPA. How stupid does she think we are and how stupid she is.,2.0,politics,2021-08-07 01:51:36
"Jokes on you, I don’t brush my teeth either (which is probably why I hate wearing masks because I have to smell my own breath lmao) 

We were told if we get the vaccine we don’t have to wear masks anymore. I’m done wearing masks, you can if you want, no judgement here.",0.0,politics,2021-08-07 03:47:12
"Yeah that’s okay if you feel that way. You have a right to that . I just don’t. I have pre existing conditions which prohibit my vaccination. I consulted my doctor prior to vaccinating and was told I’m immune compromised. 
So am I some one whom you would say “ fuck that guy”? 
I need to ask if you hate the guy because his political view differs from yours or because he was an anti vaccine person?",0.0,politics,2021-08-07 12:45:50
"I hate McConnell, I really, really do. I'd make jokes like he's a turtle so lives forever and immune to every disease known to man &amp; turtle...but he's actually consistently asked people to vaccinate. 

Found this from March (there are many more recent statements):

""There is no good argument not to get the vaccination,” he added. “I would encourage all men regardless of party affiliation to get the vaccination""

https://www.ny1.com/nyc/all-boroughs/news/2021/03/29/mcconnell-covid-vaccine-republicans",2.0,politics,2021-08-07 12:54:32
It doesn’t matter they hate being told to vaccine so most will prob die anyway,6.0,politics,2021-08-07 20:59:56
"The great hate state is the best experiment on what would happen if you misinformed a bunch of dumb hicks then see how many klansmen and their gene puddle kack off due to stupidity.
We the people who don’t believe that the government is trying to kill us with a shot or believe Bill gates cares less about you so why would he microchip you will see how bad the death toll would have been without a vaccine.",3.0,politics,2021-08-07 21:42:33
"the term they use now is 'shedding'.  The logic is that in order to work, the vaccine gives you covid, so now you're a super spreader designed to kill Americans.  Everywhere you go your body is producing COVID and constantly shedding it everywhere as some sort of trap to infect everyone who's not got the vax.  

It's your typically nonsensical bullshit drummed up on shitty information and hate, but the right loves that shit.",2.0,politics,2021-08-07 23:36:20
"Yes but its not as cartoonish as you say.

A lot of us who don't want to get vaccinated stay at home, we wear masks, we wash our hands and the only hold up is this vaccine which is still in the approval phase. 

Is it so crazy to wait until the facts come out such as:

1. The FDA approval of the vaccine
2. The efficacy of the vaccine in stopping the spread. (at this point the vaccinated are causing more harm by attending events without masks)
3. The rate at which the variants are developing which would require updated vaccines.

I'm sorry but you guys who are so angry that you want to force other humans do go through what you want is not right. It's not even clear if the vaccines are enough because of the 3 variants that are now measurable in the wild.

I don't think I'm being unreasonable but rather the people who are extremist about everyone getting vaccinated are being short sighted and are ignoring all the warning signs about the vaccine not being enough and still needing to mask up and wash your hands.

I think the message should be CONTINUE TO MASK especially for vaccinated people who think they are god-kings who can't get sick or spread the virus.

Anyways with this political climate its near impossible to have a decent conversation about these tough topics without a lot of hate coming up so I don't expect to convince you but maybe de-radicalize some of you who think vaccines are the 100 percent answer to beating covid",-12.0,politics,2021-08-08 02:27:07
Honestly the worst part about the refusal to get the vaccine is the fact that Trump got the vaccine himself. I honestly hate how science has become a political thing. It’s not that hard for people to suck it up and get a FREE vaccine. The fact they’re willing to kill US citizens to make a party look bad is disgusting and disturbing. America really feels like it’s falling to pieces.,3.0,politics,2021-08-08 03:19:54
"Americans? 

So basically he's admitting he fucked up so fully that his leadership alone would have lead to near 1 in 3 Americans dead. Because that's what that means.

He was so inept, so utterly unprepared and unqualified to lead that without a vaccine it would have decimated the country. 

You know how you hate it when we say Trump doesn't know what the hell he is talking about. That the guy is a fucking moron, this is one of those moments.",7.0,politics,2021-08-08 04:39:15
"Key word, “Think.” Literally there is NO thinking going on in general with these types. I’ve been trying to figure out the psychology of it because it baffles me and so far all I can come up with is a Stockholm syndrome of the disenfranchised who feel so out of control their sub conscious must be over compensating in a fight over flight mode in denial of vulnerabilities and ability to cognitively differentiate fact from fiction with an uncompromising faith in someone who gives them the fantastical idea of having control making them deny reality because admitting that insecurity and inability to control would literally be a complete mental breakdown worse than death. So the ego then gets driven by a need to feed this perpetual denial to avoid a complete psyche break. Imagine the guilt alone when realizing you follow a sociopathic leader that has taken advantage of you and others and you helped perpetuate that. Their psyche couldn’t handle the pains of being a victim, the guilt of being a perpetrator and the utter loss of self trust in differentiating fact from fiction. So when I say mental breakdown, I mean complete maddening mental breakdown. So literally the subconscious must fight to remain sane DESPITE the literal insanity of it. This is how sick Trump is. This is why he is so dangerous. He is a sociopathic dangerous manipulator who has no regard for feeling or emotion and lives off the energy of BOTH hate and love/admiration. Both feed him and sadly, many (not all, many are sociopathic as well taking advantage of a situation as not all sociopaths are intellects, some are janitors who see opportunity or blonde hair Rep women suggesting to her followers in Alabama to shoot vaccine volunteers) are victims who will become perpetrators. Which also takes the heat off Trump. Imagine, if I could get you to kill for me through manipulation and suggestion, I get my objective completely free of the consequences. It’s frightening brilliant and SICK. Trump is brilliant and many of his followers are and many are not. And he wants them to be seen as dumb because then they look weak and then we’re shocked when things like storming the capital happen. We need to realize he is an incredible evil genius, many of those in power around and after him are incredible evil geniuses and they’re getting a lot of scared disenfranchised “children” to run their front lines for them. It’s so sick and tragic. Heartbreaking and revolting.",12.0,politics,2021-08-08 11:31:58
"Some of them, sure, but others are a little less straight forward. I think of my mom's family here. None of them hate gay people or people of color, but they don't perceive of Trump or his prominent supporters as homophobic, racist, etc. They viee his loose associations with people like Kanye West, Ben Carson, Milo Yiannopoulis and Caitlyn Jenner as evidence that he is well received by minorities and generally not prejudiced toward us (I'm mixed). 

The problem is they think we live in a hypersensitive society that is so fixated on the idea of white supremacy we can't see that we're reducing white people to the status minorities endured in the 70s and 80s. They wouldn't go so far as to suggest they have lost so much power that they could be equated to black people in the 60s, but it's a close thing for them. They've developed a victim complex predicated on it being fundamentally harder to be white than a minority because of the existence of social programs and laws designed to help minorities that they don't perceive themselves as benefiting from. This even extends to the language used in the Civil Rights Acts, as they perceive whiteness as a-racial, so to speak, so racial equality legislation doesn't apply to them.

It's a strange variety of cognitive dissonance, but it is the baseline for their assertions about a variety of issues. For everything else, their motivations are often religious, centering around a belief that the jews return to Israel signaled the coming of the apocalypse and everything from the wars in the middle east to the pandemic are signs that it's coming soon. Though this isn't the case in my family, I suspect this is why many conservative christians don't want the vaccine. The microchip theory goes hand in hand with the mark of the beast rhetoric in the bible, and they perceive that the people who have the mark won't be raptured.",4.0,politics,2021-08-08 14:55:58
And at this point it’s so dumb. All we’re asking is to get a vaccine and wear masks indoors when others are around. Literally that’s it and they can’t be bothered.  I fucking hate this timeline.,970.0,politics,2021-08-08 15:24:51
"I dont know. I was told by my doc that they just don't do that there when I asked for gas. It doesnt make sense. Nitrous is safe, easy, fast acting and wears off quickly. But they don't do it. She said she would call around and see if she could find any clinics that could donit that way but she wasn't able to. 

She referred me to a psychiatrist who I then sat down with a week later. 

After talking it through for a bit, she said something along the lines of - you seem to be overall well adjusted and intelligent. If you go for your vaccination, whats the worst that could happen? My response was ""they stick a needle in me"". She said, of course, but what's the worst thing that could happen from that? I said ""umm...they stick a needle in me"". Then she understood. 

The psychiatrist was astounded, after our conversation, that my doc hadn't at least prescribed valium. So she did right away. 

I guarantee you that there are many any more people out there than we are even aware of, because a lot of people, especially guys, don't want to admit how afraid they are of this. I HATE it about myself. I HATE it. But I'm not going to be ashamed of it anymore and try and pretend its not a problem. Twice in my life I've been physically restrained and had needles put into my face. Its been 30 years since the last incident and as an adult nobody can force me to experience that again. 

My rational brain understands that the vaccine will be nothing like that. My phobic brain, however, completely overrides the rational brain to the point that I'm afraid I will become violent towards the person giving me the stick. 

Therapy has been ineffective. This isn't something I can just switch off or determine that I'm going to do. If the valium doesn't work, then they will HAVE to knock me out. Period. 

I want it done. Truly. But I think overall this problem has not been recognized. Ive seen reputable estimates that between 3.5 and 10 percent of the population has a serious needlephobia. I GUARANTEE that if something like gas or other powerful sedation was available to people like me, there would be a big spike in vaccination numbers really quickly.",2.0,politics,2021-08-08 16:03:12
"To instinctively hate those on the other side, and consider them hopeless, when there's a chance to convince them, just like how the lady was convinced of the vaccine after seeing her friend die. Hopefully it won't have to come to that for most of them.",1.0,politics,2021-08-08 17:24:50
Anti passport is a very pro liberty stance that I would expect from most officials. That’s not the same as being anti vaccine. Desantis has done a good job given the population and demographics of Florida. The hate for Desantis is media driven because he is viewed as the biggest threat to whomever the democrat candidate is in ‘24. The policies in NY and NJ resulted in substantially higher death rates and no one cares because they have a D by their name.,5.0,politics,2021-08-08 18:21:48
"Good for you, don’t let facts get in the way of the hate.
He might be a piece of shit, but he’s not anti mask or anti vaccine. He just isn’t allowing local governments to dictate that for people in Florida, and that seems to really piss some people off.",0.0,politics,2021-08-08 19:18:33
"I hate to say it, but to be fair ""Operation Warp Speed"" did a lot to hasten the development of the vaccine. Problem was that they quit doing anything after that except to undermine people's confidence in the vaccine. If it was truly ""the Trump vaccine"" the US would likely be near 100% vaccination rate today.",1.0,politics,2021-08-08 20:47:13
"I’m trying my best. But she is a RN. She puts other people first before herself, I love her yet I am so annoyed that she does this.  But I kinda get it. I’m just at the point now where I’m like — look most of these people now having these medical emergencies? They did that to themselves by not getting the vaccine. As much as I hate to be callous, it is “survival of the fittest” for a reason. 

Guess wot? The “fittest” doesn’t mean the most able bodied anymore — it also means someone who has a brain and can exercise a modicum of critical thinking skills.",28.0,politics,2021-08-08 21:44:21
I’m a nurse and I don’t like Trump. I wish he would use his clout to get his followers. This is a mess and as humans we are attacking each other when the real enemy is this virus. I hate wearing masks and using PPE. I would implore Trump to be really vocal about vaccines and take credit that the vaccine was developed in his administration!!!!,2.0,politics,2021-08-08 22:04:27
"No one is forcing you you totally have the freedom not to do it,  but there are consequences for freedom.  Are you afraid of the vaccine or just hate that someone is requiring you to do something and just want to stomp your feet? We can get this thing under control or we can watch it get worse.  Everyone has work together or we'll just keep seeing loved ones die as it keeps mutating. 

Side your tin foil hat is on way to tight with your kid analogy.",1.0,politics,2021-08-09 02:39:46
"Well, it is the TRUMP vaccine after all, he'd want credit and he'd be touting it, so his supporters would follow, and people who hate him would take it too, because they make good decisions. He wouldn't do the distribution himself because that would be work, but letting governors do it would be good enough. So I have to take issue with your number of people vaccinated - it would be the small amount of true anti-vaxxers and those who can't.",9.0,politics,2021-08-09 11:22:19
"i agree with you. I feel ""unvaccinated"" is just a new whistle to blow. I'm not vaccinated. I am not an evangelical white christian. I am not republican. I have not been in public since covid began. I do not intend to be in public places until covid wanes some time in 2023. My situation is unique. Not every one is able to truly quarantine . were this my case, i would get vaccinated. This new whistle that bellows hate and division rather than grace and empathy won't last long. the lambda variant is already knocking on our doors. it is resistant to vaccines. who will receive all our ire when covid learns from the vaccinated how to adapt and incorporate the vaccine in its next variants? I mean if the delta variant can get into a person who is vaccinated. isn't it learning ? and when a person sneezes that hefty vaccinated viral load, is it not passing all its learned info from you to the next host? But I digress. The point is. i am in complete and total isolation, therefore, no vaccine for me. I cannot believe that our politicians both democrat and republican are pushing kids into schools(infected petri dishes). the bottom line for our gov is money. nothing else matters. As long as we the people react to the little trigger lines exactly how we are supposed to, they win and most of us will die.  As long as we wait for ""them"" to do something,  most of us, including our kids, will die. More than a year into this thing and we still are not adapting to our new world of infectious disease, fires, freezes, floods. it is like we are all just drunk on member berries. holding fast to the olden days we have dreamed up in our heads.",-13.0,politics,2021-08-09 12:24:27
"The Republican party are solely responsible for covid-19 being as bad as it is in 2021. Had they taken it seriously in 2020 and not politicized it, we would have been better positioned for when the vaccine arrived. Had they not politicized the vaccine, we would have had enough vaccinations to reach true herd immunity.

Instead, here we are with 31% of Republicans saying they will never get the vaccines, two of the top 5 largest populated states in the country refusing to have mask mandates to protect the unvaccinated thanks to their Republican governors and red counties through the United States falling behind the blue counties for vaccinations by a factor of 2:1.

Their ignorance and hate has lead to a scenario where all of their flimsy defenses for not masking, distancing or vaccinating fall to pieces. The younger age groups are getting it worse and dying from it, including kids. It’s not just happening in urban areas. And the complications or side effects from the vaccine are less than the breakthrough cases, which is less than the unvaccinated hospitalization rate.

If you right wing, death cult anti-vaxxers are still refusing to take this seriously, you have no moral or scientific ground to stand on. You’re literally anti-vax because your hate is being harvested for political gain, and you have no one but yourselves to blame when you’re denied a ventilator because too many of you are hospitalized.

May god have mercy upon your souls.",1.0,politics,2021-08-09 13:24:10
"The central, defining point of Jesus' story was when he allowed himself to suffer *immensely* and be killed by the ignorance of the state and the hate of the out-of-touch religious establishment in order to embody forgiveness for the evils of man.

To say that they miss the point would be an understatement.

Pretty sure Jesus would suggest they get the vaccine.",2.0,politics,2021-08-09 16:23:13
"I like all the Trump hate I'm seeing here. Don't forget that the Trump vaccine has been saving a lot of lives, or is that and inconvenient truth for you?",0.0,politics,2021-08-09 17:35:04
[Here’s some reading material. ](https://www.cdc.gov/coronavirus/2019-ncov/community/health-equity/racial-ethnic-disparities/disparities-hospitalization.html)Reddit thinks they are forcing the people they hate (conservatives) to do something that they don’t want to do. But in reality the vast amount of the people who have chosen to not get the vaccine are minorities and holistic hippies.,1.0,politics,2021-08-09 19:09:26
"&gt;But conservatives calling all liberals commies and liberals calling all conservatives unscientific is just hate mongering.

Here's the problem, is that we're fundamentally not looking at the same reality. When looking at national politics, let's unpack this statement. There are ZERO commies in national elected office today. However, there are A WHOLE LOT of conservatives who have been dismissing science for years. Climate change denial, refusing to wear masks, refusing the vaccine. These are facts. So your statement is flawed, in that one of these things is actually true, and the other is not. 

US Conservatives have largely dismissed our common shared reality because that reality points to them being largely wrong. So rather than change their opinions based on facts, they ignore the facts and dig in their heels.",12.0,politics,2021-08-09 19:15:15
"Yeah buddy so it was after the inauguration which is in January. 

It really makes no sense how I, a civilian, knew about it back in 2020 yet these people needed some special report that conveniently came out after the presidential election. I'm not falling for that. 

Matt gaetz is a nobody along with Marjorie taylor or whatever her name is. No one gives a shit if Matt gaetz is.thrown in jail or not. I personally don't care. If he commits the crimes hes accused of , he needs to be tried in court and given the appropriate punishment. I personally hate the guy based on appearance and demeanor alone.

Lastly on trump, when trump left the death rate was around 400k, now it's well over 600k so Bidens covid deaths are catching up pretty quick. Shocking how the vaccine is already there and people still dying. Must be bidens fault for 200k+ deaths.",1.0,politics,2021-08-10 00:19:53
"You are preaching to the choir. I am *livid* that I have to wear a mask when I go out in public. I live in LA county and we had something like 2 glorious weeks before Delta got out of hand and we were forced to wear masks again. 

That’s why I’m a big fan of vaccine passports. 

But children under 12 can’t get vaccines yet and that is what the topic is about. In addition, in Florida (and a few other places) the hospitals are overwhelmed, and in order to flatten the curve, wearing masks is the quickest way to do so. 

I hate it. I especially hate that Ive done everything correctly and I’m being punished when the aholes that have done nothing are being punished equally to me. It’s total bull squat. 

But Ive already realized that until the kids can get vaccinated, the crazy scaredy-cats wont stop. Ergo there is literally nothing I can do until that happens.

And for the record, I’m beyond angry about it. I feel like the last year and a half have been almost like a dream, only its been a nightmare. How can so many things be beyond my control! But it is what it is. 

Sorry, its been a night and now I’m just venting.",3.0,politics,2021-08-10 02:50:53
"I just called my grandparents over the weekend and they told me all that it's actually *the liberals* in Florida who aren't getting the vaccine because they hate that Donald Trump helped develop it so quickly.

This was after talking about how the immigrants were spreading it around and then talking about how happy they were they didn't need a mask at the grocery store anymore.

So, you know, there's no fucking chance of these people learning anything. I've abandoned hope.",12.0,politics,2021-08-10 06:48:50
"&gt; they hate that Donald Trump helped develop it so quickly.

Maybe we can rename it the Trump vaccine and tell that it's made by trained Bald Eagles and sneks working together to save America from the communist evil or whatever. As long as it gets them to take it.",4.0,politics,2021-08-10 10:41:50
"You mean the media is showing you certain things to support a narrative?

The narrative is "" evil Republicans hate vaccines "".

The reality is a lot of groups aren't taking the vaccine for different reasons, and you can't cherry pick who to blame",-7.0,politics,2021-08-10 12:19:04
"PTSD rates among healthcare workers are through the roof.   Hospitals are seeing nurses and doctors quit at alarming levels.   And who can blame them?    I don’t know about you, but Insure would like to keep my frontline medical workers healthy and happy.   Especially when we don’t know what future variants will bring.

Also, slightly more than 1/10 Americans are a diabetic.    Diabetics have seen much lower effectiveness from the vaccine when fighting Delta.  I’d hate to write off a 1/10 of our country just because a bunch of conservatives think the vaccine is bad.

If this ONLY impacted the plague enthusiast, I would say let them dig their own grave.   It doesn’t only impact them, though.",3.0,politics,2021-08-10 13:49:06
"He could have easily painted it that the Democrats want them to die so they couldn't vote for him.  Fox News could have screamed for 17 hours a day that Democrats hate all Trump supporters, and want them to die because they are white and christian.  They could have talked about how the left is a bunch of kale sniffing babies crying in their safe spaces while they are the strong, silent majority.  I couldn't care less what they said as long as it got people masking up, distancing, and getting the vaccine.  Instead the 0.1% freaked out they might not be able to afford a third mega-yacht and decided these dirty poors had to go.",10.0,politics,2021-08-10 15:01:59
"What vaccine side effects are worse or longer-lived than the average bout of covid?

What vaccine side effects have put people in the hospital? Has the vaccine put more people in the hospital than covid?

We should reject the vaccine because you *might* get covid? I hate to break it to you, but without the vaccine you are nearly certain to get covid.",8.0,politics,2021-08-10 15:07:47
"This is more about the cognitive dissonance of the symbolic love of the troops and the symbolic hate of vaccine, which is ALL rooted in the imagery they adopt to look like they have no fear.  


My husband is a veteran.  So is our son.  They fucking hate being stepstools up to their GOP soapboxes.",1.0,politics,2021-08-10 19:01:51
"The reason why there are so many negative headlines about him are because the Democrats are scared of losing to him.

DeSantis is pro-vaccine. Florida, which has many more old people, isn't even close to the worst death rate in the country. I'd say he's doing a good job.

But I'm going to be downvoted to oblivion because you guys all religiously hate Republicans who believe in freedom.",-9.0,politics,2021-08-11 20:46:57
"I gotta ask, how old is your mother? Mine is 87, I am 66, last I time I saw her, Jan 2020, I got to see her in a nursing home. It was surreal. My relationship with that woman had always been fringed with ""hate"". In that she made sure she told me at least once per day how much she hated us, mostly me, WE ruined her life\~blah, blah, blah. If she did not end up where my brother decided to put her, she along with that brother would be just as brain drained against the vaccine. 

Each day when I wake up to more news of stupidity, cult following brain drained among my age group and of course our parents, littles getting real sick because of these ignorant fools. Damn.",2.0,politics,2021-08-12 10:04:22
"Lunatics have always existed, but they didn't have a platform to voice their wacky shit unless they were in front of a camera broadcasting or somehow otherwise connected to enough people to spread their stupidity.  Social media gives everyone the chance to be a celebrity and ""influence"" (ugh, that word gives me douche chills) people's decision to do any number of things, including (but not limited to):

1. Not taking a potentially life-saving vaccine against one of the most deadly pandemics we have ever seen, and/or promoting false ""miracle"" cures like ingesting bleach and colloidal silver (Jim fucking Bakker, one of those 70's-80's lunatics you mentioned).

2. Spreading hate and vitriol towards specific races of people simply because people told them to.

3. Questioning the validity of a fair, secure, completely one-sided election when their candidate doesn't win.

4. Planning an insurrection behind the veil of patriotism.

Social media needs to fucking go the way of the dodo already - we had our fun little experiment and it's clear that we're not ready for the responsibility that comes with the power of being able to reach millions of people at once.",2.0,politics,2021-08-12 12:41:36
"Especially when the only reason is ""Pharma's making hand over fist on these vaccines""... look I understand the sentiment... I hate pharma companies too... but you're using the wrong verb tense... pharma MADE hand over fist.  The vaccines are paid for already and it isn't a cost passed on to you.  Your dose isn't going to sit on the shelf waiting to be sold... it's already spoken for... all you have to do is claim it and by NOT doing so... you're basically making pharma money to not give you a vaccine.",3.0,politics,2021-08-12 15:58:54
"At this point I would be ok with him getting a $10 kickback for everyone that gets a vaccine based on his recommendation. I hate being stuck at my desk, prior to covid I was traveling at least 1 week each month and fucking miss it.",1.0,politics,2021-08-12 17:31:50
"Not that it has anything to do with getting your vaccine but I hate to break it to you, pharma is going to clear billions and billions for years to come on these vaccines. This was not a one time shot. They have made, are making, and will continue to make a staggering amount of profit for years to come on this. 

Again- has nothing to do with why or why you shouldn’t get vaccinated. Just wanted to at least get the reality of that aspect recognized.",1.0,politics,2021-08-12 20:08:08
"Exactly. Check out the link I posted just now. A true Dr talks about how these masks WILL NOT STOP COVID. and the vaccine, like other Sars vaccines is good but not 100 percent effective. Why else are e having a breakout in late summer!

People here will try and push their sides agenda. As much as I hate Biden and loved trump. It's not political. It's about science and common sense",0.0,politics,2021-08-12 20:27:42
"“Didn’t exist as law” doesn’t mean “practice ceased immediately”.

The change into what we current have now was done slowly over time with the news networks pushing the envelope little by little every year.

And yes, I fucking hate libertarians who say the government shouldn’t be involved in anything. I want them involved in broad issues that impact every citizen. I want them to lay down a vaccine mandate, I want them to lay down a law capping pharmaceutical costs like every other first world country, and I certainly want them to regulate broad news requirements on what is considered “news” vs. an op-Ed masked as news, and I want them ban click-bait titles. “Deadly explosion massacres people inside factory” vs. “150 presumed dead after factory explosion”

I heard this from a coworker: “America is just a corporation acting like a country”;

this saying from the younger generation also rings true “America is a 3rd world country with a Gucci belt on”.

For once I want the politicians and government to stop giving a fuck about company’s bottom lines and their stock portfolios and do their goddamn jobs.",1.0,politics,2021-08-12 21:46:37
"People have no idea how big the shortage of nurses will get.  I have heard t.v. interviews with some, and many will quit because they are burned out.  And it is all avoidable.  Just get a vaccine.  The hate and resentment harbored by these anti-vaccine people will eat them up, and in the end ruin their lives and cause the deaths of their friends and family.",2.0,politics,2021-08-13 01:24:55
"You’re really blaming antivaxxers on diversity? 

Because dude hate to break it to you but most countries and areas outside of the US are dying and bribing public officials to get the vaccine. This is a entitled society issue mainly most notable due to status in the world in the US and the UK. 

I know tons of people  that are buying tickets to stay in the US for a few hours get the J nJ vaccine and go back to their country. My cousin had to bribe a public official to leave the country to get the vaccine here.

Maybe the issue is lack of diversity in education and in teaching the scientific method. Only a few retain it and the way things are taught in school here is designed for Americans to quickly forget and move on and just be dumb and easily susceptible to misinformation.",15.0,politics,2021-08-13 06:56:33
"And for the most part, I do. I go about my normal day with a mask on, in case I am unwittingly carrying it though vaccinated. I avoid mass-gatherings inside and try to limit my exposure around elderly people, immunocompromised and people who are unable to be vaccinated. It’s only for a couple months, it’s not a big deal. I also don’t really hate on people who do, although I think they are being a bit reckless. However, being anti-vaccine because you fee you and yours are going to be ok is a bridge too far for me and rings of selfish and entitled.",10.0,politics,2021-08-13 08:14:33
"This guy has an obsession with making living in Texas as “Every man for himself” as humanly possible. Mask bans, no vaccine mandates, no contact tracing, no vaccine passport app, a dogshit power grid, open carry for everyone, etc. At this point, I wouldn’t be surprised to see a headline tomorrow that says “Texas governor orders immediate BAN on traffic lights, stop signs, and speed limits effective immediately. All motorists asked to self-police”

I seriously hate his plastic face. He looks like a mask from the first Purge movie.",1.0,politics,2021-08-13 08:31:16
"Actually, I would distinct two types of unvaccinated:

* The ones who cannot genuinely get the vaccine because their immune system is so weak that a jab would literally put them in jeopardy. No reason to get mad at them.
* The ignorants who defy science because reasons and who brag about their freedom after having read Karens on Facebook. These ones deserve all the hate.

I am also mad at a third kind of people I would call the COVID-centrists. They are not anti-vaxx per se, but they adopt a median position telling other people to respect the decisions of the anti-vaxxers, thus making the pandemic last longer in an unvoluntary way.",191.0,politics,2021-08-13 08:32:33
"How effective is Nike’s slogan?

“ Just Do it “

Followed by a commercial of athletes running,
Sweating, exercising and doing physical activities.

Yet

A great percentage of consumers of Nike’s products just buy a pair of sneakers and sometimes 5- 10 pairs and they don’t “Do it” the physical activity like sports or exercise.

Now apply that “Just Do It” approach to getting the vaccine do you really think you’ll get the best results.

Well your witnessing it now.

In stead of wasting energy saying 
“I hate ant-vaxxers” and investing all of that 
Negative hateraid energy.

Try taking a different approach.

Maybe someone should have suggested the following:

1. Go see your or a doctor.
2. Get a physical and some blood work done.
3. Discuss your results with your doctor, you may have some unknown health conditions that could be affected by the vaccine.
4. Make some life style changes if needed to get in a better state of health and talk with your doctor from the results to see how which vaccine is your best option.
5. Learn to not fear death!

* you find out that you may not be as healthy as you think. But was is the definition of a healthy human anyway.

Let’s not put all the get vaccinated efforts on media. It is not get us anywhere.

We have been too desensitized to seeing death on our screens.

Having famous athletes, actor, musicians
Telling us to get vaccinated is not going to help either.

I feel all of American has wasted millions on trying to get a simple message across. With all the communication devices and platforms we humans are still unable to communicate with each other.

We are living in a modern version of the
 Tower of Babel.
Thank to social media.",1.0,politics,2021-08-13 08:49:52
"I'm double jabbed but this is plain wrong. No one should be forced to undertake a vaccine if they do not wish to take it and especially not because society is coercing them into it. The world is turning dark very quickly and the media is not helping with articles such as these. 

I am not anti-vax and not everyone who thinks like me is yet the government and media love to divide us and label us as such. We need to stop this segregation of society on both sides. Not everyone is either a sheep or an anti-vaxxer. We need more love at this time not more hate and division among us.",2.0,politics,2021-08-13 08:51:58
Holy hell. I completely understand that I’m about to be downvoted into oblivion or even deleted and possibly banned if this is even seen at all but. Holy hell. Get the vaccine. Or don’t. But the hate you all are spreading is far worse than the virus. You all may be doing what you think is best to stay physically alive and safe but your souls are dead. And for what? So you can comfortably go back to a freaking spin class?,-2.0,politics,2021-08-13 09:23:21
"THIS!

I must say: I have no hate for the non-vaccinated, just a bunch of questions and the wish that everything goes well for them.

As for the general public health as a whole, we for sure need to draw a line to ENSURE SECURITY AND HEALTH! 

So exactly, if you’re not willing to partake in a health plan for your country (or even humanity ffs) then yes, there should be « consequences ».

In my country (especially my province) they are implementing the vaccine passport to attends events, certains schools, certain restaurants which is a great incentive.

Oh, there’s also a lottery for people who got both doses. Lots of money and trips to win!",1.0,politics,2021-08-13 09:24:18
"I’m vaccinated, but this is pure propaganda at this point. The fucking covid narrative has changed like 10 times. Get a vaccine if you want, don’t if you don’t. Btw the global lockdowns caused like 70 million people next to starvation, I read somewhere 20-30 million starved as an effect of lockdowns. Go be mad at these trillion dollar companies that just robbed everyone billions because of covid, how the middle class got decimated across the board. Theres also 21 trillion that is still mysteriously missing from the pentagon. But we should just focus our hate on people who choose not to get the vaccination.",1.0,politics,2021-08-13 10:48:35
"It’s clear more people should be vaccinated, but pointing fingers and calling those who haven’t been vaccinated idiots does not make them want to change their mind. 

I have family from rural parts of the US and some are still on the fence about the vaccine because of the garbage they see on Facebook. After talking to some of them last week, two decided to get vaccinated. They just had some bad ideas fed to them because of Social Media. Having a conversation with the people I personally know worked.

Idk what I’m trying to say, maybe I’m just tired of seeing hate-porn all over the internet. Tear in to me for this comment I guess.",4.0,politics,2021-08-13 10:54:18
"&gt; with actual concerns about the vaccine and the people who are immunocompromised

Most people with “actual concerns ” get it from FB.  

And if you are dense enough to be but hurt over the title and ignore the overwhelmingly problem is stubborn ignorance or choosing to buy into idiot right wing media, you aren’t worth a conversation.


&gt; Last week Salon ran multiple articles suggesting Boebert let in a bunch of people to scout ahead of the insurrection

She let people in before she was allowed to give tours.

Pictures released so far indicate it was just her family, however there’s a huge amount of uncertainty as to exactly what she did is nobody has been able to come up with who even allowed her in.

&gt; I assume it actually targets facebook for the clicks, while its just for karma over here.


Salon does lots of clock bait journalism to get hits from people who love the headline or hate it.  But it doesn’t change they are clearly in the right here.


&gt; Look at how you came out of the gate to throw in the ""no both sides"" tagline. Predictably Irrational.

What is irrational is arguing against salon when they do nail it.

In spite of a preponderance of evidence right wing media and those who follow it are clearly wrong in this issue, Yiu want to pretend again is creating this artificial wedge. 

It is idiotic",14.0,politics,2021-08-13 10:59:47
"Exactly this narrative to discriminate against peoples choice whether or not they want the vaccine (i’m vaccinated) is insane, you’re not saving anyone getting the vaccine, its the propaganda machine spewing crap. Also it doesn’t reduce the spread, I linked an article from john hopkins from august 2’nd, we keep getting told one thing, then finding out it was a lie, or wrong. Get the vaccine to stop covid, well now you can still get it, get the vaccine to stop the spread, well now you can still spread it, covid came from bats, or turns out it came from the lab dr fauci was funding. Lockdowns destroyed the middle class and small businesses yet these mega corporations made record profits. Now the narrative is to hate people who make a choice for themselves.",5.0,politics,2021-08-13 11:34:09
"Same young stupid ""I'll get over it"" millennials. I hate my generation thinking they're invincible. I have a coworker who's already planning two international trips at the end of the month but says the vaccine isn't for him because he's a healthy 29yo who is vegan...I'm hoping they know that once they contract this shit, their ""tasty"" vegan/organic food won't have that ""amazing"" taste they brag about...",1.0,politics,2021-08-13 12:00:29
"Vaccinated here but I don’t understand the hate towards unvaccinated people. Specially coming from people who support universal healthcare. 
Universal healthcare covers people who make poor life decisions like smoking drugs sanitary lifestyles and it’s a cost to everyone.  It’s not just financial costs diseases that impact others can be attributed to many of these lifestyle choices. 
Not sure what the differences with anti-VAX Especially when we do not have any leader ship presenting real numbers about the vaccine. How it is working, what are the dangers, and benefits. There’s a portion of the population that’s afraid and instead of their worries being addressed all that happens is fear mongering.",-4.0,politics,2021-08-13 12:03:22
It isn't just inbred southerners that have decided not to take the vaccine. There are highly educated people using deductive reasoning that come to the same conclusion. The hate and divisiveness is intended.,2.0,politics,2021-08-13 12:42:37
"Why I choose not to get vaccinated. 1. Not fda approved. 2. I’m not worried about the virus. 3. There’s no long term study, especially with babies (I am 30 and worry about future kids of mine). 4. People who are vaccinated are still getting it (that’s just science proven it would’ve happened anyways) 5. I have the right to choose to get the flu shot and I don’t. This is the same thing. 

Do I care if you get vaccinated, not at all, not in the slightest bit. I don’t look at people differently because they chose to get it. BUT most people who do get the vaccine look down on those who don’t. That is the separation and hate and fear that the elites and government want us to have towards each other. And the people buying it, are usually the ones vaccinated",0.0,politics,2021-08-13 13:23:10
How does it make anything better to be more divided and hate a group of people? There are some people who have personal health reasons for not getting it and there is lack of long term study that make others worried. I'm glad the vaccine is widely available and people are being encouraged to get it but just remember these pharmaceutical companies that produce it don't have flawless records and we are never done learning and making mistakes... I'm aware that this is likely get immediately down voted. But just my thoughts.,1.0,politics,2021-08-13 13:33:43
"You do have a really valid point. To be honest I do think its dangerous to go down a path where governments get total control over you and decisions regarding your own health and what products you decide to ingest or not. 

On surface level, this is the biggest challenge that our modern society is facing and its overwhelmingly complicated and layered. I dont think there truly is a right or a wrong answer to this and like many I would just wish to be through with it. Maybe thats why I would be willing to go down the path of a nationwide obligatory vaccine even though I hate the idea to its core.",2.0,politics,2021-08-13 13:36:58
Honestly I would get the vaccine if I weren’t deathly afraid of needles. Sorry if you hate me.,-2.0,politics,2021-08-13 14:37:01
Last year these same people were complaining about the state and biting cities down. Now they are full on fascists. You are what you hate and no law or vaccine will cure that.,1.0,politics,2021-08-13 14:49:41
"A lot of people who haven't been vaxed aren't necessarily anti-vaxers. I give shots every day and I'll ask some of them what made them come in now and about half said they just hate shots or have been meaning to get it but nothing has compelled them yet (until delta or government mandates).  I had a 25 year old dude come in with his mother who had to hold him as he cried getting the vaccine since he was so afraid of needles. Literally was shaking and almost walked about before getting the shot.

Our shot count has gone way up compared to June.

Also had another who wanted to get it but was doing chemo and the doctor wanted to wait until the chemo therapy was finished.

Then of course a bunch have been the ""I wanted to do my own research before getting the shot"" crowd. I wish I asked what they read that changed their mind.",5.0,politics,2021-08-13 14:50:56
I do still feel bad for them. Many of them truly love in a reality where every news source they use is telling them to be scared of the vaccine. In many cases parents are scaring kids away from getting it. It is truly horrifying the kinds of propoganda that are being pumped out and directly into these people's lives. I can not hate republicans and their twisted minded constituents. I can hate someone who's whole world view is driven by terror and fear. The only feeling I have for them is pity. I pity them. I am not angry at them. I am angry at their representatives. I am angry at their media leaders. I am angry at the rich who are using the pandemic to both enrich themselves and kill off the poor. I am angry at democrats who are to fucking stupid to do anything about it. But I do not hate the unvaccinated.,1.0,politics,2021-08-13 14:52:40
"Awful logic. I had covid, guess what happened? Absolutely fucking nothing. That’s why personal anecdotes mean nothing with such large sample sizes.

Obviously covid is very serious for a lot of people. Just like many people get negative side effects from the vaccine. Blood clots, heart inflammation, death are all potential side effects. I’m vaxxed by the way, but hate this constant rhetoric.",1.0,politics,2021-08-13 15:20:06
I’m getting to the point in life where I’m not deli g and for people who died who were anti vaxxers. I hate to be harsh. I’m just over the anti vaccine sentiment.,1.0,politics,2021-08-13 15:33:55
"“I don’t believe in the vaccine because I don’t trust the government with chemicals in my body”

“I don’t believe in the vaccine because it hasn’t been approved by a government regulatory body”

“Also I hate regulation”

- Your Republican Party, ladies and gentlemen.",255.0,politics,2021-08-13 15:34:47
"""They"" didn't do it to you. Breakthroughs are happening all over and the people telling you to blame the 30% of the country that isn't vaccinated are just fearmongering to get people to hate each other even more.   


I'm vaccinated, but I think the absolute vitriol we're seeing against people who are rightfully skeptical is insane and is only going to make them more reluctant. The pandemic is going EXACTLY how everyone predicted it would: it's going to become a part of life with yearly mutations and booster vaccines just like the flu. Everyone is going to get Covid several times throughout their life, and it's up to individuals if they want to roll the dice or help their odds of survival with a vaccine. The hatred is just uncalled for and makes me so sad and confused.",-2.0,politics,2021-08-13 15:35:25
"You are all a bunch of morons. The vaccine will never get rid of covid because it’s not a vaccine. It’s gene theory. Half of you hate gmo’s, but are proud of becoming one. Fucking sheep!",-1.0,politics,2021-08-13 17:21:16
