comments,score,subreddit,time_created
"We knew this was going to happen. When the vaccines came out, lots of us told the anti-vaxxer Republican covidiots they would eventually be playing the covid death lottery all by themselves.

So it's heartbreaking when kids or the immunocompromised are intubated or die because they are either unvaccinated or don't respond well to the vaccine.

These ""MuH FReeDumB, MuH cHOice"" folks, not so much. And instead of being selfish at the end, if they felt true remorse for their actions, they would get on YouTube. Tell their story. Apologize for putting other people at risk and encourage their fellow and vaccinated friends and relatives to get the vaccine.",1.0,democrats,2021-07-25 14:59:51
"&gt;You sure like twisting words, don’t ya?

I'm literally repeating back to you what you're saying. I'm just trying to help you understand how horrible that sounds.

&gt;They’re a danger to public safety.

Are all ""anti-vaxxers"" (I don't really think this is a fair way to describe people who are against taking the Covid Vaccine as it exists on the market currently) a danger to public safety?

&gt;They’re berating the health care professionals who are doing their best, forcing them to quit.

They're all doing this?

What about the doctors and nurses who are being forced to quit because they themselves don't want to take the Covid Vaccine? Any sympathy for them?",1.0,democrats,2021-08-11 13:56:27
"Unfortunately they have their little pity party pal to cheer on their stupidity. This is why the anti-vaccine movement is so strong they encourage this ignorance. Well we’ll being seeing this person on r/leopardatemyface of either dying of Covid or asking for people to pray for a family member dying of Covid. 

Sadly I am just done… I don’t have it in me anymore to even give two f$&amp;ks for these people anymore. Sorry, I know that’s heartless but I am just done.",3.0,democrats,2021-08-19 21:35:36
"Haha, I just had a friend of a friend die of Covid a few days ago, anti vaxxer, anti masker, believed in faith healing, so I made the comment, ""well, why didn't he and his wife and buddies lay hands on him and heal him?"" This guy kept saying he didn't need the vaccine because Christ was protecting him, I said good luck with that, 3 weeks later Covid, 2 weeks after that, dead. I'm not an atheist, I believe in God, but Christ stopped healing on the cross. This guy is irrefutable proof of my theory",1.0,democrats,2021-08-25 18:26:31
"Ah yes. The Vax vs the anti vaxx. That's where the world is headed. Not much different than proletariat vs bourgeoisie. ""Antivax"" being demonized. Charged additional money for Healthcare by their employers (delta airlines). Do this or don't eat (mandates in Oregon) . Wake up and look around. This is highly highly disturbing. You should be ashamed at the mass disposal of a person with a different Healthcare opinion.
You know what else is not funny? Vaxxers promoting no healthcare for people without a vaccine. Telling people to sit at home and die if they get covid and didn't get the vaccine. You are fucking sick in the head.",1.0,democrats,2021-08-26 15:12:19
"It's not just the anti-vax stance. She said they are Trump supporters. I am saying Trump supporters are the issues. I am aware there are anti-vax on both sides and I think they are both stupid. 

I didn't comment back because I do not support either of those companies for that exact reason. It is however a completely different problem. 

Also, that is just not true. Idk about Hispanics but, African Americans and definitely not one of the least vaccinated groups. That's a easy google search. I double checked before even responding. 

I view racists democrats the exact same way I view Trump supporter's. 

Again I do not care what they feel is right. Nazi's thought they were right too (that was my exact point). 

Also, I do not feel bad for them. If personal rights were being taken away they would not have the CHOICE to get vaccinated for Covid or not. The fact that they don't understand that is not my problem. 

There are some people I know who were holding out for reasonable reasons but, still being safe. That is different. However the people who are not vaccinated and not masking are a problem and hurting their community. Blood is on their hands. 

Vaccine hesitancy was not what I said my issue was. My issue again is having a different set of ethics. 

You are trying to make this only about the vaccine and I was never commenting on the vaccine alone. 

Also if anyone is supporting big corp it is the right. The left is literally saying pay fair wages and tax the rich. While the right is saying ... No. 

They literally want MORE government  and less freedoms 😅 I live in TX and they are cheering on us woman losing our right to choose. 

So yes I view them as the bad in the world. They are.",1.0,democrats,2021-08-31 16:14:00
" &gt;Getting a shot to protect yourself and others from COVID-19 is both a social responsibility and the best way to hasten the end of the pandemic, and if you don’t believe that, we’re not waiting around for you to step up.

It also makes the most economic sense. Many of these conservative anti-vaxxers were also the ones that complained about the lockdowns hurting the economy. And yet, now they won't do something as simple as getting a vaccine.",23.0,democrats,2021-08-31 16:27:48
"It's one less talking point in their arsenal. Can't really call it ""experimental"" when it has full approval like every other vaccine - especially since many covid anti-vaxxers seem to have been fine with vaccines before now.",3.0,democrats,2021-09-01 10:01:32
"**Reminder:** The sub's mods will ban any: anti-vaxxers, covid-19 deniers, and anyone that promotes dangerous alternate remedies--just to name a few. The majority of users that break these rules visit from other subs. Most of them came from pre-existing quarantined subs.

From the sub's rules:

&gt; COVID-19 is real and there is no debate about it. People have lost loved ones to this dangerous disease. 
&gt; 
&gt; COVID-19 does not care about your personal opinion or how you vote. You should care about others and prevent them from getting this disease by following federal health guidelines and by getting vaccinated. Do not downplay or mock necessary public health measures to address this pandemic.

And:

&gt; * Do not discourage people from taking the COVID vaccine.
&gt; * Do not downplay or mock necessary public health measures to address this pandemic such as wearing masks or social distancing. Do not downplay the effectiveness of those measures or mock people following those measures.
&gt; * Do not promote health misinformation or promote dangerous alternate remedies.",1.0,democrats,2021-09-01 22:16:05
