comments,score,subreddit,time_created
"Good, I would hate to be forced back to work with people who both refuse to wear a mask and refuse the vaccine. People shouldn't have to choose between an income and their health.",99.0,CoronavirusCA,2021-05-29 18:50:10
"agreed, except unfortunately people who want the vaccine but can't get it suffer too. that's what i hate the most.",8.0,CoronavirusCA,2021-06-03 21:13:25
When individual choice over getting a brand new vaccine to prevent a illness that has a near 0 mortality rate is treated the same way as assault with a deadly weapon someone needs to reevaluate their choices. And if you dislike individual freedom so much then leave. There’s a lot of places that hate it just as much as you.,2.0,CoronavirusCA,2021-06-10 19:00:30
"This also means when there's celebrations like the fourth coming up I'm not going anywhere. It just PISSED me off to no end that my LA family came to visit a month ago and unbeknownst to me (they told us after they fucking got to our residence) that they chose to not get vaccinated and still chose not to get the vaccine after contracting the virus. Now let's all just keep in mind that LA is a Hotspot for covid and the Delta variant entered our territory about in early April. I'm still not speaking to them after this (wasn't talking to them to begin with but now they're dead to me) and honestly 🙃 I told my fucktard parents that they shouldn't invite people over but they don't give a fuck. And because I'm living there temporarily until I move next week I had to be in the same vicinity as these fucks. So I may or may not have already been exposed to their viral sheds or their variants whatever tf they may have had, I already caught it. I hate family. This is why I say fuck people. Lmao it REALLY be your own family.",2.0,CoronavirusCA,2021-06-27 00:03:25
"I honestly hate this stupid world we are living in. I took the pandemic so seriously for so long, because it was freaking justified back before the vaccine was broadly distributed. I'm vaccinated, my wife is vaccinated, everyone who isn't a retarded nut Job is vaccinated. The FDA would have emergency-approved vaccines for kids if covid was actually dangerous to kids.

With me you're preaching to the choir, but based on the down votes, the wackos in this subreddit seem to want to justify staying home scared under the covers for the rest of their damn lives.",1.0,CoronavirusCA,2021-07-10 16:03:22
"I don't trust the vaccine and both liberals and conservatives hate me. If I don't have to get it I won't until a couple years have passed.

Not vaccinated because I don't go to any kind of school.

Just because we're in California doesn't mean we have to follow what others say.",-26.0,CoronavirusCA,2021-07-11 04:55:50
"Any individual taking immune suppressing drugs (transplant patients), or is immunocompromised has been warned from local health departments, the CDC, personal doctors; that even after vaccination they must continue to mask and distance. The vaccine offers very little protection for them. I hate knowing people in this category are unaware of this. WTH 

Not everyone wearing a mask is unvaccinated. We still need all the protections.",24.0,CoronavirusCA,2021-07-12 01:49:16
"&gt;I’m fully vaccinated, but I have no issue just putting the mask on if asked. It’s not a big deal. What harm does it do?

Good for you.  My kids hate to wear masks all day, but I make them do it except for the one that is fully vaccinated.  We follow the CDC guidance.  Wearing a mask is uncomfortable, especially for children.

I am not a lawyer but have taken mandated training regarding vaccine privacy specifically regarding my agency's legal obligations in this area.  And I am responsible for ensuring that my subordinates wear masks unless they have been vaccinated.

Whenever you impose a mandate on individuals, it should be as narrowly tailored as possible.  There is no medical or scientific reason for vaccinated people to wear masks right now.  We can't just pick and choose which scientific data to follow.",1.0,CoronavirusCA,2021-07-20 23:56:50
"and the mental health of many.

I hate it when Reddit and Redditors downplay the stress and anxiety and depression many went through those winter months of not seeing anyone and not seeing friends and just staying at home. Most people don't ever want to go back to those days, especially now with a vaccine.",7.0,CoronavirusCA,2021-07-22 19:31:02
"Just get vaccinated and be safe. The vaccine works, we’ve seen it. And if you come to the ER for anything non-emergent, please be patient. We hate making you wait as much as you hate waiting. Thank you for asking, it really does mean a lot",1.0,CoronavirusCA,2021-08-01 20:18:52
They are quite literally threatening public health and to kids no less! Masks are the only measure in primary grades that help protect the kids under 12! I hate these parents with my entire being 😡 masks work! If everyone wears one not just some wearing one 😑 I can’t wait for the vaccine to be approved for young kids! Then I don’t have to worry so much about these asshole parents “freedoms” fucking it up for the rest of us.,4.0,CoronavirusCA,2021-08-14 19:40:47
"Yes I just posted about this in California and got hate comments and name calling and down voted. [AB455 ](https://californiaglobe.com/section-2/california-legislature-guts-transportation-bill-to-create-vaccine-mandate-on-private-industry/) and [AB1102](https://californiaglobe.com/fr/another-gutted-bill-amended-to-compel-ca-employers-to-require-covid-vaccine-as-condition-of-employment/) are specifically doing this. Making it a law that private employers can be sued if they don’t take the weight of this gov mandate. This means private employers have to pay out of pocket sick time and loose business from customers who don’t comply with this law. Seems like another way to put the nail in the coffin of small businesses. Imagine what’s next if this passes? Anyone with HSV-2 (herpes, incurable) not allowed in bars, restaurants, swimming pools, etc… anyone with hepatitis B (also incurable) must stay at home and never go outside. It can go as far as they wanna take it. But the scary part is they writing these laws into “transportation bills” and then last minute gut-and-amend it to include Covid passport and vaccine mandates state wide to all employees, everyone. If a business doesn’t want to comply the state sues them including legal fees. Boom small business bye bye.",2.0,CoronavirusCA,2021-08-30 06:52:11
