comments,score,subreddit,time_created
Homemade covid vaccine anyone?,29.0,AskReddit,2021-06-04 18:57:01
"Had a neighbor try to convince me that:
1. The COVID-19 vaccine isn’t actually a vaccine because it doesn’t promote immunity 
2. Masks don’t work at preventing spread of viruses
3. Masks are so effective that they cause their wearers to get brain damage due to a lack of oxygen
4. Vaccines have Mercury in them",2.0,AskReddit,2021-06-04 21:29:13
"You’ve met anti vaccine people before COVID too, but you probably weren’t wearing a mask and weren’t concerned about them. 
Do you have a Hep B vaccine, does everyone around you? How about TB?

Outside the area of vaccines, are you a good driver? Is everyone around you a good driver? 

How about food. Is all your food natural? How certain are to that there aren’t parasites in them?

You’re always at risk of others. You’ll never be certain that someone else isn’t going to hurt you. Living comes with inherent risk.",4.0,AskReddit,2021-06-04 21:44:03
"I’d never bought one before, but when the COVID vaccines were released and every news station was filming the first vaccine recipients I suddenly saw a lot of women wearing them on TV! Dolly Parton I think wore one for her filmed dose. I think the style fulfilled its destiny as the Vaccine Shirt",17.0,AskReddit,2021-06-04 21:57:52
"Appendicitis.  
I believe this was during a weekend this year during online school. I had finished the week and was prepared to relax on the weekend. On the night of Friday, my stomach starting giving me a very sharp pain to where I didn't want to move or eat that much, and I usually like to eat, so that was a sign. I started taking baths because being in a shower was just too much for me. Eventually my parents got understandably concerned and took me to a Dr. They checked on my pain by pushing on certain areas. They said I had possible appendicitis and I might need to go to the hospital. Me and my mom went there, and after getting a wheelchair to move to my waiting room and the bathroom, a room to stay in for a bit while they took ultrasound and your basic check-up. I was also given morphine (That stuff is really strong). They found out my Appendix was close to rupturing and they took me to a surgery room. They gave me stuff to sleep before the surgery happened. I woke up in about the same pain as before, I'll be it more tolerable. I was given a Popsicle to wake me up a bit more and have a faster recovery start. I was given a room that I stayed in for about a day, which I had to stand up and take a walk around the hospital floor a few times about every 30 minutes or so. Finally they said I was free to go since I started feeling better and since the virus didn't have the full two-shot vaccine, they wanted me to leave as early as possible so that other room could be given to COVID-19 patients. I gotta give props to the hospital for having a surgery quickly and letting me leave early. Today I do not have the stomach pain as back then.",1.0,AskReddit,2021-06-04 22:11:10
"My dad is very religious, and though he doesn't believe in vaccinations did not argue with my mother about getting me and my siblings vaccinated. In his defense though when he was a child, vaccines were relatively New and most people who got it were getting sick from the same thing they were getting vaccinated from

But now with covid, my mom is pro-vax and my mom, me and my siblings and most of his side of the  family got vaccinated, my mom has been practically begging him to get it because she had friends who died from covid, my dad STILL refuses to getting the vaccine he said its the ""Mark of the Beast""

My mom said if something happens yo him, she Will never forgive him.",2.0,AskReddit,2021-06-04 22:39:12
"Nearly my entire family is both anti mask and anti vaccine, despite my uncle having Covid at some point.",-3.0,AskReddit,2021-06-04 22:45:29
First one that comes to mind is the intense migraine that I got after I received my 2nd covid vaccine.,1.0,AskReddit,2021-06-04 23:03:04
"Since Covid-19 is a new strain of virus there really isn't any natural immunity to it within the population and those who have had it and have developed immunity by exposure still can't be permanently immune and there are cases of reinfection. Yes I know people who have gotten the vaccine have also be infected.  But the choice to not vaccinate is yours and since there is no scientific data confirming natural permanent immunity then I still stand by those who have been infected being vaccinated or otherwise deal with the rules out of an abundance caution and respect for the areas they wish to travel to. 

This isn't really anything new, when people immigrate to the US they are required to receive a list of common vaccines and when we travel abroad depending on the destination we may be required to receive vaccines before we travel.  Not just the Covid vaccine.  It's been like this for ages.",1.0,AskReddit,2021-06-04 23:22:06
"&gt;I know people who have gotten the vaccine have also be infected

Correct.

&gt;since there is no scientific data confirming natural permanent immunity

Is there scientific data confirming permanent immunity from the vaccines? Please link, thanks.

&gt; when people immigrate to the US they are required to receive a list of common vaccines and when we travel abroad depending on the destination we may be required to receive vaccines before we travel. Not just the Covid vaccine. It's been like this for ages.

No, it hasn't ""been like this for ages"" because those vaccines have been approved. The COVID-19 vaccines are not approved.",0.0,AskReddit,2021-06-04 23:31:49
If I know my zombie movies I’m guessing covid vaccine zombies 🧟‍♂️😛,1.0,AskReddit,2021-06-05 00:24:09
"I'd substitute gravity with a modern invention, the Covid Vaccine. The vaccine has killed a statistically insignificant amount of people (77 out of 2,060,000,000 last I checked), but around 20-30% of Americans believe the vaccine will kill them. Why? Nobody knows.",1.0,AskReddit,2021-06-05 01:00:57
"Because the only way covid will ever go away is herd immunity and stopping the virus from mutating. The more vaccinated people, the less cases and deaths, the more immunity, and the slowed rate of mutation. Mutations will make the vaccine not work, and will make the virus more deadly.",0.0,AskReddit,2021-06-05 05:48:32
"That’s not how the vaccine works, this is an RNA vaccine. Getting covid just gives you very temporary and not reliable immunity.",1.0,AskReddit,2021-06-05 05:49:21
Because the vaccine (at least Pfizer which has the best rates) goes in two doses. The first dose has less than the second dose. This builds up your immunity so much more than getting covid once will.,1.0,AskReddit,2021-06-05 05:54:46
"Nothing. I had zero side effects. Everybody I know who had Covid got really sick from the vaccine. Everybody I know who didn’t, myself included, felt 100% normal after.",1.0,AskReddit,2021-06-05 07:24:13
"Currently, Japan is experiencing a pandemic and a state of emergency has been declared.
Japan's population is 125.36 million, and as of June 3, 11,647,687 people had received one dose of the vaccine, and 3,959,838 people had received two doses.
https://vdata.nikkei.com/newsgraphics/coronavirus-japan-vaccine-status/

Shigeru Omi: Holding the Olympics will definitely have a negative impact on the infection situation and medical situation in Japan. It is not normal to hold the Olympics in a place where a pandemic is occurring. There is a risk that the Olympics will spread the virus from Japan to developing countries.

Mr. Shigeru Omi, Chairman of the COVID-19 Subcommittee, who has been leading Japan's infection control efforts with the government, expressed his concern over the Tokyo Olympics.
He has made it his mission to defend the government's misguided policies and give them scientific endorsement, but it seems he has finally lost patience.

https://www.jiji.com/sp/article?k=2021060300566&amp;g=pol
https://mainichi.jp/articles/20210603/k00/00m/010/182000c

And it is impossible to completely isolate the people who came to Japan for the Olympics from Japanese society.
There are tens of thousands of Japanese staff members involved with the athletes (athletes' village staff, hotel staff, bus and cab drivers, venue operators, etc.).
When the Olympics are held, a large number of media representatives will also visit Japan from abroad.",1.0,AskReddit,2021-06-05 07:45:32
"Okay so the vaccine made you feel bad for 4/5 days, now imagine feeling 10x worse for two weeks if you did get COVID? Even if you’re healthy and COVID doesn’t pose an immediate risk to your life I’ll take feeling bad for a few days over feeling even worse for two weeks and then also the possibility of long COVID",3.0,AskReddit,2021-06-05 11:34:44
"Money. 

It’s one thing for the government (or, more accurately, our taxes) to pay for two doses of a vaccine for its population. But things like chemo and insulin are long-term treatments with multiple doses. Also, cancer and diabetes aren’t contagious. Covid is.",19.0,AskReddit,2021-06-05 12:45:51
"We have trillion or more dollars in debt and since 99.9999999999% of us are idiots we also have the highest covid rate, and anti vaccine people",0.0,AskReddit,2021-06-05 13:34:09
The fact that the covid vaccine was the fastest made vaccine.,4.0,AskReddit,2021-06-05 13:44:06
"I'll take the covid vaccine when the companies making them are done live trialing people like you. I want to see the long term affects, same reason I've never taken a flu vaccine. I'll let you know in 2023 when the live trials are over.",-1.0,AskReddit,2021-06-05 13:44:22
COVID Vaccine. I am scared of needles (or lethal injection for a crime I didn’t commit),1.0,AskReddit,2021-06-05 14:11:50
"I lost faith in humanity when I saw its reaction to the coronavirus.  I thought society would lose its rights and freedoms and civil liberties to an invading fascist empire; to a far-Right political coup or a theocracy (did I repeat myself there?); or to the electronic Deep State surveillance trap.

Turns out all it took for the vast majority of people to voluntarily surrender everything, was fear of a bad flu with a (being generous) 2% fatality rate.  Extinction-level fear was generated out of something orders of magnitude below an extinction-level threat.

The secret reason I am not getting the vaccine is in hopes that I do contract COVID and that it does kill me.  I am done with sharing a planet with an undifferentiated mass of scared little mice wearing 21st century Information Age human outfits.",0.0,AskReddit,2021-06-05 14:19:41
I got my covid vaccine,3.0,AskReddit,2021-06-05 15:06:33
My covid vaccine came with a pretty nice looking t short so yes it is a cool t shirt,2.0,AskReddit,2021-06-05 18:01:21
"Thousands according to Reddit in regards to my stance on COVID, mask wearing, and the COVID vaccine.",1.0,AskReddit,2021-06-05 20:40:44
"Possibly never, such as the cold or flu.  But, as I understand it, the research going into curing and uradicationg the common cold, and all of its variants is getting closer.  As in, a vaccine for the cold and all of its variants.  Or, at least, something similar to a vaccine.  So, if we do get rid of the covid virus, it might be in a few years.",1.0,AskReddit,2021-06-05 21:21:08
"Here is how my mental health is doing: Great!

My loved one with dementia has gone into a care facility where he is doing so much better than he was at home.  It's only been a few weeks but the release from the pressure of worrying is such a sweet relief.

Also, because of that and the COVID vaccine, life is looking a lot more hopeful than it has in a long, long time.",1.0,AskReddit,2021-06-05 21:53:56
"I’m not spreading misinformation. I got my vaccine, I support getting the vaccine I just know that not everyone is getting it. Which is absolutely true.

However the most effective released currently in US is 95% effective.

https://www.yalemedicine.org/news/covid-19-vaccine-comparison",1.0,AskReddit,2021-06-05 22:16:00
"This is just so true, and it's even more infuriating for me when someone says something among the lines of: ""I haven't gotten COVID since the pandemic started, so do I REALLY need the vaccine?"" The answer is yes, ya dumbo",1.0,AskReddit,2021-06-05 23:34:48
"Sucky, I got my second covid vaccine and a cold at the same time :(",1.0,AskReddit,2021-06-05 23:46:49
Covid Vaccine,1.0,AskReddit,2021-06-06 00:09:30
The Covid vaccine..not me personally but i know several ppl in critical condition since receiving it.,1.0,AskReddit,2021-06-06 00:13:48
The covid vaccine,-6.0,AskReddit,2021-06-06 00:24:36
In Australia they’re terrified of getting the COVID vaccine. So I got it last week and didn’t turn into a 5G tower,1.0,AskReddit,2021-06-06 00:30:01
"I'm volunteering at COVID vaccination clinics these days. Recently one was held at a church and the church was running a food pantry at the same time. I was greeting patients at the door and got to chatting with my food-pantry counterpart. It transpires that she hasn't had *her* vaccine yet, and is considering waiting because she's nervous about it.

So, casually making conversation, I ask what she's nervous about. I get her engaged with me and just keep answering her questions, asking follow-ups, etc. We go through the likelihood of side effects, whether it's contraindicated by any chronic illnesses, why it's unlikely to cause side effects years down the line, the science behind mRNA, why there are different protocols from different companies, how many people it's been tested on, my experience with it, what I've seen and heard from the other patients, etc. This goes on nearly half an hour. Finally she says I'm probably right that she should get it, but that she still wants to sleep on it. So I say, ""ok, whenever you're ready, the appointments really only take 20 minutes - paperwork, shot, then observation in case you have an allergy.""

""Really? Only 20 minutes?"" Yup. ""And you could take me right now, right here?"" Indeed. ""*Deep breath* ok fine I'll do it!""

And she got her shot! She left smiling and saying ""thanks for talking it through! Are you gonna be here when I come for my second shot?""",3.0,AskReddit,2021-06-06 00:30:51
"Imagine, if they really wanted to safe people, they could make insulin and epipens free just like the covid vaccine, but there isn't as much of a push for that by the pharma companies right?",6.0,AskReddit,2021-06-06 00:35:02
Covid vaccine,-8.0,AskReddit,2021-06-06 01:34:11
"He's right though... not sure I agree with wearing a mask all the time when vaccinated, but the vaccine only significantly increases your chances of being able to repel and survive an infection. It's not a '100% safe from Covid' thing with them, just that you're a lot more safer with one. Kind of like how a seatbelt greatly increases your odds of surviving a car accident, but doesn't fully eliminate the risk.",5.0,AskReddit,2021-06-06 01:57:02
A Covid vaccine!,0.0,AskReddit,2021-06-06 02:28:13
"Not getting vaccinated (not just for COVID) is really dangerous. Not just because you’re more susceptible to getting a disease, but are also more susceptible to spread it to other people who can’t get vaccinated (often they’re the ones most likely to die from the disease too). Many common diseases in the 20th century are more deadly than people realize. Measles for example hospitalizes one in every 4 people who get it. Meaning if nobody got vaccinated and just ran around our healthcare systems would almost instantly get overwhelmed. There used to be only 30-100 cases before the anti-vax movement gained traction, 2014 saw over 600 cases. The MMR vaccine is over 90 percent effective, so if you get vaccinated you’re saving about 3 people from getting hospitalized because on average you spread measles to about 12 people. We have a preventative cure that requires little time or commitment, and it’s imperative that people realize the implications of not getting vaccinated.",10.0,AskReddit,2021-06-06 03:12:39
Covid vaccine,-6.0,AskReddit,2021-06-06 03:41:53
"Being a lesbian doesn't automatically rule out pregnancy. Imagine a woman whose girlfriend is transgender and pre-op? What about a woman who has sex with men but is homo-romantic, and as a result describes herself as lesbian? Or, perhaps they want to know about birth control because it's an important part of your body, and you could have consulted Planned Parenthood and not allowed them to release the records to your GP?

In the medical world, double checking these things is important. It could mean your life and death. A nurse doesn't want a patient dying because they simply *assumed* they wouldn't be on birth control, and then the medication prescribed ended up deadly in combination with it.

If you want places to transfer information, you need to tell them to. If your files were just flying around to everywhere that asked, you would have no privacy whatsoever. 

Also, with Covid vaccinations, the records are a little iffy. If you got the vaccination out of sheer luck from a place that wasn't your GP, it's entirely possible they have no record at all that you were vaccinated. This mostly goes for people pulled off the streets to use up spare doses, but it's happening. Your vaccine card is the primary record you have for your vaccinations against COVID, so get it laminated, make copies, and scan it to your computer. You'll be better off that way.",10.0,AskReddit,2021-06-06 03:51:28
I feel bad for you and I recommend taking that COVID  vaccine if you want a normal life again. I took mine today and got no side effects but I think it depends on the person. Also they say drink a bottle of water before taking it. It’s one of those shots you’ll have to keep taking tho like the flu shot,1.0,AskReddit,2021-06-06 04:57:50
"What’s also scary is the J&amp;J blood clots and Pfizer myocarditis may be related to some of the vaccine produced spike proteins escaping the deltoid muscle tissue and working their way to the heart or arteries. The vaccines could cause similar long term effects as COVID, but should be at a much lower rate.",1.0,AskReddit,2021-06-06 06:00:54
After getting the COVID vaccine I went into my Microsoft settings page and saw everything on default. I was too lazy to change it,2.0,AskReddit,2021-06-06 06:16:48
"Antivaccine communities, so many people are fooled by idiots on facebook that if all the people who say that they are considering not taking the covid vaccine don't take it we will not beat covid. People who are Antivaccine can ruin the worlds chances of beating disease, what j the Antivaccine conspiricy",6.0,AskReddit,2021-06-06 08:15:22
"I've had some bad experiences with the medical field in general, and I avoid taking medicine whenever I can, even aspirin. I'm wary of anything doctors want to put into my body, even if I understand intellectually that it's safe. I got the vaccine for two reasons:

1. I felt like it was my duty as a good citizen ([this GIF](https://cdn.vox-cdn.com/uploads/chorus_asset/file/19832101/Covid_19_Transmission_graphic_01.gif) explains it well)
2. I trust that the vaccine is safer than COVID. In 2015 I caught a respiratory illness and never recovered. It left me permanently disabled. I know that COVID can have similar after-effects, and I know firsthand how bad that can be. I didn't want to risk that for myself or anyone else",0.0,AskReddit,2021-06-06 09:21:06
"&gt;I want to avoid getting sick

Can You Still Get COVID-19 If You're Fully Vaccinated?

Yes, it's still possible to get COVID-19, even if you've been fully vaccinated, in what experts are calling ""breakthrough infections."" Although it seems alarming, none of the vaccines are 100 percent effective against contracting COVID; Pfizer is 95 percent effective, Moderna is 94% effective, and Johnson &amp; Johnson is about 66 percent effective (although 100 percent effective at preventing hospitalization and death).

&gt;and making others sick

Can I infect someone after I’ve received the COVID-19 vaccine?

If you are infected, but you don't get sick because of the vaccine, you can still replicate the virus and transmit the virus.",-2.0,AskReddit,2021-06-06 09:59:20
"Want the list?

Had covid in dec.  Nearly died due to a compromised immune system. Now suffer with permanent lung damage, and a chronic cough, among other problems. I got the vaccine, and that helped a little bit... but it's going to be a very long road ahead of me.",3.0,AskReddit,2021-06-06 10:07:05
"Well no, you will definitely not die of covid if vaccinated, but you can still get sick of it, dxactly like the flu nowadays.

Had a meeting with a doctor and asked him about it, the ""60%"" and ""90%"" on the vaccines are about how many people get sick even thought they get the vaccine (100 - the number), but death is always 0%.

Edit: if vaccinated.",3.0,AskReddit,2021-06-06 10:12:08
"Apparently this is the reason a lot of Americans aren’t getting the Covid vaccine... it’s touted as “free” but we’ve all had a surprise medical bill or 50 show up in our lifetimes, so people don’t trust “free”",0.0,AskReddit,2021-06-06 11:34:09
"Covid vaccine doses per capita.

Edit: Never mind, we were for the past six month but we got over taken but UAE. 
I guess we still lead by number of start-ups per capita",1.0,AskReddit,2021-06-06 11:54:59
Covid vaccine. That could prevent lots of plagues.,-2.0,AskReddit,2021-06-06 12:14:45
"Covid for young people. 
My boyfriend got covid pretty early on and had a normal experience with it for a 20-something year old. Flu like symptoms for a couple days and back to normal. Fast forward a couple months and he has a seizure in the shower hit his head and can’t remember shit. From then on he has had fainting spells and at least one more confirmed seizure. All his bloodwork, cardiac, and neurological tests show normal results and doctors can’t figure a cause. Covid was the only change in his life/habits. People worry about the possible effects of a new vaccine, but what about the unknown effects of getting covid..",5.0,AskReddit,2021-06-06 13:52:09
"I mean he quit about 5 years ago.  He is in decent physical shape though (not overweight, no high blood pressure etc.)

I guess you can believe you're somehow immune to the longterm effects of Covid without getting the vaccine if you want (which I assume is the point of your post) but you may come to regret it (as he did).  I am not wishing that upon you, but I fear for the people in my life with similar beliefs.",2.0,AskReddit,2021-06-06 14:00:48
"&gt;Can you comprehend the point of herd immunity?

Yes, people become immune to a pathogen via natural acquisition or artificial. MRSA and covid are different organisms and aren't treated the same way. What a stupid comparison. 

&gt;who don't give a shit because you are not affected yourselves

I had covid, twice. I'm not a genetic dead-end so I'm good. 

&gt;leaky vaccine conspiracy theory nonsense babbling

Take your meds, unironically.",0.0,AskReddit,2021-06-06 14:36:11
Let me clear something up I’m not talking about the covid vaccine I’m talking about anti vaxxers opinion on vaccines I’m general,1.0,AskReddit,2021-06-06 15:01:23
"Ok! U believe what u want, but I believe in science and I’m healthy and have suffered no ill effects from any vaccine I’ve taken, and I’m doing it so my sister doesn’t die, she has close to no immune system so even covid would kill her.",4.0,AskReddit,2021-06-06 15:20:02
"medical needles. i recently got my covid vaccine and had a breakdown right there in the clinic. and i completely agree with you, nobody really seems to treat rape as seriously as it should be.",1.0,AskReddit,2021-06-06 15:27:14
"dude I know that pain, well I don’t know that pain but my mom does. my mom needs a root canal, but they are really expensive, and we can’t afford that type of money. I remember she was trying to do everything to remove that pain wether it was gargling oil, or getting a special toothpaste for Etsy. I remember it got so bad after she got the COVID vaccine, I am not sure if it was a coincidence or not, but there were a few similar threads. She really couldn’t hold that pain and I felt so bad for her. It really sucked, and it’s sad that normal people can’t get normal things done to make there self feel ok.",1.0,AskReddit,2021-06-06 15:48:32
"I never said there was no chance it would be effective I mearly said there's no way you can really know how it'll play out given the time frame. A typical vaccine can take 10-15 years to complete. So for instance your standard flu vaccine had years and years of research and up to now a few decades of real world applications. You can pretty much bank on knowing what will or won't happen at anytime. Shit if
I took the same vaccine every year i could tell you how I'm gunna feel the 3rd week of the 2nd full month after the 2 week period it takes fully incorporate into my system. Obviously that's a made up timeline cuz I have never had a flew vaccine. The last time I got sick was over 12 years ago and it was bronchitis for a week. I can't remember ever having the flu and I'm 36. I don't ever get sick from anything anywhere. So now take covid vaccines. They started them 17 months ago. The jammed a ton of people on it to rush it which can't be good. Not saying there are definitely mistakes made but logically there will be. They claim have done 3 trial periods at 6 months each. That's 18 months and yet they started 17 months ago. They either sped up the trials or everyone taking it now is the damn trial.  Typically they are 2 years each. So you can with certainty tell me how 300,000,000 million people are going to handle a virtually unknown vaccine with such little data? No fuckin way. You can't even know percentages of people that will never get sick, get sick and die quickly, get sick and die slowly, or not get sick after vaccination. And most relevant to me personally anyone who has had it, had it and been vaccinated, had it, got vaccinated, and got it again: I'm undoubtedly a bazillion times safer without it right this moment cuz I've never had it. I can't even have a 0.1% chance of spreading it or it killing me without ever having it. If I were to catch it tomorrow I would consider getting the vaccine cuz yes it's likely going to be successful with the money dumped into it  but we still don't really know. I may never catch it. So until there's some solid evidence that you're without a doubt significantly safer with it and absolutely risking death without there is nothing to say it's safe or effective. I'm not anti vax in any way I just am not buying into this bullshit like everyone else.  They could be feeling you fuckin arsenic and everyone is smiling an thanking them for it!",1.0,AskReddit,2021-06-06 17:20:10
Whst are you losing? What If somehow in a a year or 2 they find out that you only had a 3%chance of death by covid on it's own but after getting a vaccine every 3 months for 2 years and getting covid every 3frd vaccine  your likelihood to die just rose to 60%. When the vaccine and virus somehow tag up together after so many doses yeah what do you have to lose?,1.0,AskReddit,2021-06-06 17:23:49
"All you gotta do is mention the Covid vaccine and bots and idiots will swarm. 

I am vaccinated and I think it's a good thing. If you don't comment, it means you agree with me.",2.0,AskReddit,2021-06-06 17:46:19
"Had to explain what a vaccine is because they were under the impression that they were ""cures"" and we're confused how needles work. 

For reference: Vaccines are essentially versions of the virus 
you intend to nullify and for covid specifically, they hype your body with intense levels of antibiotics before introducing the virus so that your body can handle the problem WHEN you are sick. (Basically the body is better at battling things I recognizes)",8.0,AskReddit,2021-06-06 18:24:58
"Covid is fake, masks cause harm, the vaccine is magnetic. Take a pick, there's more.",3.0,AskReddit,2021-06-06 19:43:13
"I think the scientists do get pretty well paid, but the assistants (who do a lot of the work) don’t get early as much and work terrible hours. My dad is a scientist and didn’t work on the covid vaccine but has done work for other ones",2.0,AskReddit,2021-06-06 20:28:48
I’d say “My second Covid vaccine is scheduled this upcoming Friday”,2.0,AskReddit,2021-06-06 20:45:59
"I'd let them scan me for the COVID-19 vaccine microchip, thus proving that I was from a time when not getting vaccinated wasn't punished by public execution",1.0,AskReddit,2021-06-06 20:46:33
Good got my second COVID vaccine.,1.0,AskReddit,2021-06-06 21:30:03
Getting the Covid-19 Vaccine.,1.0,AskReddit,2021-06-06 22:34:03
The vaccine doesn’t work 100%. It is possible to catch and spread covid while vaccinated. The efficacy of the vaccine also drops off after a few months. There are also variants that the vaccine is not as effective against. There are also people who can’t be vaccinated. There are also others airborne diseases other than covid. There are many many reasons to continue wearing a mask.,1.0,AskReddit,2021-06-06 23:58:29
"I got a headache from not wearing them at work.  I think it's because of the fluorescent lights reflecting on the floor into my eyes.

Not worried about getting covid or spreading it as I already had Covid and got the vaccine",1.0,AskReddit,2021-06-07 00:44:08
"Yeah. Considering the US has the third highest population in the world and 50 health departments. Covid-19 also didn't prevent people from ""peacefully assembling"" last year when there was no vaccine and much higher cases.",2.0,AskReddit,2021-06-07 00:48:28
"Vaccines are only part of it. It needs more research like they did with polio and smallpox. With AI technology, cures should come much faster now. It's how the COVID vaccine happened so fast.",1.0,AskReddit,2021-06-07 01:41:06
"That doesn't make any sense. We've been proven that supposed ""experts"" have been wrong and hypocritical repeatedly. One thing that many people don't understand is the importance of diversity of thought and interdisciplinary communication with science; when you focus purely on what one set of experts say, you'll get catastrophic consequences in areas that other experts prioritized.

We've had 180's on the origins of the virus, how effective masks are, how effective lockdowns are, whether it's safe to send children to schools, what businesses are ""essential"", the trustworthiness of the WHO/FDC, how long to hand out stimulus. The most mind blowing is how vaccines were being halted for blood clots, despite having a lower frequency of bloodclots than Covid itself; or the EU's ridiculously slow rollout of said vaccines.

These aren't things that the ""science didn't catch up to yet""; these are things that had answers from the beginning, and would've been figured out ASAP if action towards the virus was delegated to the smallest scales, while allowing a free flow of information to determine which policies work in balancing handling the virus with human wellbeing, and the most effective vaccine rollout methods. It is a blind trust of appointed experts, who are flawed human beings, that has led to this virus being far more destructive than it needed to be.",-8.0,AskReddit,2021-06-07 01:48:40
"""I don't see why I should get a covid vaccine""",65.0,AskReddit,2021-06-07 02:05:19
"Get off your homemade soap box, because you're simply lying. This is not ""just the truth of the matter.""

https://clinicaltrials.gov/ct2/show/NCT04516746

There you go, a double blind placebo controlled study of the AstraZeneca covid vaccine. Took one Google search.

[Oh look here's one for a malaria vaccine. ](https://www.sciencedirect.com/science/article/abs/pii/S0140673696044650) [And here's an article about Salk's polio vaccine too! ](https://www.historyofvaccines.org/timeline#EVT_100324) [And a flu vaccine trial! ](https://pubmed.ncbi.nlm.nih.gov/10493337/)

All double blind RCTs. You're either lying or have been lied to.",51.0,AskReddit,2021-06-07 02:45:58
"People not wearing a mask because not scared of COVID, but also not getting the vaccine because it kills people.",25.0,AskReddit,2021-06-07 04:00:24
"That most Governments are useless, 

I don’t like how our politicians operate in day to day life but figured if something big ever happened they would come together and blow us all away with intelligent plans and really get on top of things. 

They have stacks of $, the army at their disposal and access to huge amounts of data. Getting COVID stomped out should have been easy. Even now we can’t handle the logistics of getting the vaccine out to where it is needed. 

They are to busy wanking on desks and claiming they are not responsible for whatever the current problem is to really get anything done. 


It killed the little bit of faith I had left in our government.",2.0,AskReddit,2021-06-07 04:08:04
Johnson and Johnson is on a roll. Their Covid vaccine knocked out all my long hauler symptoms.,1.0,AskReddit,2021-06-07 04:14:54
"My mom HAS medical experience, vaccines take YEARS to make to fully take on a virus

And the covid vaccine took a supposed what 6-8 months to develop?

Yeak. Fuck that. And aren't there side-effects or something? On top of that I have my own slew of medical problems. Don't believe me. THE STAFF AT THE ER KNOWS ME AND MY SISTER BY NAME. And not in a ""oh FnLn is here"", but in a ""ah shit, what happened THIS time"".

So this isn't coming from someone in an Anti-vaxx family, or a child of a Facebook mom (or at least the kind you're thinking of), this is coming from someone who has enough medical problems as is AND one with a mom that has MEDICAL experience.",1.0,AskReddit,2021-06-07 07:10:23
"The vaccine greatly reduces the chance that you will become infected with or spread covid, there have been multiple studies on this",2.0,AskReddit,2021-06-07 08:48:28
"The vaccine greatly reduces the chance that you will become infected with or spread covid, there have been multiple studies on this",1.0,AskReddit,2021-06-07 08:48:37
"Here are two things my teachers said that made me lose all faith in them.

First teacher said she votes for the PvdA every election just to stick it to the VVD who usually wins. The PvdA is led by a racist who is famous in NL for his racism against Moroccans.

The second teacher said he hear about studies that show the COVID vaccine can alter your DNA.",1.0,AskReddit,2021-06-07 11:20:10
"Yeah I have passed out many times.

Once was in 5th grade when I fell while playing tag during safety patrol (how ironic). I must have fallen too fast and gotten up too fast but I immediately fell back down and was out for a good 30sec before I was able to get up. I told a teacher about it and nothing happened so after that I felt like passing out meant nothing.

Another time was when I took an edible. After some time passed it got really bad and I fainted while trying to pee because I was ‘focusing too hard’ on peeing. Threw me into a seizure and I fell off the toilet and fainted. Woke up with a black eye and then I also realized I didn’t even have the urge to pee. And yes, I checked to make sure I didn’t pee during the seizure lol

Last time was when I got some college required vaccine. Felt fine after the initial shot, I got up and was ready to walk out of the office, but then I quickly grabbed a chair and was out for 30sec. It felt like at least 30min in my head. Could sort of see my life flash before me. I woke up in shock and my whole body was twitching. I couldn’t move on my own or speak or breath very well. It was very traumatic and it’s the reason why I won’t get the current covid vaccine. The doctors had me hooked up to several machines and after I calmed down (about 20-30min later) they told me that was the worst reaction they’ve ever seen to a vaccine. Sad thing is, I don’t have a single family doctor. Our doctors keep getting bought and sold around to different companies here and blocking us with pay walls and I have no idea who to contact to find out what that reaction was. Apparently some people can die from those reactions, which is how I felt, so yeah, I’m playing it safe and not getting anymore shots unless it’s absolutely necessary for my health.",1.0,AskReddit,2021-06-07 11:28:33
"Like the game Hatred but instead of just a random guy who hates everyone, it would be a person who believes that the covid virus isn't real &amp; after seeing inocent people being arrested simply for not wanting it wear a mask.. he would start hunting down &amp; slaughtering mask wearers, Karen's who bitch at anti-maskers, &amp; people who've had the vaccine. At the final level, the mission would be to blow up the CDC building.",1.0,AskReddit,2021-06-07 12:51:29
"Saturday I had to figure out how to size her for a swimsuit and then had to address her insecurities in wearing it.  Today, I'm dealing with her feeling absolutely awful from her second COVID vaccine shot yesterday.",3.0,AskReddit,2021-06-07 12:53:47
"Last weekend I was hanging with some friends and one of them was this guy I used to have a crush on in middle school.  Then he said he wasn’t getting the covid vaccine. He said “It’s not for me”, “we don’t know the side effects”, “it hasn’t been researched enough.” This guy wants to be a musician and doesn’t know shit about medicine. Who tf is he to talk on vaccines and viruses. He claims we don’t know the side effects but we have done 10 years worth of research in a year with everyone pooling their efforts. In addition, he claims that getting the virus will be fine for him because he’s young but the vaccine literally has less of a chance to kill you than covid. He’s already had covid once, hence why he believes he can survive covid and doesn’t need the vaccine. He says everyone else will get vaccinated snd he doesn’t need to, which is incredibly irresponsible. Those incentives to get vaccinated, like free college in NY, still won’t get him to get vaccinated. He said he doesn’t have much money for college and although chances of winning the lottery are slim, there is literally no downside to getting vaccinated and entering the lottery for free college. By his logic, getting covid is fine because it has a slim chance of killing him, but he’s not getting the vaccine because “we don’t know the side effects”, even though the vaccine is less dangerous than the virus",1.0,AskReddit,2021-06-07 13:13:07
"Ikr. Yes i know it is dangerous for old people. I love my grandpa and grandma, i hope they won't get sick but in reality i know they will pass some day.

They accept that fact, they are not dumb and have their own judgement. I visit them alot, i try to avoid getting sick or bringing it to them. They just like to live like they always have, they survived 2 ww as a child.

But i think how world has reacted to covid is just overkill. I mean we had all kinds of disease before and did not think much of it then.

I just accept that there is things in life that come and go. Im not taking vaccine, becouse i could still get covid and spread it around.

Im not buying into media hype. I make my own decisions but i try to understand people.

Everybody should just stop listening to that sh*t they feed us.",0.0,AskReddit,2021-06-07 14:17:54
"I’d doubt about the STDs if anything, scientist would’ve made a vaccine or some kind of elimination and if it’s still there it would be more of an annoyance than of any real threat. Things like HIV would be cured as fast or a bit longer than COVID-19 and would be treated like how COVID is. Also it’s the 21st century, birth control in that world would be a very common thing.",1.0,AskReddit,2021-06-07 14:23:38
"I’d doubt about the STDs if anything, scientist would’ve made a vaccine or some kind of elimination and if it’s still there it would be more of an annoyance than of any real threat. Things like HIV would be cured as fast or a bit longer than COVID-19 and would be treated like how COVID is.",1.0,AskReddit,2021-06-07 14:27:07
"I can only speak for myself here, but ever since I got the 5G covid vaccine, my cellular phone reception has been great.",1.0,AskReddit,2021-06-07 14:42:35
Got my first shot of covid vaccine,2.0,AskReddit,2021-06-07 15:11:13
"If you were eating like absolute crap and drinking a lot, but saying that tanning is bad for you, then you should sit down. Just like if you will exercise cause it's good for you, then refuse a Covid vaccine cause it has a 0.001% of giving you a deadly blood clot",1.0,AskReddit,2021-06-07 15:17:26
"Before I get into it, I should mention that I don't have a good relationship with my parents. My dad was an abusive prick, and my mom went along with it because of some dumb religious beliefs.

Now, I didn't have a whole lot of respect for my dad by that point but one time, I mentioned that gay people aren't hurting anyone. That set my dad on a rant for several hours about all this hateful bullshit, like the whole ""all Muslims are terrorists"" thing, or ""the big gay conspiracy to destroy the family"". Stuff like that. That's the kind of thing that I already expected from him though.

Near the end he went on a tangent about how liberals aren't willing to have a ""rational conversation"" with him. I guess I just thought he'd have a bit more self-awareness than that. No shit nobody wants to talk to you if the smallest comment sets you off on a four hour rant. It's not a discussion if you shout over everyone the whole time.

Mom likes religious blogs, because she's very zealous, and they tell her about prophecies, and they give her ideas for sacrifices and penances that she can impose on herself and others. For what it's worth, I think she actually believes this stuff, so at least she's not a hypocrite.

Lately though, her blogs have started pushing antivax stuff, and she flipped really quick. Previously, there was only one vaccine that she opposed, and that was the HPV vaccine. She thought immunizing teenagers against an STD would make them more promiscuous, which is dumb, but in a different way. 

Now, she's into the whole ""vaccines cause autism"" Wakefield bullshit, as well as stuff about the covid vaccines. My sister tells me she read about some kind of divine revelation that vaccines are bad, and that was what really kicked this off. 

Anyway, there's a bunch more drama, but those are the dumb things they said, and the circumstances under which they said them.",1.0,AskReddit,2021-06-07 16:24:48
"I can't believe this is a weird hill to die on but i promise it is around my family. 

The covid vaccine is safe and effective and everyone of all ages should get it.",13.0,AskReddit,2021-06-07 16:44:00
"""I dont need a vaccine ive never had covid"" the dude works in a hospital. Within covid patients.",1.0,AskReddit,2021-06-07 16:51:03
"I feel you. I recently got:

""Why do I even need the vaccine if I've never had covid?""  

No amount of me trying to explain how viruses and vaccines work could convince him. :(",9.0,AskReddit,2021-06-07 17:12:39
