comments,score,subreddit,time_created
I don't know what some peoples intent is or isn't. I just don't trust these vaccines. I'm not an anti vaxxer for the most part. But I try and weigh the risk verses reward of any vaccine and I'm out on these covid vacinnes.,1.0,Republican,2021-06-19 20:14:25
Still significantly less than the vaccine. 99% of young people survive. That’s not 100%. Think about it. All the other vaccines like measles and whatnot. How many people die of that today? You can thank the vaccine for that. The only reason ppl still die of measles is because they’re anti-vaccine. I will have to agree with you on this though. The Covid vaccine is still under development and needs fixes. It’s a small one but nonetheless a risk to take it. And I support you if your not willing to take that risk. At least wear a mask or something. I know they have downsides but they reduce the spread on your air droplets and aerosols by A LOT. A significant amount. Just be careful that’s all.,1.0,Republican,2021-06-28 16:46:32
"Furthermore, I’m not anti-Covid vax. You get the vaccine all you want. I just choose not to. I know what my risk is. Does “my body my choice” still apply?",1.0,Republican,2021-07-08 00:52:00
"Statically and realistically you are more likely to get Covid, experience unwarranted affects for months or die from it than you are experiencing any “suffering” from the vaccine.  I truly don’t understand the real intelligence behind the anti Covid vax stance.",1.0,Republican,2021-07-08 16:57:26
"Well as a medical student I am certainly not anti vaccination. I understand the science and know vaccines work. However, I also have been through the vaccine manufacturing process where we go through trials and await for approval. I have seen the negative consequences of some vaccines that did not get approved. A true vaccine needs at least 3 years worth of study, trials, etc. This covid vaccine was simply rushed and I do not trust it",-1.0,Republican,2021-07-08 17:15:51
"Human fetal tissue research using aborted humans was done as early as the 1930’s, however, the HEK-293 (Human Embryonic Kidney 293rd experiment) cell line was the result of 293 unethical experiments and it probably the most widely used cell line. The HEK-293 cell line was allegedly created in the 1970’s and even then violated the 1947 Nuremberg Code which requires the informed consent of the subject and the ability to withdraw from the experiment, both denied the aborted subject. The fact that current policy allows a mother to donate her aborted child for research denies the humanity of the unborn and is immoral and unethical; the mother is NOT the subject! The fact that the Church relied on these lies either partially or in total to announce that it was ok to take abortion tainted vaccines due to the proximity of the abortion and the declaration that there is serious risk to health and there are no alternatives deny the fact that there are now several effective treatments (Antiviral therapy, antibody therapy and anti-inflammatory therapy) and that more than two abortions were used to derive these immoral vaccines, the number is at least 293 and much much higher. Unfortunately, one of the sources of the false fetal cell information was provided by discredited scientist, Dr. Paul Offit from the Children’s Hospital of Philadelphia who was exposed and found to have made a series of unsubstantiated and/or false statements, slanderous accusations and undisclosed conflicts of interest (http:/www. Ahrp.org/cms/views/811/150/). In addition to the HEK-293 fetal cell lines currently in use the attached report shows that other cell lines such as: WI-44, MRC-6, IMR-90, IMR-91, PER C6 &amp; WALVAX2 were derived from at least 466 abortions throughout the world.   
  
Far more disturbing than the use of existing cell lines, there are thousands of aborted unborn human subjects used  to create humanized mice which require “fresh” aborted human fetal tissue to create new batches of experimental mice for each of the COVID antibody tests to take place. Each aborted human subject can produce anywhere from one to as many as 50 humanized mice each and thousands of mice are used annually for research. Moderna relies upon humanized mice for the development and testing of their COVID vaccine. The reason for the high number of mice and the need for “fresh” tissue is that when the mice cells are merged with human cells, they develop tumors and die earlier than normal.  Human fetal tissue research has become a mainstream of the industrial abortion industry which enriches Planned Parenthood, procurement companies such has stem-Express and drug manufacturers such as Pfizer, Johnson and Johnson to produce and test the experimental COVID vaccines currently approved for Emergency Use Authorization.  
  
Alternatives to the abortion stained Johnson &amp; Johnson, Pfizer and Moderna Vaccines are currently in development, for example, GSK/Sanofi are developing their own COVID vaccine in addition to helping to produce millions of doses of the currently available vaccines. Other potential candidates can be found by visiting Children of God for Life: https://cogforlife.org/guidance/ &amp; https://cogforlife.org/wp-content/uploads/CovidCompareMoralImmoral.pdf - The Church may need to insist on morally acceptable vaccine alternatives and deny use of the current tainted vaccines or recommend the use of currently available effective treatments such as the antibody cocktail combination of casirivimab and imdevimab; Remdesivir and/or dexamethasone for COVID treatment when and where appropriate.",1.0,Republican,2021-07-17 15:02:09
"Most of my fam got the vaccine and my brother decided not too, he’s not an “anti-Vaxer” he’s just 24, already had covid and healthy. Hasn’t had any problems so far.",4.0,Republican,2021-07-20 19:57:41
"This! I am a big believer in science. Never a believer in conspiracy theories and whatnot. Never been an anti vax kinda guy. 

I would have taken this vaccine the minute it was out if it weren't for the tens of lies they told us and the cover ups about covid general. 

Biggest deal breaker for me was when they said masks aren't necessary. Now I see them pushing for the vaccine and all I can think is: What are you lying about this time?",-6.0,Republican,2021-07-22 04:01:32
"[Ron Johnson (R) Wisconsin](https://www.rollingstone.com/politics/politics-news/anti-vaccine-republican-states-1183585/) as recently as June was pushing anti-vax ideas. The Republican lead health department in [Tennessee](https://www.cnn.com/2021/07/15/politics/tennessee-republican-vaccine-controversy/index.html) fired a woman for telling teens they would be eligible for the vaccine. 

&gt;[Only 14% of Americans say they will definitely not get vaccinated... Republicans make up 58% of this group, while Democrats account for 18%.](https://www.voanews.com/covid-19-pandemic/unvaccinated-americans-whiter-more-republican-vaccinated)",3.0,Republican,2021-07-22 09:20:54
"When did I say that the vaccine “injects antibodies”? 

I didn’t say that, but allow me to clarify; “the vaccine only causes [the human body] to produce one antibody.” 

The vaccines all target the spike protein. It’s what they were designed for. Getting a vaccine will produce Anti-s antibodies in people with normal immune systems. 

If you get COVID, (and have a normal immune system) your body will also produce nucleocapsid antibodies, and spool up a few other anti-viral responses. 

If you get an antibody test, they check for both, if you have the latter, they know you’ve had COVID. 

While it’s reasonable conjecture boosting Anti-S will could improve immune response, it’s not born out by real world data. Yes you can get a boost from a vaccine, does it do any actual good? The real world data suggests not. 

Also, when did I say I disagree with government and business and media 100% of the time. I said you can’t trust them, there is a huge difference.",2.0,Republican,2021-07-22 21:15:49
"No we do not, and it's all our fault.  Fascists labeling themselves ""Anti-Fascist"", Communists labeling themselves as a pro-race movement, and racists declaring everyone else racist.  These and other lies have been pushed by the left on the nation without any reprimand.  Political figures of their opposition have done nothing to stop but say hollow words, meanwhile they've engrained themselves in education, corporation, society, and politics.  The world looked at the screeching commies of ten years ago and said ""they'll change when life makes them grow up."". Meanwhile they've been the ones changing life to fit their wants, not the other way around.  Yet again, we stood idly by.  It began on college campuses, spreading like a disease, quietly, swiftly, and relatively ignored.  It worked it's way into public schools, starting with the redicule and removal of founding fathers, values, and the Pledge of Allegiance, yet we said nothing.  It found it's way into society, companies turning into their ideology vessels, yet we only chanted ""get woke, go broke"" while sipping a Coke product.

Only now that they have complete control of Silicone Valley, actively censoring voices they see as opposition on every major platform from Facebook to YouTube to Twitter, watching as these companies pour billions into DNC funds while actively conspiring and cooperating with them to remove our 1st Amendment rights, using COVID-19 as an excuse.  Resistance was small and quiet, and now they actively admit it from the Press Briefing Room with no fear of reprimand.  They actively and proudly proclaim they will revoke your 2nd Amendment right, and pursue it ruthlessly now.  What will happen before they come after the 4th? 5th?  It's happening sooner than you think.

The 4th Amendment protects you from unlawful search and seizure, the unmasking of Michael Flynn and Tucker Carlson have proved this Amendment holds zero respect by our Government.

The 5th protects you from self-incrimination, and yet they use both your political affiliation and routine legal activities against you, forcing you into a position now where the simple of idea of being a Conservative makes you an extremist, guilty without trial, sentenced to isolation and removal from society.  They want to push ""vaccine passports"" and punish those who don't carry.  Both of these tread heavily on your 5th Amendment should they begin to carry legal consequences.  

We allow them to actively claim that the 2020 election was legitmate and without scrutiny while they've failed to concede any election of the 21st Century.  They've claimed illegitimacy to every presidential run since Bush v. Gore.   And they manage to get away with this hypocrisy while actively blocking any verification from Arizona, Georgia, and other key states.

They converted honorable and decent wings of the Government, such as the Intelligence Agencies, the Military, and the Judicial System into Political pawns, converted from strong and unbreakable American systems, instead into woke, race critical, weak, useless husks.  The Army reduced to race training and anti-Conservative presentations, running from Afghanistan without warning, with our tails between our legs.  Our Law Enforcement scared to perform their duties, fearful of being published on the evening news, having their lives ruined, while our cities burned relentlessly for a year to the praise of the left.

America is not gone yet, but compared to our history, even only 7 months ago, we're nothing what we used to be.  Compared to 60 years ago, they wouldn't even recognize us.  Tyranny, Authoritarianism, and Fascism has entered the ranks, and hold the power.  Bumbling Biden at the helm, an army of radicals behind him, guaranteed open season on opposition without legal reprimand from activist district attorneys.  All while right wing protesters rot in solitary for a single act of violence.

Hypocrisy, Tyranny, Extremism, Weakness, Corruption, Fascism, and Censorship.  This is the Biden Administration so far, and the direction America continues to fall.",2.0,Republican,2021-07-26 02:48:18
"I can't really speak on behalf of all republicans but im happy to give my stance on the issues as an American republican

1.Yes, almost everyone knows a least one person who has gotten COVID, so I don' think that anyone is denying that it exists, I just think it has been blown out of proportion to the extreme

2.I have no idea, cases rose even when everybody wore masks and social distanced from the 2020 summer to the turn of the year.  When Texas got rid of its mask mandate, cases dropped, and in Fauci's emails, he said early on that masks are ineffective.  So we are getting a lot of conflicting information.

3.Mostly all republicans are pro vaccine.  Vaccines like the polio or meningitis have been around for a long time and were created without suspicious circumstances.   Only the very extreme and hard to find ones are still anti-vax or believe that vaccines cause autism.  We are just very skeptical of the COVID vaccine.

4.I personally don't think that it is something that needs to be ""fought"".  This is a virus very similar to the flu and has a super low death rate, so if you are scared then stay home, but if not, then it is silly to force people to shut down everything and hide in your homes.

5. No, I don't think anyone (republican or democrat) is ok with people just dying.

6. I don't know what you mean by this, but the majority of republicans have no problem with Ted Cruz

7.Not very common,  the media blows this out of proportion to the max.  It is very hard to find someone that actually believes that the government is run by satanists and/or child predators, but I do think that there is some hint of truth that a good amount of republicans tend to follow.",1.0,Republican,2021-08-02 16:21:37
"Well I'm going say one thing, and that thing is; is that my child will not be getting Vaccinated. Not even if the symptoms are mild.
I, personally think that the Vaccinated were lied to. At first, CDC said that you don't have to wear a mask at (most) places if you get Vaccinated. Now, it's *everyone* should be Vaccinated - and they might even need a Booster shot. I'm not gonna keep getting the COVID shot if there's gonna be more than 1-2.
I'm not an ""Anti-Vaxxer"" but I'm not getting it. I'm not against the vaccine but I'm not getting it.",1.0,Republican,2021-08-10 23:49:23
I wish death on no one - but I find the same folks who are anti vaccine are also anti mask and refuse to take precautions in public and believe COVId either isn’t a real thing or that it’s no big deal. I’m also wondering how many kids dead from COVId is an acceptable number.,1.0,Republican,2021-08-12 22:12:00
"Every article that is “Anti vaxxer now is ICU with covid!!! Wishing he took vaccine!!” is portrayed as a white trash Maga Trumpster from a red state. Do you ever it as see a middle aged, Black, single mom, working 2 jobs, living in a Democratic run inner city? Of course not - then you couldn’t hate her and wish her a slow painful death",3.0,Republican,2021-08-13 20:57:12
"No that's not true. A vaccine is a substance that when put in your body. Triggers it to create anti bodies. Which is what all the covid vaccines so. Even tho some (mRNA) are new ways to do that. What you have listed.

Also not all vaccines are deactivated versions of the virus. Very few are. What you have list written is a lot of misinformation.",1.0,Republican,2021-08-20 04:43:29
"Im pro vaccine, anti mandates. If someone is fat and old, take it. Dont make me or my kids take it to be able to go anywhere. Especially if natural immunity is better. Id rather treat it like chicken pox. Make my kids get it young so they get antibodies and dont get seriously ill from it later.

As far as the covid response. We have to go based on word alone. Therefore, Biden wouldnt have enacted a travel ban to China, thus allowing for more infected people to come and go and increase spread much quicker it did with a travel ban. 

I really enjoyed your tone and realness btw. Stay the way you are. Dont become a sheep for either side. Im a libertarian, but if you arent FULL LEFT the left attacks you. The conservative subreddit is the same way. Theyll attack you if you arent full right. 

Anyway, stay awesome.",2.0,Republican,2021-08-22 20:45:13
"I know people who have recently died due to covid. Husband and wife as well as a man who is in his early 50’s. Don’t know underlying issues. The husband and wife were totally against the vaccine. I’m not an anti vax or pro vax guy but I will say.. I’m not as skeptical about the pandemic as I was this time last year.

Also, I’m a 33 year old conservative. Not sure really what the right thing is anymore. Can’t trust the government but also this thing is real.",0.0,Republican,2021-08-26 00:32:30
"No one said that covid “isn’t that bad”. What is bad is the literal propaganda that there is surrounding getting the vaccine. Like I can’t even talk about “waiting till I see long term side affects” w/o getting called “anti vax”. Shit, even if I wanted to get it, I can’t because I would literally die if I got the vaccine. 

And shit, staying healthy, taking vitamins, working out, etc has been proven time and time again to combat the virus",1.0,Republican,2021-08-27 12:52:58
"&gt; Data from the study of SARS-CoV and other respiratory viruses suggest that anti-SARS-CoV-2 antibodies could exacerbate COVID-19 through antibody-dependent enhancement (ADE). Previous respiratory syncytial virus and dengue virus vaccine studies revealed human clinical safety risks related to ADE, resulting in failed vaccine trials.

What do you think ADE is?",1.0,Republican,2021-08-29 21:17:02
"My uncle said the same thing 4 months ago. Yeah, he died 11 days ago due to covid. My aunt is still in the hospital. His kids got covid too. All of them…. anti-vaxers 

I just WISH I could talk to him now and tell him how foolish his anti-vaccine mentality is",0.0,Republican,2021-08-29 23:18:07
"&gt; By “pre-selected narrative”, do you mean numerous scientific studies that all came to the same conclusion? Come on guys. Just mask up and vax up already.

Its funny how, when you start with the conclusion, you can make the scientific evidence fit it if you work hard enough.

https://plebeianpost.com/2021/08/29/the-science-behind-opposing-mrna-vaccines-and-masks-links-to-journal-articles-studies-and-videos-explaining-reasons-for-vaccine-hesitancy-and-anti-masking/

https://www.wsj.com/articles/covid-china-media-lab-leak-climate-ridley-biden-censorship-coronavirus-11627049477

https://thinkcivics.com/the-scientific-process-is-short-circuited-by-politics-startling-admission-from-scientists-jeopardizes-bidens-boosters/",1.0,Republican,2021-08-31 03:30:31
