comments,score,subreddit,time_created
"The vascular component is especially worrisome with Covid. I have mild EDS and got the vaccine as a healthcare provider and had some painful side effects. If you can, arrange to get prescription for anti nausea and a pain reliever before getting the vaccine.",1.0,CoronavirusCA,2021-03-13 02:36:04
"You don’t think people like this exist...? You think they should not be vaccinated and instead further contribute to the spread of the virus because they’re selfish? Even if it unfairly affects those who are not or have not been selfish...?

There’s no easy answers. Pretending like there’s no gray area helps nobody. Sure we can all agree that a 32 year old who stays at home all day alone and wants to skip the queue so they can go to the movies is being selfish, but what about a 23 year old who works in a clothing store at an outdoor mall who has an 80 year old anti-vaxxer grandmother living at home with him...? 

What about the 18 year old who lives with a pregnant COVID nurse - who really wants to get the jab but is concerned because she’s pregnancy? Or the healthy 37 year old who works from home but lives with someone who is allergic to a component in the vaccine?",2.0,CoronavirusCA,2021-03-17 02:11:33
"You don’t think people like this exist...? You think they should not be vaccinated and instead further contribute to the spread of the virus because they’re selfish? Even if it unfairly affects those who are not or have not been selfish...?

&gt;I think the example is ridiculous. If someone’s really worried about spreading Covid to their parents and they have to work then it’s selfish to also go hangout with friends. I know a lot of people who are in that situation and they’re all avoiding friends to be extra careful. They’re also not finding alternative ways to skip the line. 

There’s no easy answers. Pretending like there’s no gray area helps nobody. Sure we can all agree that a 32 year old who stays at home all day alone and wants to skip the queue so they can go to the movies is being selfish, but what about a 23 year old who works in a clothing store at an outdoor mall who has an 80 year old anti-vaxxer grandmother living at home with him...?

&gt;you’re literally straw manning to make skipping tiers ok. These types of situations are so far and in between its statistically irrelevant.

What about the 18 year old who lives with a pregnant COVID nurse - who really wants to get the jab but is concerned because she’s pregnancy? Or the healthy 37 year old who works from home but lives with someone who is allergic to a component in the vaccine?

&gt;Another straw man. Maybe said 32 year old should go pick up a job at the grocery stores or restaurants and be moved to the head of the line. There’s no way their retail job could be paying much more than they’d make serving tables. Problem solved. Orrr they could volunteer at a Covid station. 

&gt;What about this random niche portion of the entire population...🙄",1.0,CoronavirusCA,2021-03-17 03:51:12
"If science believing people get the vaccine, won't we just see hotspots in red areas of the state that will kill off a percentage, leave some with long haul symptoms and burn through the rest of them? They're intentionally exposing themselves to the virus kind of like the anti-vaxxers who expose their kids to measles, but COVID is going to affect a larger percentage with adverse results. 

Would there be enough of them getting sick to be a serious danger of producing some mutation that would blow it for everyone?  If not, it's their decision. It'll be hard for them to attack the US Capitol again when they're lugging around oxygen tanks.",12.0,CoronavirusCA,2021-03-31 18:15:05
"Very supportive of this. Especially since I have a young kid who can't get vaccinated and there are too many people who are not getting vaccine due to fake news and because they are anti-vaxers. Fuck these people. I don't want my family or I to be around them.

I saw this lady at Costco in the bay waking around with a lace see through mask and a t-shirt saying that covid is fake and a bunch of other nonsense. I'm fully supportive of tactics that keep these crazies away from me.",1.0,CoronavirusCA,2021-04-01 07:14:37
"I have to constantly fight this same thing. I am pro-Informed-Vax. I am not anti-Vax my wife and I get flu shots, our kid is all up to date on his shots. But this mRna vaccine, even though we have had others, is very unique.

And at the end of the day your gut feelings concerning your child will be accurate. Make sure you feel good about what you are doing. No one else will feel what you feel. They will have generic advice that might be great but its not as good as mother’s intuition. Knowledge is power you can do the same research most doctors will.

The downvotes and general responses you got made me sick this morning. Many people treating you like a peasant. Telling you to suck it up is appalling to me. Your work is doing you wrong regardless of covid from the sound of it.",2.0,CoronavirusCA,2021-04-15 17:45:16
"It looks like we have relatively few firmly anti vax people too, things should continue to improve.

https://aspe.hhs.gov/pdf-report/vaccine-hesitancy-covid-19-puma-estimates",15.0,CoronavirusCA,2021-04-21 18:11:49
"&gt; we have relatively few firmly anti vax people

Hah, you must not have gone to my high school! But I think you're right when it comes to the COVID vaccine specifically.",7.0,CoronavirusCA,2021-04-21 18:19:02
"This is new to me. I will be doing some more research. I had covid and had been delaying getting the vaccine because I figured my natural immunity should be sufficient. My doctor recently recommended getting a single dose as a boster and I have been considering that. For the record I am pro-vaccine. I just wish we could have more nuanced discussions without being labeled anti-vax. It seems to have become more of a religion than a science to some people.

Vaccinating the elderly and high risk is a no-brainer, but I am more hesitent when it comes to kids, etc. We just can't know the potential long term effects without long term studies. While the risk is low for complications the risk from the virus is also low to minors. We are essentially asking them to take on more risk for the good of others. This is definitely the way to go from a public health perspective, but doesn't change the individual calculus. I just wish we could be more honest about this.",1.0,CoronavirusCA,2021-05-13 06:17:11
"you're full of it.  There is no correlation between child deaths and COVID vaccine. Note the report was fabricated, that means a lie. I wonder if maybe anti-vaxxers did that, hm.

https://www.reuters.com/article/factcheck-pfizer-infant/fact-check-a-two-year-old-did-not-die-during-pfizers-pediatric-covid-19-vaccine-trial-idUSL1N2MZ2FR


Which one do you watch, Fox or Newsmax?",7.0,CoronavirusCA,2021-05-14 16:27:32
"You're not fully protected from covid if you are vaccinated, but there is a very high level of protection there. 

That aside, there are many people that are still not vaccinated that just recently became eligible. 

When you say ""the rest of us""...let me guess..you're fully vaccinated??? All through covid we have acted like we care about other people but here we are, in a time when some people are still getting either the first or second vaccine and not yet fully protected. Let's not act like we had the option to get vaccinated for months and months when eligibility for the general public just opened **one month ago** in CA, which means that even if someone got the vaccine *that day*, they still may not be considered ""fully protected"" based on CDC guidelines. There are plenty of people that are just now or in the last week got the first dose. How is it fair to put them at risk when eligibility just recently opened up and the CDC themselves say it takes weeks to get to full immunity???

Not to mention that teenagers just became eligible like this week, kids are not eligible (although will likely be fine) and it is still unknown how effective the vaccine is in people that are on immunosuppressants or immunocompromised. 

So I would have hoped in the very LEAST we could continue masking in indoor public spaces for at least a month so that everyone that wants the vaccine could get it *and* have at least a decent level of protection. To suddenly announce this with no warning is unfair. There may even be people who were planning on getting it and without any notice were blindsided and now have to be put in risky situation with maskless anti vaxxers running around.",13.0,CoronavirusCA,2021-05-15 00:25:14
"It IS my business…it’s my business to protect myself and my family. It’s my business to protect the infinite amount of vulnerable people I come into contact everyday because of my job, which is located in a very highly gentrified area (avg age is 65).

It’s MY business to protect YOU!

Unfortunately, I cannot trust anyone else to not be egotistical and self-centered…so the mask mandates were put in place because the government knew there are entitled assholes everywhere (judging by the amount of anti-maskers on TikTok and YouTube).

So saying “mind my own business” is exactly what I am doing. The mask mandates need to stay in place.  

Those under 12 cannot get the vaccine 

My boss’s niece, who is 9, was diagnosed with Covid, yesterday.

This isn’t going away for a long time.",6.0,CoronavirusCA,2021-05-16 03:40:20
"I think most people here aren't anti-vaxxers and also they adhere to health protocol. Another thing is the vaccine, they pretty much very interested in getting one. If you guys still having an issue getting a vaccine, you might as well check this [guide](https://blog.nationalcoronavirushotline.com/how-to-get-vaccinated-in-california/), they also have an ongoing [campaign](https://twitter.com/eduecosystem1/status/1392901026454204417?s=20), that will give you up to $460.00 + worth of tokens. Anyway, hope that this covid will end soon.",7.0,CoronavirusCA,2021-05-17 20:19:58
"I think it would result in people getting infected unnecessarily. 

Yes people have been visiting their family but many of them have been vaccinated already because they are older or may have been eligible. You are better able to see assess risk within your family.

Now let's say the mask mandates are lifted in grocery stores and pharmacies. There are still many people that just got vaccinated and are not fully protected from covid. And you will have a lot of anti vaxxers and others who just don't want the vaccine running around without masks. Not just one person or two people, but many. That's a very different scenario than going to visit your vaccinated parents. The new variants are very contagious so unless a partially vaccinated person is wearing an N95 mask and eye protection they are susceptible to contracting covid. And why put them at risk when they will be considered ""fully vaccinated"" in 5-6 weeks?

The other thing is that it benefits kids and immunocompromised people and even vaccinated people (the vaccines are not 100 percent effective) to give everyone the opportunity to get vaccinated and develop immunity because it reduces risk to *all* of us. It's in everyone's best interest to have as many people immune as possible rather than for the virus to have additional opportunity to spread",7.0,CoronavirusCA,2021-05-17 22:40:31
"The breakthrough cases are understated significantly. People have to get tested in order to report breakthrough cases. People that have been vaccinated are unlikely to get tested for covid, even if they have symptoms (if they are mild they may assume it is allergies or a cold).

The CDC has stopped gathering data on breakthrough cases given the increasing number and is now only collecting data on breakthrough cases that result in hospitalization or death. So the **2,000 = number of post vaccinated people that were hospitalized or died from covid, not just breakthrough cases.** 

[https://www.cdc.gov/vaccines/covid-19/health-departments/breakthrough-cases.html](https://www.cdc.gov/vaccines/covid-19/health-departments/breakthrough-cases.html)  
Hospitalized or fatal vaccine breakthrough cases reported to CDC:	1,949

Los Angeles county alone has reported almost 1,000 official breakthrough cases. If you take into account all of the counties in the United States...well you do the math

[https://www.nbclosangeles.com/news/local/la-county-reports-just-933-breakthrough-covid-19-cases-among-3-3m-vaccinated-residents/2600780/](https://www.nbclosangeles.com/news/local/la-county-reports-just-933-breakthrough-covid-19-cases-among-3-3m-vaccinated-residents/2600780/)

Also, there will be more cases when CA opens up, schools reopen, **people stop working from home,** and people stop wearing masks. And you have to take into account that the J&amp;J vaccine has lower efficacy against symptomatic disease. 

Vaccines are still extremely effective and everyone should get one. My comment is not anti-vaxx what so ever. I am fully vaccinated and I feel very protected, but I do wonder if the breakthrough cases will increase in the future.",25.0,CoronavirusCA,2021-05-21 19:00:59
"If you still believe in the mainstream narrative, I have a few questions and can’t wait for a public enquiry.

Explain how the flu disappeared but has been replaced with something which has the EXACT same symptoms.

Explain why they downgraded ""Covid-19"" from a high consequential infectious disease days before they declared a pandemic. March 2020 gov website 

Explain how they pulled the coronavirus Act 2020 legislation together in a matter of days, despite the act being several hundred pages long. 

Explain why they have completely changed normal practice and used criteria like ""deaths for ANY reason within 28 days of a positive test"" to classify a Covid-19 death

Explain why they banned autopsies of anyone dying from/with Covid-19. 

Explain why they changed the law to allow any practitioner to diagnose Covid through observation alone, even if it is done through video consultation. 

Explain how all cause mortality is at an all time low.

Explain how millions of protesters across the globe aren't getting sick with ""Covid."" 

Explain how this is the only crisis that needs an advertising campaign paired with a constant barrage of repetitive brainwashing propaganda on the TV and in the streets. 

Explain how hundreds of thousands of people marched through the streets of London for an afternoon last month but it wasn't once shown on ANY TV channel or reported in the mainstream press. 

Explain how thousands were yelling ""shame on you"" outside the BBC HQ in both London, Manchester and Cardiff last Saturday but it wasn't shown on the TV? 

Explain how the people who are wearing the masks and following the rules are the only ones who are catching ""COVID"". 

Explain how the creator of the PCR amplification tool is on record for stating that the PCR was not designed as a test for infectious diseases. 

Explain why they are using the PCR to diagnose an infectious disease. 

Explain why the concern has been changed from Covid deaths, to hospitalisations to Covid infections to Covid ""cases"" . 

Explain how the ""anti-vaxxers"" are being blamed for the rise in ""cases"" when the only people who could possibly be contributing to the statistics are the people who are getting the ""test"" in the first place. 

Explain why the hospitals were emptier than normal during the height of the ""pandemic."" 

Explain why whistleblowers are reporting that the hospitals are now filling up with vaccine adverse reactions but the MSM aren't reporting it. 

Explain why kids need to be vaccinated when, by your own definitions, Covid isn't dangerous to children. 

Explain, if all the vulnerable people have already been vaccinated, why do all the healthy people need to get vaccinated if you're already protected by your own vaccine and the recovery rate was already 99.96% without the vaccine. 

Explain why the average age of death with ""Covid"" (82.4 years) is higher than the average age of death without (81.5 years). 

Explain how you can get banned from Facebook and Twitter for sharing official government links. 

Explain why there are several class actions in progress, taking governments across the globe to court for crimes against humanity, but there is zero MSM coverage. 

Explain why most government leaders are reading from the same script. 

Explain how all the things that you were laughing at us for talking about last year are now becoming a reality this year e.g. vaccine passports and mass surveillance (NHS app). 

Explain why we have all the answers but you have nothing.

Share, bro.",0.0,CoronavirusCA,2021-05-25 03:57:41
"I work with people who refuse to get our annual flu shot and refused to get the Covid vaccine. They're not conspiracy theorists or anti-vax in the typical sense: they believe they're going to be the one unlucky person who gets a horrible reaction. 

If I had that type of conviction about luck, I'd like to believe I'd be the one lucky person who wins the lottery on my first ticket.",10.0,CoronavirusCA,2021-06-04 18:37:04
"Yeah since there are no preservatives or eggs or mercury or weird adjuvants in the Pfizer covid vaccine, they can’t use thimerosal as their catch-all anti-vax boogieman. Basically these mRNA vaccines are some of the simplest, cleanest, safest, most effective vaccines ever produced. They’re like “but we don’t know what the long-term side effects are!” and I’m like, well what are the long-term effects of other vaccines? I tried to research it but all I saw were anti-vax conspiracy sites talking about the preservatives and autism. We got rid of all the preservatives they bitched about, and it’s still not good enough for them.",3.0,CoronavirusCA,2021-06-14 22:38:29
"Meh, I don’t spend any time around kids under 12 and don’t know anyone in my immediate circle of family and friends that is immunocompromised. Everyone I associate with on a daily basis is vaccinated.

I’ve stopped wearing masks in public and at the gym. I think at this point it should be your choice to wear a mask or not. Most people at this stage in the pandemic are aware of their risks and level of risk they want to take. Let people do what they want and stop judging them for it. And besides, the vaccines prevent spread. Covid will be endemic for the rest of our lives anyways due to all the anti vaccine people.  Masks need to come off someday.",-5.0,CoronavirusCA,2021-06-26 20:32:40
"Nah, they don’t care. They keep claiming we don’t know of the possible “long term” effects of covid vaccine, as if people are just going to randomly start dropping dead in 5 years. It’s especially infuriating because their arguments of “long term” adverse effects in certain vaccines are connected to the anti-vax boogie men preservatives thimerosal, mercury, etc. when the mRNA covid vaccines contain zero preservatives  anyway since they’re kept frozen. A lot of them still believe that the vaccine alters your DNA, which is false.",6.0,CoronavirusCA,2021-06-27 19:36:36
I am not anti vax. I have done full childhood vaccines and Covid vaccine. My problem is the whole society and medical people are brainwashed on “vaccines are safe” This is a complete lie. I am bringing awareness to this barbaric medical advise. Vaccines are appropriate for most but inappropriate in other medical situations. We need to have a open dialogue to discuss medical procedures that affect our own health without being pressured by medical dogma.,-1.0,CoronavirusCA,2021-07-01 16:48:00
"https://www.bbc.com/news/world-us-canada-45294192

https://www.mcgill.ca/oss/article/covid-19-pseudoscience/anti-vaccine-movement-2020

https://www.cam.ac.uk/research/news/popular-covid-19-conspiracies-linked-to-vaccine-hesitancy

you are a sealion.",1.0,CoronavirusCA,2021-07-01 21:50:00
"Yeah, I took more time than I intended to write that last response, but excessive?  I believe strongly that dialogues and debates should never be a Gish gallop ([https://en.wikipedia.org/wiki/Gish\_gallop](https://en.wikipedia.org/wiki/Gish_gallop)) of unsubstantiated claims.  I want to have references to back up my perspective, so that *you* don't think I'm just making it up.

&gt; My point hasn’t been against vaccine.

I interpreted your claims as specifically anti-vaccine.  Your claims are similar, if not identical, to the ones raised by anti-vaccine people.

&gt; It is simply asking why can’t we talk about vaccine safety without being brick walled by response like “vaccines are safe and effective so shut up.” This is the medical orthodoxy.

Well, I agree that you should be able to ask questions about vaccines and express your concerns about safety and impact.  Perhaps you interacted with medical professionals that were not supportive of your concerns?

&gt; If we’re not open to have an open and healthy dialogue, then there is something wrong with the medical orthodoxy

In principle, yes, but reality is messy because humans and because it gets complicated.  It's not vaccine related, but here is an example of the medical institutions being stubborn about new information ([https://www.wired.com/story/the-teeny-tiny-scientific-screwup-that-helped-covid-kill/](https://www.wired.com/story/the-teeny-tiny-scientific-screwup-that-helped-covid-kill/)).  In order words, I don't doubt your poor experience or outlook.  It happens, and it sucks.

I don't know what kind of dialogue or information you need, in order to feel differently.  For example, you haven't acknowledged my counterpoint to your aluminum toxicity claim, and you haven't offered up anything specific to support your position.  To me, you're arguing from an emotional basis, rather than a data-driven rational one, and are not open to changing your mind.",3.0,CoronavirusCA,2021-07-01 23:53:51
"Anti-vaxxers: this vaccine is too new and untested, we don’t know the long-term effects and I find that concerning

Also anti-vaxxers: COVID is a new deadly disease and we don’t know the long term side effects for those who don’t die but I don’t care about that.",25.0,CoronavirusCA,2021-07-03 02:49:59
"Masks should be required for K-6.  Vaccines should be required for everyone over 12.  That will help get the numbers up.  The anti-vaxers will have no choice but to get older kids the shot, homeschool them, or send them to private school.

MMR shots are already required for all children attending middle school in CA so just add the Covid vaccine to the list.",11.0,CoronavirusCA,2021-07-10 12:53:42
"There is MINIMAL risk to people who are vaccinated.

Depends on the amount of local spread, really.  The vaccines are really good and anyone who can get one and doesn't is a selfish moron. But There's still a fair amount of risk if you are surrounded by infected people. 

Here are the latest efficacy numbers for Pfizer and the Delta variant:

&gt;https://www.reuters.com/world/middle-east/israel-sees-drop-pfizer-vaccine-protection-against-infections-still-strong-2021-07-05/  
  
Israel sees drop in Pfizer vaccine protection against infections  
  
Vaccine effectiveness in preventing both infection and symptomatic disease fell to 64% since June 6, the Health Ministry said. At the same time the vaccine was 93% effective in preventing hospitalizations and serious illness from the coronavirus.

So what we have here is 64% for all infections (which can cause damage/long COVID even if mild or asymptomatic), and 93% for severe cases. 

For ease, lets round that up to 70% efficacy for infections.  That means that if 10 unvaccinated would get infected, instead only 3 vaccinated people would.   For severe cases, at 93%, it's something around for every 15 unvaccinated people who would end up in the hospital, instead 1 vaccinated person would.   


Again, the vaccines really help, but that's still going to be a LOT of vaccinated people getting infected and severely sick. 

Now, the OTHER way that vaccines protect us is indirectly, by reducing spread. Your chance of getting infected is ZERO if you aren't coming into contact with it.  But anti-vaxxers are screwing that up for us.",3.0,CoronavirusCA,2021-07-16 03:14:44
"“But like much of the United States, California is seeing rapid spread of COVID-19 driven by the highly infectious Delta variant, nearly all of it among those who haven’t been vaccinated.”

It’s their choice at this point. The vaccine is still available for every adult. Soon kids, too. If a slack jawed anti vaxxer gets sick, it’s back to survival of the fittest. Fuck them.",80.0,CoronavirusCA,2021-07-20 19:34:26
"I love how anti-vaxxers/anti-maskers were all, “The people scared of COVID can just stay home while the rest of us go on with our lives.” And now they won’t take their own advice because they’re scared of the vaccine. 

People need to own the consequences of their choices. Choose not to vaccinate? Then accept that some people and places don’t want them around. Actions have consequences.",8.0,CoronavirusCA,2021-07-21 23:38:03
"Hey Dr Smoothbrain. You're not doing it for them. You are doing it for the medical staff that are going to be slammed this fall precisely because of this attitude, with zero social distancing and zero mask mandates, we are going to have a return of flu season AND variant covid cases. You are doing it to keep from spreading COVID to anti-vaxxers who will fester and mutate into something that is way worse and vaccine resistant in the long run. It's for you, Its not for them.",5.0,CoronavirusCA,2021-07-25 08:41:14
"Herman Cain has entered the chat... but seriously, yes this is the hill these people are choosing to die on, this is the litmus test. Do you believe in the conservatives cause enough to risk death? For a lot of people, the answer is yes. I don’t believe they don’t believe its real or the vaccine is effective, being anti Covid vax is just a signal for other conservatives to know how conservative they are.",10.0,CoronavirusCA,2021-07-26 00:15:03
"I really wish there was still a daily thread. I am about to go back to work in less than 2 weeks at a primary public school. My anti vaxx coworker is just using the “vaccinated are still contracting covid” and spouting all this other garbage to go along with it, that was even before we left for the summer. With all the breakthrough cases thanks to the unvaccinated, I’m sure I’ll be hearing it all over again how “your previous vaccine won’t protect you” 

I really wish they’d require vaccines at my job, under 12 can’t get vaccinated and that’s literally all I work with during the day. She’s traveled during the summer, she hangs out with unvaccinated people in dangerous scenarios (zero masks, drinking around strangers) and will return to work after all that. I really really hope they (her and my manager) don’t bring it back to school. Luckily we still have to mask because that is one level of protection. Oh &amp; she’s an anti masker working in a mask because it’s mandated, she’d gladly quit if vaccines were required….&amp; I’d say sayonara!",7.0,CoronavirusCA,2021-07-27 19:07:38
I got Covid from Vaccinated person who actually got Sick too 😷. They are not reliable since the immunity from anti bodies is not given by the VACCINE Aka immunity booster Not vaccine in reality.  It's pretty clear the misdirection on the CDC and WHO websites trying to make people think they will be immune while the booster is just hacking the Immune system waiting to GET INFECTED and create the anti Body mechanism.  I paid attention to biology class and went to Pre Med.  I understand the world needed protection but there is collateral damage and Delta found a way around the vaccine like viruses find a way around Anti Biotics too. Sorry 😞That's the fact.  The World Got Punkd. 🌎.,1.0,CoronavirusCA,2021-07-28 08:27:18
"admittedly, I am one of those pro vaccine, anti-mask folks. Risk-wise, I am on the lower end of the spectrum. Ive had to reschedule my wedding twice, and am not going to put things on hold anymore because a few idiots refuse to get vaxxed.

I got COVID late last year (super mild case, knocked me out for 3 days), then got my vaccine early because I was a first responder. Id like to think that having had covid already, in addition to the vaccine, I am pretty well protected. I do however, take comfort in the fact that being young(er) and healthy, vaccinated, and a former covid victim, that my symptoms would be mild if my luck runs out and I got it again.",1.0,CoronavirusCA,2021-07-29 07:44:30
"I got hammered what I assume was the flu for the first time in my life right after Christmas 2019 but tested negative for influenza A and B at urgent care. 

I got an anti-body test around august or september of 2020 which was negative and didn’t have a bad reaction to the vaccine shots at all which leads me to believe it wasn’t Covid, just some flu that didn’t show up on the tests.",1.0,CoronavirusCA,2021-07-29 21:41:28
I wish my employer would mandate the vaccine. I’ve got 3 coworkers who are anti-vax and one of them has already brought covid into work.,1.0,CoronavirusCA,2021-08-04 23:05:43
"I am not afraid of driving, but I still wear a seatbelt, don't text and drive, and keep my eyes on the road.  Mitigation strategies are not just about fear.  I got my vaccine, wear a good mask, and avoid indoor interactions whenever possible.

I'm not afraid for myself.   I have a high-risk child at home and I am afraid of being one of the [few breakthrough infections that will pass Covid to him](https://6abc.com/covid-19-breakthrough-case-delta-variant-fully-vaccinated-gets-virus-coronavirus-las-vegas/10883882/).  I am afraid of people saying ""well, he had underlying conditions"" as if it's a reasonable response should the worst happen.  Not only that, but most data we have on children and Covid comes from 2020, before the Delta variant was the dominant strain and while masking and other mitigation strategies were mandated in place.  The [pandemic isn't over](https://www.washingtonpost.com/outlook/2021/08/04/pediatrician-covid-children-delta/) and what we know about Covid and children is still [changing](https://www.nbcnews.com/health/health-news/delta-variant-more-dangerous-children-growing-number-kids-are-very-n1276035). 

The vaccinated anti-maskers and unvaccinated seem to both be dismissive of the risks to high risk children and the immunocompromised.  No one needs to be afraid and I'm not suggesting shutting anything down, but get the shot, wear the mask anyway, continue taking those minor precautions to stop the spread and prevent further mutations that may better evade existing vaccine efficacy.",6.0,CoronavirusCA,2021-08-05 21:03:20
Most aren’t anti-vaxers. They already had covid (some recently) and didn’t see an urgency with the vaccine.,-39.0,CoronavirusCA,2021-08-06 01:48:17
Actually if I had already had covid recently I would have waited for the vaccine for strategic reasons. So no. Not everyone that was waiting on the vaccine is an anti vaxer,-1.0,CoronavirusCA,2021-08-06 19:21:10
"Sounds more like nobody is getting tested than a higher proportion of people getting infected are being hospitalized.

I highly doubt most anti-COVID vaccine people are getting tested when they feel ill.",7.0,CoronavirusCA,2021-08-13 19:37:35
"I literally had to explain to someone that basic transportation to do anything in life and risk of getting COVID were additive, not either/or. And that we have a miracle invention that dramatically reduces child death and injury in car accidents relative to adults called child car seats that is a bit akin to reducing risk of COVID with masking (it was one of those new brand of ""I got my vaccine, screw your kid"" anti-maskers in May/June attempting to educate me about risks).",6.0,CoronavirusCA,2021-08-23 02:19:18
"""Personal information from California State University, Chico, students who requested a religious exemption from the COVID vaccine has been posted online after an apparent data breach.  
The requests from about 130 students were dumped on an anonymous Internet message board, documenting approved and denied requests from CSU Chico students between June 7 and Aug. 10.  
A commenter on the site linked to an Excel spreadsheet with detailed explanations from students who had asked to be exempted from receiving the vaccine in order to attend the college. Student names and phone numbers were included in many of the entries.  
The original post on the message board provided tips on how to file a religious exemption to a COVID-19 vaccine mandate. “State purely religious reasons only,” the anonymous tip read. “Do not mention anything else.”  
The CSU system, which has 23 campuses across the state, requires its 56,000 faculty and staff and nearly 500,000 students on campus to be vaccinated against COVID-19. All certifications must be completed by the end of September. The CSU policy allows students and employees to seek medical and religious exemptions.  
Today’s top headlines  
Sign up for the Daily Afternoon Bulletin and get a quick summary of the day's news.  
Enter Email Address  
SIGN UP  
This site is protected by reCAPTCHA and the Google Privacy Policy and Terms of Service apply.  
The Excel document, authored by the Director of Labor Relations and Compliance Dylan Saake, shows that roughly half of the requests in the leaked document were approved. The administration requested more information from about 20 students. Many of the denied requests were resubmitted for another chance at approval.  
Students who asked for a religious exemption included several NCAA athletes, incoming students, and residents of university dorms. Students who stated they believed in healing through prayer were approved for exemption, many referred to their bodies as a temple.  
“My religious beliefs follow natural healing through God’s divine power and faith healing,” read one NCAA athlete’s exemption request that was approved. “My beliefs question the necessity of modern medicine including vaccinations.”  
Most of the exemption requests were filed by students citing their Christian beliefs — some of them quoting Biblical scripture. Another student who was approved called the vaccine “unclean” and analogous to what non-kosher food is to Orthodox Jews.  
“No one requires anyone in the United States to consume a substance contrary (sic) to their faith,” read the approved request.  
The spreadsheet shows personal information on a small fraction of the 17,000 students who attend CSU Chico — just students who happened to include their own names and numbers in the text of their explanation to the university. The Bee is not naming the message board where the data breach was posted.  
“Students’ medical and religious exemption requests are protected information,” read a statement from Andrew Staples, CSU Chico’s public relations manager. “We are aware of the documents posted online and circulated among the media. We are investigating this incident, while also taking a number of proactive steps to protect students’ confidential information.”  
CSU Director of Strategic Communications and Public Affairs Toni Molle said protecting the personal information of students, faculty and staff is a priority for the university system.  
“Upon learning of a potential data exposure at Chico State, which appears to be an isolated incident, the CSU Office of Information Security is advising all campuses to review their processes and protections for student’s personal information including all vaccine-related information,” Molle said in a statement to The Bee.  
STUDENTS REFERENCE ABORTION, DNA/RNA ‘ALTERING’  
Cole Gemmell, a freshman at CSU Chico from Ripon, filed two requests. His first one in June was denied. His second request in July, which cited more of his personal Christian beliefs, was approved. “My sincere religious beliefs and reading of the Scripture would make it a sin for me to take the vaccine,” his approved request read.  
The Sacramento Bee reached out to Gemmell, who agreed to be quoted for this article. He confirmed details about his exemption request that were contained in the Excel spreadsheet from CSU Chico.  
“This is an invasion of my privacy,” Gemmell said of the breach. “They are letting people know my choices and what I want to do. It singles me out.”  
Students who said they were Mormon, Catholic and Serbian Orthodox were approved for an exemption. Many who stated the vaccine had fetal tissue and “abortion-derived cells” were denied.  
“I am not an ‘anti-vaccer’ per se (sic), I won’t get discourage anyone from getting it,” read one denied request. “I just believe that a vaccine that is DNA/RNA altering shouldn’t be taken when it was rushed in the first place. I do hope you consider me for university housing still, I am not from the Chico State area, and I would like to have that sense of independence when moving out f your parents house.”  
On Aug. 23, in response to the FDA’s full approval of Pfizer’s COVID-19 vaccine, CSU Chancellor Joseph I. Castro applauded the decision and urged everyone to get the vaccine.  
“Since vaccines became available in December 2020, their use has allowed us to begin to return to many of the activities we had missed over the past 18 months, including seeing and engaging with family and friends,” he said in a press release. “To win our nation’s fight against the pandemic once and for all, each of us has a role to play and it is imperative that we all do our part.”  
Three CSU Chico students who had recovered from COVID-19 sued the university, stating that the requirement that they receive the vaccine before returning to class places them at risk of dying.  
The suit claimed that individuals who have recovered from COVID “are at substantial risk of serious illness, including death,” if given the vaccines, which the lawsuit contends are not safe and names federal officials, including Dr. Anthony Fauci, as defendants.  
The students dropped their lawsuit earlier this month.""",4.0,CoronavirusCA,2021-08-24 18:24:32
"If you know an unvaxxed person who would be willing to get vaxxed but has real world constraints, here are a number of problems and solution ideas:

\- no time off work allowed: out the employer. Contact local media/use social media/ect to publicly out the employer for preventing to assist employees to get vaccinated. Don't dox individuals but make sure your local community and possibly the country knows who is standing in the way of increasing vax rates. If you boycott, make sure the employer knows about it and why.

If someone is worried about being sick for up to 3 days afterwards, offer to:

\- deliver food or necessities

\- help with childcare

\-  drive if needed. 

Childcare concerns could be a real headache for single parents lacking nearby family.

**Be honest about the possibility of needing a few days of downtime. Show that person that you are not brushing off their concerns but that you are considering the challenges and being honest with them.**

If you know someone who's afraid of getting vaxxed:

\- share your experience, honestly. Don't gloss over it by saying ""it was no big deal"" or ""I felt nothing!"" Share your real details: how long you waited, where you went, who performed the shot, about your vaccination card, if it hurt (be honest, not dismissive!), what you felt afterwards, how long you were under observation for, what you did, and what side effects you had afterward.

Don't be dismissive; fearful people will pick up on it. It's okay to tell a fearful person your honest experience and explain how you did feel fine afterwards or within a few days. Explain that once any discomfort went away, it was totally gone. Telling fearful people what to expect can help them prep as the most scary thing is the unknown. 

If you know someone on the ""but it's not officially approved"" bandwagon:

\- point out that a couple of billion people have now received one of the vaccines available globally and none of them have resulted in legitimate, widespread damage to people. This leads to the 2nd point: 

\- finalizing FDA approval involves setting policy regarding the manufacture, transport, and storage of medication. This late-stage, final approval is NOT regarding the safety or efficacy of the vaccine. 

\- A 3rd point is to point out how many people use FDA approved medications in off-label, unapproved applications; it's so common, there's a good chance the person you're talking to is doing or has done this (an example would be a woman taking the Pill to control her period, acne, endometriosis, or other reason not related to birth control) or an anti-depressant for reasons other than mood control.

If someone doesn't know where or how to access the vaccine, help them! Anything from sharing the link to an appointment website to actually helping them find an appointment time can help!

If someone is worried about the cost of vaccination, make sure they 100% understand that the vaccine is currently *free.*

If someone thinks they're better off taking their chances with COVID than the vaccine: point out that 1-2 unvaccinated people who catch COVID dies even with full access to medical care. Deaths among vaccinated people are so rare, I can't even find a calculation. Choosing COVID over the vaccine is like choosing to be buried by a sand dune instead of a sandcastle.

If someone thinks ""herd immunity"" will save the unvaccinated, point out that eradication of viruses only happened after vaccines were created. Measles, chickenpox, polio all ravaged generation after generation and continued to be spread despite an adult population most of whom had been exposed. ""Herd Immunity"" didn't stop these diseases, vaccines did.

Beyond these things will be people who are making these claims as excuses to hide whatever real reason it is they are avoiding the vaccine. Helping people get around these obstacles will reveal who's claims are honest and who is just making stuff up.",17.0,CoronavirusCA,2021-08-25 05:17:56
"It’s true, after the very high immunity and antibody level one has immediately completing 2 shot course, it takes a little longer (as usual, as predicted) for the immune system to catch the virus. Because delta incubates for shorter time than that, vaxxed have opportunity to spread until the vaccine activsted-memory cells get to work. 


This is why because fewer of us have just had our shots, and now our immunity is longer term but not insta covid vaporizing, we must mask indoors until we reach v low community spread. 


**You are extremely wrong however** in drawing your conclusions. By far, the unvaccinated are in the hospitals—not the vaccinated. You seem to have operated under the belief that last years’ covid capacity icu was at all normal or what our modern hospitals were built to sustain. They are NOT. Icu is supposed to be much, much smaller than what it had been last year. Less now esp with health staff leaving in droves, because of burnout at operating at the inflated capacity. 

Any outbreak can overwhelm a hospital’s capacity. Because there isn’t a god damn hospital skyscraper for every god damn block in the city. Easily can be overwhelmed and is, by anti vaxxers from all walks of life. The evidence is before you. 

True, rural hospitals are less equipped. They would be better off if the constituents of the area did not vote against better health care for their communities, better off if they did not spit at nurses or become inhospitable to enough decent people with the knowledge to treat them.

Your view is full of NYT-esque, unbearably saccharine sympathy for the rural American, who just never catches a break. A largely false narrative.",2.0,CoronavirusCA,2021-08-29 08:31:59
