comments,score,subreddit,time_created
"I got it because:

1. I don't want to be the reason someone else gets sick and has long term health effects or dies
2. I want to contribute to herd immunity
3. I don't want to potentially die from the disease
4. I love to run - it's a passion of mine. If I get Covid, there's a good chance I'll have long-term respiratory issues. I need to be able to breathe to run.
5. The shot has been proven to be safe for the vast majority of people.
6. The damned shots are FREE
7. I like making fun of anti-vaxxers, and I can't really continue to do so if I don't get the vaccine (I hate hypocrites).",3.0,AskReddit,2021-07-19 18:34:04
I'm not anti vax but I didnt get the covid vaccine because of all the shit it's done to people and I dont wanna take a chance at being one of the unlucky ones,1.0,AskReddit,2021-07-19 18:37:29
"Sounds a bit like my wife and her daughters.  They are for the most part pretty level headed, educated, successful, good people but, for what ever reason have bought into the essential oil, anti-vaxx crap.

Wife has sat with me most evenings and watches the evening news and even commented on the state infection and local infection Covid death rate.  Won't get the vaccine.

I have, hope I don't watch her in the ICU.  

I will say it seems odd that I get every vax I can and try to stay healthy and now have a cough from all the wild fire smoke and she doesn't.",1.0,AskReddit,2021-07-20 01:04:52
"Was it right after getting the covid vaccine? I got my first cold sore (at least I don’t remember ever having one before) within 4 days of my second dose. My doctor said it was likely the stress of the vaccine that caused an outbreak from the otherwise dormant virus. For the record, I’m still not an anti-vaxxer.",9.0,AskReddit,2021-07-20 05:13:05
"Seriously???

Ummm, Trump holds responsibility for inciting January 6th, for fear-mongering and hatred toward minorities, and worst of all; his ridiculous lies and inexcusable ineptitude regarding Covid and vaccines, not to mention holding dozens of super spreader rallies - he is directly and indirectly responsible for millions of deaths. 

We now have statistics showing Trump supporting men having the lowest vaccination rates and red states below 50% vaccinated.  We are now having a pandemic of the unvaccinated and the bastard keeps on spreading anti-vaccine rhetoric and downplaying the seriousness of this disease as he did all along. 

To top it off, the bastard got himself vaccinated in secret. 

Some other anti-American things he promoted, also:

-Hatred and distrust of the media
-Lying to the public was normalized
-Disrespect and lies regarding renowned doctors and scientists
-Set us back decades in our struggle against climate change and stated it wasn’t real, spread rumors that windmills give you cancer, and water-efficient appliances and fixtures were legislated against, he wanted to bring back incandescent light bulbs because led bulbs make him look Orange, not the fake tanner. 

I can’t even believe I am typing this shit out, it’s all on video. Go watch his lowlight reel, I don’t need the PTSD of reliving the daily stress his tweets and press speeches caused this country. If you don’t know what he did wrong, I suggest you start watching his ridiculous task force speeches during the pandemic and then move on to maybe the reel of his racism, hate against the press, etc. 

I need to go take a Xanax or something, my blood pressure is up and I couldn’t even type out a smidgen of his damage.",1.0,AskReddit,2021-07-20 10:18:27
"Mostly because of my many medicine allergies. That kinda freaks me out a little. But recently I've known about 5 people who have gotten sick with covid since being fully vaccinated. 2 of which ended up in the hospital. Then I've known 1 person who died from covid since getting fully vaccinated. So I don't see exactly what it's protecting against. I have no problem with the vaccine really. I'm just gonna let everyone else go first and wait till I feel absolutely comfortable with it. 

Cue the calling me an anti-vaxxer replies lol",8.0,AskReddit,2021-07-20 18:59:48
"I have been raised in an anti-vaccination household my entire life and was convinced multiple times that I shouldn’t get it. Then I just grew tired, I don’t want to get Covid and suffer, I don’t want to contract Covid to people I love. With the new strand going around I convinced my mother to receive the vaccine at the same time I did. I am now working to get my younger brother vaccinated and have gained a foot in the door with my parents. (I also don’t know about everyone else but I have mask acne really bad and am tired of feeling ugly.)",2.0,AskReddit,2021-07-20 19:40:02
"OP here:

Someone I know has taken a strong anti-vax stance on Covid.  He claims the PCR test can only test for the presence of a corona virus in your system.  He claims it can't discriminate between Covid-19 and a normal cold.

When someone at work tested positive this guy stated, 'big deal, it just means he had a cold sometime in the last 10 years'.  (Interestingly, I tested negative several times before getting the Moderna vaccine and I have had several colds in the last 10 years.)

How effective is the PCR test at showing the presence of Covid-19?  Does it I.D. Covid without mistaking contact with another corona virus as Covid?

This guy 'did research' and found a link that says the creator of the PCR test stated the test can't be used for diagnosis and only identifies the presence of antibodies that indicate subject exposure to some type of corona virus.  

Thus the test is being used to generate FUD about Covid.  The guy who created the PCR test died before the pandemic so he has been 'silent' on this issue. The guy I know does not know anyone who  got sick or died from Covid.  He uses this to reinforce his argument.",1.0,AskReddit,2021-07-21 12:17:58
"Tired of hearing about the Wutang Virus and the 19 chambers of Covid, vaccines, pro and anti maskers, virus variants. And the few that believe a vaccine will allow them to cheat death. 🤦🏿‍♂️",2.0,AskReddit,2021-07-21 15:24:42
"I'm in that 30% but not because I'm anti-science. I'm unvaccinated because data science (something I actually do for work so I'm competent at) derived at me deciding against for myself. The death rate for the vaccine is .0018% and covid is .01% . Neither is a risk factor I would even concern myself. I regularly do shit that greater risk than that without thought. We all do. 

But the vaccines are done with entirely new methods that have yet to have been thoroughly tested for long term risk. That's because of the rush to get it out. For all we know the mRNA vaccinations could cause cancer mutations that won't show up for years. Science does not know what the long term risk truly is. That's not the case with other vaccinations that spent years in testing before being made widely available.

Since the beginning of all this, I've done my part to make sure I'm not a mass spreader. Every single time I've been in contact with anyone testing positive, I've gotten tested even without symptoms. The one time I had potential symptoms and figured it's probably just my breaking after weeks of not sleeping more than a couple hours a night, I still tested knowing it probably exhaustion. And I always retest days later. I've been tested well over 10 times now. That's what I do myself so that Im not an asymptomatic spreader. I literally just walked out of a test because someone who was asymptomatic in the office tested positive. I'll be back in there a couple days from now. 

There is a reasonable common sense ground here where one does not need a vaccine. If they're in the low risk category and actively take responsibility to avoid being a spreader, they don't need the vaccine. The problem is that people don't do the second part. Just like how people go into the office all the time with a cold. I can accept the argument that those people should vaccinate. But responsible individuals don't share that same need.",0.0,AskReddit,2021-07-21 17:25:12
"Not an anti-vaxxer (in fact, I was one of the first to get the COVID vaccine in my area). That said, who else is going to be using them? People who have gotten vaccinated aren't getting sick enough to need them (generally speaking).  If they are available, sure give them to whoever needs them.",2.0,AskReddit,2021-07-21 17:50:11
"I did the best I could. I got the vaccine when everyone else was too afraid to because I was willing to take a bullet for family, friends and strangers. Now, my kids and I have COVID because someone else wasn’t willing to do the same for us. I hope my kids come out of this okay. 

I already lost a 65 yr old aunt, and a 57 yr old co-worker. I trust my doctor because he’s had more medical training than I, and more experience than all of the anti-vaccine people with whom I interacted. I also trust that this virus will affect me mildly due to getting vaccinated.

My cousin works at a local ER and informed me 1st hand that the hospital is filling up with unvaccinated people with the Delta strain. All of those people had the chance to get a vaccine, but chose not to. Now, the nurses are quitting their jobs to avoid getting sick, so they won’t have to take the delta-strain home to their families.",6.0,AskReddit,2021-07-21 20:26:43
"I dont want it because it had no testing on the long term effect. and i have seen people die in front of me ≈2 days after getting the vaccine. + my immune system is fine. Im a healthy 13 year old which has had covid once and it affected me for 2 days and after that i was fine. so i see no reason to get a rushed, badly tested vaccine which i cant get out of my body once its in. just because in my country ≈0.10 percent of the people who get covid. die from it. and no. i am not a anti vaxer. im pro vax. i had all my vaccines except this one. because its had 0 testing.",3.0,AskReddit,2021-07-21 22:08:14
"y’all are so funny calling the unvaccinated anti-vaxxers. most people who won’t get the covid vaccine are vaccinated for everything else. that makes them vaccinated. you can’t justify calling them anti-vaxxers because they want to do what they think is best for THEIR body. why so many people are for a vaccine that was just established a mere year ago without trials, clinicals, studies and time to see the long term effects is beyond me. Especially if when you do your research, many of the products that Johnson and Johnson have created for babies/toddlers and children is unhealthy, may cause a multitude of problems for babies/toddlers/children and have even had lawsuits against them for said reason. and y’all are trusting them with your life for a vaccine that was legitimately just created. that is why people don’t want to get vaccinated. yes, some are because of “politics” or some people still think it’s a hoax, but most people you ask that are actually honest with you about why they won’t get it, is the reason above. because it’s new and there are people who are genuinely concerned theres going to be TV ads in 30 years saying “if you got the covid vaccine you’re entitled to monetary compensation”. it’s brand new and people are scared of new things, at the end of the day that’s basically what it boils down to.",-16.0,AskReddit,2021-07-22 03:38:30
"I am not anti-vaccine.  Vaccines are great medical tools and have benefitted humanity tremendously.  But I do not want the COVID vaccine(s).

They do not meet my personal standards for safety and reliability.  They do not confer immunity, nor do they prevent getting or (re)transmitting the virus.  At best they are 'booster shots'.  And COVID's remarkably low mortality rate does not frighten me.

As to the virus's ""unknown long-term effects"", until there are more published, peer-reviewed long term studies on the booster shots' long-term (and cross-type) side-effects, then I will choose whatever genetic adaptability I have over an artificial one.

I do not counsel anyone to decline participation in the vaccination effort; I do not force my views onto the Undecided nor seek to sway them.

I have made a considered personal choice, which applies only to myself.  I am content to think of myself as part of the ""control group"" in this real-time medical study.

Thank you for your consideration of my position.",1.0,AskReddit,2021-07-22 05:43:55
"-	Refusing to get COVID vaccine
-	Being anti-mask
-	Being anti-vaccine in general",1.0,AskReddit,2021-07-22 14:57:21
"Anti vaxxers! 

Dated someone very attractive and seemingly fun with a good sense of humour. After two weeks I found out she’s refusing to get the covid vaccine cos she doesn’t want to put foreign chemicals in her body. Needless to say it didn’t last.",2.0,AskReddit,2021-07-22 15:04:31
"People who are hesitant to get the covid vaccine.
Anti vaxers in general.",1.0,AskReddit,2021-07-23 02:41:28
"So very very much to unpack in this one. And I'm typing on mobile and can't figure out how to do the fancy quotes like you have. So bear with me.

You said previously that you wanted to piss me off. You even italicized ""you"". As in, referring to me both personally and especially. If you meant that as a plural you should have added an ""all"" or rephrased the sentence to refer to a group specifically. Tip for future.

Re bodily autonomy and risk to others:
""I don't like you marking your skin"" is an opinion on you doing something that only has a physical effect on you. Inmaterial effects on other stuff, like Bob's relationship with Alice, that is initially on the one deciding to get the tattoo. Usually, all you can do if someone else is going to make what you feel is a bad decision is express your opinion. There are nuances to this when someone is engaging in bodily harm (e.g. self mutilation or suicide) that I'm not going to get in to here since that strays from the more general topic. There will be a clear winner between Alice and Bob depending on how much each values their relationship with the other. Say Bob gets a tattoo after Alice says don't: Bob wants the tattoo more than the relationship. Alice can then decide how she wants to react to Bob ignoring her opinion. Eventually they either continue as they were or break off. But it is more nuanced than you made it seem.

""I don't like you not being vaccinated"" is a fundementally different opinion than skin marking since it involves physical health and safety OF OTHERS. You try to reduce it to a chance, but that means you are gambling with the lives and health of everyone around you. Not caring that you are potentially harmong others is why I implied and am now stating outright that you lack empathy. I do NOT like arbitrary people gambling with my safety. A dr saying ""my expert opinion is this will help you"" or a aerospace engineer saying ""i have repaired this plane, it is perfectly safe"" are experts. But a random person I pass on a sidewalk flipping a coin to see if they infect me? Hell to the no.

If you want to engage in dangerous activites that only endanger yourself, that's on you. You have that right. I draw the line at you doing something that could hurt OTHERS who are not also engaging in the same dangerous activity. If you and a buddy want to put on bullet proof vests and take turns shooting each other while downing shots of whisky, go ahead. So long as you don't do it in city limits and are mindful of where errent bullets can go that's your risk to take (2 men in AK were arrested recently for exactly that). If you don't want to get vaccinated ... Well, how isolated do you want to be? Living in a community where literally your ONLY CONTACT with other people is with those also living in that community, well ... Fine. You do that. I don't like it but you are not putting other people at risk who didn't consent. If you still want to live in the wider world? The answer for many other infectious diseases is ""no, you can't be unvaccinated.""

I tried to make this point last time and you didn't address it so here it is again:
There are laws that are settled law for the courts that your personal freedoms end where other people begin. Drunk driving, falsley inducing mass panic, etc. are examples of things you can't do. Freedom of speech will not protect you from attempted manslaughter if you yell ""fire"" in a dark movie theater. So there is legal precedent for this. On the topic of vaccines specifically, there is already precedent for requiring those for things like measels (which ia now making a comeback in the US because of anti vaxxers). So yeah, you have the right to do whatever to yourself but NOT to endanger other people.

Here's a new example: i should (damn HOAs ...) have the right to paint my house a glaring color of neon pink if i so choose. Or lime green. Other people can be offended to high heaven. But I'm not causing physical harm to them. I do not have the right to tamper with a municipal water supply, mix high yield explosives out of gardening supplies, or set fire to my lawn. Because all of those endanger others.

&gt;If someone says, ""I'm getting plastered tonight and then taking a cab home because screw you,"" you might wish they were out volunteering at the soup kitchen instead, but you have to put up with them.

I figured out how to do the quotes on mobile. Yay.

You put words in my mouth again. I said don't do that.

If you wanna get drunk because i pissed you off or whatever you do you bro. IDGAF. If you get drunk and start feeling up the waitress, no. If you try to drive home while plastered, no. Taking a cab or bumming a ride from someone? By all means. Because getting drunk by itself is an action that only harms you. But those other examples both include you harming other people. And if you do wanna volunteer at a soup kitchen more power to you. I'm not going to require that you HELP others, just that you don't harm them.

&gt;If you demanded people take the vaccine but then gave an example of something they can force you to do, that would be different. But as I see it, you're demanding something for nothing. By what right?

I want you to stop gambling with my life. I think the US declaration of independence says, in the first sentence, that everyone has the right to life (and liberity and the pursuit of happiness)?

&gt; We hold these truths to be self-evident, that all men are created equal, that they are endowed by their Creator with certain unalienable Rights, that among these are Life, Liberty and the pursuit of Happiness

I was wrong. Its the 2nd sentence. But I do have the right to life and you don't have the right to infringe on that. When you refuse to get vaccinated you put peoples' lives in jeopardy because this virus can kill them (play russian roulette sometime with a real gun, lemme know how that goes), significantly impair them (see https://www.cdc.gov/coronavirus/2019-ncov/long-term-effects.html for conditions, https://www.sciencedaily.com/releases/2021/04/210407174321.htm says 10% of people have issues 8 months post infection), or mutate into something worse (this is already happening: https://www.yalemedicine.org/news/5-things-to-know-delta-variant-covid). So yeah. I have the right to life, and IN THE CONTEXT OF A GLOBAL PANDEMIC I (should) have the right to require you to be vaccinated for everyone's sake.

Finally, wanting to piss off a person or group of people just because they have opinions you disagree with is one of the most childish and immature things i have seen. Petty actions do nothing but inflict misery on a world that is already pretty good at kicking your teeth in. Enjoying this sort of thing is literally sadism. Pissing someone off is not going to improve the situation at all. It might hurt it if you inspire the other person/group to do something about you, but it isn't going to help anyone. Continuing to engage in such activities makes you a sadist.",1.0,AskReddit,2021-07-23 06:52:12
"This is gonna be spicy, but the people who won't get vaccinated and think COVID is just some cold that'll blow right over. I'm not talking about the ones who *can't*, by the way. Children who can't get vaccinated and disabled people with valid reasoning are perfectly fine and we need to look out for them, and knowing that those people are getting fucked over by the assholes who refuse vaccination because they think it has 5G chips in it/Fox News told them not to/their church told them not to really pisses me off.

Numbers even in good parts of the US are going up again, and guess why? The chuckleheads who won't get vaccinated. They're allowing COVID the breathing room for more mutations to develop even after the amount of work that was put into developing the vaccines. They're dragging all of us backwards, right as numbers were really beginning to plummet after vaccine distribution hit overdrive.

At this point, my hot take is that we need to just quarantine all these chucklefucks and keep them away from innocent people if they're going to choose to be a willing vector for a virus. End yourself if you must, but stop fucking killing innocent people with your ignorance you absolute donut.

Also, enough with this stupid honor system bullshit: Require proof of vaccination. It's already required for schools, why the hell not require it for everything else? Because you bet your ass a lot of people going maskless under the honor system in some states aren't vaccinated. 

Start requiring proof and start ostracizing the damn anti-vaxxers from society until they stop enabling a virus that honestly doesn't give a shit what your political leanings are or what you believe.

/endrant",2.0,AskReddit,2021-07-23 07:43:32
"[I responded elsewhere. He's a racist, anti-vaccine, COVID denying, conspiracy theorist.](https://www.reddit.com/r/AskReddit/comments/oq0qjx/what_are_you_boycotting_till_the_day_you_die/h68ukby/)",87.0,AskReddit,2021-07-23 13:21:35
"Contact to Anti-Vaxxers.

Just learnt from my gf they have a person at work, who wants to use the covid vaccine as ""social experiment"".

Who still spends time with him, if he refuses to get vaccinenated.

Fun side fact, he was at a rave party in the Caribbean where Noone was wearing masks and he was tested positive now (after staying 2 days at work in Germany where sick days don't matter)

.... So yeah, people like him",0.0,AskReddit,2021-07-23 15:43:48
"If your too stupid, ignorant, and selfish to not get the covid vaccine you are the definition of an anti vaxxer.",-1.0,AskReddit,2021-07-23 17:11:15
"Had all my jabs since birth. I'm not anti vax but this one is fucking with my head.

You take the covid vaccine, yet you can still catch the virus, [And still get it bad enough to be admitted to hospital ](https://www.theguardian.com/world/2021/jul/22/rates-of-double-jabbed-people-in-hospital-will-grow-but-that-does-not-mean-covid-vaccines-are-failing)

[You can still spread the virus even though you have been vaccinated](https://www.bbc.com/future/article/20210203-why-vaccinated-people-may-still-be-able-to-spread-covid-19)

So far it seems like if you have the vacci e you can still catch it, and spread it, even amongst other vaccinated people, but the chances of you dying are reduced, which is great, but you have a 99.7% change of surviving anyway.

Not had my jabs yet. Still on the fence with this one. Just kinda seems a little pointless all things considered.

The argument is ""I'm selfish. I'm a piece of shit because I'm putting others at risk"" but I disagree considering the links I posted.",2.0,AskReddit,2021-07-23 22:49:06
"While I don't think your reasoning is fundamentally bad I think you'd be wise to reconsider given those who are vaccinated seem to gain sufficient immunity to COVID to avoid hospitalization.

Also of course anyone unvaccinated serves as a host in which the virus can mutate to become more deadly. I'm sure Delta came about in part thanks to first world anti-vaccine people but far more so in the third world where many are struggling to get the vaccine themselves (and don't get me started about the asshole POTUS 45 who [dispensed with the pandemic response team](https://doggett.house.gov/media-center/blog-posts/timeline-trump-s-coronavirus-responses) and was otherwise penny less stupid and pound just fucking stupid beyond belief and let the virus run rampant here). 

And also the vaccine isn't flawless; granted they've gotten emergency use approval by FDA in the U.S. but it's not like they've gone through a leisurely battery of many peer-reviewed studies before release. 

Anecdotally, I've had the Moderna vaccine and I've experienced some odd / new effects. Not growing extra limbs or suddenly phenomenal 5G reception or anything, just issues with my type 1 diabetes and some odd visual anomalies when I close my eyes which I've never experienced before. 

About an hour after the second shot my blood sugar shot up to around 368 mg/dL which is quite higher than the normal range of say 80 - 100. Around that time I was nursing a cracked tooth and gum abscess, so perhaps that contributed to an ambulance ride about a week later where I found myself waking in the mornings with perilously low blood sugars, finally so bad that basically the right side of my body made me fear I'd stroked out; neither my right leg nor arm/hand worked and those several mornings it took a few hours before that passed. Fortunately a CAT scan revealed no signs of stroke.

Unfortunately I'm in Florida and although I've reported these unprecedented health effects via [VAERS](https://vaers.hhs.gov) nobody has reached out. I'd be happy for someone to MRI me or otherwise diagnose what could've changed based on past bloodwork, say, but in these ""difficult"" times I guess that's not as high a priority as working to control the virus.",6.0,AskReddit,2021-07-24 00:07:07
I’m in the navy. I’ve had vaccines for all sorts of weird shit. It was mandatory to get these vaccines. The Covid vaccine comes out and it’s completely voluntary. We would also be required to sign a waiver stating that we are getting it voluntarily. That was a huge red flag for me. I decided to wait a bit to see how it works out for those that get it. I’ll probably get it in a couple of weeks when I get back from this deployment. We all aren’t “anti-vax “ or crazy conspiracy nuts. But if there were any bad side effects the VA wouldn’t cover it bc I had sign that waiver and received the vaccine voluntarily.,12.0,AskReddit,2021-07-24 02:58:37
"Ik most are gonna say Covid, but in a way I feel like it was necessary. It exposed the flaws in some of our governments, showing just how dumb and uneducated some can be, and it made us smarter. 

If you live in the US like I do, you would know that our country has handled this pandemic horribly. The preventable deaths, cases, the economy falling, our delayed response, everything. It also shows us how uneducated some can be (cough anti vaxxers cough protestors of mask mandates cough) so it told us that we need a better education system. 

The vaccine was made in record time. Everyone saying it would take years but it took A year. It forced us to work harder and smarter, experimenting with some newish vaccines. 

So, if I could change one thing, it would probably be our country's initial response to the pandemic or China lying and censoring about the virus. Idk too much about this Wuhan Lab Leak thing, but if it did have a part to play in the pandemic, and China censored it, the CCP costed hundreds of thousands of lives and really just messed up their image. 

So, all in all, if I could change one thing, it would've been our response to Corona. Not just the US, not just China, EVERYBODY.",3.0,AskReddit,2021-07-24 04:23:52
"One of my new co-workers is very anti-vaxx. She laughs at us, saying we're going to get Covid because we're all vaccinated. She even rejected her son because he chose to get vaccinated. She's starting to reject her whole family because they're all vaccinated. She said she thinks she has Covid again on Wednesday, but didn't want to get tested and confirmed, because it would interfere with her life. She wanted to know why all the people who were Covid vaxxed were now filling all the hospitals up with Covid cases and look at the pickle we vaxxed people got America in. She says she doesn't want to have to go into quarantine again because we're so selfish in pushing everyone we know to get vaxxed and therefore get Covid. ""You know, if you all would stop getting injected with the virus, all this would stop. I don't get why the Chinese government had to introduce this and get us all vaxxed against it. Why would you introduce a virus into the world just to make a vaccine to prevent it? Why do that in the first place? Why introduce the virus to the world at all? I'll tell you why. I get us all microchipped."" She constantly talks about this, and talks louder over us when we try to change the subject. It makes me want to tear out my hair.",0.0,AskReddit,2021-07-24 05:46:45
"I hate the fact that most people would now label me an ""anti-vaxxer."" For the record, my politics have always been far left. I don't think there's microchips in the vaccine, nor do I think they have anything to do with 5G. I hate Trump, I voted for Biden, I obviously know the legitimacy of Covid and wear a mask when out in public. However, the mere fact that I won't get the vaccine has me immediately lumped in with the rest of these wackos. The reason I don't want to get it is very simply because I don't want the government dictating what goes into my body. Especially, and mostly not in a situation such as this. I won't defend my stance anymore than giving the absolute bare bones basics of my views because honestly my reasons aren't important. It's the one issue on which I differ, I realize this and I accept the consequences and make appropriate adjustments to protect other people. So why should I be lumped in the same group with people who have very extreme and untenable views about the vaccine? Doesn't make sense to me and honestly only serves to further solidify my decision.",1.0,AskReddit,2021-07-24 06:17:49
"It is *possible* to get TB even if vaccinated but inordinately improbable.

The COVID vaccine did guarantee that no one would get COVID -- until the anti-maskers and anti-vaxxers through their actions enabled the virus to mutate into one that can not kill anyone who has been vaccinated but can still make them ill.

The one and only reason why the Delta variant exists is that it has been enabled by anti-maskers, anti-vaxxers, and those countries where poverty or such prevented access to the vaccine.",0.0,AskReddit,2021-07-24 19:46:13
"25% of people are simply stupid and stubborn.

How is the news still covering anti-vaccine people when the majority of COVID deaths are unvaccinated? 

Idiots are just too stubborn to listen to logic.",1.0,AskReddit,2021-07-24 21:30:16
"Don't understand the resistance here. Even Trump got the vaccine and urged his followers to do the same. But it isn't always been about the politics, there were anti-vax people here long before Covid.",1.0,AskReddit,2021-07-24 22:06:43
"No, it's pretty common everywhere. I think one of the big differences though, is the US media give a lot of attention to it because Fox News and CNN basically make their money off of selling conflict. Also people abroad hear about it in the US because the US is the epicenter of The West, and a global superpower. But the people of America don't hear what's going on abroad, because well it's not the epicenter of the West or a global superpower. The ""anti-vax"" movement where I live at least seems more focused on the Covid vaccine specifically and not vaccines in general.",1.0,AskReddit,2021-07-24 22:45:48
Refusing that covid vaccine. I’m not anti vax. I’m just saying…,3.0,AskReddit,2021-07-25 01:53:28
Being anti-vaccine. This is only possible in a setting where vaccines gave been so successful that the diseases they protect against have become rare. And there are still people who are anti-COVID vaccine. It boggles my mind.,3.0,AskReddit,2021-07-25 01:56:07
"I have not heard of anybody who is unable to get vaccinated, what I have heard of it people who due to a medical condition have to take one vaccine over another, or people who due to medical conditions are unable to build antibodies from the vaccine.

Unfortunately, people are choosing not to be vaccinated in such large numbers, that they are making the COVID problem worst.

Anti-vaxxers are thinking of them selfs.",3.0,AskReddit,2021-07-25 05:04:20
"I'm on the fence with the issue. I'm far from being anti-medicine/vaccine/etc. But I do not agree with the way things are being handled. I'm not particularly familiar with Australia's policies/laws, but if those people are voicing out against 'mandatory' vaccines or needing a 'covid-pass' to travel, then quite frankly I have to side with them. I think it's extremely dangerous to take away people's freedom/choice especially if it's regarding their own body. Last I checked, in Greece, they basically banned the unvaccinated from public places/utilities, &amp; if that isn't discrimination, I'm afraid we as society have failed tremendously. 

  
With that said, I respect those who have taken the precautions and have helped do their part to protect themselves. Unfortunately, two of my family members who've gotten the vaccine are not doing very well. With the lack of transparency, censoring of publications outlining health implications, and the Government eluding any concerns but continue to push it only raise suspicion. Take it from someone who used to work for Govn't... they *truly*, do **not** care about the people unless it involves more power or wealth. I may get attacked for the comment, but there's ample evidence available to the public to indulge in that'll prove thereof. Sometimes I have to remind myself the U.S. isn't *actually* a plutocracy, though I often see how they use their positions of power to better themselves in the guise of bettering conditions for 'us.'",1.0,AskReddit,2021-07-25 07:47:04
"Killed by a vaccine-resistant strain of COVID which mutated due to anti-maskers.

Entitled motherfuckers....",1.0,AskReddit,2021-07-25 12:03:53
"How. You're just a sad person who doesn't understand a thing. Vaccines save lives and people like you end lives. There is plenty of evidence to suggest that vaccines prevent covid, and DEFINITELY AREN'T DANGEROUS! Vaccines are among the safest drugs we humans can get. You're more likely to die from side effects of standard paracetamol than vaccines. Sorry but anti vaxxers are objectively the dumbest people in the world and should be sentenced to death via forced infection of covid 19 without medical treatment. I agree that you should have the choice to get infected and die, but you shouldn't have the choice to infect other people. It shouldn't be your choice to get the vaccine, it should be the government's.",2.0,AskReddit,2021-07-25 12:05:01
"Not me, but I know some people who are VERY anti COVID vaccine who regularly take Rx medication so there’s that.",2.0,AskReddit,2021-07-25 16:59:54
"I got vaccinated for a lot of diseases in the past, and it was just a puncture and go. The vaccine for Covid-19, instead, scares me: I'm afraid to be one of the tiny bit people who get brain death. The first thought people have when SOMEONE DIES and could be because of the vaccine is «This will be a good propaganda for anti-vaxxers», for me it's different: I take it seriously and not politically",3.0,AskReddit,2021-07-26 08:52:56
"That article does not support what you just said. Read it again.

Keep in mind there is two parts to covid. Firstly you can get infected and spread the disease to others.  This is the 39% effectiveness they are talking about.

Secondly, the infection can cause disease, leading to death or long covid etc.  In this case you are extremely better off with the vaccine.

&gt; However, the two-dose vaccine still works very well in preventing people from getting seriously sick, demonstrating 88% effectiveness against hospitalization and 91% effectiveness against severe illness, according to the Israeli data published Thursday.

From the article you quoted. So while you get infected, you are much less likely to get sick.

No mention in there about the reduced efficiency that i can see leading to only marginal reduction of long covid. You need another source.

&gt; if you want to use reports from social media,

I don’t want anecdotes that anti-vaxxer’s push.  The only mention of social media was in the article i mentioned, but i need actual studies.

&gt;Dawson’s creek

https://www.news.com.au/entertainment/celebrity-life/celebrity-deaths/heidi-ferrer-who-wrote-dawsons-creek-and-wasteland-has-died-by-suicide-aged-50/news-story/ce5fbc88cbb1cc7f0c03a327647c3153

This mentions suicide after getting covid and suffering long covid. No mention of the vaccine making it worse.  You have a source?",5.0,AskReddit,2021-07-26 09:54:27
"https://twitter.com/dianaberrent/status/1418234734078005251?s=21

54% of breakthrough infections from the vaccine led to long covid, so the vaccine losing its effectiveness at preventing breakthrough infections, which my Israel data article shows is happening, is a massive deal.

https://twitter.com/openidtry/status/1417104906507411457?s=21

Her husband retweeted that breakdown from a friend of his wife, of the fact that she was getting better until the covid vaccine and that relapse led to her death. 

I’m not anti vax, I’m just pointing out that ignoring a massive blind spot is not gonna help vaccine credibility. 

I’m way more worried about long covid than death from covid, as I’m only 28.  My odds of death even unvaccinated are insanely low",0.0,AskReddit,2021-07-26 10:50:26
"It's such a shame that dude is an antivaxxer.

https://www.mcgill.ca/oss/article/covid-19-health-pseudoscience/anti-vaccine-propaganda-robert-f-kennedy-jr",3.0,AskReddit,2021-07-26 15:10:04
"Its been known for a while now that maybe vitamin D improves outcomes from covid 19 infection. However nowhere in that article does it state that vitamin D is better than the vaccine as you stated. And I know you don't want to believe this, but if vitamin D was the best treatment for preventing and/or treating covid 19 than every doctor in the US including the ones on TV like Dr. Fauci would be promoting it. There's no cover up. The evidence just isn't there that it's as effective as you claim. And it's dangerous to be telling people ""it's more effective than the vaccine or masks"". Of course I'm sure you did that on purpose because you're probably an anti vaxer. So you can go take that shit back to Facebook.",16.0,AskReddit,2021-07-26 17:30:08
"Like anti-vaccines all together, or just anti-covid-vaccine?",6.0,AskReddit,2021-07-26 18:58:26
"What you are saying is moronic. The covid vaccine is widely available, unless you are one of the few people who cannot get a covid vaccine (cancer patients, young children, pregnant women), if you still have not received the vaccine by choice you are anti vax by definition. 

Since this topic is about covid, all I care is the covid vaccine and peoples refusal to get it. Polling shows that’s close 30% of the population says they won’t get the vaccine and I’m not buying the “I haven’t found the time” argument.

And once again, since it’s clear you’re the one not paying attention, I’m not talking about risk to myself from covid. You clearly have no idea what you are talking about if you think the only risk people are concerned about is dying from covid.",1.0,AskReddit,2021-07-26 22:31:24
"Because I have covid antibodies, which are nature's vaccination. Ive tested positive for covid and my immune system kicked covid's ass. I had no fever, no headache, no cough, I was barely sick at all. I was one of the 99% who survived. 

Me getting vaccinated will not protect others because the covid experts admit that people who get vaccinated can still carry and spread the virus, they just don't get sick. People who are high risk should get the jab. 

Im also not worries about the variants. Even the experts are saying the variants are less deadly than the original. So if my immune system kicked covids ass then it'll kick the ass of any variant.

I've also never received a flu shot and I don't remember the last time I was sick with a flu.

I'm not anti vaccine. If I was a big ol fat person with asthma and diabetes then I'd have been first in line for the jab.",2.0,AskReddit,2021-07-27 00:43:34
"Wait.  

&gt; ""You have a reduction [in severe cases] of 90 to 95 per cent.""

The vaccine means you are protected from the disease.  No one has lied about that.  That is why people vaccinate. So they don’t die. No one said that being vaccinated means you can’t get infected and spread the virus but it is far far less likely.

The CDC tracks hospitalisation.  Very few people who get vaccinated are hospitalised. Almost none die.  

The story you posted before was of someone who got covid, got long covid, got vaccinated and her symptoms got worse (jury is out on that one as there was one tweet by a person you claim is their friend, though i could see no evidence of that).  That person committed suicide.  So, not a direct covid death.

So the vaccine works.  The people dying in Israel from covid are unvaccinated.  

PCR tests are very very sensitive.  People can be tested showing fragments of the virus but they are not infectious in the sense that they can spread the virus.  It is just that their body has not eliminated all of the virus. That is not a breakthrough case.  That is just how the virus works.

The only people making people not trust the vaccine is YOU.  By repeating stories you read on dodgy sites that push anti-vax messaging.  The vaccine prevents death from covid.  That is the message you should be spreading.  The Israel story says that right there.",1.0,AskReddit,2021-07-27 01:44:42
"&gt; So you think the Dawson's Creek writer would've committed suicide without getting covid (asymptomatically) and then long-covid?

That is not what i said.  What i said was that she got covid before being vaccinated, in fact there were no vaccines when she got covid.  She did not die of covid.

&gt; If youre only message about the vaccines is that they will prevent you from dying, and thats the only benefit, then the risk/benefit analysis for a lot of young people changes to make it so that the vaccine isn't a big deal to get at all. If there are other benefits, such as preventing long-covid, than that changes the risk/benefit to making it more worth getting

Are you serious?  “If the only benefit is not dying, then it is not worth being vaccinated”.  Really?

&gt; Its been proven that the disease severeity of covid is not significantly linked with the probability of developing long-covid.

Long covid comes from getting covid.  The vaccine prevents the infection turning into the disease and so will reduce long covid.  You keep thinking that people who test positive to covid (ie carry the virus) after vaccination have the disease COVID-19.  That is not the case.  The vaccine prevents the disease in almost all cases.  If you do not get the disease then you are unlikely to get long covid.  The vaccine is very important to both young and old.

&gt; Its not pushy dodgy stories

It is.  You keep saying all of this undermines the vaccine, implying that people should not get vaccinated.  That is anti-vax nonsense.",0.0,AskReddit,2021-07-27 02:46:51
"&gt; Therefore I think its prudent to not make broad generalizations saying its effective at preventing long-covid.

They are not my generalisations, they are the medical fields.  Yes, more time gives more data but we KNOW that the vaccine prevents the COVID disease. Do you disagree with that statement?

&gt; I'm someone who is 28, and the only thing i'm realistically afraid of is long-covid. 

Ok. That is fair.

&gt; I don't have enough assurances about vaccinations helping with long covid due to a lack of data

Are you trying to suggest that you should NOT get the vaccine?  Do you actually think the vaccine causes long covid?  There is no evidence of that, and logically that is a nonsense premise pushed by anti-vaxxers.

&gt; If there isn't a focus on it, then it makes the vaccines way less beneficial for people like me, and plenty will not see the point in getting vaccinated (especially since the severe side effects are more likely in younger people).

I presume you are referring to the risk of blood clots.  [The risk of blood clots are much higher from Covid.](https://www.hri.org.au/health/your-health/lifestyle/people-with-coronavirus-are-at-risk-of-blood-clots-and-strokes)

&gt; Recent data from the Netherlands and France suggest that of the patients with coronavirus who are admitted to intensive care units (ICU), 30-70% develop blood clots in the deep veins of the legs, or in the lungs. Around one in four coronavirus patients admitted to ICU will develop a pulmonary embolism. These rates are much higher than we would usually see in patients requiring admission to ICU for reasons other than COVID-19.",1.0,AskReddit,2021-07-27 03:39:52
Anti vaxxer I used to know said she’s “pro choice across the board” when I asked her why she isn’t getting the COVID vaccine. My jaw hit the floor at the stupidity.,1.0,AskReddit,2021-07-27 03:44:25
"Per your link the risk is low from myocarditis but high from Covid. You are focussed on all the negatives of the vaccine (small) and none of the positives (huge). I would suggest you are reading anti-vax sites that push up the unknown risks of the vaccine and gloss over the known risks from covid.

&gt; “Per million second doses of mRNA COVID-19 vaccine administered to males aged 12–29 years, 11,000 COVID-19 cases, 560 hospitalizations, 138 ICU admissions, and six deaths due to COVID-19 could be prevented, compared with 39–47 expected myocarditis cases after COVID-19 vaccination… This analysis did not include the potential benefit of preventing post-COVID-19 conditions, such as prolonged symptoms and MIS-C”

&gt; If Getting vaccinated were to reduce my chances of long-covid by say 95%, then the benefit of ending this isolating quarantine would be worth the risk of post vax long-covid + risk of side effects from vaccine shot. But the reality is that until there is solid data that shows the benefit for long-covid, then it doesn't seem like for me personally that getting the vaccine is worthwhile for me personally.

The vaccine reduces the chance of you getting the disease covid.

&gt; 99.5% of all the people dying from COVID-19 in the U.S. are unvaccinated.

And you get long covid from the disease covid.

So it is far more than 95% for long covid.  You are jumping at shadows.

Do you never ever meet people? Even relatives?  Given the number of anti-vaxxers out there you only need to meet one infected person.  As people get vaccinated then society is opening up.  

Unfortunately if you are not vaccinated that means that there will be people roaming around who are infected.  You will meet them. If you are unvaccinated you will get covid. Guarantee it.  This disease is not going away.  If you get covid then there is a 25% chance of getting long covid. https://time.com/6073522/long-covid-prevalence/

You are focussed on the wrong thing.  When you get covid (not if), i hope you remember back to this conversation and reflect on your decisions.  I just hope you don’t then go on to infect others.",1.0,AskReddit,2021-07-27 04:18:30
"I'm not a Dr but I think there are certain immune system issues that make getting any vaccine (not just covid) high risk. For example, if someone is recovering from cancer or has a rare autoimmune disease. It's very rare but that's what makes anti vaxxers so infuriating to me. There are people who want the vaccine but can't get it and they are walking around being fucking dummies and putting those people at risk. And don't even get me started about how they are putting children not cleared for the vaccine yet in danger. Stupid assholes.",2.0,AskReddit,2021-07-27 04:39:59
"Your first story says

&gt; They also report that the SARS-CoV-2 protein subunit S1 was present in non-classical monocytes among PASC patients for up to 16 months following initial infection. The viral spike protein mediates the initial stage of SARS-CoV-2 infection by binding to the host cell receptor angiotensin-converting enzyme 2 (ACE2).

The vaccine prevents this binding.  

&gt; While the underlying cause of PASC remains a mystery, some data have pointed to persistent tissue reservoirs of SARS-CoV-2 as a potential mechanism.

Which the vaccine prevents.

How do you read these stories as anti-vax?

Your second link is the same as the first. Did you mean to post another?

&gt; You’re comparing risks assuming I’ll get covid otherwise

Yes. If you are not vaccinated then you WILL get covid.  The virus is NOT GOING AWAY.  It may not be this year, it may be in a few years but unless you and a much bigger percentage of people get vaccinated then you WILL encounter the virus and so the virus will cause the COVID-19 disease, which in 25% of cases will cause LONG COVID.

If you think you can hole up and avoid it, then sorry but you are definitely deluded.

By all means don’t trust the CDC. In fact ignore all stats in the US.  But, the rest of the world is reporting the same data, same statistics. 

There are people who die in car crashes because they wore seat belts, but seat belts saved the lives of thousands of people who would have died without them.  Listening to sites that talk about how not wearing their seat belt saved their life will leave you with a very skewed opinion on the safety of wearing a seat belt.  Same as with vaccines.",0.0,AskReddit,2021-07-27 04:42:57
"&gt; You do realize that there are treatments for covid, which won’t need to be suppressed anymore once the vaccines have their authorization, that reduce hospitalization by up to 85%?

A vaccine reduces it by 99.5%. 

[Do existing drugs work against COVID?](https://www.smh.com.au/national/how-are-hospitals-treating-covid-20210712-p5890t.html)

&gt; So far, most drugs repurposed from the medicine cabinet have failed against COVID – from Donald Trump’s pick, hydroxychloroquine, to the anti-HIV combination lopinavir/ritonavir.

&gt; Two drugs work well enough that they are now standard in COVID hospital wards, including in Australia: the antiviral remdesivir, formulated to fight Ebola and somewhat effective in stopping the coronavirus replicating in cells, and the inexpensive steroid dexamethasone, which dampens that dangerous immune system overreaction. Dexamethasone is the stand-out, shown to bring down the risk of death by a third for COVID patients on ventilators, and nearly a fifth for those on oxygen therapy 

That is a lot less than 85%

&gt; rather than have our body intentionally make a foreign protein.

Source? Vaccines help your body recognise foreign proteins.  Your body deals with foreign proteins all the time.

&gt; will result in me having a better outcome than getting vaccinated currently

Lol. Hope your COVID is not bad.  Just don’t join the 600,000+ others in the US that have died from it.",1.0,AskReddit,2021-07-27 05:40:01
"My dad met an anti vaxer at the beach while I was in the water today. When u got out, I immediately wanted to join in on the fun and enter the conversation. They were talking about chicken pox and how it no longer is a threat. I said “it’s great that pox parties are the thing of the past.” My dad mentioned how the vaccine was a miracle that basically eradicated chicken pox. This man says “chicken pox was not eradicated by the vaccine.” He instead believes that humans somehow developed within one generation an immunity to chicken pox. He then went on to say dumb shit which I wrote down on my phone like “the human body makes plenty of viruses to clean out toxins” or “there are 19 man made viruses. They were derivated (which isn’t a real word) from the oringal viruses.” I was so tempted to say something in a really interested and polite tone. Something like  
“Hey I want to study biology and get a masters degree. I was interested by what you had to say on vaccines and health and would like to learn more. Is there a book or website or other resource you can please direct me to?” It would’ve been hilarious but I had to leave the beach soon. I also did feel bad for his wife too. His wife was angry that her husband was cursing and yelling at a family (while we were walking into the beach). She is vaccinated and she said she believes in science and vaccination. She completely disagrees with her husband. I feel so bad for her. The man is 58 and unvaccinated and I would feel rly bad for her if her husband were to die when death from covid is easily preventable.",1.0,AskReddit,2021-07-27 06:49:38
"Wait so you think the democratic party was anti iraq war, and that only conservative media was pushing the Iraq war?  If so, jesus christ you are just so far gone its insane.    


I'm not a republican, I voted Biden in the election, although I hate both Trump and Biden.  The closest person i've ever aligned with politically was presidential candidate Yang (not who he became in the NYC mayoral race).  As you might recall, he was a democrat and heavily shit on Trump.    


You think that he's a scam artist, yet somehow Fauci is not?  What evidence do you have for that?  Which one of his papers have been retracted for perpetuating fraud?    


Fauci funded the Wuhan lab research and worked to cover up any lab leak theory with Peter Daszak, despite having no evidence that it was a natural infection (which even Fauci had to admit under oath).    
[https://www.wsj.com/articles/anthony-fauci-and-the-wuhan-lab-11622759752](https://www.wsj.com/articles/anthony-fauci-and-the-wuhan-lab-11622759752)  


Do you want to deny that the emails provided by the freedom of information act are accurate?  Or are you going to admit that Fauci is a fraud?  


Fauci has every incentive because if the wuhan lab leak theory ends up being true, there goes gain of function research forever.  CDC and FDA are in pharma's pockets, which are making insane amounts of money off of the vaccine.   


if there was an effective treatment like the one that Peter Mccgollough came out with, then EUA for a vaccine isn't allowed.  Thats the whole motivation behind squashing the effective treatments for covid, is because then the vaccines couldn't come out and be used until fully approved, which hasn't yet happened.  


Peter Mcgollough and his colleagues are all experts, Peter is one of the most qualified people in the world to know about potential ways to treat covid, as we know most covid deaths and injuries revolve around the heart and kidneys, and no one in the world knows more about those organs and interactions from an academic perspective than he does.    


Rejecting trials where one drug is used, isn't prove that the drug isn't effective.  If we treated cancer the same way you think we should treat covid, we'd have little to no progress in survival rates the past couple of decades, rather than the amazing progress we've made.  


Only simpletons with no knowledge of medicine think that one drug would ever make a material difference with this disease in effectively treating it.",1.0,AskReddit,2021-07-27 07:55:00
"&gt; Wait so you think the democratic party was anti iraq war, and that only conservative media was pushing the Iraq war? 

Bush pushed the lie about weapons of mass destruction. The democrats did not have access to the material to determine that was a lie.

&gt; Fauci funded the Wuhan lab research and worked to cover up any lab leak theory with Peter Daszak, despite having no evidence that it was a natural infection (which even Fauci had to admit under oath).

The virus was a natural infection.  Everyone (except anti-vaxxers) agree with this. It was not a manufactured virus.

&gt; Fauci funded the Wuhan lab research and worked to cover up any lab leak theory with Peter Daszak

This is nonsense.

&gt; Fauci has every incentive because if the wuhan lab leak theory ends up being true, there goes gain of function research forever. CDC and FDA are in pharma's pockets, which are making insane amounts of money off of the vaccine.

Are you suggesting that Fauci personally profits from this? You will need a source.

&gt; if there was an effective treatment like the one that Peter Mccgollough came out with

He does not have an effective treatment which is why he is treated like the scammer he is.  When scammers are called out they rail about “biased media”, as if all media is somehow organised to do this, which is obviously looney nonsense.

&gt; Peter Mcgollough and his colleagues are all experts, Peter is one of the most qualified people in the world to know about potential ways to treat covid

Umm no. I see no experts agreeing with him. He is an expert in his own eyes and the anti-vax enablers like Tucker.

&gt; Only simpletons with no knowledge of medicine think that one drug

Only simpletons listen to scammers and not the large body of medical opinion that called out the scammers. If he says he is the only person who “knows the truth” then guarantee they are a scammer.",0.0,AskReddit,2021-07-27 08:03:40
"Some people may be allergic to the components of the vaccine, or may have to delay it while they work out treatment for some other disease, or because they're pregnant. Comparing them to anti-maskers is ridiculous; it's like you're trying to miss my point. 

Also antibodies from COVID infection are not as long-lasting as those from a double vaccine shot. 

Source for all of this: https://eput.nhs.uk/frequently-asked-questions-on-the-suitability-of-the-covid-19-pfizer-biontech-vaccine-for-you/

This isn't for your benefit, I doubt you'll listen to me anyway, but if there's anyone else reading this who is on the fence about getting vaccinated, please just do it. It's a tiny inconvenience and it could prevent more lives being lost. 

Now if you'll excuse me, I've just got an email saying I can change the date of my second jab to a closer one :)",1.0,AskReddit,2021-07-27 09:21:11
"Of course you're not sure.

Here, let me do your job: [https://www.nhs.uk/conditions/coronavirus-covid-19/coronavirus-vaccination/coronavirus-vaccine/](https://www.nhs.uk/conditions/coronavirus-covid-19/coronavirus-vaccination/coronavirus-vaccine/)

&gt;Pregnancy, breastfeeding and fertility  
&gt;  
&gt;You can get vaccinated against COVID-19 if you're aged 18 or over and:  
&gt;  
&gt;you're pregnant or think you might be  
&gt;  
&gt;you're breastfeeding  
&gt;  
&gt;you're trying for a baby or might get pregnant in the future  
&gt;  
&gt;The vaccines you'll be offered depends if you're pregnant and how old you are. The vaccines cannot give you or your baby COVID-19.

These agencies are united in their advice, obviously. Because they're basing it on the best available evidence...

If you actually want to sound credible, find out a single reason as to why you need to avoid the vaccine. Rather than parroting some mommy facebook groups.

My interpretation of you is that you do not want the vaccine independent of your pregnancy status.

Don't be bawling your eyes out if you get a predictable outcome and then appear on r/selfawarewolves where people make fun of your anti science nonsensical decisions.",0.0,AskReddit,2021-07-27 12:51:40
I would buy every single person on the planet (who doesn't already have it) their full dose of the COVID vaccine and I would even pay the anti-vaxxers to take it.,9.0,AskReddit,2021-07-27 19:15:39
"Just an honest question: have you read or watched any of the stories of people who have been hospitalized or died from covid recently? Like [this](https://www.al.com/news/2021/07/im-sorry-but-its-too-late-alabama-doctor-on-treating-unvaccinated-dying-covid-patients.html), for example. The tl;dr is: Unvaccinated people are begging for the vaccine on their deathbeds, and nurses are having to explain that it's too late.

Or [this guy](https://www.news18.com/news/buzz/us-anti-vaxxer-who-made-jokes-about-covid-19-vaccine-dies-of-coronavirus-4008923.html), who joked about not getting vaccinated and then died from covid at age 34.

I find these stories pretty compelling, personally.",1.0,AskReddit,2021-07-28 02:58:06
"My parents aren't. My mom doesn't trust big pharma and especially with how quickly they rolled it out. She knows covid is real. But she had to keep working a retail job through it all so in her eyes she hasn't got it in over a year she could just keep rolling the dice or she could get the vaccine and definitely ""expose herself"" to ""whatever"" comes with it. I think she's wrong but I honestly can't really blame her for feeling this way and being confused. I'm not gonna be the guy to say ""no you should definitely trust pharmaceutical companies."" My dad doesn't want the fight so he's sticking by her till she changes her mind and honestly, I get that too. Just wish they'd do it already so I can stop panicking and so they can be at my son's first birthday party. Not all anti-covid-vaxxers are stupid, evil, selfish assholes. Some of them are but some of them are normal, scared, confused people.",1.0,AskReddit,2021-07-28 04:32:08
"The thing i don't understand is why now? Why arent we able to do a traditional vaccine for covid? Why the need for an mrna vaccine? Why the sudden push to get the entire population vaccinated? There are too many questions, in my opinion.

Im not at all an anti-vaxxer, im not a trump supporter, i dont follow qanon or any of that stuff. I just feel like there are too many unamswered questions.",1.0,AskReddit,2021-07-28 10:02:21
"I'm not anti vaccine, that's a common misconception among those that blindly follow the media and the COVID vaccines. You can be unwilling to take a vaccine and still support vaccines. Vaccines work and there's always a risk/benefit to them. My FIL is on O2 and about ready to be discharged, he's going to be fine. 

&amp;#x200B;

&gt;I like how you state that you're more unlikely to die or have long-term complications when you're trying to argue the vaccine is experimental and doesn't have long-term testing

You must have a serious reading comprehension issue, though I did write a complicated string of words. This is what I said in the simplest form: 

* I'm highly unlikely to contract COVID or its variants. To put it into very rough terms 2-3% likely to contract it.
* If I were to contract COVID or its variants, I'm even more unlikely than I was to contract it to die from it or retain short/long-term complications from it. I'm less than 0.02% likely to die from it ***IF*** I contract it.",1.0,AskReddit,2021-07-28 11:59:04
"I'm not anti-vax. I'm up to date on all tried and tested vaccines, as are my children.

The Covid vaccine I'm against. It's experimental and a lot riskier than the virus which has a 99.9% survival rate for my age bracket.",1.0,AskReddit,2021-07-28 11:59:07
"Only half the US population is vaccinated (56%) and a third of the people that got the two-dose vaccines only got the first shot and didn't bother getting the second. This is despite having enough vaccines doses and access to getting the shots that we could easily vaccinate 150% of the population.

We have a ton of anti-vaxxers, but also a large amount of our college age ""Gen Z"" demographic don't feel like Covid-19 is that big of a deal or doesn't affect them, so they can't be bothered to get the vaccine. Consequently, our Covid numbers are rising sharply again with mask recommendations/mandates starting to get reinstated. 93% of all new Covid cases, 95% of Covid hospitalizations, and 99% of Covid related deaths are made up of unvaccinated people.

Our anti-vaxxers fall into four main conspiracy types: 1) Covid-19 was created by the government/Big Tech in order to secure the release of a vaccine that contains (as mentioned above) a microchip to control the people. 2) it rewrites our DNA and we're the guinea pigs of a nationwide science experiment. 3) the government is trying enforce a ""Socialist Agenda"" and the only way to remain ""liberated"" is stay unvaccinated (this also applies to mask-wearing). 4) (the newest trending one) the vaccine is actually more harmful/deadlier than Covid-19.",1.0,AskReddit,2021-07-28 12:31:43
"The argument isn’t whether they should be called anti vax or not, it’s whether they should get the vaccine or not. The covid 19 vaccine was made quickly because the entire world was working on it and it uses already existing research and technology. There is nothing to suggest long term side effects will exist. History tells us that pretty much all vaccine side effects occur within the first 2 months. Millions have had the vaccine for more than 2 months so why do people believe they’re going to be in danger in 10 years?",1.0,AskReddit,2021-07-28 12:55:16
"I was raised anti-vac. A lot of people assume it's a fairly new thing thanks to the wrongly assumed link to autism, but a LOT of crunchy hippies and tin foil hat fans were against them as early as the 70s. (my parents were both so that's fun! /s) I think honestly the start of anti-vac culture started a lot earlier than some people think, and the mentality of ""back in my day blah blah and I turned out fine!"" really added fuel to this fire. 

On top of that as a young adult I developed a rare reaction called SJS/TENS that is often triggered from medication and vaccines. (Mine was caused by medication) so when I had kids I became very *very* paranoid about giving them *anything* like that in case they have a reaction too. It's very rare, incredible painful and 1 in 5 die from it. They also believe there to be a genetic link to it, so I didn't want to do anything that would cause them to have it too. You know? 

Having said all that - thanks to my condition/reaction I did a lot of research into things like vaccines for my kids, and found just how honestly rare side effects are. In my research I stopped believing vaccines were bad and harmful for the majority of people, I can't stress this enough.  And the more I thought about it, the more I realized if they did have the genetic makings for this reaction, any treatment for say, the flu or even measles, could *also* trigger a reaction. (motrin and other NSAIDS for example is a huge trigger) I talked at length with their doctor about this and he agreed that it's kind of a rock and a hard place kind of situation. He had given my kids a medical exemption because of this, but we also slowly and very carefully started to vaccinated them. I'm talking like one shot a year kind of slow. I'm happy to announce none of them had any major reactions. My own doctor however, due to my personal history, recommended I only get the more dire ones (for example the covid vaccine!) 

Honestly to tl;dr it, it was just reading and researching actual medical reports and information about them. I'm not anti-vac and I believe them to be safe for the majority of people, but I also know and respect people with medical exemptions because I'm one of them. I think the reason people are anti-vac is because it's easier to worry about actively hurting your kids, VS passively hurting your kids.",1.0,AskReddit,2021-07-28 19:03:15
"OK, so all living things are mutating all the time, mainly due to the imperfect way that DNA replicates. The vast majority of these mutations are neutral, that is, they are neither good nor bad for the organism. When you let this go on for a long time, evolution happens because of natural selection: the organisms most suited to their environment will survive and pass on their genes.

But over MUCH shorter timespans, significant mutations can catch on. This is just the early start of evolution, not the end product. When you have an organism that exists in vast numbers (like viruses), and reproduces quickly, those mutations can take hold in weeks or months. It should be noted that DNA-based viruses don't mutate as much, but that's not a factor here, covid is an RNA-based virus. And when enough mutations pile up, you get a new variant. If enough variants pile up, you get a new strain.

The thing about variants is that they can very easily develop the ability to blow right past existing vaccines. Indeed, there is an ""evolutionary pressure"" for them to do so. For diseases like the flu that have been studied for a long time, we can make vaccines that will handle *most* variants, though new strains are still a problem, which is why there is a different flu shot every year.

The covid vaccines--obviously--were developed at warp speed. The goal was just to get something that would be effective against what we have NOW. The scientists assumed--foolishly, as it turns out--that enough people would get the vaccine and herd immunity would kick in before variants became a serious problem. 

This has not happened, and much stronger variants, such as the Delta Variant, have arisen. There is already talk of having to get booster shots to deal with it. And if the anti-vaxxers keep at it, eventually a variant will emerge that will blow right past the current vaccines, and we'll have to start all over again. Of course, a vaccine for that variant will be easier to develop than the first one, because we've done much of the research already. But unless **people get the GODDAM vaccine,** it will count for nothing.

Mark my words: we will still have covid restrictions in December, at least in the countries with irresponsible people and leaders. Places where people acted responsibly (such as New Zealand) have little to no covid now, though even [NZ is beginning to worry about the delta variant.](https://www.theguardian.com/world/2021/jul/03/last-one-standing-delta-variant-poses-threat-to-new-zealands-covid-free-bubble)

[You can read all about it here.](https://www.unitypoint.org/article.aspx?id=db428f77-6e61-497b-91ce-1317a3396dd8)",1.0,AskReddit,2021-07-28 20:03:04
"I haven't actually had the opportunity to talk to a vaccine doubter, but my first thought every time I hear an anti-vaxx conspiracy theory is just ""Why?"" If COVID is just a hoax, why (and how) would world governments cooperate to fake a global pandemic, in the process destroying their own economies and making their citizens miserable? Why would ordinary people all around the world lie about losing loved ones to a fake disease? Why haven't we heard from even one whistleblower? And if the vaccine is ""just a placebo,"" (yes, that is something I've heard people say) - WHY? Why go through the effort of a national vaccine rollout just to administer a useless placebo? I'd respond to a conspiracy theorist's every answer with ""Why?"" because at this point I'm just genuinely curious to see how long they can come up with logical motivations for the villains that feature in their delusions. If their villains don't have reasonable motivations then it all falls apart (at least to someone who isn't already too deep into conspiratorial thinking).",1.0,AskReddit,2021-07-29 03:51:59
Are we talking anti all vaccines or just anti covid vaccine?,1.0,AskReddit,2021-07-29 10:03:56
"I work for a healthcare company. It seems like it should have already been made mandatory, but it isn't here. We've had a few rounds of COVID sweeping through clinics, nearly shutting down the entire clinic where there weren't enough well staff left to see patients. In the pre-vaccine era, we had multiple simultaneous clinics where we nearly had to shut them down due to COVID infections amongst employees. We've had one of these rounds of COVID in the post-vaccine era too, and 100% of the employees who got ill with this most round were unvaccinated. It has very real business continuity consequences when the vaccine is not made mandatory. Sadly however, there's so many anti-vax healthcare workers out there, that we also are worried about losing half our workforce if we make it mandatory. 

Personally if i ran the company, i'd make it mandatory. It would force out all of the anti-vax employees from my healthcare company, and then we'd get the opportunity to hire new staff that actually acknowledges healthcare sciences. But its not my company, and not my millions of dollars at stake if i make such a decision...",1.0,AskReddit,2021-07-29 18:46:31
"This whole damn anti-covid-vax thingy, not even the hardcore anti-vaxxers, those aren't that new, but the ""I generally don't believe in conspiracy theories, but..."" or ""I am not anti-vax, but..."" type. Of course you're only a smart and a thinking person if you reject the dose, otherwise you're a gullible fool doing whatever they say on the telly. It's mostly young men where I live and of course they're oh-so-independent, oh-so-freethinking and oh-so-healthy and immune without getting a vaccine for something that's ""not that dangerous anyways"". And of course they get their info off of facebook",1.0,AskReddit,2021-07-29 21:22:34
"Ok. So let me start by saying that I am NOT a anti- Vax wingnut... I am a 53 year old white male who has been experiencing homelessness since before this whole thing began.  During this time I have on more than one occasion come into close contact with various acquaintances who either had covid, or had recently recovered from it.   This contact involved shaking hands, being in close proximity to (sitting together in a tent for several hours), and even smoking after each other.  (tempting fate I know.) but to date I never contracted the stuff to the best of my knowlege.... (asymptomatic perhaps) I dunno because I never had any tests administered.  And surprisingly the opportunity to get vaccinated never presented itself.  Not that I actively pursued it.  Presently however I have been having issues with my blood circulation, blood clots, etc.  As such I'm currently in a aftercare center where they have tested me several times as per the protocol here.   The have also offered to vaccinate me.  I've been rather surprised to find myself somewhat wary, if not reluctant to take the vaccine.   I can't really offer a concrete reason why.... So I'm curious to ask everybody's opinion. Should I just continue as I have been? Or do I allow myself to be vaccinated (assimilated 😛 jk)  Can anybody offer a comprehensive pro/con list? Is there a preferred vaccine?  why is one preferred over the others.... Have I simply just been lucky to have not caught it? Perhaps I already had it, and recovered? (asymptomatic)  I'm not one to be tempting fate.  Surely I'm not naturally immune to this thing.  (I do have quite a few friends who are in the exact same boat as I.  They haven't vaccinated yet either, most of them claiming...'why fix what ain't broken' and 'If God says it's my time to go then it's simply my time to go and no stupid vaccine is gone change that...'

I find both of these attitudes to be completely ludicrous, ignorant, and irresponsible. 
It's amazing at how stupid the things people say an be....

Anyway... that's my dilemma... ANY HELP APPRECIATED!

susceptible in San Jose",1.0,AskReddit,2021-07-30 04:59:46
"Ok. So let me start by saying that I am NOT a anti- Vax wingnut... I am a 53 year old white male who has been experiencing homelessness since before this whole thing began.  During this time I have on more than one occasion come into close contact with various acquaintances who either had covid, or had recently recovered from it.   This contact involved shaking hands, being in close proximity to (sitting together in a tent for several hours), and even smoking after each other.  (tempting fate I know.) but to date I never contracted the stuff to the best of my knowlege.... (asymptomatic perhaps) I dunno because I never had any tests administered.  And surprisingly the opportunity to get vaccinated never presented itself.  Not that I actively pursued it.  Presently however I have been having issues with my blood circulation, blood clots, etc.  As such I'm currently in a aftercare center where they have tested me several times as per the protocol here.   The have also offered to vaccinate me.  I've been rather surprised to find myself somewhat wary, if not reluctant to take the vaccine.   I can't really offer a concrete reason why.... So I'm curious to ask everybody's opinion. Should I just continue as I have been? Or do I allow myself to be vaccinated (assimilated 😛 jk)  Can anybody offer a comprehensive pro/con list? Is there a preferred vaccine?  why is one preferred over the others.... Have I simply just been lucky to have not caught it? Perhaps I already had it, and recovered? (asymptomatic)  I'm not one to be tempting fate.  Surely I'm not naturally immune to this thing.  (I do have quite a few friends who are in the exact same boat as I.  They haven't vaccinated yet either, most of them claiming...'why fix what ain't broken' and 'If God says it's my time to go then it's simply my time to go and no stupid vaccine is gone change that...'

I find both of these attitudes to be completely ludicrous, ignorant, and irresponsible. 
It's amazing at how stupid the things people say an be....

Anyway... that's my dilemma... ANY HELP APPRECIATED!

susceptible in San Jose",1.0,AskReddit,2021-07-30 05:04:56
"Ok. So let me start by saying that I am NOT a anti- Vax wingnut... I am a 53 year old white male who has been experiencing homelessness since before this whole thing began.  During this time I have on more than one occasion come into close contact with various acquaintances who either had covid, or had recently recovered from it.   This contact involved shaking hands, being in close proximity to (sitting together in a tent for several hours), and even smoking after each other.  (tempting fate I know.) but to date I never contracted the stuff to the best of my knowlege.... (asymptomatic perhaps) I dunno because I never had any tests administered.  And surprisingly the opportunity to get vaccinated never presented itself.  Not that I actively pursued it.  Presently however I have been having issues with my blood circulation, blood clots, etc.  As such I'm currently in a aftercare center where they have tested me several times as per the protocol here.   The have also offered to vaccinate me.  I've been rather surprised to find myself somewhat wary, if not reluctant to take the vaccine.   I can't really offer a concrete reason why.... So I'm curious to ask everybody's opinion. Should I just continue as I have been? Or do I allow myself to be vaccinated (assimilated 😛 jk)  Can anybody offer a comprehensive pro/con list? Is there a preferred vaccine?  why is one preferred over the others.... Have I simply just been lucky to have not caught it? Perhaps I already had it, and recovered? (asymptomatic)  I'm not one to be tempting fate.  Surely I'm not naturally immune to this thing.  (I do have quite a few friends who are in the exact same boat as I.  They haven't vaccinated yet either, most of them claiming...'why fix what ain't broken' and 'If God says it's my time to go then it's simply my time to go and no stupid vaccine is gone change that...'

I find both of these attitudes to be completely ludicrous, ignorant, and irresponsible. 
It's amazing at how stupid the things people say an be....

Anyway... that's my dilemma... ANY HELP APPRECIATED!

susceptible in San Jose",1.0,AskReddit,2021-07-30 05:07:51
"&gt;wearing clothes doesn't cause strokes, or paralysis

[But COVID can!](https://www.health.com/condition/infectious-diseases/coronavirus/nurse-paralyzed-covid-19-acute-disseminated-encephalomyelitis)

&gt;You may have inadvertently made me angrily pro-nudism.

Well, at least it'll keep your position consistent.

Look, the personal choices you make have social consequences.  Choose to be a breeding ground for COVID, and I think it's reasonable for society to exclude you until you quiet being silly contrarian.

And you make all your anti-vaxx arguments as if the choice is between 'vaccine' and 'no repercussions whatever.'  Not, 'vaccine' or 'probably COVID, especially with the highly infectious Delta variant.'",1.0,AskReddit,2021-07-30 16:07:04
"I’m not anti-vax but I was hesitant to get a COVID vaccine. I was concerned because there was so much pressure to develop it so quickly. I personally was not worried about getting COVID, I am young and healthy and took precautions such as wearing a mask and washing and sanitizing my hands frequently. However my work brings me into people’s homes, many of which are elderly, so my understanding at the time was that getting the vaccine would help protect the more vulnerable around me so I ended up getting vaccinated. I’ll be honest I don’t know what to think now.",1.0,AskReddit,2021-07-30 19:17:20
"It's a good question, but there's so much grey area to it.  There won't be an ""end"" like a VE day or VJ day.  There will just be points at which the danger becomes a little less, then a little more again, then a little less again, and etc.

Right now, if you've been vaccinated, you can get a flu-like bug that might be nothing or might suck a lot, but you'll be ok.  If you're not vaccinated and not planning to do so immediately, this would be a good time to batton down the hatches - don't go out and do social stuff like all the people who did get vaccinated.  I'm not going to sit here like so many other Redditor and tell you that if youret not vaccinated, you should just choke to death on Covid you evil anti-vaxxer, you - that's garbage.  But it does mean you need to be constantly watching for whatever metric it is that tells you it is time to get vaccinated (e.g. FDA approval coming in ~mid/late Aug), and in the meantime, don't get swept up in the re-emergence.

If you are vaccinated, don't throw your hands up and say, ""It's over!"" There's still a generalized public health risk, vaccinations or not, and you can still get sick and spread the disease.  Just use some degree of judgement.

So, back to ""the end"" - it has already felt like ""the end"" to a lot of people.  They are wrong.  Historically speaking, we will look back at Summer 2021 from the future and say this was the middle of the pandemic, more likely than not.  Considering the 3rd world where vaccine rollout will be extremely slow, we may even see this as still ""towards the beginning"".

Overall, I would caution you against thinking about trying to define ""the end"", and instead take it one week or one month at a time, with a new risk assessment for yourself and others.",1.0,AskReddit,2021-07-30 21:28:47
"I did time skip because policies don't just change over night. Let me ask you, what do you know about the policies that passed during the Bush administration? Much of it was prison reform, but what it all amounts to is actually pretty horrible. There's a reason people were divided during his presidency, and the presiding opinion is that he was an idiot who only made things worse.

And yes, I do hate BLM. With a passion. Because they're racist ass holes who are trying to make black americans feel helpless and obey. They're speaking a message that black americans oppose in droves, and despite all the bravado, what have they EVER done to actually help anyone? They've torn down statues to historic black figures, set fires to businesses and homes, protested loudly, partnered themselves with antifa whom even the FBI are cracking down on as a terror organization, and spread hate in the form of anti-white racism. Nothing they have done has been conducive with the message of peace they're trying to sell. They have done nothing for black communities, despite having chapters in major cities across the country. So, tell me. What is there to respect about them, aside from the name? Yes, black lives do matter. But the fuckers running that shit show have no idea how to show it. They only care about victims, like George Floyd, because they can use their graves as a stepping stone.

Have you seen any of the aftermath it's had in the man's family? They're ashamed of what's become of their son's name. There have been interviews done, but not ONE of them has been on CNN or any of their affiliate news networks. Because that would weaken their message and make people think.

As for what I call myself politically? I'm a conservative. I take the sum of a group's actions and call them what they are. If it looks like bias and smells like bias, it's probably bias. If it looks un-productive, and nothing is improving despite all the efforts being made, it's probably a waste of time. And so far, that summarizes the Biden administration. Things have only gotten worse since he took office. The only thing that has improved is the finalization and distribution of the vaccine for covid, and that was all but finished before he took office anyway. It was mainly put in the hands of pharmaceutical companies, which is an arrangement Trump made, and I doubt anyone would question how smoothly it actually went. Well, except for Biden, since he's using it as a cover for the uprising in Cuba, so he can avoid being called out on being an asylum denying hypocrite. He wants to grant asylum to the entire mexican population, whose government is failing, but not actively prosecuting them. But when Cuba makes a desperate move for freedom and citizens start getting arrested in droves, fuck face doesn't want to let them in. Because they want democracy.",1.0,AskReddit,2021-07-30 23:56:30
"I think it will continue to mutate.  I hope that it mutates in to less harmful versions, but it will probably go the opposite way into something even more deadly with even worse long term effects for those that do survive.  And then either we will all have antibodies (between vaccines and surviving infections) or die from it, leading to a major push for vaccination against it (similar to the polio vaccine on it's release).  Then in 100 years after no one remembers COVID anymore, anti-vaxxers will re-emerge once again.",1.0,AskReddit,2021-07-31 16:01:50
"There's no such thing as free healthcare. What you consider ""free healthcare"" is paid for by taxes. How much taxes you pay or how much your government allocates to healthcare is a different can of worms. 

With that said, isn't the COVID vaccine free for most US or European residents? And yet, look at the complaints raised by many citizens in Western countries. Anti-vaxxers, anti vaccination passports, people complaining about their human rights being infringed... You even have protests about these ""concerns""! 

As someone who JUST travelled halfway across the world to get vaccinated, the complaints I've heard and the entitlement I've encountered here has my blood boiling. If you're so convinced third world countries offer better healthcare, why don't you move there.",1.0,AskReddit,2021-07-31 18:52:24
"In any experiment to trial a new vaccine, you need a control group.  and as no government was willing to deny their citizens the covid vaccine, the drug companies stated all the 'anti-vax' propaganda to create their own control group of people who are willing to believe the  conspiracy theory's!  (and the up side is this also adds a little chlorine to the gene pool)",1.0,AskReddit,2021-07-31 20:53:12
"Ugh, I’m sorry you’re so limited on the vaccines you can get. I bet the anti-vaxxers make you crazy because of the unnecessary risk they put you in. I’m glad you were able to get the covid vaccine :) Best of luck to you with your bronchitis!",1.0,AskReddit,2021-07-31 23:03:26
Anti vaxxers who are against any type of vaccine? Or people who are against the non FDA approved COVID vaccine? They can be two different groups?,1.0,AskReddit,2021-07-31 23:31:16
"The vaccine is 98% effective while the flu vaccine is something abysmal like 58%, the only reason we still have covid kicking around are our shit anti vax idiot fellow citizens who refuse to get vaccinated, nothing else, nothing, there is no argument to be had.",1.0,AskReddit,2021-08-01 00:47:46
"Personally I think that not wanting/trusting the Covid vaccine is not being an anti Vaxxer. There’s not enough information about it. If you don’t want any vaccines then imo that’s antivax. Like I’m 14 and have  had Covid before. I’m almost certain that I won’t get it again and that if I did Ide be fine. The vaccine however, while it is most likely safe I’m less certain about it. This is so gonna get downvoted",1.0,AskReddit,2021-08-01 01:08:16
"Racism, denial about Covid, flat earth people, anti mask or anti vaccine and Illiteracy",1.0,AskReddit,2021-08-01 03:34:40
"So you are an anti vaxxer. Because everything you said is wrong. 

What you consider long term effects doesn’t even make sense and NO vaccine tests for them. 

Covid itself has long term effects that we presently know of. The vaccine does not.

Vaccines normally take long to make because they’re made in times where there’s isn’t a pandemic. Less funding, more road blocks. 

EVERY SINGLE STEP was followed to safely and effectively make this vaccine. It was sped up because they had near unlimited money and the whole world working on it together. 
Plus all the research from the last 10 years on MRNA vaccines 

What do you think long term means? Like I’ll wake up in 30 years with a random life altering side effect? Cause sorry to break it to you, no vaccine ever produced in human history has tested for that.

The short term effects that we do know, which might lead to long term ones are effects we already know of. 

You are severely miseducated and are a danger to yourself, your family, and to society.

Burn in hell. When you die I’ll exhale a sigh of relief knowing the world doesn’t have you in it anymore, making it unsafe",1.0,AskReddit,2021-08-01 03:42:09
"Idiotic belief systems like flat earthers, anti-vaxxers and conspiracy theories that are just impossible to be a thing. We live in an age where technology is progressing at an exponential rate and we are discovering more and more about how the universe works which is supposed to be making us smarter and advance human society as a whole, yet we still have thousands or even millions of people that think the Jewish community have a space laser or that taking a Covid vaccine will make a metal spoon stick to your arm.",1.0,AskReddit,2021-08-01 08:20:07
Anti covid vaccine yes,1.0,AskReddit,2021-08-01 11:02:35
"Had a tournament during the middle of covid lockdown which became a super spreader event, is also notorious for being anti vaccine in all its forms. Just a few reasons.",1.0,AskReddit,2021-08-01 11:04:31
"Bruh those are another alternative for keys and ecards, literally for opening doors. that is just a good invention has nothing to do with covid since its exists since 2015. No one is being pushed. Masks are mandatory for saving peoples LIVES. Microchips aren’t, its tech, no one demands government forces its population to have the latest smartphone or computer. Thats the same its a private company. 


Idk if you are European but Sweden’s attempt on covid herd immunity is labeled as a failure, the epidemiologist who suggested it admitted even that it was a mistake. They relied on the responsibility of the people. Sweden is not the only country that didn’t lockdown, why don’t they talk about chipping those people?

I looked into Mike Yeadon. His former colleagues say he probably went mental after quitting Pfizer. This happens, people have mental things act up. If maybe a handful (former) scientists say  covid is just an attempt to control people versus hundreds of thousands of scientists, those few are the right ones? That’s not how science works. You insinuate that these scientist who demand lockdowns and such control people and spread fear? What Yeadon does is exactly the same, except it only benefits him. We are a SOCIETY. If you don’t like big companies don’t give them your money.

Sources: 

Sweden
https://www.bloomberg.com/news/articles/2020-12-01/sweden-s-top-epidemiologist-says-herd-immunity-remains-a-mystery
https://www.google.be/amp/s/www.worldpoliticsreview.com/amp/articles/29296/in-sweden-herd-immunity-has-failed-tragically-will-there-be-a-reckoning
https://www.nature.com/articles/s41562-020-01009-0
https://www.google.be/amp/s/amp.abc.net.au/article/12922932


Yeadon
https://fullfact.org/online/yeadon-covid-vaccine/
https://m.youtube.com/watch?v=D1onx7LaNio
https://www.reuters.com/investigates/special-report/health-coronavirus-vaccines-skeptic/https://www.google.be/amp/s/mobile.reuters.com/article/amp/idUSL2N2N72CS
https://www.google.be/amp/s/www.thejournal.ie/debunked-mike-yeadon-pfizer-covid-19-vaccines-5447489-May2021/%3famp=1


Government, hoaxes&amp; SARS/covid-19
https://www.defense.gov/explore/spotlight/coronavirus/rumor-control/
https://www.google.be/amp/s/amp.theatlantic.com/amp/article/614191/https://www.nature.com/articles/s41591-021-01260-6 https://www.unyp.cz/news/anti-vaxx-and-its-motivations https://www.google.be/amp/s/amp.cnn.com/cnn/videos/business/2021/03/26/anti-vaccine-mother-covid-19-misinformation-orig.cnn-business

Biochips
https://emag.medicalexpo.com/the-rise-of-biochipping/
https://www.npr.org/2018/10/22/658808705/thousands-of-swedes-are-inserting-microchips-under-their-skin
https://www.f6s.com/biohaxinternational (has no government investors btw)
https://www.google.be/amp/s/www.theverge.com/platform/amp/22516823/covid-vaccine-microchip-conspiracy-theory-explained-reddit",1.0,AskReddit,2021-08-01 12:06:22
" Because it’s still not 100% safe. All the idiots who refuse to get vaccinated, won’t wear masks, and still insist on being catered to are causing this much more infectious variant to spread like wildfire. 
And the jobs that are available suck. All those sign on bonuses come with conditions like having to wait 90-180 days to get them. The pay even when it’s been raised is still not enough to cover rent and everything else. And people aren’t willing to be used as sacrifices for a business profit when they know they’ll likely have no health benefits or if they do they’ll be so expensive with such a high deductible. 
I’ll use myself as an example. I had planned to use unemployment as long until September while going to school. But our governor ended it and siphoned the money to pay for all the racist and cruel anti immigrant bs he’s doing. So I went out and got a job the first week. Because most of us employees were vaccinated, we were basically ordered to not wear masks so as not to offend any customers. We couldn’t ask if people were vaccinated so unvaccinated unmasked people were always coming into the packed dining room. 
I have had both doses of my vaccine and yet within a week I had Covid and had to quarantine. And they fired me for it",1.0,AskReddit,2021-08-01 16:03:13
"Same I wish all the anti Covid vaccine like me, would realize this is real before it’s too late. And that it is safe and tested",1.0,AskReddit,2021-08-01 16:16:54
"People thinking that because you're not vaccinated that you're apparently a anti vaccine psychopath. 

To put for short, I have to take enough medicine that it makes it dangerous for me to get the COVID-19 shot, so I can't get it, and it also doesn't help that those in my immediate family are notable for brewing up conspiracies and them also thinking the vaccine is a poisonous iron shot.

Living with ultraconservative conspiracy theorists and being the only liberal in my entire family is F.U.N",1.0,AskReddit,2021-08-01 19:25:10
"He is anti-vaccine (later in the forum…I don’t know why I’m still arguing with him…)

Claims he got COVID last year &amp; is just fine…

I’m over people like him",1.0,AskReddit,2021-08-02 06:18:32
"What you described might explain why the COVID death rate is bloated. It doesn’t explain why the vaccine is bad. The vaccine will lessen the effects of COVID even if you still end up getting it. The purpose is to protect you by either preventing the illness or lessening the effects. I have no clue why anyone with a brain wouldn’t get it. If you catch it again or the variants going around, you might not be so lucky. Most anti-vaccine people are poorly educated and don’t know how science works. Or are brainwashed by propaganda. To not take it &amp; argue against it makes you seem very unintelligent. There’s no downside to getting it",1.0,AskReddit,2021-08-02 06:27:30
