comments,score,subreddit,time_created
This is so stupid. If you're young and healthy there isn't much reason to get one but anyone older or with health issues is significantly safer getting the vaccine versus getting covid.,1.0,Libertarian,2021-06-21 20:11:06
"I would think government classes teach you that assault weapons were banned in the 90s.

This guy's written opinion is nuts. He has a section about how AR-15 should be unbanned because the covid vaccine kills more people than rifles do.",0.0,Libertarian,2021-06-23 01:54:42
"So it’s not that great an idea. Consumers should be able to make their own decisions without government interference. If you want to get the COVID vaccine or whatever without waiting for some government test, by all means, go ahead. And a common example of the FDAs failure is aspirin. Aspirin never would’ve gotten through them because of it causing birth defects in dogs. Our judgement is better than some slow-moving, heavy-handed and bureaucratic government institution.",1.0,Libertarian,2021-06-23 08:05:02
"Vaccine Adverse Event Reporting System https://www.openvaers.com

124 pages of COVID INJURIES &amp; DEATHS shortly after taking “the vaccine”…OMG

https://www.pdf-archive.com/2021/03/08/copy-of-reports-of-injury-after-v/copy-of-reports-of-injury-after-v.pdf

Injection ('vax') is very dangerous. Dark Horse podcast has all the details.  https://podcasts.apple.com/us/podcast/how-to-save-the-world-in-three-easy-steps/id1471581521?i=1000525032595

""...more than enough evidence on the Yellow Card system to declare the COVID-19 vaccines unsafe for use in humans. Preparation should be made to scale up humanitarian efforts to assist those harmed by the COVID-19 vaccines and to anticipate and ameliorate medium to longer term effects. As the mechanism for harms from the vaccines appears to be similar to COVID-19 itself, this includes engaging with numerous international doctors and scientists with expertise in successfully treating COVID-19."" https://www.francesoir.fr/sites/francesoir/files/urgent_preliminary_report_of_yellow_card_data_9-6-2021.pdf",-8.0,Libertarian,2021-06-23 12:41:48
"I'm simply not going to be naive, and I don't believe for one second that just because there are a lot of people who say that they are extremely principled libertarians and are even Libertarian Party members, well then that means they have no preference over who is in charge of the two major parties and will never vote for one of the two candidates in a race that they see as important.

I've been on this sub through two presidential cycles and what will be two midterms come 2022, and I know for a fact that there were people who are libertarians who voted Biden to unseat Trump and there were people who voted Trump to avoid a Hillary Clinton presidency (and some who voted for Trump again because they hate neoliberals so much and think that the only big government that is bad is the one that pushes for higher taxes and gun control).

Furthermore, you're acting like me calling out right libertarians for being in the pocket of the GOP come election time is indicative of me being needlessly antagonistic toward that particular bloc of libertarians, when if you check the 'new' tab of this sub you'll see 10x more posts complaining that the members of this sub are much too far to the left and that all the **'real'** libertarians are on GoldandBlack.

Well, when or if you check GoldandBlack, you'll see a lot of anarchists and right wing 4Chan types who seem to really love police violence against minorities and 'the left', are anti-immigration, and are only concerned with guns and taxes. They're also the ones who are antagonistic to trans rights, are anti-vaccine/pro-COVID conspiracies, and don't seem to care about voting laws and push Trump's election conspiracy theories (and even support the Jan 6 rioters).

Now, tell me, does that sound like its a bloc of people more destined to vote for Democrats or Republicans?

Would you say that bloc is more likely to vote to reelect Biden or to vote for someone like DeSantis?",9.0,Libertarian,2021-06-23 19:22:19
"I'd also argue the democrats have been more facist in the sense that any anti-covid vaccine, anti-liberal agenda gets ""cancelled"" and ridiculed and destroyed for no reason other than it's different from what that party wants.",-1.0,Libertarian,2021-06-25 00:37:01
"Good: shut down the useless border wall, shut down Dakota access pipeline, takes Covid seriously and vaccine distribution is great, willing to confront Russia and China, withdrawing from Afghanistan, separates the DOJ and the executive branch like it should be, and supports voting rights.

Bad: still not willing to legalize marijuana federally, lots of spending, idiotic position on the second amendment.",9.0,Libertarian,2021-06-25 03:14:43
"Their mission is to only fullfill wishes to kids who get a Covid vaccine, and if their immunocompromised and can’t get it fuck them and their wishes.",-3.0,Libertarian,2021-06-25 20:28:46
"I remember when Polticfact labeled Trump's ""claim"" that a COVID vaccine was possible to be false.",13.0,Libertarian,2021-06-27 13:33:37
"""Government said 87 per cent of Icelanders received first dose of a Covid vaccine""

First line of  the article.",39.0,Libertarian,2021-06-27 14:56:01
"Because 

&gt;Government said 87 per cent of Icelanders received first dose of a Covid vaccine",59.0,Libertarian,2021-06-27 15:55:25
"I’m informed. I know my risk profile from Covid is extremely small, as I’m relatively young and have no pre existing conditions. I’ve closely followed VAERS and CDC Covid statistics. 

I am, however, in the risk bracket for severe adverse reaction to Covid vaccines. This includes myrocarditis, stroke, etc. Although the risk from the vaccine is very small, it’s still higher than my risk from Covid. I would be an idiot to get a vaccine with so little safety data, for a virus which won’t impact me. Long term effects cannot be extrapolated from six months of clinical data. 

You have no idea what you are talking about, and it’s clear you’ve been conditioned to get angry at those who do. Get the vaccine, don’t get the vaccine, idgaf",1.0,Libertarian,2021-06-27 17:54:45
"[But they are 99.99% effective in preventing someone from getting it and spreading it.](https://www.thestar.com.my/lifestyle/health/2021/05/31/vaccines-9999-effective-in-preventing-covid-19)

And if by chance that 1/10000 person does spread it to another vaccinated person, and they are also a 1/10000 that gets it, it's still 99.99% effective on preventing serious symptoms.

At this point I can't give a shit anymore about people who refused vaccination. I'm fully vaccinated, anyone else can be the same. If they're vaccinated, I'll take the (1/10000)/10000 chance that they'll spread it to me, and if they're not vaccinated, I'll take the 1/10000 chance I'll get it, and the (1/10000)/10000 that it will make me seriously I'll.

If they want to get sick and die, duck em.

There are very very few immunocompromised people that can't take this vaccine. That's usually restricted to live vaccines.It's not a live vaccine and it actually doesn't have any of those restrictions.

I have a few immunocompromised friends, and all of them have gotten it. Their doctors just told them that it won't be as effective for them as it would a person with a normal immune system.

They still do gain some protection, that varies by their condition. So their 1/10000 becomes 1/2000 or so instead.",19.0,Libertarian,2021-06-27 20:54:15
"I mean, when the efficacy of the vaccine was stated at 88-96% depending on factors and virus variant, why would this surprise anyone?

As a comparison, consider these numbers: https://apnews.com/article/coronavirus-pandemic-health-941fcf43d9731c76c16e7354f5d5e187

Out of around 18,000 COVID deaths in May, only 150 were in vaccinated individuals. 

It’s almost like raw numbers out of context can be used to try to sell a narrative, like you’re doing here.",15.0,Libertarian,2021-06-28 02:32:45
"Sure it is an attempt, until they are even restricting vaccinated, covid negative people from continuing on normally. Up until recently even if you had the vaccine and was testing negative, if you came from outside the country it was a mandatory 2 week quarantine which you are required to pay. You can't quarantine at home, and you still need to quarantine for the whole time even if your test before and after arrival are negative.",3.0,Libertarian,2021-06-29 10:51:01
"Oh I wanna play

In science we allow evidence to lead to conclusions. Starting out with a bias (“anti vaccine bullshit”) isn’t science. That’s more like a religious cult!

So what does the evidence say?

Oracle VP Joel Kallman dies of Covid shortly after getting vaxxed… https://apex.oracle.com/pls/apex/apex_pm/r/joel/memories

https://twitter.com/joelkallman/status/1375421558349565952

Middleweight champion Marvelous Marvin Hagler passes away ""unexpectedly"" at age 66 after taking the covid-19 vaccine https://www.dailymail.co.uk/sport/boxing/article-9359529/Undisputed-middleweight-champion-Marvelous-Marvin-Hagler-passes-away-unexpectedly-aged-66.html

Baseball legend Hank Aaron got virus vaccine earlier in January, dies a couple weeks later https://www.wkrg.com/honoring-hammerin-hank/baseball-legend-hank-aaron-got-virus-vaccine-earlier-in-january/amp/

Midwin Charles: 47-year-old MSNBC legal analyst likely suffered for days before dying one month after experimental mRNA shot https://thecovidblog.com/2021/04/07/midwin-charles-47-year-old-cnn-msnbc-legal-analyst-dead-one-month-after-experimental-mrna-shot

DMX Received Covid Vaccine Days Before Heart Attack 
https://mtonews.com/dmx-received-covid-vaccine-days-before-heart-attack-family-says-no-drugs-exclusive

Larry King got the Covid vaccine, then died. https://i.redd.it/0ivz8aezwgk61.jpg

‘Baldwin Hills’ Star Ashley Taylor Gerren dies after getting Covid vaccine
https://sandrarose.com/2021/04/baldwin-hills-star-ashley-taylor-gerren-dies-after-getting-covid-vaccine/

""I want to put an end to all the rumors. I want to show people that there is no danger in getting vaccinated. On the contrary, it will protect us.""- India's Public Health Ambassador Vivekh on national TV as he took the vaccination. He passed away less than twenty-four hours later. 

https://greatgameindia.com/india-health-ambassador-vivek-dies-vaccine/

https://dailyexpose.co.uk/2021/04/21/indias-health-ambassador-dies-one-day-after-taking-covid-19-vaccine/

Celebrated information security researcher Dan Kaminsky dead at age 42 after 2nd Pfizer shot 

Here is Dan tweeting after receiving his first jab on March 22nd. https://twitter.com/dakami/status/1374107732500905985

Here is Dan tweeting after receiving his second jab on April 12th. https://twitter.com/dakami/status/1381716799905886210

Here is Dan tweeting about blood clotting issues.. https://twitter.com/dakami/status/1383695209687502849

Here is one of Dan's last tweets... https://twitter.com/dakami/status/1383704252963459079


Mother of Bee Gees singer's niece speaks out against vaccine after her healthy daughter Beri dies days after getting the vaccine https://i.redd.it/xt18kowecfv61.jpg

Top Israeli Fashion Designer Alber Elbaz - was double vaccinated and supposedly died of Covid19. https://www.timesofisrael.com/alber-elbaz-top-israeli-fashion-icon-and-ex-lanvin-director-dies-of-covid/


Girl gets vaccine, complains about complications and gets fact checked on FB, dies a week later. https://web.archive.org/web/20210406205922/https://i.redd.it/9l4q7ie34mr61.png

Devastated mother demands answers after her son, 20, with muscular dystrophy suffered a seizure and died less than 12 hours after receiving a Pfizer jab

https://www.dailymail.co.uk/news/article-9469529/Mother-demands-answers-son-20-died-12-hours-receiving-Pfizer-jab.html


 21-year-old University of Cincinnati student dies day after J&amp;J shot - just a coincidence
https://local12.com/news/local/coroner-no-direct-connection-found-between-uc-students-death-and-jj-vaccine-cincinnati

Two-year-old baby in Virginia dead six days after second experimental Pfizer mRNA shot
https://medalerts.org/vaersdb/findfield.php

15 year old boy, in Colorado, died of a heart attack 2 days after Pfizer vaccine. No history of allergic reactions. https://www.medalerts.org/vaersdb/findfield.php?IDNUMBER=1242573

15yo boy and 16yo girl die from heart attacks after taking COVID vaccine https://i.redd.it/rewkekln1cx61.jpg

“Williams tested positive for COVID antibodies, meaning he had COVID at one time, but he never knew it. And he had gotten his second COVID vaccine just weeks before his death.” https://wreg.com/news/coronavirus/memphis-surgeon-dies-of-covid-related-illness-weeks-after-receiving-second-covid-vaccine/?fbclid=IwAR0pz9Gjs6per7UPy_qswTKW_M1zAP8u_vu57YjGv_U9DctdwCqEZm1zCEw

Pfizer shot: Woman dies from brain haemorrhage in Japan days after vaccine, but link “uncertain” https://www.reuters.com/article/us-health-coronavirus-japan-death-idUSKBN2AU17Y

Six died in Pfizer late-stage COVID-19 vaccine trial https://www.msn.com/en-sg/news/world/six-died-in-pfizer-late-stage-covid-19-vaccine-trial/ar-BB1bNrEf?bep_ref=1&amp;bep_csid=22940

“The Detroit media icon was found dead at her home by her husband last Tuesday, just one day after taking the COVID-19 vaccine but the official cause of her death is still unknown.” https://detroit.cbslocal.com/2021/02/16/former-detroit-tv-anchor-dies-one-day-after-taking-covid-vaccine/

23 die in Norway after receiving COVID vaccine https://www.wbtw.com/health/coronavirus/23-die-in-norway-after-receiving-covid-vaccine/

“Doctor’s Death After Covid Vaccine Is Being Investigated”https://www.nytimes.com/2021/01/12/health/covid-vaccine-death.html

“Mexican doctor hospitalized after receiving COVID-19 vaccine”https://www.reuters.com/article/health-coronavirus-mexico-vaccines/mexican-doctor-hospitalized-after-receiving-covid-19-vaccine-idUSKBN2970H3

CA woman, 78, gets COVID-19 vaccine, then suddenly dies of something else https://nypost.com/2021/02/14/ca-woman-gets-covid-vaccine-then-suddenly-dies-of-something-else/

Effingham woman’s obituary claims she suffered reaction to COVID vaccine https://www.wibw.com/2021/03/25/effingham-womans-obituary-claims-she-suffered-reaction-to-covid-vaccine/

Reports show women experiencing stronger side effects to COVID-19 vaccines https://www.wptv.com/news/national/coronavirus/reports-show-women-experiencing-stronger-side-effects-to-covid-19-vaccines

“Virginia woman dies shortly after Covid vaccination, though no link has been found” https://www.nbcnews.com/news/us-news/virginia-woman-dies-shortly-after-receiving-coronavirus-vaccine-n1256880

60-Year-Old Father Dies After Receiving Second Dose Of Pfizer Vaccine https://www.msn.com/en-us/health/medical/60-year-old-father-dies-after-receiving-second-dose-of-pfizer-vaccine/ar-BB1d9WTx",0.0,Libertarian,2021-07-01 13:57:34
"We should stop conflating people who don't trust the COVID vaccine with being Anti-Vaxx. 

I'm skeptical of this vaccine and won't take it until I know the long term effects have been thoroughly researched. Less than a year of human trials isn't enough data for me to feel safe enough to get it.

That doesn't make me Anti-Vaxx.

I have all my vaccinations and get a yearly flu vaccine. I will be vaccinating my children. I just don't trust THIS PARTICULAR vaccination because there hasn't been enough research when compared to other vaccinations.

I think it's completely reasonable to not trust a vaccine that's supposed to go through a 10-15 year process, that only went through less than 1 year.",-2.0,Libertarian,2021-07-01 19:28:34
"lol, there it is. A dipshit conservative going for the strawman. Like god damned clockwork. You have to pretend like I didn't say the quantity of them is different and that I did say that they don't exist on one side because you're a pathetic fool. You spread nonsense about the covid vaccine from a ignorant right wing perspective and it makes you feel better to pretend there's the same coming from the left. I laugh directly into your face.",7.0,Libertarian,2021-07-01 19:56:59
"&gt;What harm did this cause? Who was hurt and how?

I don't understand how this even needs to be justified. Just on principle, you should be upset that the (very likely) truth on a topic of great public interest was so easily suppressed, and the fact that this was only reversed after the *government* changed its stance by initiating a formal investigation.

As far as who was hurt... Who knows? Who knows what might be known about the virus that could might have been relevant to therapeutics and wasn't brought to light?

And what about the implications for gain of function research and prevention of future pandemics? This whole thing is downright scandalous.

&gt;Personally I prefer a platform that moderates content. The ones the don't are terrible. It clearly adds value from their perspective.

Same, but you can apply basic, neutral moderation standards that don't prevent rational, good-faith discussion of important issues. This was totally avoidable, and we're seeing it again with the vaccine discussions and alternate covid therapies.

You're crazy if you think the power these platforms are exercising won't be seriously abused (it already has).",1.0,Libertarian,2021-07-02 00:26:21
"Oh look, a Q-Nut. Election conspiracies, vaccine conspiracies, Covid conspiracies, and now race-baiting bullshit about how only Black deaths cause riots. It's not like it has anything to do with the lack of video evidence. Nope. It's all about race, because fuck Blacks, amiright?",2.0,Libertarian,2021-07-02 15:03:27
"No, we weren't. When Biden came into office we didn't even know how many doses of the vaccine we had purchased or where they were. Within a month we had triplled the number of people getting vaccinated, had orders figured out and had a national plan for getting everyone vaccinated. 

This idea that Trump, the guy who thought COVID was a hoax and people shouldn't vaccinate, was ontop of the vaccine rollout is a joke.",-1.0,Libertarian,2021-07-02 17:01:49
Why though? I worked through the entire pandemic touching everyone's items while working in checkout. Then I stocked shelves.... switched to deli and seafood now I work in the kitchen. If it was so bad I would have got it by now. My sister got covid and she had such a mild case she did not even seen sick. Unless I'm getting paid $$$ to get the vaccine then you can shove it,-11.0,Libertarian,2021-07-03 02:10:11
"No worries. I got vaccinated as soon as I was able to, much to the insults, belittling and disapproval of my wife's family. But screw that, I'd like to be able to travel by plane, go to another country in the nearish (year or two) future and I already have respiratory issues, so I'd *really* rather not die in my twenties from a respiratory disease that I am perfectly capable of taking reasonable measures to prevent catching. 

I don't care if my in-laws (and sister) want to buy into whatever covid/vaccine conspiracy that flashes across their computer screen, I just wish they'd leave me alone about mine and my wife's choices regarding the same. 

I hope things get better for you, friend. Rant away, if you need to!",3.0,Libertarian,2021-07-03 06:25:55
"Got to make sure you take care of the little one! Mine is 2, so no covid vaccine yet, though she doesn't seem to have any respiratory issues (though I didn't develop mine until about 3rd grade), but I still don't like taking risks around her. 

It's good things are going well!",2.0,Libertarian,2021-07-03 06:41:43
"&gt;someone who is not vaccinated cannot infect you.

That's false by the way.

Vaccines aren't a magic 'no covid' bubble. They just give your immune system a heads up on what to look out for. Your body still has to deal with it. You stand a much much better chance with the vaccine than without, but people with it absolutely can and will still catch it, especially the older and immunocompromised.

Of course, the conspiracy lot will take that as yet another ""vaccines don't work"" data point because they don't know how numbers and percentages work.",1.0,Libertarian,2021-07-04 16:07:52
"People cared about COVID because it was the bad habits of others that would hurt you. Post-vaccine, it’s playing out the same way. Just some health officials nagging people to wear masks going ignored cause we already got our shot. 

Oh, and I’d bet the people that refuse the vaccine have a lot of overlap with the obese.",15.0,Libertarian,2021-07-05 16:01:30
"You say that as if dying of COVID and dying of the vaccine have equal probabilities. They do not, it’s not even close.",4.0,Libertarian,2021-07-05 16:32:31
"Having been in medicine for decades, we all understand that virtually everything we decide for our patients or encourage them to decide for themselves is a risk benefit decision. Vaccines aren’t risk free, but neither is taking a shower. Anyone with even a basic biomedical understanding of the risk benefit decision between a Covid vaccine vs the risk of dying from Covid would clearly choose vaccination.

Those that oppose Covid vaccines generally lack the knowledge to fully assess the clinical data or use junk science, in my experience. I don’t have a problem with a poorly educated public on basics like the scientific method, as that is what I have seen from a lot of my career. My concern is that people lack the ability to intelligently make this decision and then fail to listen to the doctors and scientists that are top experts in the field.

I’m tempted to take the approach that those that choose against vaccination will have their own set of consequences to deal with (long icu stays, a tracheostomy and ventilator, and death). But the choice not to vaccinate is not just a personal choice affecting just one person. Choosing not to be vaccinated encourages dangerous Covid variants to evolve, and over taxes a medical system that is closer to collapse than most people realize.

I’m not for mandatory vaccinations, but I wish people would depoliticize this whole vaccine choice. It really comes down to a medical and scientific decision that overwhelmingly the experts agree on: Get Vaccinated.",7.0,Libertarian,2021-07-05 16:35:38
I’m not playing your anti-vax or conspiracy theory games bruh. [He’s an article if you want your question answered. ](https://www.cnbc.com/2021/07/03/how-moderna-made-its-mrna-covid-vaccine-so-quickly-noubar-afeyan.html) This is a bad faith argument and your such a baby your to afraid to even state an actual opinion.,10.0,Libertarian,2021-07-05 21:48:41
"He did lie about covid and half a million americans died in less than 8 months.  Millions of trump fanatics won't even think about getting the vaccine, guaranteeing the death of a large number of them.  99.3% of all covid deaths are from unvaccinated.  

What if these deadly viruses become the norm?  Trumpers tied their personality to trump's lies.  They will continue to die off at an alarming rate.  You should really think about why you support him.  He grifted your ilk for $350 million and incited an insurrection, imprisoning many of his most ardent supporters.  lol.  

&gt;Donate to trump's legal defense now!!!

If you donated to his ""legal defense,"" or became an insurrectionist or avoid the vaccine, then you're suffering from TDS.",16.0,Libertarian,2021-07-05 23:58:45
"There are about 30 years of research and safety data behind mRNA vaccines and other mRNA therapies. Many of them have gone through several short as well as long term high powered safety trials without major concern. Below is a link debunking several mRNA vaccine myths including your false claim that mRNA vaccines lack long term safety data. So consider yourself corrected by real actual science. I could send you articles from scientific journals, but I doubt you would be able to understand them.

The only difference with the Covid vaccine is that the mRNA sequence is specific to the Covid Spike protein. But this is common practice in vaccine technology and is done every year with each new influenza vaccine. This is because a new influenza strain comes out every year and the previous year's vaccines are ineffective. The fact that they have to use a different antigen every year does not mean that the new vaccine will be unsafe as you are proposing.

You seem to be incorrectly equating full FDA approval with ""safe"" and ""no longer experimental,"" which fully displays your ignorance and is rather hilarious given that this is a libertarian thread. Why would any self respecting libertarian give such inappropriate and false authority to one government institution? I don't think even the most hard core supporters of the FDA would agree with your assumption.

Have you ever taken aspirin or Tylenol? Neither of those drugs are FDA approved nor do they have the rigorous long term FDA required safety trials that you are claiming is a valid reason not to accept a vaccine. In fact, I spent 20 years of my career volume resuscitating trauma victims and surgical patients with non-FDA approved volume expanders. If I follow your logic, I should have let those people bleed to death because blood products aren't FDA approved and lack large rigorous long term safety studies.

I know of no REPUTABLE scientist or physician that calls this vaccine ""experimental"" as you are doing and there is no scientific or logical basis for making that statement. You are politicizing the vaccine and using junk science and fallacious logic to support your claims.

[https://www.oligotherapeutics.org/facts-about-mrna-vaccines-and-the-decades-of-research-that-went-into-creating-them/](https://www.oligotherapeutics.org/facts-about-mrna-vaccines-and-the-decades-of-research-that-went-into-creating-them/)",1.0,Libertarian,2021-07-06 17:26:21
"Just like you can't do long term studies every year on the antigens specific to this year's flu antigens, you can't do long term studies on a novel spike protein. But you are equating that to lack of safety or ""inability to be FDA approved,"" which is false. Nevertheless, the flu vaccine is exceptionally safe as is the Covid vaccine. It's not word salad, this is the basic science behind vaccines.",1.0,Libertarian,2021-07-06 17:48:09
"Yes, long term studies show exactly that the mRNA disappears after the immune response is achieved. That is why a booster is needed. You do not get ""massive amounts of spike protein,"" unless you decline the vaccine and then get Covid. The virus will be glad to hijack your body and make massive amounts of spike protein and every other protein it needs to replicate.

In medicine we do what is called a risk benefit decision. Almost never is a therapy 100% safe. The vagaries of possible long term side effects you propose lack a significant basis in our scientific understanding of how this vaccine and other mRNA vaccines work. Is there a zero percent chance of something long term popping up? No, just like I can't disprove to you that Santa Clause doesn't exist, scientifically. All I can do is show that it is very very unlikely. Given the risks of death and long Covid, all I am saying is that any intelligent, reputable physician or vaccine scientist would recommend the Covid vaccine over not getting it.",1.0,Libertarian,2021-07-06 18:08:49
"Polio killed 5-15% of infected people. If someone said I could choose to get injected with polio or COVID-19 without a vaccine for either, I'd pick COVID hands down.",-1.0,Libertarian,2021-07-06 21:32:01
Education?  Like “we’re not sure if you are aware but there is Covid about and we have a vaccine now”?,1.0,Libertarian,2021-07-06 21:38:29
"Covid is not deadly if you aren’t unhealthy. 

Also - we always forget natural
Immunity. 

Individuals who have had SARS-CoV-2 infection are unlikely to benefit from COVID-19 vaccination

https://www.medrxiv.org/content/10.1101/2021.06.01.21258176v2

Lasting immunity found if recovered from Covid
https://www.nih.gov/news-events/nih-research-matters/lasting-immunity-found-after-recovery-covid-19

Cleveland clinic study of 52,238 employees shows unvaccinated people who have had COVID 19 have no difference in re-infection rate than people who had COVID 19 and who took the vaccine.
https://www.news-medical.net/amp/news/20210608/No-point-vaccinating-those-whoe28099ve-had-COVID-19-Findings-of-Cleveland-Clinic-study.aspx?__twitter_impression=true

Recovered COVID-19 patients are likely to better defend against the variants than persons who have not been infected but have been immunized with spike-containing vaccines only.
https://www.medrxiv.org/content/10.1101/2021.04.19.21255739v1.full


Had COVID? You’ll probably make antibodies for a lifetime https://www.nature.com/articles/d41586-021-01442-9

Yes you are immune from Covid after you have it 
https://www.cell.com/cell/fulltext/S0092-8674(20)31565-8?_returnURL=https://linkinghub.elsevier.com/retrieve/pii/S0092867420315658?showall%3Dtrue&amp;utm_source=share&amp;utm_medium=ios_app

Johns Hopkins Prof: Half Of Americans Have Natural Immunity; Dismissing It Is ‘Biggest failure Of Medical Leadership’ https://summit.news/2021/05/26/johns-hopkins-prof-half-of-americans-have-natural-immunity-dismissing-it-is-biggest-failure-of-medical-leadership/

Johns Hopkins professor says 'ignore the CDC' — 'natural immunity works' https://www.theblaze.com/news/johns-hopkins-professor-ignore-cdc-natural-immunity-works

Immunological memory to SARS-CoV-2 assessed for up to 8 months after infection
https://science.sciencemag.org/content/371/6529/eabf4063.full

Had COVID? You’ll probably make antibodies for a lifetime 
https://www.nature.com/articles/d41586-021-01442-9

SARS immunity found to last at least 17 years
https://www.nature.com/articles/s41586-020-2550-z_reference.pdf",-1.0,Libertarian,2021-07-06 22:43:48
"Okay so before people get too confused, the covid variant that originally swept through *was man-made,* **AND THIS IS A GIANT FREAKING HOWEVER DON'T IGNORE THE REST OF WHAT I'M GOING TO SAY:** These are control group variants made so vaccines can be most effective, what ended happening was either a failure in the suits they are in or decontamination points they have to pass through. This is part of the reason why the vaccine was made so quickly on top of being a priority, some information was already processed .  


The delta variant is the reason why we create ""super viruses"", generally to prevent shit like that from being a possibility in areas with a majority vaccination rate.",1.0,Libertarian,2021-07-07 01:36:36
The most dangerous part of getting the covid vaccine is driving to the clinic.,7.0,Libertarian,2021-07-07 07:51:34
"And he's equating lab trials to the COVID vaccine, let's not leave that part out...",8.0,Libertarian,2021-07-07 11:44:07
"I'd say you're close but not quite. The CDC (and by extension the msm) has done an exceptionally poor job communicating the risks and rewards. They haven't come out conclusively saying that it is comparable to say the polio vaccine. It's very muddled among different success rates, health risks, etc. I'm not saying at all that the right isn't culpable in creating the ambiguity. But remember this is Trump's action, not Biden's. Trump oversaw the FDA giving emergency approval, Trump pushed the vaccine readiness timeline, Trump touted the vaccines prior to the election. So for the right to reject it is taking credit away from their savior.

There isn't a lot of trust in the government as a whole, and I don't think the right is alone in that. But when it comes to COVID, the politicizing of the situation pushed the right to reject the CDC and the rest to rally behind it. I'm not sure any incentive from the government actually pushes people in the right direction, quite the opposite.",2.0,Libertarian,2021-07-07 12:59:14
"It's not an appeal to authority. That would be saying to trust the FDA implicitly.

The point is, they don't know what they are talking about.

It's not experimental - it's had substantial testing for safety, but you can't get efficacy testing without years of data. Are there side effects? Sometimes. At rates any higher than other medications? No.

Also, thinking having the vaccine means you don't need masks and social distancing is wrong. The vaccine preps your immune system, it's not a magic no-covid bubble. While community transmission rates are still high, masks and distancing are prudent. Get the transmission rate low and it won't be as important.",2.0,Libertarian,2021-07-07 14:29:26
"You don't though. This isn't even about wether you trust the FDA, that's a different question entirely. I don't blame *anyone* for being sceptical of authority, especially government.

But you just don't understand.  

It's not experimental - it's had substantial testing for safety, but you can't get efficacy testing required for a non-emergency authorisation without years of data. Are there side effects? Sometimes. At rates any higher than other medications? No.

Also, thinking having the vaccine means you don't need masks and social distancing is wrong. The vaccine preps your immune system, it's not a magic no-covid bubble. While community transmission rates are still high, masks and distancing are prudent to help reduce spread even if you are personally less vunerable. Get the transmission rate low and it won't be as important.",1.0,Libertarian,2021-07-07 14:31:41
"Interesting, sounds like you leave room to be convinced though. Is this the first vaccine you have refused to get? When was the last time you got vaccinated for anything, when you were a kid? Would you get the vaccine if it were required for international travel, let's say the country you want to visit is dealing with an outbreak of covid from American tourists. 

It's OK to say no to the vaccine, but I have doubts that people who are refusing *this* vaccine are anti-vaxxers. At least they try to claim some faulty science and studies as their reason to not be vaccinated. I've heard so many others refuse it simply because democrats are for it.",4.0,Libertarian,2021-07-07 14:52:39
"It literally IS experimental as it hasn't undergone the same level of trials that is normally required for standard FDA approval.

And the CDC's own tracking of adverse reactions proves you don't know what you are talking about with regards to it being as safe as other medications.  The COVID vaccines have more adverse reactions than all the other vaccines combined.  That is a fact.

and yes, normally when you take a vaccine, you are protected from the virus.  If this ""vaccine"" doesn't do that, then it is little more than a glorified flu cocktail shot.",1.0,Libertarian,2021-07-07 15:05:22
"How, *exactly*, do you think vaccine protection works? Just in general, not specifically covid or flu or something.

Do you understand the concept of *what a vaccine does*?",1.0,Libertarian,2021-07-07 15:07:37
"I already had COVID. I am in no rush to get this vaccine when so little is known about long term affects. It seems more information is coming out about it’s negative effects on the heart/ cardiovascular system. Heart problems and heart disease run rampant in my family, I spend a lot of time and energy making sure I’m living in a way to mitigate that as much as I can, until more information over time comes out, I probably won’t run the risk of getting it. Especially since, like I said, I’ve already contracted COVID and recovered. I have all my other vaccines, for the record.",1.0,Libertarian,2021-07-07 15:16:58
"So you are asking for long term studies on JUST one sequence of mRNA that was discovered less than a year ago. Obviously you know you are asking for the impossible. This is not how science, medicine and vaccine development work. You don't do long term studies on EVERY antigen. If you waited every year to do this on a flu vaccine, the flu season you created the vaccine for would be long over with a significant death tally. If we waited for several year long studies on Covid vaccines before recommending it, millions more would be dead and a tremendous number of people would be disabled by Long Covid.

Surely you are not suggesting that all influenza vaccines are unsafe. Yet you are using the same fallacious logic to say the mRNA vaccines are unsafe and experimental. Tylenol, aspirin and a whole host of other commonly used medicines also lack this large powered long term safety data you are demanding on the Covid vaccines, but my guess is you have taken these drugs without a single thought in the past for ""lack of long term safety data.""

Nobody is saying the vaccine is 100% safe. Everything in medicine is a risk benefit decision as previously stated. If I tell a patient to take a shower before surgery, they could slip and fall in the shower and die. It is a statistical probability and ironically far more likely than someone dying from an mRNA vaccine. Based on very rare and weird case reports of shower deaths, should I tell them not to shower? Of course not, because the benefit of avoiding a post operative infection is far outweighed by the extremely small chance of death by shower.

The risk benefit analysis of getting a Covid vaccine is no different. Suggesting that a reputable physician shouldn't recommend the vaccine would be idiotic, unethical and suggesting I engage in malpractice. Out of the 100s of millions of vaccines received, the side effects have been vanishingly small in number as well as severity. The efficacy of the vaccine is extraordinarily high (95% prevention of transmission and nearly 100% effectiveness in preventing severe illness and death). You saying that it is ""not very effective"" is childish, stupid and ignorant.

Saying people should not take the vaccine because there is a significant risk in the future because we lack ""long term safety data"" on just this sequence of mRNA is like preparing for the possibility of the earth's gravity spontaneously shutting off tomorrow. We only have a few thousand years of written records that the earths gravity works, but who is to say it doesn't just shut off every 10 thousand or so years? This is the same type of logic and thinking you are using to vilify life saving vaccines and falsely label them as unsafe and experimental.

You cannot say that people are ""likely statistically safe"" from Covid and this further displays your ignorance. If you want to quote an epidemiologist or infectious disease expert, or someone with even a basic understanding of virology, then we can discuss this statement. But you just saying this with a less than stellar high school science education and without scientific data is worse than meaningless, it is harmful propaganda.

If you understood the very very basics of epidemiology, the R value for Covid, the morbidity and mortality of the disease, spent a day in an ICU now loaded with only unvaccinated people, and understood how the Covid virus is mutating due to lack of vaccination we might have an interesting discussion. But you clearly don't even understand the basic differences between mRNA, DNA and how they interact in biologic systems. If you did, you would realize how much of an idiot conspiracy nut you sound like when you say things like ""the mRNA vaccines are really gene therapy.""

Instead of reading about real science and garnering a basic understanding, you seem to insist on quoting lines from what appear to be antivax and/or Russian and/or far Right wing anti science propaganda sites. People like you are far too gone with ""faked moon landing"" type propaganda against science and vaccination to be saved from their own rabbit hole.

I can summarize your scientific acumen in one simple statement: Frequently wrong, but never in doubt. You can post again, but I won't be reading it as I don't see the purpose in arguing with you as you don't seem to be interested in using facts, data and legitimate science. Enjoy your delta variant and your Long Covid.",1.0,Libertarian,2021-07-07 15:31:27
Is it really? Because they're still discovering things that were previously unknown about COVID-19... But the fast tracked vaccine against it is totally fool proof. Sounds legit.,3.0,Libertarian,2021-07-07 15:31:41
"Right, the vaccine gives your bodies immune system the tools to attack the virus.

You can still get the virus, but in *most* cases, with a healthy immune system, your body fights it off, often without you having any concious symptoms.

It relies on your body correctly storing the information, being able to retrieve that and deploy antibodies. Some vaccine responses get the body to store it well, leading to decades or longer of 'memory'. Some vaccine responses don't persist over the long term.

So assuming all goes well, your body sees the vaccine, learns how to target the virus the vaccine is designed for, and when the real thing comes around, is able to activate antibodies and contain it before an infection can become established.

If you are unlucky, or your immune system is compromised or weak (wether due to medical issue, general age, poor health, e.t.c.) you can still get a serious infection, and even an unrecoverable infection.

It's not foolproof. It's not a magic no covid bubble.

Vaccinated people can and will still be infected because 90% effective means 90% reduction in cases that require hospitalisation, not that it prevents 90% of infections. Depending on the virus they can still carry and spread it.

For viruses with low transmission rates (R number), that works really well because it's not bouncing around between the population and still being spread.

For viruses like Covid that are very transmissible, the vaccines *help*. To a significant degree. But as long as community spread remains high (and the delta variant appears to have a mutation that lets it spread easier), vaccinated people are at risk as well.",2.0,Libertarian,2021-07-07 15:31:59
"No, the vaccine doesn't give you any tools.  Your own immune system does that.  All the vaccine does is trigger your immune system to fight and your immune system develops the tools to fight.

The problem with the COVID vaccine is that it is a corona virus and those mutate rather often and quickly, which is why we don't have a common cold vaccine.  There is little to no point to even worrying about a vaccine here, finding treatments should be the goal so that when you get it, you just take some medicine and are fine.  There are numerous out there now, but since they are already established medications for other things that happen to be effective against COVID there isn't any money in that, so they are pushing these new experimental drugs.",1.0,Libertarian,2021-07-07 15:39:15
Do you all realize that you can still catch and spread the virus even if you're fully vaccinated? The only thing the vaccine does is reduce your symptoms if you do happen to catch covid. Could someone explain to me how getting the vaccine would help someone else not catch covid?,1.0,Libertarian,2021-07-07 15:56:10
"Well that makes sense, I know you're different than the other commenter but in any case rather than say ""I won't get the vaccine"" just say ""I already have antibodies for covid"" no need to explain yourself at that point. I think it's funny though that you're worried about the long term health effects of the vaccine but seem to ignore the same long term effects of covid. Sorry you got infected with it, hope things work out for you in the long term in any case.",0.0,Libertarian,2021-07-07 16:14:00
"No, forcing vaccines. Thought that was obvious. Welcome to Libertarian beliefs. I figured you'd understand them to a degree, being on this sub, but let me remind you that personal freedom overrules your feelings in this ideology. If they don't want the vaccine, fine. Let them get covid and suffer. If they want to get it, great. But the choice is theirs. Hence why I said forcing a vaccine would be authoritarian. Info is great, but if they still say no, drop the subject.

And don't solicit on private property. That's the real issue here.",-1.0,Libertarian,2021-07-07 16:44:53
"I mean, to the extent that epistemology create uncertainty as to any future outcome.

[Here’s a quick page from UAB with some info](https://www.uab.edu/news/health/item/12143-three-things-to-know-about-the-long-term-side-effects-of-covid-vaccines).  The basic is the vaccines are short lived and gone from the body in a month or so.  MRNA in particular is very unstable and breaks down quickly — part of the reason the vaccines have such difficult storage requirements.  After it breaks down it’s just amino acid.  The cells that mimic the COVID binding sites (and aren’t capable of doing anything bad) are destroyed by your immune system.  There’s no long term impact because the vaccine just isn’t there after a month, and it’s not making any permanent changes to anything.  It exists long enough to teach your immune cells the recipe to fight COVID, and it’s gone.",1.0,Libertarian,2021-07-07 16:48:35
"The difference is that I already had Covid so it’s water under the bridge at this point. I have a choice over introducing the vaccine. It’s not that I’m not worried, but what could I possibly do about it at this point?",4.0,Libertarian,2021-07-07 16:52:26
"Did I say anything about this ruining people’s lives?

And yes government authority coming to people’s doors to encourage a medical procedure is absolutely authoritarian and coercive. They’re using tax dollars to promote a vaccine for an illness that is becoming less and less of a problem and poses very little threat to the majority of population. If a private organization were to do this that’s one thing but the federal government should not be doing so. It’s the definition of a nanny state. Might as well have them go around and tell people to exercise more and eat less calories since obesity is a bigger health risk than COVID.",-4.0,Libertarian,2021-07-07 18:18:27
"What the fuck are you talking about? Seriously? 

Firstly no one is gonna force you to take a Covid vaccine. Nor is anyone going to arrest someone knocking on your door asking you if you want one.

Secondly, don’t confuse Libertarian for denial of knowledge. I don’t want government interfering in my life, but I’ll happily co-operate on matters of public health and vaccinate myself against preventable diseases.

If you don’t want a vaccine, don’t have it. But seriously just fuck off with your false narrative.",13.0,Libertarian,2021-07-07 19:30:04
https://www.cnbc.com/2021/06/23/cdc-reports-more-than-1200-cases-of-rare-heart-inflammation-after-covid-vaccine-shots.html,1.0,Libertarian,2021-07-07 19:59:33
"Thank you for your thoughtful response.

I disagree, categorically.



&gt;Yes well you can't catch heart disease or obesity by being near a fat person. That's why it's a different sort of crisis.

If transmission is the problem, then it's not deaths from disease. 
Transmission is not a problem when General mortality is incredibly low compared to heart disease. Which is a real problem. 


&gt;That's Capitalism™. I live in a country with universal healthcare so most of these points are more lost on me.

Thats not Capitalism™, it's murder.  (this comes across as a surreptitious attempt to attack an ideology that you directly participate in. Even if you pay higher taxes, you still want to make more money for things that you Excell at. Don't pretend that's false.)

You're in a place that's normalized trust in the government. Here, in ""the land of the free"" we hold a fine tradition of distrust in the government as a direct result of government overreach and abuse. 

&gt;If you think pharmaceutical companies are the worst of the worst boy wait until you learn about banks and investment companies and energy producers and logging etc etc..


This is whataboutism and shifts the subject from pharmaceutical companies to other institutions that, while oppressive, are not related to the subject matter at hand. 
 While stealing is somewhat tantamount to murder because you essentially steal a portion of someone's life and labor, it's not the same as debilitating or killing someone through directed action.
(Link related.) 
https://www.enjuris.com/blog/resources/largest-pharmaceutical-settlements-lawsuits/



&gt;Yes lotteries are very normal? Yes it's very common to push people to be vaccinated?

I've never once seen vaccine coerson. Where is the social engineering to end obesity, diabetes, heart disease, smoking, alcohol abuse etc... They cause more death, but are unobserved in the face of our ""one true enemy"" , covid. (that you need a test to even know if you allegedly have it.)



&gt;Yes also normal, have you never travelled abroad?

This is laughable, I've traveled to 🤔, nearly every state in the union, lived in Mexico, traveled to Central and South America at least 9 occasions, Europe more times than I could ever remember, at least 20x, Iceland twice, Israel, Russia, China, Australia twice, French Polynesia twice, africa 4 times,and this is off the top of my head, not to mention EU dual citizen.

Vaccine passports are 100% NOT NORMAL. Never once in any of my travels have I ever been required to provide proof of vaccination. 

You saying that they are normal gives me pause to even continue this engagement with you. 

&gt;I mean it's not ideal but it's not like there was a better choice.

Did you ever question how China managed to be back to normal in 5 months without any vaccine or door to door pushers? Is that not cause for questioning? Are we allowed to question that?

&gt;In this post you have changed the subject from how obvious it is that millions are dead, you've name called the manufacturers of the vaccines, and you are ignoring the facts about how common vaccines have been for decades.

I'm on topic. This isn't checkers, it's 3d chess. 

Its not obvious that millions are dead, if you turn off the TV. 
Pharmaceutical companies are what they are. It's not liable if it's true. 
They produce this experimental serum and they are exempt from any damages. 

Common vaccines and the covid vaccine bear minimal resemblance. 
The vaccines pre 2020 took an average of 12 years to bring to humans. 
MRNA human trials started less than 12 months ago. 


Please, seriously consider this.",1.0,Libertarian,2021-07-07 20:47:17
"&gt; If transmission is the problem, then it's not deaths from disease. Transmission is not a problem when General mortality is incredibly low compared to heart disease. Which is a real problem.

This is a non sequitur, as the transmission causes the deaths from disease. Heart disease is actively fought in most developed countries. We literally have healthy eating TV adverts and ostensibly widely available support networks.

It's the US that is an outlier. In the UK other than building some emergency hospitals, we have been using our normal health system.

&gt; Thats not Capitalism™, it's murder.

They are not exclusive, Capitalism murders hundreds of thousands every year. What else could it be but profit seeking at the expense of people's lives. Certainly no socialist is going to be advocating for this.

&gt; You're in a place that's normalized trust in the government. Here, in ""the land of the free"" we hold a fine tradition of distrust in the government as a direct result of government overreach and abuse. 

You know nothing about my country, we are rapidly falling down the hole the USA fell down, but our social institutions are seen as a universal good because the right-wing propaganda network was not as established when it was created.

That is the major difference, the lack of widespread believable lies.

&gt; This is whataboutism and shifts the subject from pharmaceutical companies to other institutions that, while oppressive, are not related to the subject matter at hand

It's not whataboutism, it's minimising the claim that they are the 'worst of society'. They are not, so making this claim is unreasonable.

&gt; I've never once seen vaccine coerson.

You do not have children then I assume.

&gt; Where is the social engineering to end obesity, diabetes, heart disease, smoking, alcohol abuse etc...

The UK has many many examples of all of these, but it's rather a long list to go into detail for each. Perhaps you can pick a topic and I'll show you.

&gt; This is laughable, I've traveled to...

This is perhaps a perfect example of bias. You, coming from a developed nation (or two developed nations) are not aware of a scheme that covers most of the world including where you have visited, as you have the privilege of birth.

https://en.wikipedia.org/wiki/International_Certificate_of_Vaccination_or_Prophylaxis is the most common and well known scheme. If you scroll down you'll see a map showing that most of Africa requires this passport and most of the rest of the world requires it if you come from a country with high risk.

&gt; Did you ever question how China managed to be back to normal in 5 months without any vaccine or door to door pushers? Is that not cause for questioning? Are we allowed to question that?

Do we have any good evidence China is back to normal? I'm still seeing insane lead times on all my goods and it seems like this is something you've just assumed is true.

&gt; Its not obvious that millions are dead, if you turn off the TV. 

Let's ask another question. What evidence would you accept? I'm hoping you won't say 'dead people all over the streets like a movie', but I get the idea that you believe in some much more insane things than you're letting slip here.

&gt; Common vaccines and the covid vaccine bear minimal resemblance. The vaccines pre 2020 took an average of 12 years to bring to humans. MRNA human trials started less than 12 months ago. 

Actually a couple of the covid vaccines are 'common vaccines', but yes technology is fucking amazing isn't it. If you think this is crazy, you wait to see what mRNA can do. It literally is the instructions used to build us, and it won't be very long until many fatal diseases become minor irritations.

I could go on at length about modern bioengineering, but this is just the tiniest taste of what's possible.

It was fun replying to you, but I used to go back and forth with conspiracy theorists for many years and I recognise the signs of someone in a self reinforced pattern. I would ask if you do reply, to make sure to make testable claims or predictions, so we're not just shouting past each other.",2.0,Libertarian,2021-07-07 21:41:42
"Ah, yes. A useless vaccine that has caused COVID infection and death rates to plummet. That must be why the vast majority of new infections and deaths are occurring amongst the unvaccinated.

It's just your opinion that it is useless, and fortunately, it's already been established that your opinions are invalid.",1.0,Libertarian,2021-07-07 21:52:40
"People are getting sick from the vaccine. People are dying from the vaccine. People are getting covid after getting vaccinated. New variants are supposedly popping up on a weekly basis which makes the older vaccines obsolete. 

99.9% of otherwise healthy young people survive. 

Facts",-6.0,Libertarian,2021-07-07 21:54:36
"Do you “think”? Explain to me in excruciating detail what you find so alarming about an mRNA vaccine? Why are so few people having issues with it yet you believe it is more dangerous than COVID, explain why you think it is more dangerous than covid?",5.0,Libertarian,2021-07-07 22:19:22
"A total of 18 people experienced blood clots from the J&amp;J vaccine worldwide. 2300 people ages 18–29 died from Covid in the US alone.

[An estimated 10% of people who get Covid suffer long term effects](https://health.ucdavis.edu/coronavirus/covid-19-information/covid-19-long-haulers.html)

Getting the vaccine is a very easy choice",5.0,Libertarian,2021-07-07 22:21:02
"Lol, I mean media groups wouldn't make any money if they just reported boring facts. The numbers are that that the UK, which has 68% of its population vaccinated compared to 55% in the US, has seen COVID-19 cases climb higher than they were during the November spike in cases and about half as much as all time highs. This is after cases had dropped to very low levels from vaccine efforts just like it has in the US. COVID-19 is now again spreading readily in the UK despite their comparatively high vaccination rate.",3.0,Libertarian,2021-07-07 23:44:52
"I had covid and the vaccine. Vaccine made me more sick than covid. 
About half the people I talk to who got the vaccine had to take some time off work. I can all but guarantee the VAERs data will be missing millions of data points when this is all said and done.


But yeah reeee I listen to skeptics guide to the universe and am very smart anecdotes!!!!",1.0,Libertarian,2021-07-08 02:06:23
"&gt;I had covid and the vaccine. Vaccine made me more sick than covid.

But did you die?  I'm sorry you had flu symptoms for a couple days, big ol baby",1.0,Libertarian,2021-07-08 02:41:50
"Australia has had twice as many people die from vaccines this year, as those who have died from the virus itself. 200% more deaths via vaccine. Double the amount. That's insane.

Also, vaccine deaths = 2. Covid deaths = 1.",0.0,Libertarian,2021-07-08 03:47:11
"It’s unbelievable that people are still making flu comparisons at this point.

A) you’ve got your numbers wrong, yearly flu deaths have ranged between 12k and 60k in the US since 2010.

B) even if flu deaths were as high as 90,000, that’s still 6 times less than the 600,000 that have died from Covid in the US.

C) Covid causes long term health effects in a significant number of those who are infected

The risk of complications from the vaccine is incredibly insignificant in comparison to the risks from getting Covid",1.0,Libertarian,2021-07-08 20:27:04
"Lol way to completely pivot away from being dead wrong on one topic to new bullshit. Anyway:

A) Robert Malone didn't ""invent"" mRNA vaccines. He worked on transfection, a step along the path to creating an mRNA vaccine. They were invented by [Katalin Karikó and Drew Weissman](https://www.statnews.com/2020/11/10/the-story-of-mrna-how-a-once-dismissed-idea-became-a-leading-technology-in-the-covid-vaccine-race/)

B) The vaccine isn't ""experimental"". All of the vaccines went through three-phase clinical trials to determine their safety and efficacy. 

C) ""Go do some research"" is the dumbest fucking phrase. If you have a point, make it. Cite the actual concerns you have with the science behind the vaccine. I don't have access to your facebook feed where you read this nonsense",1.0,Libertarian,2021-07-08 23:47:29
The covid manufacturers cannot be sued for vaccine injury.......... I recently learned that,3.0,Libertarian,2021-07-09 04:29:29
"&gt;If it's a good idea then you wouldn't need to include it's genesis, you would be able to show it independently of where it came from. 

I wish I believed this, but I don't.  History has proven that the majority tend to be easily led sheep who submit to majority consensus no matter how evil. Look to any major genocide, religious group, effective dictatorship, the left and the right in this country, etc. The majority never go out of their way to critique ideas or discover truth, they pick a trusted party to lead them and that is the end of the story for them. Which again is why I think censorship on the primary platforms the majority use to ""educate"" themselves is so dangerous.

It doesn't matter if information exists somewhere in the world, these people will never find it of their own volition. And if it's labeled by authority as ""conspiracy"", ""communism"", ""extremism"", etc. By authority these same people will dismiss it on principal.

&gt;What is an example of a good idea that hasnt been able to spread? 

A recent example is Bret Weinstein having his content removed from youtube for discussing potential risks of the Covid vaccine and possible alternative drugs that can be used to combat covid. Not only has this discussion been censored, but it's also been labeled as ""conspiracy"" and ""antivax"" so people refuse to engage with his ideas despite the rational and scientific backing for his opinions. He was also a big proponent of the lab leak theory, and was censored and dismissed for those ideas as well, but now they are being revisited by the MSM so it's ""acceptable"" to discuss them.

Another potential far more important one with potentially vast ramifications is what is going on with Gamestop stock. There is quite a bit of evidence that there are millions of fake Gamestop shares floating around and that Hedge Funds and market makers are heavily manipulating thr share price to avoid massive losses from their short selling positions. This is both potentially an existential crises to the entire stock market as the amount of money on the line from these massive players could cause shockwaves through the rest of the market if they end up paying up per the rules of the game. Even if they don't pay up there is clear evidence that the stock market is rigged and these funds can't lose because of the tools they have at their disposal.

Again, not discussed publically and there are active misinformation and distration campaigns ongoing.

&gt;Large companies have always had a tremendous amount of power, that's how capitalism works. If you really want to get rid of big companies we have to evolve past capitalism first

I don't believe ever in history have companies had this much power and wealth. The tools at their disposal are also terrifying as they can curate and manipulate information with AI tools and AI bots. The only reason we don't live in a technocratic dystopian reality already is because these tools are still in their infancy and the sheer amount of data and conversations ongoing is not currently possible for them to attack all at once. I'm not sure how much longer the data problem will protect us though, as the AI tools get more sophisticated and powerful.",2.0,Libertarian,2021-07-09 22:00:15
"“He produced the most divided country in my life”

Thats just plain wrong. The media produced the most divided country by lying and always taking him out if context.

1. They said he made fun of a disabled reporter, but what they failed to mention is the 30 plus times on video when he did that same hand gesture, when he would catch people being dishonest.

2. On January 6th, The left wing media left out the part in Trumps speech when he said march peacefully

3. Trump didn’t call all Mexican rapists like the media said he did, he was talking about the cartel and coyotes 

4. The Inspector General found that, contrary to false media reports by NPR and others, and implications by NBC and others, the Secret Service did not clear Lafayette Park in May of 2020 for the purposes of allowing Trump to have a photo op posing with a Bible. The crowd was cleared for a contractor to install a fence and because protesters were breaking the law.

5. The Washington Post joins a cacophony of other media in finally correcting their reporting that falsely claimed, early and often, that the Covid-19 ""lab theory"" was a ""debunked"" ""conspiracy theory.""

6. The new york post reported that a vaccine wouldn’t be ready for years, when Trump said he would get it done sooner, and the media laughed at him.

7. The New York Times and other media widely suggested or implied that Trump had not paid income taxes for 18 years. Later, tax return pages leaked to MSNBC ultimately showed that Trump actually paid a higher rate than Democrats Bernie Sanders and President Obama. 

8. CNN claimed Nancy Sinatra was ""not happy"" at her father's song being used at Trump's inauguration. Sinatra responded, ""That's not true. I never said that. Why do you lie, CNN? Actually I'm wishing him the best.""

9. Zeke Miller of TIME reported that President Trump had removed the bust statue of civil rights leader Martin Luther King Jr. from the Oval Office. The news went viral. It was false

10. Josh Rogin of the Washington Post reported that the State Department's ""entire senior administrative team"" had resigned in protest of Trump. A number of media outlets ranging from politically left to right, including liberal-leaning Vox, stated that claim was misleading or wrong.

11. TMZ reported Trump changed the name of ""Black History Month"" to ""African American History Month,"" implying the change was untoward or racist. In fact, Presidents Obama, George W. Bush and Bill Clinton had all previously called Black History Month ""African American History"" month.

12. The New York Times' Michael S. Schmidt, Mark Mazzetti and Matt Apuzzo reported about supposed contacts between Trump campaign staff and ""senior Russian intelligence officials.: Comey later testified ""In the main, [the article] was not true.""

I can keep going, but I don’t have all day, which is sad,because there should never be that many misleading stories about POTUS or anyone for that matter.

Ill agree that Trump had some failings, but most of the crap is from the media being dishonest.",-4.0,Libertarian,2021-07-09 23:33:09
"Still smaller chance of getting covid than not getting the vaccine, even if you've already had covid.",1.0,Libertarian,2021-07-10 22:06:52
"It wasn’t Covid that got Marvin

Middleweight champion Marvelous Marvin Hagler passes away ""unexpectedly"" at age 66 after taking the covid-19 vaccine https://www.dailymail.co.uk/sport/boxing/article-9359529/Undisputed-middleweight-champion-Marvelous-Marvin-Hagler-passes-away-unexpectedly-aged-66.html",1.0,Libertarian,2021-07-11 02:20:47
"Bullshit: https://observers.france24.com/en/tv-shows/truth-or-fake/20210429-covid-usa-disabilities-vaccine-force-fake

So: an excellent community outreach program for individuals or family members where vaccines were administered with full legal consent. 

Of course, the truth doesn’t hit the rage receptors of the reactionary mob who so happily gobble up any old lie that gets cooked up.",2.0,Libertarian,2021-07-11 06:00:27
"This person is clearly swimming through the muck looking for outrage porn. 

Surprise! It’s not true: https://observers.france24.com/en/tv-shows/truth-or-fake/20210429-covid-usa-disabilities-vaccine-force-fake",6.0,Libertarian,2021-07-11 06:01:39
"Did you ever think about the fact that the very best thing possible for the Pharma companies would be if Covid is not eliminated, we don’t reach herd immunity, and a new vaccine/booster is then required every year for the rest of forever?

So…like, if I was a big pharma executive, and I wanted a super reliable income stream for my megacompany, I’d have this incentive to keep some significant portion of the population unvaxxed, so that the 70% or whatever who will get the booster each year continue to require it. 

I dunno, not saying it’s true, just wondering if that thought had crossed your mind.",6.0,Libertarian,2021-07-12 18:24:09
"&gt; Didn't see this one coming

Why not? Pfizer has been [publically talking](https://www.cnbc.com/2021/04/15/pfizer-ceo-says-third-covid-vaccine-dose-likely-needed-within-12-months.html) about it for 3 months now.",18.0,Libertarian,2021-07-12 18:24:11
"At least the vaccines for COVID are way more effective than the flu vaccine.  You're not entirely screwed if everyone around you doesn't get vaccinated.

Of course we could make a worldwide effort to create billions of vaccine doses in a year to beat the virus back for many years, but I'm sure that will be waved off as too hard. It's sad really, we have the means, but not the will.",5.0,Libertarian,2021-07-12 20:02:48
"How about the people who don't want to lose their right to life because you want to spread covid?  

I didn't suggest removing anyone's choice but choices have consequences.  If you want to be a risk to yourself and others, public policy should protect others from you.  We already have precedent for vaccine requirements for travel and public functions like schools.  This is no different",7.0,Libertarian,2021-07-12 21:34:53
"I'm also a fan of Odysee, another youtube competitor that is censorship resistant.

Some of Bret Weinstein's content discussing potential alternative drugs to fight Covid and some of the potential risks of the vaccine were censored on youtube and he's started to produce content on Odysee.",3.0,Libertarian,2021-07-12 22:14:18
They’re not defending the bill at all.  They’re simply saying that people should have the right to choose whether or not they want to get the vaccine.  From what you’re saying it sounds like you think it’d be right of the government to mandate vaccines because the possibility of someone having Covid violates the NAP.,4.0,Libertarian,2021-07-12 22:29:30
"Correct but that doesn't mean rules == you must be against them. 

Plus there are ways of avoiding said rules. Don't go to said school, don't apply for a job that requires them, don't travel to said country. 

Covid vaccine isn't different from having to get tested or have a Hep A-B shot or yearly flu shot. 

So don't make it anything more than that when vaccination rules have been in place for decades.",10.0,Libertarian,2021-07-12 22:40:59
"I read a different article that says they can't require  a vaccine that hasn't been fully approved by the FDA

&gt;The bill bans public schools and universities from requiring vaccines that haven’t received full approval by the Food and Drug Administration. All COVID-19 vaccines in the US have been given emergency, but not full, approval

Fauci said the vaccines will get full approval. 

I can understand the hesitation of not wanting to take a vaccine that hasn't been rigorously studied.",2.0,Libertarian,2021-07-12 23:37:36
The harm is debatable especially if vaccinated. If you’re unvaccinated that’s said person fault for the most part. People act as if corona virus can be completely wiped out. It is completely impossible you’re talking about getting people in 3rd world countries completely vaccinated. At that even if vaccinated there’s a still a risk. This virus will be with us the rest of our lives hell the rest of humanity more than likely. This farce that we need to give up our social lives. Is purely about control. Mainly since there is now a vaccine and despite what anyone else tells us there’s nothing else that can be done about covid-19. If covid is such a monster. How come the government put restrictions on how much food we can have in our houses. Because I’d love for any person to look at the amount of deaths due to obesity it makes covid look like a laughing stock.,1.0,Libertarian,2021-07-13 00:02:55
"You’re not ENTIRELY wrong from a libertarian theory perspective. It’s one of those points consistent with principles, but you have to draw a line somewhere. We take someone’s liberty when they are a proven threat to another person. For example with prisons. 

If your behavior actively has externalities then it’s to some degree aggressive when there’s non harmful alternatives. 

The real question of what exactly property rights are is a tricky one. Do I have a right to pollute the air if it effects your land? The whole idea of my rights start at my fist and end at your nose has been abandoned by libertarians during COVID. 

I’m playing devil’s advocate for you on this since there’s a strong libertarian theory to back you up on this. Jefferson described civil liberties as “unobstructed action according to our will, within the limits drawn around us by the equal rights of others.”

There’s a certain rational floor of responsibility you MAY need to take to enjoy public resources. I’ve always believed air is one such resource in terms of pollution. Vaccination while far more of a stretch than masking is not out of considerable range to mandate.

The main difference between libertarians and anarchists is the understanding the state needs to infringe a little (mostly economically) to actively protect liberty. Most people arguing for mandatory vaccines point to vulnerable populations that can’t get vaccinated. However, this vaccine seems safe for both pregnant women and people with cancer so I doubt that argument would hold water in this case.",7.0,Libertarian,2021-07-13 07:39:13
"The problem is that we don't actually have data from 200 million people getting the shot. One part of the EUA for the mRNA vaccines was that the drug companies were supposed to set up a monitoring system for people who received the shot, they haven't done it. We have VARES here in the US, where adverse reactions have been reported since the vaccine protection act of 1986 passed, but now people are saying that it is ""unreliable"", but there have been a lot of bad reactions reported there to the covid vaccine. 
I can't quite wrap my head around how people have screamed for years that you can't trust big pharma, they have made tons of horrible drugs that harmed people and made billions of dollars from them. 33% of drugs approved by the FDA turn out to be harmful enough to be pulled from the market. The covid vaccine data and data gathering methods are at the very least suspect (yes I have actually read the studies), and the profits from this vaccine alone has already created 9 new billionaires. There is obviously BLATENT censorship happening around all of this information (people banned from platforms a few months ago for talking about ""lab leak conspiracy""), and yet a ton of people call anyone who questions any of this stuff a complete idiot at best, and usually call them a lot worse.",-2.0,Libertarian,2021-07-13 13:02:06
"It seems ridiculous that we can require vaccines for other diseases, but for the one that's actually damaging the economy, people are okay with making it optional.  I guess maybe because these still haven't been FDA approved?

At some point insurance companies should not be required to cover the treatment for anyone who is unvaccinated and catches COVID (except people who can't get the vaccine for medical reasons). Why should everyone else have to pay for someone's hospital bill when they wouldn't even go to the nearest drug store to get a vaccine?",6.0,Libertarian,2021-07-13 15:07:57
"""Kids do not naturally have resistance to disease. Kids so far appear less likely to catch COVID"". What do you think resistance means?  


""N number of people need to be vaccinated to make the general population safe from outbreaks"" - No. N number of people need to **have antibodies** (that's **literally how herd immunity works**), which they can get either from the vaccine, OR from having the disease naturally. Vaccines give antibodies. Getting over the disease gives antibodies. If you don't understand this then you literally don't understand the science or history of vaccines. They probably give different amounts of antibodies depending on the effectiveness of the vaccine vs how hard one got sick with the disease. Most of human history was without vaccines, and natural immunity was the only way we acquired any herd immunity.",0.0,Libertarian,2021-07-13 16:48:58
"So you agree with my main argument. The second part of lying. 

Ofc I will be against lying. But like the old German saying ,if you say a lie long enough it becomes a truth. 

I can't stop people from lying, I can't stop people from believing the lie. The autism part is ridiculously idiot to say the least. But like I said people will hear it and believe it. That's free speech. We cannot stop what we don't like or believe , just because. If may harmful aka trump. It maybe dangerous January 6. But it was free speech at it's purest form. Now to not messed up , just because you have free speech doesn't mean there aren't consequences. 
There is a kase in Arkansa a kkk and neo Nazis  meeting took place, the head of it was arrested. The Supreme court held he had all the right to do it. Don't agree but ok. It was a public forum, it was in public, no threats of harm, it was free speech. There was a case in which same sex marriage was taken to the court, the court rule is free speech. 
I don't agree with the first, I agree with the second. But I understand the reasoning behind it. 

We can't deter, dictate, or program people to simply think this is the right way to think, speak, or follow a ideology's. Michael Angelo suffered the wrath of the church, look at what we obtained thanks to him. Socrates became a philosopher to be studied for times to come, free thinkers. We even have people alive today like Dr Cornell west, people like Ann coulter( don't like her but she has a following). We have people who think Facebook videos discredit vaccines. And those who listen and read articles about breakthroughs in medicine which helped and created a vaccine fast enough to slow down CoVid, that same effective method is showing results to attack cancer. 

But can I tell anti vaxxers to shut up?. Yes I can. Can I censor them? Nope. Should I? Nope. Why not. The moment I say I don't want to hear this, I am no longer allowing free speech. I am being tyrannical. I am a dictator. 
You cannot be free without the most fundamental right, which is freedom of speech.

Not saying that you are against what I think or what is right. But it is good to have a engage conversation. Wether I like your point of view or not.",1.0,Libertarian,2021-07-13 18:32:40
"[Covid vaccine profits mint 9 new pharma billionaires

https://www.cnn.com/2021/05/21/business/covid-vaccine-billionaires/index.html](http://Covid vaccine profits mint 9 new pharma billionaires

https://www.cnn.com/2021/05/21/business/covid-vaccine-billionaires/index.html)",1.0,Libertarian,2021-07-13 18:39:17
Why is someone who does not want to get the Covid vaccine automatically known as an “anti-vaxxer”?   I don’t drink Pepsi. That doesn’t make me anti-soda.,3.0,Libertarian,2021-07-13 19:23:10
"Blood clots from J&amp;J and Astra Zenica have been pretty well documented as well it has just been decided the benefits out weigh the risk

As far as the heart inflammation the question comes in ""is a healthy 18 year old more likely to suffer long term health problems from Covid or the Shot"" according to the physician that patented the technology used to produce the vaccine the info is incomplete but he feels this group (And only this group, as he is still a strong vaccine supporter) should avoid the vaccine

For this he was shut down on Facebook, Twitter, and even his company LinkedIn account closed because it contradicted the WHO guidlines

Back to the point of the OP he is called an anti vaxer by some",2.0,Libertarian,2021-07-13 20:29:05
"[https://www.politico.com/news/2021/07/12/biden-covid-vaccination-campaign-499278](https://www.politico.com/news/2021/07/12/biden-covid-vaccination-campaign-499278)

\^\^ The original article. The one that this video is based on. ABSOLUTELY NOWHERE does it say that the Biden admin is going to monitor and censor the text messages of the hundreds of millions of people who want to badmouth the vaccine. 

They want to see if their is anything that can be done to combat the spam/misinformation being spread by ""Turning Point Action, a 501 c(4) affiliated with TPUSA"" who ""has also sent out SMS messages urging people to sign petitions on the topic. In one message, viewed by POLITICO, Kirk contends, “Biden is sending goons DOOR-TO-DOOR to make you take a Covid-19 vaccine. Sign the petition to: No medical raids in America.”"" 

Read the article. Decide for yourself. But anyone saying that Biden is going to censor the text messages of hundred of millions of people in some 1984 type tactic is simply trying to scare you or rage bait you into clicks.",2.0,Libertarian,2021-07-13 23:15:49
"But how would they know a group is sharing misinformation without, y'know, reading the texts themselves? Even if you have an AI do it, that's still invading one's privacy.

And to be honest, if groups want to spread misinformation within their echo chambers, let them do it. If you keep trying to hammer the legitimacy and efficiency of the vaccine to the point where you look like you're trying too hard, you make them think that they're right. This does nothing but violate privacy and reinforce skewed beliefs.

Within a few years time, these people will either be looked down upon by society or have changed their ways, similar to what happened to anti-vax morons pre-COVID.",2.0,Libertarian,2021-07-14 06:11:24
"&gt; Hey Dumbass, what if they already got the Covid?

GET THE VACCINE.

(guess who is the dumbass. hint,  not me or medical science)",4.0,Libertarian,2021-07-14 13:35:57
"I got the vaccine. I never tested positive for Covid. Pretty smart, right?

Now if you got the vaccine, and I got the vaccine, why the fuck do you care if someone who had a confirmed case of Covid-19 gets the vaccine?

Dumbass.",-3.0,Libertarian,2021-07-14 13:39:39
"&gt; I got the vaccine. I never tested positive for Covid. Pretty smart, right?
&gt; 
&gt; Now if you got the vaccine, and I got the vaccine, why the fuck do you care if someone who had a confirmed case of Covid-19 gets the vaccine?
&gt; 
&gt; Dumbass.

For someone of great ignorance, you sure have devolved into name calling very quickly. 

You have two choices,  

1) END THE PANDEMIC,  or 

2) BE VERY VERY VERY VERY STUPID AND CONTINUE THE PANDEMIC BECAUSE YOU ARE AFRAID OF THE VACCINE

If you want shutdowns and lockdowns all over the place this fall, by all means, choose stupid.",2.0,Libertarian,2021-07-14 13:41:51
"Imagine 4000 people taking a vaccine for polio and still getting polio, would you say the vaccines are working then? 
https://www.nbcboston.com/news/local/nearly-4000-breakthrough-covid-infections-have-now-been-reported-in-mass/2408052/",1.0,Libertarian,2021-07-14 14:48:51
