comments,score,subreddit,time_created
"As much as I would like to believe me being vaccinated means I and other fully vaccinated people dont have to worry about covid and anyone who might have it, the danger of a vaccine evading variant forming is real. Viruses mutate and covid is no different. I am not saying it will happen for sure, just that the possibility is there especially since covid spreads quicker than other viruses that mutate like the flu.",0.0,CoronavirusCA,2021-06-20 22:03:41
"[McDonald's COVID-19 Vaccine Pop-Up Clinics](https://camcdevents.com) are offering a free menu item with vaccination. It may be a bit low rent, but if McD encourages more people get vaccinated, what's the harm?

The list of participating restaurants is a bit on the slim side, but other than that, my hat's off to them.",67.0,CoronavirusCA,2021-06-21 20:49:43
"I have a question for you, I'm not being an asshole or trying to argue sincerely. I asked on another vaccine thing and nobody responded. If vaccinated people can still catch covid, and spread it as well... Then wouldn't that be a perfect storm for mutations? Wouldn't the vaccinated be prolonging the pandemic and it's severity since it has to try harder on those who have the shot? I am just asking if that idea actually holds water at all, and would love for that to not be true.",1.0,CoronavirusCA,2021-06-22 01:24:13
"Keep in mind the mRNA vaccines make your body recognize the proteins on the outside of it.  If it evolved a different shell, that wouldn't necessarily make it spread better or be more deadly.  Most likely a mutant would be worse at spreading and killing.  Covid was pretty good at both compared to the flu.

Never forget, evolution doesn't mean better, it means survival.  Covid was already pretty well evolved to evade the defenses we do have.  Evading the vaccine would probably make it less infectious compared to the original virus with no vaccine.",4.0,CoronavirusCA,2021-06-22 10:19:59
"Different parts of the state behave differently. In Santa Clara county masks are worn by majority of people. I’m in San Diego accompanying my husband on his first business trip in 18 months. Masks are rare down by the waterfront which is where I’m staying. I saw a few masked people but most weren’t. I’m vaccinated and I’ve had COVID. Breakthrough cases requiring medical assistance are more likely to be found in women. I’m a woman. I have been battling COVID long haulers since early 2020. I’ve had two vascular surgeries and I’m on meds for heart disease and high blood pressure. I have had annual physicals and bloodwork. I got the Pfizer vaccine. It’s 88% effective against the Delta variant if you’ve had both vaccines which I  have. I just don’t trust people to do the right thing. The callus disregard towards fellow humans throughout this pandemic has taught me that. I’ve had to accept my country, fellow countrymen, and my religion have all left me with feelings of betrayal.",5.0,CoronavirusCA,2021-06-22 22:49:54
"Again for those who have ignored all information on COVID vaccines.

1. You can contract 
2. You can spread it
3. The vaccine is like armor/weapons. It helps increase you odds of avoiding hospitalization or death. It’s not 100%. Nothing is. 
4. If the virus is allowed to spread mutations will occur. Variants will be the result and they may cause the vaccines to become ineffective. This is why!

I’ve had Covid. I’m vaccinated. I still mask because I don’t trust people to do the right thing. I’m a woman and women are overly represented in breakthrough cases requiring medical assistance.",2.0,CoronavirusCA,2021-06-22 23:24:32
"One shot is meaningless against the delta variant, [which is expected to be the dominant strain in the US](https://www.rollingstone.com/politics/politics-news/cdc-delta-variant-covid-1186531/).  It’s also unsure how effective the Johnson and Johnson vaccine is against the delta variant so that could drop the % of people who are adequately vaccinated if it’s found to be  ineffective.",-39.0,CoronavirusCA,2021-06-23 01:07:05
"As of last Wednesday on the [ZIP code where I live](https://data.chhs.ca.gov/dataset/covid-19-vaccine-progress-dashboard-data-by-zip-code/resource/f9584d29-aa1b-4bc1-8e01-c455a6215e39), staggering 99.9% of 12+ population have received at least 1 dose, 88.8% fully vaccinated.",74.0,CoronavirusCA,2021-06-23 02:21:11
"if your city is vaxxed, the kids are relatively safe..

and they should be getting shots before school starts. 

&amp;#x200B;

FWIW - your kids should be full of MMR.

[https://www.hcplive.com/view/mmr-vaccine-covid-19-protection](https://www.hcplive.com/view/mmr-vaccine-covid-19-protection)

New research shows the Mumps-Measles-Rubella (MMR) vaccine could provide some level of protection against more severe COVID-19 outcomes.  


&amp;#x200B;

[https://www.globenewswire.com/news-release/2020/05/01/2026166/0/en/MMR-Vaccine-May-Reduce-COVID-19-Hospitalization-Rate-According-to-World-Organization.html](https://www.globenewswire.com/news-release/2020/05/01/2026166/0/en/MMR-Vaccine-May-Reduce-COVID-19-Hospitalization-Rate-According-to-World-Organization.html)

ATLANTA, May 01, 2020 (GLOBE NEWSWIRE) -- Ongoing MMR Vaccine and COVID-19 research suggests that the COVID-19 hospitalization rate on the U.S.S. Roosevelt could be unusually low because of strict vaccination policies for all new recruits, according to Dr. Larry P. Tilley. Unlike the general population which typically receives MMR vaccinations only as young children, **the U.S. military gives all new recruits MMR vaccinations upon entry regardless of prior vaccination history.**",18.0,CoronavirusCA,2021-06-24 20:22:39
"no it wasn't

&amp;#x200B;

the Bay Area is literally ""carrying"" other counties. else the state would not be at 70%.

&amp;#x200B;

[**https://www.mercurynews.com/2021/06/22/california-covid-vaccination-uneven-as-state-reaches-milestone/**](https://www.mercurynews.com/2021/06/22/california-covid-vaccination-uneven-as-state-reaches-milestone/)

&amp;#x200B;

**High vaccine acceptance in the Bay Area helped propel California’s overall vaccination rate.** CDC data show several Bay Area counties have more than 80% of those eligible receiving at least one shot: Marin (87.6%), Santa Clara (83.8%), San Mateo (82.8%) and San Francisco (81.8%).  


**Herd immunity in the U.S.? San Francisco offers reasons for optimism**

[https://www.nbcnews.com/science/science-news/herd-immunity-us-san-francisco-offers-reasons-optimism-rcna815](https://www.nbcnews.com/science/science-news/herd-immunity-us-san-francisco-offers-reasons-optimism-rcna815)

&amp;#x200B;

&amp;#x200B;

**How San Francisco succeeded more than other U.S. cities in fighting the coronavirus**  
[**https://www.cnbc.com/2020/08/08/how-san-francisco-beat-other-us-cities-in-fighting-the-coronavirus.html**](https://www.cnbc.com/2020/08/08/how-san-francisco-beat-other-us-cities-in-fighting-the-coronavirus.html)

&amp;#x200B;

**What the San Francisco Bay Area Can Teach Us About Fighting a Pandemic**

[**https://www.newyorker.com/news/california-chronicles/what-the-san-francisco-bay-area-can-teach-us-about-fighting-a-pandemic**](https://www.newyorker.com/news/california-chronicles/what-the-san-francisco-bay-area-can-teach-us-about-fighting-a-pandemic)",8.0,CoronavirusCA,2021-06-24 20:34:09
"https://www.thelancet.com/journals/lancet/article/PIIS0140-6736(21)01290-3/fulltext

&gt;In the longer term, we note that both increased age and time since the second dose of BNT162b2 significantly correlate with decreased NAb activity against B.1.617.2 and B.1.351—both of which are also characteristic of the population in the UK at highest risk of severe COVID-19 (ie, older and vaccinated earlier), independent of other existing factors such as compromised immune status or comorbidity, or geographic-specific responses to vaccination.

&gt;Consequently, further booster immunisations of JCVI Priority Groups in the UK and similar groups in other counties, as well as others with lower vaccine-induced NAbTs than the cohort of BNT162b2 recipients studied here (ideally with modified vaccines that induce NAbs that broadly neutralise emerging VOCs) are more likely to be required to maintain the highest levels of NAbs in regions where B.1.617.2 or other equally NAb-resistant strains become prevalent.",7.0,CoronavirusCA,2021-06-24 20:38:50
"From the [Digital COVID-19 Vaccine Record FAQ page](https://myvaccinerecord.cdph.ca.gov/faq):

&gt; **What if my digital vaccine record is incorrect?**

&gt; If the information on your digital vaccine record is not correct, for instance missing a dose or the wrong dates or brand, you may need to correct or update your immunization record. Follow the troubleshooting tips at cdph.ca.gov/covidvaccinerecord or call 833-422-4255.",13.0,CoronavirusCA,2021-06-25 18:49:19
we call the the McDonald's meal + COVID vaccine a zero sum game,1.0,CoronavirusCA,2021-06-25 23:58:49
In other words the Delta Variant is heading for the Delta and other Southern places still convinced Covid is a hoax or the Vaccine is a dangerous government plot,50.0,CoronavirusCA,2021-06-26 17:11:33
"I have a different answer than the others who replied to you.

My answer: when community spread in your area is very low.

The vaccine (95% efficacy) means you have 1/20th the chance of getting symptomatic COVID relative to an unvaccinated person in the same situation. 

When that ""situation"" is pretty decent for an unvaccinated person, it is REALLY good for you, a vaccinated person. When you multiply two small numbers together, you get very small numbers. That's when it is safe.",13.0,CoronavirusCA,2021-06-26 19:31:23
"Meh, I don’t spend any time around kids under 12 and don’t know anyone in my immediate circle of family and friends that is immunocompromised. Everyone I associate with on a daily basis is vaccinated.

I’ve stopped wearing masks in public and at the gym. I think at this point it should be your choice to wear a mask or not. Most people at this stage in the pandemic are aware of their risks and level of risk they want to take. Let people do what they want and stop judging them for it. And besides, the vaccines prevent spread. Covid will be endemic for the rest of our lives anyways due to all the anti vaccine people.  Masks need to come off someday.",-5.0,CoronavirusCA,2021-06-26 20:32:40
"This also means when there's celebrations like the fourth coming up I'm not going anywhere. It just PISSED me off to no end that my LA family came to visit a month ago and unbeknownst to me (they told us after they fucking got to our residence) that they chose to not get vaccinated and still chose not to get the vaccine after contracting the virus. Now let's all just keep in mind that LA is a Hotspot for covid and the Delta variant entered our territory about in early April. I'm still not speaking to them after this (wasn't talking to them to begin with but now they're dead to me) and honestly 🙃 I told my fucktard parents that they shouldn't invite people over but they don't give a fuck. And because I'm living there temporarily until I move next week I had to be in the same vicinity as these fucks. So I may or may not have already been exposed to their viral sheds or their variants whatever tf they may have had, I already caught it. I hate family. This is why I say fuck people. Lmao it REALLY be your own family.",2.0,CoronavirusCA,2021-06-27 00:03:25
"No I’m not. Around 6k reported have died from covid vaccine according to the CDC. This is by far the most dangerous vaccine in human history, I’m not wrong. Look it up buddy",2.0,CoronavirusCA,2021-06-27 01:41:40
"We'll talk after the FDA approves it and long term clinical studies have been completed (2023ish).

-Both excellent reasons

Maybe some of your people have private medical concerns such as immune disorders, heart problems or clotting issues. Also good reasons.

I like how covid wiped out every other virus in existence.
-Theres no vaccine for the common cold.",-18.0,CoronavirusCA,2021-06-27 19:24:56
"Nah, they don’t care. They keep claiming we don’t know of the possible “long term” effects of covid vaccine, as if people are just going to randomly start dropping dead in 5 years. It’s especially infuriating because their arguments of “long term” adverse effects in certain vaccines are connected to the anti-vax boogie men preservatives thimerosal, mercury, etc. when the mRNA covid vaccines contain zero preservatives  anyway since they’re kept frozen. A lot of them still believe that the vaccine alters your DNA, which is false.",6.0,CoronavirusCA,2021-06-27 19:36:36
"So the vaccine turns you into an asymptomatic carrier. Youre capable of transmisson and totally unaware of it.

That was the original reasoning for trapping healthy people at home- asymptomatic transmission

Now before you respond- dont.

[""cant kill you""](https://www.express.co.uk/life-style/health/1449542/delta-variant-deaths-covid-vaccine-second-dose)",6.0,CoronavirusCA,2021-06-27 19:40:33
"That argument infuriates me the most. It conveniently ignored what the covid long haulers are going through- which can be horrible! and as an immunocompromised person whose has celiac and suffered epstein-barr and shingles repeatedly- a lifetime of managing the long haul of those viruses is what the children will end up dealing with. 
Further, I understand the vaccines were rushed, but they weren’t excactly whipped up from scratch. We’ve been looking for vaccines for other coronaviruses, and there was strong research done on Sars-1 before the funding ran out. Covid19 SARS-Cov-2 is a novel virus, but the basics of a vaccine were already well studied and researched.",2.0,CoronavirusCA,2021-06-27 23:16:10
"No I’m living with the science presented to us. If your vaccinated there’s practically no chance you die or become hospitalized with covid. The vaccine is available to anyone who wants it at this point (excluding kids) so if you don’t get it that’s your fault. It’s people like you who have their head in the sand and want everyone to stay inside for the rest of our lives. With how easy it spreads, covid is never going away completely",-56.0,CoronavirusCA,2021-06-28 04:32:46
"The [Mayo Clinic Write Up](https://www.mayoclinic.org/coronavirus-covid-19/vaccine/comparing-vaccines) is pretty good.

Basically Pfizer and Moderna are the most effective at 94/95% but they require 2 doses.  J&amp;J is slightly less effective but requires only 1 dose.",35.0,CoronavirusCA,2021-06-28 05:01:10
"With millions already affected in the US, I don't think there's way to actually prevent covid variant from developing. What you said applies more to low covid area such as HK, Taiwan (soon to be too late), New Zealand.

The only way to not have to roll the dice on variant is to keep daily covid number close to 0 by enforcing strict lockdown and closing border early. It's likely gonna be a long battle of covid variants in the US with or without the vaccine really.

Of course, we can get lucky if covid doesn't evolve into something that our current vaccine could not protect. But  we are rolling the dice, and I think it's a bit irresponsible to simply blame the unvaccinated people on this. Reality is often more complicated than putting blame on a singular party.",1.0,CoronavirusCA,2021-06-29 02:39:19
"“Analysis of routine testing data up to the 13 June 2021, linked to sequencing and S-gene target status has been used to estimate vaccine effectiveness against symptomatic disease using a test negative case control design. Methods and detailed results are available in Effectiveness of COVID-19 vaccines against the Delta variant. After a single dose there was an 14% absolute reduction in vaccine effectiveness against symptomatic disease with Delta compared to Alpha, and a smaller 10% reduction in effectiveness after 2 doses (Table 8).”

It says the vaccines are 10% less effective against Delta than Alpha variant after 2 doss.  

Where does it say you’re more likely to die if you’re vaccinated?",13.0,CoronavirusCA,2021-06-29 03:57:41
"Plus, conditions which reduce efficacy which you may not even know you have, so little do we fund reasearch in autoimmune illnesses, or know enough about immunosuppressant drug effects on vaccine. 

And not a word on how being vaccinated does—or does not— prevent long covid, which statistically will be a much bigger part of the population than those who die. Though if they’ve never experienced unpredictable CI in this country, we’ll they may wish they had.",-1.0,CoronavirusCA,2021-06-29 06:54:59
"&gt;Vaccinated people don't die? False. Rare but it's happened.

In San Diego, exactly 3 people who were fully vaccinated has died. THREE. And it was a known fact that they were immunocompromised and/or old (70+) [Link](https://www.kpbs.org/news/2021/jun/28/three-post-vaccination-covid-19-deaths-confirmed-s/)

Based on the number who have been vaccinated, they even state that its about the same odds as getting hit by a meteor. You are more likely to die in a car accident than die from covid post-vaccine.",15.0,CoronavirusCA,2021-06-29 07:26:29
"Honest question. 

Who. 
The hell. 
Is at risk still? 

There’s not a soul (in US) that hasn’t had a chance to get vaccinated…

Anyone left had a CHOICE and chose no vaccine. 

I see this the same as allowing people self assisted suicide. 

We must get back to life. 

How many years do we go ruining our economy/ vacuuming wealth to the upper class/not paying attention to important laws being passed because we have covid news now/lose our social abilities for a more infectious, riskier flu? It kills people almost at deaths doorstep. Thats it. Lets fucking go back to work and life.",-21.0,CoronavirusCA,2021-06-29 10:41:55
"Omg, 7 states have ZERO deaths from covid in children. This isn’t killing kids. Y’all want this to be Polio so bad its ridiculous but it never will be. And all the masking and distance just gave this virus more time to mutate before herd immunity. Wish I could communicate better but its infuriating to read “Do it for the children.” When I see those children (my own nieces, nephews, cousins kids) suffering so much more from lack of physical contact with other humans, masks irritating them constantly, tele-schooling thru zoom instead of in person. 

We are getting close to ruining a generation of talent here but go ahead and speed up the process to vaccinate children for a disease pattern that doesn’t kill them.


Remember chicken pox? Some diseases are best to get young when you can fight it off with that growing body’s immunity. 

First do no harm is a doctors decree. This vaccine shouldnt be given to kids for years until we kniw whAt only time can tell",-29.0,CoronavirusCA,2021-06-29 10:58:03
"I don’t know why I’m bothering since you’re not arguing in good faith anyway, but:

1. There’s a new, more highly contagious variant. 

2. The vaccines provide *some* protection against the new variant, but current information is showing that they are less effective against the new variant (even if the difference is small). 

3. This means that there is a possibility you can still catch and transmit covid 19 if you are vaccinated. The overall risk is low, but it is higher for the new variant than for the original. 

4. Lots of people either can’t get the vaccine at all, or are immunocompromised so even if they’ve received the vaccine their bodies aren’t capable of responding to illness the way they need to. 

5. It’s important to many people to protect the more vulnerable members of our society, so there is a *request* to continue wearing a mask for the time being. Note that it is not a mandate; if it isn’t a priority for you to protect the more vulnerable members of our society, then no one is forcing you to wear a mask. 

6. There are already vaccine trials ongoing to work on getting a vaccine to the children under 12. I’ve seen projections that it could be ready as early as this fall. That would protect a huge chunk of the currently vulnerable individuals, and I am capable of being patient for a while longer. Maybe you’re not. That’s fine. Do what you want.",2.0,CoronavirusCA,2021-06-29 15:45:06
"Right, but if it’s possible that the J&amp;J doesn’t protect against Delta ( I posted  about Doctors getting additional vaccines for fear it doesn’t) we need to know that ASAP or we are going to have a bigger problem and more confusion ahead of us.

At the risk of repeating myself , here’s a link to it

CHARLOTTE, N.C. — Some doctors who got Johnson and Johnson's COVID-19 vaccine are already getting boosters of Pfizer and Moderna, even though it is not officially recommended. Those doctors are citing the more contagious Delta variant, also called B.1.617.2, which was initially identified in India, but has since taken root in the U.S., threatening to become the predominant coronavirus variant in the states in coming weeks.

https://www.wcnc.com/article/news/health/coronavirus/vaccine/doctors-vaccinated-jj-boosters-delta-covid-19-variant/275-a2df5a5f-e608-48bc-87b6-ac4bf30b45b3",1.0,CoronavirusCA,2021-06-29 15:59:40
"Well, if you believe as I do, that most of politica is pure projections, these downvoting brigades actually don’t give a shit about truth or science or saving lives. They want to LOOK the part, so they play the part. They will end up doing this all the way to lighting the match to throw in the ovens of their own family members who refused the vaccine and took their masks off early.

Just read that Houston, TX has almost ZERO covid positives in 2 weeks and guess what state ended mask mandates early and libs cried that we were all going to die for not following dear leader biden’s wishes? 

So yeah, I knew what I was getting into, providing an opinion that goes against gov’t science. 

Meanwhile, any doctor you mention or scientist with an alternate ooinion like mine is labelled a Trump voting moron. 

Meanwhile its the states w mask mandates and full vaccinations getting covid still. 

I completely understand how Nazi’s were able to do what they did after my own sister wouldn’t HUG me for 9 months of 2021 because of the 24 hr fear cycle hype machine that was the news and their lies last year. 

The ONLY reason this got this out of hand is Gov. Cuomo and other state leaders sending old people with covid right back to their assisted living facilities instead of the hospital. These death rates are calculated and by the very people who claim to be all about saving as many lives as possible.",-6.0,CoronavirusCA,2021-06-29 19:57:34
"Effectiveness for moderna and J&amp;J against the delta variant are not very well studied yet. In fact the only update for J&amp;J so far is ""we might need a booster"". They are already recommending a shot of Pfizer with astrazeneca in other countries to combat delta, and J&amp;J is the same type of vaccine.

Literally from your own link

&gt;How effective the vaccines are against variants of the virus that causes COVID-19. Early data show the vaccines may work against some variants but could be less effective against others.",7.0,CoronavirusCA,2021-06-30 00:51:13
https://www.cnbc.com/2021/06/29/moderna-says-covid-vaccine-shows-promise-in-a-lab-setting-against-variants-including-delta.html,2.0,CoronavirusCA,2021-06-30 01:48:54
"[https://whyy.org/articles/what-about-the-covid-vaccine-and-cancer-organ-transplants-autoimmune-conditions/](https://whyy.org/articles/what-about-the-covid-vaccine-and-cancer-organ-transplants-autoimmune-conditions/)

""...studies of antibody responses among transplant recipients after the first and second doses of the mRNA vaccines (Pfizer and Moderna)...show that solid organ transplant recipients only have 3% to 58% antibody response. ""

""The French Ministry of Health recently recommended a third dose for immunocompromised patients, finding that it could boost their antibodies. There have been some preliminary studies in the United States. A Johns Hopkins study found that third doses benefited a small number of patients who were immunocompromised. Data published last week in the New England Journal of Medicine showed that after the second dose of the vaccine, immunocompromised patients had a presence of antibodies at 40%, but after getting a third dose, that antibody response increased to 68%.""",1.0,CoronavirusCA,2021-06-30 02:29:32
You can check this page for drop-ins in the South Bay - https://covid19.sccgov.org/covid-19-vaccine-information#dropin,2.0,CoronavirusCA,2021-06-30 02:43:18
"So what's the problem with spreading it asymptomatically if everyone had the chance to get the vaccine? (Young children didn't get the vaccine yet, but for them Covid cases are extremely mild anyway.)",-3.0,CoronavirusCA,2021-06-30 02:56:32
"I know this is a couple days old but here’s my take on things as someone who has experienced some pretty negative issues to the whole thing. First off I am immune compromised. My husband and I have been diligent throughout the last damn near 2 years. I’ve barely done anything or gone anywhere. He’s been fully vaccinated since early February since he works in a scientific field. I have seen friends a total of 4 times in almost 2 years. 3 out of those 4 have been at our home with following the precautions. No one I’ve seen this whole time ever had Covid but I know many people who have, and have had 3 family members die from it. I also personally know 2 people that were hospitalized due to the heart enlargement side effects from the vaccine I never had it but still got my annual flu between thanksgiving and Christmas and was sick with bronchitis for about 3 weeks like I am every year had have been dealing with for the past 20+ years. 
Here’s where things get dicey..I kept getting contradictory and confusing info from different doctors whether or not I could even get the vaccine. I got tired of it so I decided to get it. I went to get it done and within 10 mins of getting the first dose things were getting bad for me. So bad in fact the paramedics had to be called. After about an hour and a half I was allowed to go. Was told I would be called by a state Covid official to give me further instructions. That never happened. I was sick for 10 days after that first dose. Should have gone to the hospital but didn’t because I didn’t want to take up resources. Made my second appointment and when I went to the pharmacy to get it done, even though I made the appointment 4 days before then I was told it was too late in the day and they were unable to open any new packs. Made a new appointment for 3 days later at the beginning of the day and was told then that they were only doing first doses that day. At this point I’m getting pissed but I know how important this vaccine is and wasn’t NOT going to get it.  I FINALLY go to have the second one done when I’m told they are unable to give it to me for 2 reasons. First one is that it’s past the window of availability to receive the second dose “35 days. Wasn’t aware of that because I wasn’t told at the first dose appointment” and second that even if I was in that time frame, my information was flagged saying that since I had such an adverse reaction to the first dose so suddenly that I am unable to receive the second dose anywhere but a hospital/ medical facility and that I was supposed to have been given a special card stating all this and a follow up phone call which I never received either. I now have to wait 6 months to start the whole process over again.

Which brings me to the position I’m in right now. In order to go anywhere and do hardly anything I have to either show proof of being fully vaccinated which I am not, or show a rapid negative Covid test “which are not free” and wear a mask, if they are allowed at all.The mast thing is fine and whatever, but the negative Covid test is a bit much. Do you know how it feels to be treated like a leper so to speak by everyone because I have to wait do go through all this shit again?? I’ve done everything right, everything that has been asked of me, didn’t lie to get ahead of my vaccine eligibility group, stayed pretty much inside and when I wasn’t ALWAYS had a mask on, have had to watch family DIE from Covid, was rejected from a job interview due to not being vaccinated, and yet I’m still being told that I haven’t done enough or that I don’t care about others. I see so many people whether I know them personally or strangers not really give 2 shits about the rules and restrictions but now since they are vaccinated are saying they don’t want to be around anyone who isn’t vaccinated. My husband still gets shit from time to time for wearing a mask still, I can only imagine what I would get. Like I said yes we saw people a few times and yes I realize that was risky, but it was always the same people and it was every time when we were all told it was cool to see people. 6 months puts me at November. So another summer of not really doing anything. My birthday is in November so that’s out. More than likely Christmas and new year’s is as well. My mental health has been suffering for months now, and while Im glad everything is opening back up, it really stings seeing all my friends be able to do things again while being told I have to stay home. Yes I realize I’m immune compromised and need to take extra precautions. I don’t expect anyone to cater to my health issues at all. I never have. I want everything to be open and get things back to as normal as they can be. I won’t do anything without a mask. Just wish I didn’t fall through the cracks with all this to then be called every horrible thing. Sorry for the damn novel.",1.0,CoronavirusCA,2021-06-30 04:27:09
"It is stupidly easy to get an appointment in California. You can even get a next-day appointment here these days. I'm not sure what part of California you are planning on visiting, but you can look up vaccination locations in that local area at [https://myturn.ca.gov/](https://myturn.ca.gov/) when you land and make a quick appointment (assuming you can't access the website in Canada and make your appointment ahead of time from there). Or you can just walk into any pharmacy in the area and ask if they offer COVID vaccines. If they aren't too busy with people who have made appointments they might accept you as a walk-in. Oh, and don't get the Moderna or Pfizer vaccine if you're not going to be in California for at least 3-4 weeks. I don't know about Canada, but that's how far apart the two dosages are here so if you won't be staying that long and vaccinations are hard to get in Canada, you might want to go for the Johnson and Johnson vaccine since it's only one dose. And yes, most places offer you a choice as to what vaccine you want these days.",5.0,CoronavirusCA,2021-06-30 05:29:07
"&gt; Also, what about variant E,F,G,h?

That's a good question! Let's assume you get infected with Delta: For vaxxed people the symptoms are usually very mild and it's not worse than a cold. But at the same time an infection allows your body to generate antibodies against Delta. And it also allows your body to generate antibodies against other proteins than just the spike protein.

Now let's assume that variants E,F,G,h are even more different than the original version and a lot deadlier. In that case would you either: 1) Only have protection from the vaccine against the original variant which is not too useful for those potential new variants. Or 2) already have antibodies against the Delta variant which are likely to be also a lot more effective against the new Covid-variants.",0.0,CoronavirusCA,2021-06-30 09:13:26
"What a nuanced and practical take. Thank you for this.

I am struggling right now with the whole “act as if” approach to social pressure. Where people just say things like “wearing a mask is not a problem” or “the vaccines are safe”.

Attitudes like that completely ignore the human beings and their feelings. Even if those feelings don’t match reality, they still need to be acknowledged if people want to make their point.

You provided a great example with acknowledging that for some, wearing a mask can feel difficult.

Another example would be “you know you’re right, there is some unknown risk associated with vaccines. Based on the most current research, it looks like those risks are very small, much smaller than the downsides of getting Covid or having it continue to circulate in society. So I think it’s worth taking a calculated risk and getting the vaccine.”

If we don’t take this approach, it drives a wedge and causes people to dig their heels in. Logical? Not really. But that’s how people work so it’s best to work with them. Just my 2c.",2.0,CoronavirusCA,2021-06-30 14:46:23
"&gt;zero safety data based off doctors’ opinions on Twitter?

&amp;#x200B;

they're probably reviewing the data from **UK's MIXED VACCINE CLINICAL TRIALS** (which have been underway since.. Feb, IIRC

&amp;#x200B;

[https://comcovstudy.org.uk/home](https://comcovstudy.org.uk/home)

The Oxford Vaccine Group’s Com-Cov vaccine trial is **studying the use of different combinations of approved COVID-19 vaccines** for the first and second immunisation doses.  


**Mixing Covid jabs has good immune response, study finds**

[https://www.bbc.com/news/health-57636356](https://www.bbc.com/news/health-57636356)

&amp;#x200B;

**Mix-and-match COVID vaccines trigger potent immune response**

[https://www.nature.com/articles/d41586-021-01359-3](https://www.nature.com/articles/d41586-021-01359-3)

&amp;#x200B;

**'Mix and match' UK Covid vaccine trial expanded**  
[https://www.bbc.com/news/health-56730526](https://www.bbc.com/news/health-56730526)",6.0,CoronavirusCA,2021-06-30 15:48:27
"***UK is running mixed vaccine trials.***.. i think the data is just starting to come out.

&amp;#x200B;

from Professor Snape ;)

&amp;#x200B;

[https://comcovstudy.org.uk/home](https://comcovstudy.org.uk/home)

Welcome

  
**The Oxford Vaccine Group’s Com-Cov vaccine trial is studying the use of different combinations of approved COVID-19 vaccines for the first and second immunisation doses.**  
This study is being led by the Oxford Vaccine Group (Chief Investigator Associate Professor Matthew Snape), and delivered by a network of trial sites across the UK. The study is funded by the Vaccine Task Force and the National Institute for Health Research (NIHR).",12.0,CoronavirusCA,2021-06-30 16:00:07
"I have some friends that make the same argument about it being rushed, and the full nature of the side-effects aren't well know yet. Then I ask them what are the sides-effects of Covid and they sort of mutter that isn't well know yet either. 

At the end of the day there is no arguing with these idiots. They like to point out the handful of deaths associated with the vaccine out of millions of people vaccinated and ignore the fact that Covid has killed 1-in-530 Americans. They always circle back to the vaccine is rushed and doesn't have full FDA approval and when I press on that issue, will they vaccinate when it gets full approval, they find some other way to backpedal and move the goalpost.",39.0,CoronavirusCA,2021-06-30 17:57:49
"are you under the impression that (covid aside) - the US isn't in the habit of ""double dosing"" - even TRIPLE.. for standard childhood vaccinations with different formulations?

&amp;#x200B;

like POLIO vaccine?

1) sublingual (drops under tongue)

2) intramuscular (jab)

&amp;#x200B;

Table 1. Recommended Child and Adolescent Immunization Schedule for ages 18 years or younger, United States, 2021  


[https://www.cdc.gov/vaccines/schedules/hcp/imz/child-adolescent.html](https://www.cdc.gov/vaccines/schedules/hcp/imz/child-adolescent.html)",0.0,CoronavirusCA,2021-06-30 18:36:54
So don't get it. I think we're at a point now where you can make up your own mind. Is it for the greater good? Yeah. But you don't care about that. So go about your day and don't get the vaccine. If you get Covid it's on you.,12.0,CoronavirusCA,2021-06-30 18:47:06
"and that 99.998% statistic they love to trot out is only looking at death and that is **still** a 1 in about 3000 chance of death and they prattle on about it like it is some kind of “win”

and that’s not even looking at the actual gene changing covid long term effects of catching it. they are a bunch of cowards for refusing to get the vaccine.",8.0,CoronavirusCA,2021-06-30 18:51:04
"My point is, you're an idiot.

 All you probably read on this book chapter was ""fewer than half of all the medical treatments delivered today are supported by evidence"" and was like WELL OKAY THATS CLEARLY EVIDENCE!! BUT neglected to read the rest of it, where it's basically contrasting large scale clinical trials supported by the federal government versus smaller scale clinical trials that voluntary health organizations or even private researchers can conduct. Any institution can do a clinical trial and submit it to the IRB for approval. This source your citing is saying that the IRB doesn't give a fuck about the common good and only wants to make money so yeah there are clinical trials that are privately funded by smaller companies that don't delve into or flesh out their research UNLIKE larger scale operations funded by the federal government like the COVID 19 vaccine which had far more regulations and oversight than a smaller scale operation. 


Why don't you try reading your resource first.",9.0,CoronavirusCA,2021-06-30 19:43:17
"Vaccine passport? Mandating vaccine for schools? No job? No public service? These are the societal and artificial barriers set up to coerce people to make unmitigated health decisions, to some detriment to their own health. 

Emerging data is showing that Covid vaccines can’t stop new variants nor is it 100% effective with the current strains. I know because I have relatives who got fully vaccinated and then got hospitalized for Covid. So, it is almost criminal to promote vaccines in false pretense. The latest from WHO as it stands today, vaccinated people will need to continue wearing masks. Unfortunately wearing mask is the future reality and the new norm as far as Covid prevention is concerned.",-3.0,CoronavirusCA,2021-06-30 21:08:30
"And again here is the goalpost moving. This article is about pharmaceutical drugs. Vaccines are completely different, are administered to hundreds of millions of people every year, and the side effects are VERY well studied. Specifically, the vaccine for Covid 19 are offering an extremely small monetary incentive. Vaccines in general are not big money makers for the pharmaceutical industry.",7.0,CoronavirusCA,2021-06-30 21:38:44
"Is [$26 billions](https://www.pharmaceutical-technology.com/features/pfizer-covid-19-vaccine-revenue/)  not big money?

Also, there have been vaccine recalls in the past. There are studies emerging to show serious neurological side effects that last one’s life time. So, let’s not naively assume vaccines are safe.",0.0,CoronavirusCA,2021-06-30 21:44:47
"My take on the paper is that Covid vaccines aren’t any more likely than other vaccines to cause paralysis, and those other vaccines have been deployed for years or decades.   If someone is concerned the Covid vaccine represents far greater risk, this should help alleviate that concern. 

But if someone is wary of *any* risk, then there’s not much to say.  I don’t think any vaccine is “perfect”, in the sense that there is literally zero risk of complication.",5.0,CoronavirusCA,2021-06-30 22:40:30
"They do, but they don’t actually check this. I am a Cal State student and I maybe had to check off a box online. I imagine they actually will ask people for evidence of the COVID vaccine before coming on campus. So it’s a little different than what may have been in place previously. I think it should be required for what it’s worth but maybe they should offer an online/zoom option for those who don’t want to take it.",1.0,CoronavirusCA,2021-07-01 00:24:11
"Vaccines and other medical treatments, like drugs, are a trade-off.  We incur a slight risk of an adverse reaction, in exchange for protection from disease, curing  disease, or alleviating pain and discomfort.  Adverse reactions can be very minor or can be life-threatening, and I think everyone is more concerned about the latter.  To support your assertion that vaccine damage is devastating, do you have data showing that vaccines (COVID or other) cause significant damage to individuals and to whole populations?  And then, compare that data against the damage to unvaccinated populations? 

Informed consent is the doctor or medical staff making sure the patient or subject agrees to the treatment (see [https://www.ama-assn.org/delivering-care/ethics/informed-consent](https://www.ama-assn.org/delivering-care/ethics/informed-consent)). For clinical trials, the definition is similar (see [https://www.fda.gov/patients/clinical-trials-what-patients-need-know/informed-consent-clinical-trials](https://www.fda.gov/patients/clinical-trials-what-patients-need-know/informed-consent-clinical-trials)), but the gist is that the subjects are given information and opportunity to agree or to decline participation.  Are you asserting that vaccine trials were performed without informed consent?  If the vaccine subjects did not consent to the trials, then, yes, that would be a huge ethical problem.

The government, at the federal, state, and local levels, is not forcing COVID vaccines on anyone.  Certainly, getting vaccinated is \*strongly\* encouraged, but that is still not compulsory. 

I think this blog post ([https://blogs.bmj.com/medical-ethics/2020/11/23/the-covid-19-vaccine-informed-consent-and-the-recruitment-of-volunteers/](https://blogs.bmj.com/medical-ethics/2020/11/23/the-covid-19-vaccine-informed-consent-and-the-recruitment-of-volunteers/)) at BMJ (formerly British Medical Journal) highlights why governments may be reluctant to make the leap to compulsory vaccines:

&gt;Vaccine mandates may be undermined by high levels of exemption as they fail to address underlying fears.  Studies suggest that comparable results may be achieved by strongly recommending vaccines instead.

I disagree with your statement that vaccines are unsafe, but I can't say that they're guaranteed safe, either.  But they seem safer than the alternative, which is contracting disease and increasing the risk of severe injury or death.  Consider: smallpox, polio, measles, tetanus, hepatitis, etc. (see [https://en.wikipedia.org/wiki/Vaccine-preventable\_diseases](https://en.wikipedia.org/wiki/Vaccine-preventable_diseases)).",3.0,CoronavirusCA,2021-07-01 00:39:56
"&gt; When did the goal stop being keep the number of people hospitalized manageable for the healthcare system? 

There's getting out of the house and then there's putting out the fire. Between vaccines and improved treatment deaths/hospitalizations won't return to last year, but if we let COVID continue to spread we're going to see an epidemic of chronic health issues.

&gt;We will never have enough people who choose to be vaccinated for things to ever be totally safe for those with severe immunodeficiencies. 

Vaccination + natural immunity + precautions was looking pretty good before Delta. COVID will always be a threat, but like I said I think it will realistically hit measles level once it burns through antivaxxers and we get children vaccinated. We are extra fortunate that natural immunity, while weaker than the vaccine, seems to be robust against variants and lasts a very long time. 

&gt; [...] encourage more people to get vaccinated 

This is some armchair cynicism but it is hard for me to imagine dropping masks as something that convinces people to get vaxxed? Masks don't protect the wearer, and no one checks if a maskless person is lying about being vaccinated. I'd rather see more incentive programs like lotteries, or having it be more required for travel, workplaces, school, etc.",1.0,CoronavirusCA,2021-07-01 01:07:11
"There's much greater risk in contacting Covid-19 and ending up with long haul symptoms, hospitalization, ventilation, or death than there are risks from the vaccine.",3.0,CoronavirusCA,2021-07-01 12:24:39
I am not anti vax. I have done full childhood vaccines and Covid vaccine. My problem is the whole society and medical people are brainwashed on “vaccines are safe” This is a complete lie. I am bringing awareness to this barbaric medical advise. Vaccines are appropriate for most but inappropriate in other medical situations. We need to have a open dialogue to discuss medical procedures that affect our own health without being pressured by medical dogma.,-1.0,CoronavirusCA,2021-07-01 16:48:00
"I think you're trying to argue that vaccines, specifically Hib, pertussis, hepatitis B, and COVID-19, but also vaccines in general (?) are not worth the risk of severe adverse reactions.  You make claims like:

* Hib is no risk for toddlers
* Whooping cough has no high risk
* Hep b has never been a childhood communicable disease

So, OK, these are interesting claims, but you don't back up these claims with any data or measurements.  Why is Hib not a risk?  Why is pertussis not a risk?  Even if these diseases are rare, how would you measure and compare the benefits to the downsides to the vaccine?   To be clear, I'm not saying you are necessarily wrong, but you need evidence/data supporting your arguments.

Meanwhile, I'm offering up data that help support a different position: we should remain cautions with these diseases and vaccinate when we can.  Let's look at pertussis again.  Here's data about the number of pertussis cases per year [https://www.cdc.gov/pertussis/surv-reporting/cases-by-year.html](https://www.cdc.gov/pertussis/surv-reporting/cases-by-year.html).  World-wide cases are here [https://www.cdc.gov/pertussis/countries/index.html.](https://www.cdc.gov/pertussis/countries/index.html.))  Consider that:

* Pertussis has a fatality rate of 0.5% for infants
* Older children and adults can generally recover, so it seems to make sense to vaccinate infants
* Almost 180,000 cases were reported, before the pertussis vaccine.  After the vaccine, the rates dropped to a low of 1,000 cases

(Data from the Wikipedia article in my previous post, data has references.)

A form of aluminum (aluminum salt) is used in vaccines to improve the body's immune response.  The quantities used are small, compared to aluminum found in the environment (https://wayback.archive-it.org/7993/20170405003134/https:/www.fda.gov/BiologicsBloodVaccines/ScienceResearch/ucm284520.htm).  The HBV vaccine contains 0.25mg (not sure if this is up-to-date), compared to the maximum allowable exposure to an infant at 4.225mg.  The aluminum load of early vaccines are much lower than environmental aluminum ingested (https://www.chop.edu/centers-programs/vaccine-education-center/vaccine-ingredients/aluminum).  This paper (https://www.nature.com/articles/jes200964) doesn't offer a full counterpoint (that is, supporting your point that aluminum can be toxic), but argues further research is needed.  

And with hepatitis B, I found an interesting write-up about the history of the infection in the United States ([https://www.ncbi.nlm.nih.gov/pmc/articles/PMC3092064/](https://www.ncbi.nlm.nih.gov/pmc/articles/PMC3092064/)).  It's fascinating:  the connection between hepatitis B and AIDS occurred right when the AIDS epidemic started and gave HBV the sexually transmitted association.  But the justification seems to be that the disease persists, even in the U.S., and adults weren't getting vaccinated.  We can look at a few things.  

* Infection modes are sexual transmission (body fluid), from mother-to-child, if the mother has an infection, sharing of needles with an infected person, sharing of items that can break skin or mucous membranes, and blood contamination
* Acute HBV infections are 1 in 100,000 (probably closer to 6 in 100,000, due to under-reporting), and there are approximately 862,000 with chronic HBV ([https://www.cdc.gov/hepatitis/hbv/hbvfaq.htm#overview](https://www.cdc.gov/hepatitis/hbv/hbvfaq.htm#overview))  
* People can be asymptomatic carriers of the disease ([https://www.ncbi.nlm.nih.gov/pmc/articles/PMC1253537/](https://www.ncbi.nlm.nih.gov/pmc/articles/PMC1253537/))
* Annually, about 1,000 infants get HBV from their infected mothers ([https://www.hhs.gov/hepatitis/learn-about-viral-hepatitis/hepatitis-b-basics/index.html](https://www.hhs.gov/hepatitis/learn-about-viral-hepatitis/hepatitis-b-basics/index.html))
* 80% to 90% (!) of infants infected with HBV will have it as a chronic disease ([https://www.who.int/news-room/fact-sheets/detail/hepatitis-b](https://www.who.int/news-room/fact-sheets/detail/hepatitis-b)), though I'm not sure if that is representative of the United States
* 15% to 25% of people with chronic HBV develop serious liver problems, including cancer, and this kills about 3,000 per year in the U.S. ([https://www.cdc.gov/hepatitis/hbv/pdfs/hepbatrisk.pdf](https://www.cdc.gov/hepatitis/hbv/pdfs/hepbatrisk.pdf)) 

How do you compare this with the downsides to the HBV vaccine?

I disagree that you can compare the HBV vaccine to DESCOVY(R).  The latter is a drug that is suitable only for adolescents and adults as PrEP or to treat HIV ([https://www.descovy.com/](https://www.descovy.com/)).  It is \*not\* a cure for HIV, and it also aggravates an existing HBV infection.

Vaccines do have undesirable effects to some, and some vaccines are worse than others.  Here's a paper on the smallpox vaccine - it's a higher risk vaccine than the conventional ones ([https://www.ncbi.nlm.nih.gov/pmc/articles/PMC1069029/](https://www.ncbi.nlm.nih.gov/pmc/articles/PMC1069029/)).  But then, smallpox is such a rare disease worldwide, that general inoculation is not required.  Only (medical) workers that will be in proximity to smallpox infected people need preventative vaccination.  In this case, it's more clear that the cost-benefit analysis favors \*not\* vaccinating.

Do you have a problem with the ""orthodoxy"" itself?  Or that medical professions seem unable or unwilling to answer your questions?   It seems reasonable to me that someone should address your concerns about HBV and figure out if deferring it still makes sense.

I disagree that I'm ""trying to silence"" you with science, like it's some sort of cudgel to bludgeon you into submission.  Science is about measurement, data, analysis, and feedback/critique (https://en.wikipedia.org/wiki/Scientific\_method).  A critical part of the process is vetting and publication of findings in a peer-reviewed journal, where other scientists strive to find omissions or mistakes.  Thus, sourcing matters.  If you have some NIH papers, please share.  Without references and data, this becomes an emotional debate (it IS Reddit, after all), not a rational one.",2.0,CoronavirusCA,2021-07-01 18:52:48
"https://www.bbc.com/news/world-us-canada-45294192

https://www.mcgill.ca/oss/article/covid-19-pseudoscience/anti-vaccine-movement-2020

https://www.cam.ac.uk/research/news/popular-covid-19-conspiracies-linked-to-vaccine-hesitancy

you are a sealion.",1.0,CoronavirusCA,2021-07-01 21:50:00
"To be on the record, I am not part of any pro or against vaccine movement. Like I said many times in my replies, I am Covid vaccinated. I encourage people to vaccinate. I am not ok with the medical orthodoxy to shut people’s right to make the best possible medical decision for themselves.",1.0,CoronavirusCA,2021-07-01 21:54:17
"Yeah, I took more time than I intended to write that last response, but excessive?  I believe strongly that dialogues and debates should never be a Gish gallop ([https://en.wikipedia.org/wiki/Gish\_gallop](https://en.wikipedia.org/wiki/Gish_gallop)) of unsubstantiated claims.  I want to have references to back up my perspective, so that *you* don't think I'm just making it up.

&gt; My point hasn’t been against vaccine.

I interpreted your claims as specifically anti-vaccine.  Your claims are similar, if not identical, to the ones raised by anti-vaccine people.

&gt; It is simply asking why can’t we talk about vaccine safety without being brick walled by response like “vaccines are safe and effective so shut up.” This is the medical orthodoxy.

Well, I agree that you should be able to ask questions about vaccines and express your concerns about safety and impact.  Perhaps you interacted with medical professionals that were not supportive of your concerns?

&gt; If we’re not open to have an open and healthy dialogue, then there is something wrong with the medical orthodoxy

In principle, yes, but reality is messy because humans and because it gets complicated.  It's not vaccine related, but here is an example of the medical institutions being stubborn about new information ([https://www.wired.com/story/the-teeny-tiny-scientific-screwup-that-helped-covid-kill/](https://www.wired.com/story/the-teeny-tiny-scientific-screwup-that-helped-covid-kill/)).  In order words, I don't doubt your poor experience or outlook.  It happens, and it sucks.

I don't know what kind of dialogue or information you need, in order to feel differently.  For example, you haven't acknowledged my counterpoint to your aluminum toxicity claim, and you haven't offered up anything specific to support your position.  To me, you're arguing from an emotional basis, rather than a data-driven rational one, and are not open to changing your mind.",3.0,CoronavirusCA,2021-07-01 23:53:51
Wait so the vaccine caused people to die or people got exposed to Covid after getting vaccinated and died?,-4.0,CoronavirusCA,2021-07-02 04:52:24
"My bingo card is still missing “COVID doesn’t hurt kids” 

This will play out until people stop running their mouths about screwing over 15% of the population. (Kids Uber 12)

Or until fall when the vaccine is hopefully EUA for young  kids",-1.0,CoronavirusCA,2021-07-02 20:37:55
"&gt;There are still significant portions of the population that have no choice but to be unvaccinated right now.

85% of the population is eligible for a covid vaccine. The 12 and under group makes a big part of the population but it's not ""significant"".",-3.0,CoronavirusCA,2021-07-02 22:57:48
"Anti-vaxxers: this vaccine is too new and untested, we don’t know the long-term effects and I find that concerning

Also anti-vaxxers: COVID is a new deadly disease and we don’t know the long term side effects for those who don’t die but I don’t care about that.",25.0,CoronavirusCA,2021-07-03 02:49:59
"Actually, your child is more likely to have an adverse reaction to the vaccine (or worst case scenario permanent disability ie: myocarditis, gastroparesis, Maddie de Garay) than to die from covid-19. From Jan 1, 2020- June 26,2021 267 deaths have been recorded for ages 5-18 meaning your 12 year old has less than a 0.000047% chance of dying from this disease and its resulting variants. (Delta is also proving to be less deadly as not a single death in LA county has been attributed to it in vax or unvax patients) So please don’t talk down to patients who are weary and vaccine hesitant. Just as they should not judge you for taking your child to be part of a clinical trial. There is a way to be pro science and still be COVID-19 vaccine hesitate in this time. xoxo, ⚕️",-20.0,CoronavirusCA,2021-07-03 17:40:00
"I work in healthcare and had a patient blatantly tell me that he refuses to get the vaccine, but doesn’t condone anyone who chooses to get it, unless you are a young person. So given that I am young and told him I am vaccinated he then proceeded to tell me how he hears about so many cases where young people die, the long term effects we don’t know (which granted is true) and how it’s pointless because you can still get COVID-19. The WORST part about all of that was that I couldn’t even give my rebuttal due to my job.

I just want people to WANT to educate themselves on this vaccine. It’s so frustrating..",19.0,CoronavirusCA,2021-07-03 18:49:05
"From the article: “Health experts say it’s a sign more adults and adolescents need to get vaccinated to avoid bringing the virus home and spreading it to children that aren’t yet eligible for the COVID-19 vaccine.”

“More than 4 million children have tested positive for COVID-19 in the US, 18,500 were hospitalized and 336 have died from the disease, according to the AAP. About 4,000 kids have been hospitalized with multisystem inflammatory syndrome children or MIS-C – a rare, but dangerous condition the CDC says is associated with COVID-19.”",67.0,CoronavirusCA,2021-07-03 20:10:48
"&gt; 
At the start of the pandemic, kids made up 2% of new COVID infections. Now, they make up 24%. What happened?
Adrianna Rodriguez
USA TODAY
&gt;
Children make up a growing share of new coronavirus cases per week as overall infections decline with the rollout of COVID-19 vaccines, but infection and hospitalization rates among children remain stable.
&gt;
In March 2020, children only accounted for about 2% of new infections. By the end of May, children made up more than 24% new weekly infections even though they only account for 16% of the population, according to data by the American Academy of Pediatrics.
&gt;
Health experts say it’s a sign more adults and adolescents need to get vaccinated to avoid bringing the virus home and spreading it to children that aren’t yet eligible for the COVID-19 vaccine.
&gt;
“The virus is an equal opportunity infector. It doesn’t care if you’re young or old,” said Dr. Robert Frenck, professor of pediatrics and director of the Center for Vaccine Research at Cincinnati Children’s Hospital, who presented the data at a Johns Hopkins University-University of Washington symposium Wednesday called “Covid-19 and Kids: Impacts, Uncertainties and the Role of Vaccines.”
Masking is getting confusing again. Here's what the experts say.
&gt;
More than 4 million children have tested positive for COVID-19 in the US, 18,500 were hospitalized and 336 have died from the disease, according to the AAP. About 4,000 kids have been hospitalized with multisystem inflammatory syndrome children or MIS-C – a rare, but dangerous condition the CDC says is associated with COVID-19.
&gt;
Although nearly 55% of Americans have received at least one vaccine dose as of Friday, health experts say vaccination rates are not uniform across the U.S. leaving room for outbreaks and childhood infections.
&gt;
“There are some places where vaccinations rates are as low as 20%,” Frenck said. “It’s not ‘if,’ but ‘when.’ (Outbreaks) will happen, and unfortunately, people will be surprised and that’s what we’ve been trying to tell people.”
&gt;
Health experts say it’s especially crucial to increase vaccination rates as the Delta variant continues to spread throughout the U.S. On Wednesday, Texas Children’s Hospital reported several of the country’s first pediatric infections – all occurring in children under 12.  
&gt;
'Didn't expect to be fired':Mayo dismisses Wisconsin doctor who wrote book on COVID pandemic
&gt;
To mask or not to mask:Mask guidelines are confusing if you're vaccinated against COVID-19. Experts break down the details.
&gt;
It’s too early to tell if the Delta variant causes more severe disease in children, but experts say the variant seems to be causing more symptomatic infections than the original virus.
&gt;
“Because it’s the most highly contagious variant to date based on all the data we’ve accumulated so far, we expect to see more rapid transmission of this virus from adults and adolescents to children,” said Dr. James Versalovic, pathologist-in-chief and interim pediatrician-in-chief at Texas Children’s Hospital.
&gt;
In the meantime, scientists are doubling their efforts to finish clinical trials so the Food and Drug Administration can authorize the vaccine for younger children as soon as possible.
&gt;
Pediatric hospitals are working closely with vaccine developers like Pfizer and Moderna to combine Phase 2 and 3 trials, expediting the process during the summer months to submit data by early fall.
&gt;
“Early in the next school year, we hope to have emergency use authorization for these COVID vaccines for children under 12 by early to mid-fall,” Versalovic said. “That remains a top priority and has now added urgency with the rapid spread of the Delta variant.”
&gt;
Follow Adrianna Rodriguez on Twitter: @AdriannaUSAT. 
&gt;
Health and patient safety coverage at USA TODAY is made possible in part by a grant from the Masimo Foundation for Ethics, Innovation and Competition in Healthcare. The Masimo Foundation does not provide editorial input.",22.0,CoronavirusCA,2021-07-03 21:13:12
"Tip:
If someone is take vaccine... 
It's mandatory to check for covid infection..

Vaccination while infected will be much worse than no vaccination..",-8.0,CoronavirusCA,2021-07-04 02:40:47
"True, but right wing media isn't riling them up by telling them the MMR vaccine has a whole bunch of side effects it doesn't have.

For some fucking reason the vaccine got politicized. Anything that prevents covid is bad to these people.",1.0,CoronavirusCA,2021-07-04 03:55:32
"From [Reuter](https://www.reuters.com/business/healthcare-pharmaceuticals/pfizer-start-large-study-test-covid-19-vaccine-children-below-12-2021-06-08/):

&gt;	A Pfizer spokesperson said the company expects data from 5- to 11-year-olds in September and would likely ask regulators for emergency use authorization later that month. Data for children 2 to 5 years old could arrive soon after that, he said.

&gt;	Pfizer expects to have data from the 6-month to 2-year-old age group sometime in October or November.",2.0,CoronavirusCA,2021-07-04 18:53:49
"If your standard for public health is this stringent, you will never have an open society again.  There is more to life than keeping the covid score as low as possible.  As you said, there are tradeoffs.

When we had no vaccine and a vulnerable population, those tradeoffs had to be very strict.  But with more than 80% of the population showing antibodies and cases at a tiny fraction of what they were, it is extremely reasonable for most restrictions to be removed",3.0,CoronavirusCA,2021-07-04 18:55:11
"Then you should be worried about the 6 billion people in other countries who aren't vaccinated at all, they are much more likely to create a vaccine resistant variant than the random antivaxer at a concert. Also you know COVID is never going away right? It's going to be here long after we are all dead so better get used to it being here",3.0,CoronavirusCA,2021-07-05 01:32:37
What about those that are immune-suppressed that are unable to receive the covid vaccine? Should they be relegated to the “hospital parking lot deathground?”,1.0,CoronavirusCA,2021-07-05 19:42:24
Oh you mean the people who could die of a regular common cold? Well what do we say about them I mean they had to be careful before COVID and they will have to continue being careful after COVID. They and children are the only COVID patients who should get access to the hospital as it's not their fault they don't have the vaccine but everyone else should become low priority for treatment,6.0,CoronavirusCA,2021-07-05 19:55:57
I won't be giving my kids an MRNA vaccine so I hope they come up with a traditional vaccine for COVID soon.,-9.0,CoronavirusCA,2021-07-05 22:52:18
"A vaccine can have multiple goals. The flu vaccine both helps protect the most vulnerable, as well as helps reduce spread of the flu. However, because the COVID vaccines, with all doses, are much more effective than flu vaccines, they have the capability of practically ending the pandemic.

*Complete eradication* (like with smallpox) is unrealistic because there are too many animal reservoirs, so many people in developing countries that need it, etc. But herd immunity would be practical and realistic in the US and some other countries if enough people wanted to be fully vaccinated.",2.0,CoronavirusCA,2021-07-06 06:42:08
There's a news story that Isreal is saying that the vaccine has a 60 percent chance of working.  So they are saying that the delta variant will break thru but hospitalization chance is low. I don't want to get covid at all.  When will this damn nightmare end already?,1.0,CoronavirusCA,2021-07-06 06:46:07
"Lol the obvious problem here is that the vaccine manufacturing is too slow. There is still a high demand for vaccine, even with the current level of hesitancy. 

I read somewhere at the current rate of production it will take more than three years to vaccinate India, and yet we are collectively screaming at some hillbilly in the USA who refused to get jabbed.

The vaccine should not be protected IP. Blame pharma's stranglehold over government. Even bill gates was like ""oh we can't open up the IP to increase manufacturing, places like India don't have the technical ability to produce it well enough..."" That's insane.

My conspiracy itch is telling me this is intentional. They don't want to vaccinate the world, they want it to keep mutating in unvaxxed people, so they can keep selling vaccines. No money in a cure, is their motto.

Here's the intercept on bill gates and not sharing vaccine tech with India: https://theintercept.com/2021/04/29/covid-vaccine-factory-production-ip/",12.0,CoronavirusCA,2021-07-06 14:06:04
You're delusional. The pandemic will never end. This thing mutates too fast to ever be totally eliminated. COVID is now a regular part of life just like the flu and a lot of people will choose not to get vaccinated against it just like a lot of people choose not to get the flu vaccine. Get used to it.,-1.0,CoronavirusCA,2021-07-06 14:48:45
[Pfizer vaccine only found to be 64% effective against Delta variant](https://www.wsj.com/articles/pfizers-covid-19-vaccine-is-less-effective-against-delta-variant-israeli-data-show-11625572796?mod=e2fb&amp;fbclid=IwAR2MysCZCk7vrJrclsN-T5Oy18ODMGAg9TuIeZ1PskwXVIwWd0Y-Nt0IC7Q),2.0,CoronavirusCA,2021-07-06 19:12:09
"[Israeli study found Pfizer vaccine to only be 64% effective against Delta variant](https://www.wsj.com/articles/pfizers-covid-19-vaccine-is-less-effective-against-delta-variant-israeli-data-show-11625572796)

If that holds true here we’re in for a lot harder time than we thought",6.0,CoronavirusCA,2021-07-06 19:36:44
"Actually, it's only about 60% effective when it comes to preventing the spread of it to others with the Delta variant, that percentage is around the same ballpark as the Sinovac Vaccine people are dissing on, so.

It's true that it will prevent the severe symptoms if you are vaccinated (90% effective), but it is not true that it will prevent the spread of Covid to any large degree, especially when there are still people who can't take the vaccine because it isn't approved for them (like people under 12), or that they have immunity issues that require a different type of vaccine to be used/formulated.

That means if these people get sick, they are likely to get the severe symptoms. A person that is vaccinated + masked &gt; a person that is vaccinated, that unknowingly got covid, that didn't wear a mask.",-2.0,CoronavirusCA,2021-07-07 01:30:33
I meant 64% not 46. Here [you ](https://news.yahoo.com/pfizers-covid-19-vaccine-less-112558751.html) go.,2.0,CoronavirusCA,2021-07-07 21:30:32
"Not just that crew, but also the Full Of Woo crowd. I have a family member who has refused the vaccine; she evidently thinks her essential oils, sage smudging, and crystals will keep her from getting COVID. Good luck with that, and I sure hope you don't take the same approach with your birth control method, kiddo.",4.0,CoronavirusCA,2021-07-07 23:03:52
"The vaccine type isn’t mentioned either. Which is uh, kinda relevant. Since it would seem some vaccines allow more breakthrough infections but all of them—however—reduce the severity of COVID if a breakthrough occurs.",7.0,CoronavirusCA,2021-07-08 12:15:09
"Not alot of useful info there, what is the age of this 26? Did they have major health issues that contributed to their death? Did they even die FROM COVID or just die of something else and tested positive? A vaccine relies on your immune system being good and if your immune system is weak a vaccine isn't going to help much is it...",1.0,CoronavirusCA,2021-07-08 21:33:43
"While the risk is not zero, the vaccine does not prevent infection completely, though makes the chances of minimal or nonexistent symptoms very high. But you still can get it, and spread it. Less likely, but it’s still a real possibility. Studies are ongoing but none have concluded vaccinated people “are not” spreading COVID. It is much, much safer to assume you can spread it to unvaccinated people around you.

Even the polio vaccine doesn’t necessarily prevent you from getting it, it just prevents you from getting really sick.",4.0,CoronavirusCA,2021-07-09 21:20:47
"Because Im experiencing all of the symptoms of someone with a classic case of “mild covid” (ie. same length of illness, same severity), and Im also young and very healthy (hard workouts 6 days a week, eat healthy), so sure it could have been worse, but it’s basically been exactly as described as others who had it pre-vaccine.",1.0,CoronavirusCA,2021-07-10 00:41:21
"Masks should be required for K-6.  Vaccines should be required for everyone over 12.  That will help get the numbers up.  The anti-vaxers will have no choice but to get older kids the shot, homeschool them, or send them to private school.

MMR shots are already required for all children attending middle school in CA so just add the Covid vaccine to the list.",11.0,CoronavirusCA,2021-07-10 12:53:42
"I honestly hate this stupid world we are living in. I took the pandemic so seriously for so long, because it was freaking justified back before the vaccine was broadly distributed. I'm vaccinated, my wife is vaccinated, everyone who isn't a retarded nut Job is vaccinated. The FDA would have emergency-approved vaccines for kids if covid was actually dangerous to kids.

With me you're preaching to the choir, but based on the down votes, the wackos in this subreddit seem to want to justify staying home scared under the covers for the rest of their damn lives.",1.0,CoronavirusCA,2021-07-10 16:03:22
"That's funny. My wife and I both had chicken pox as a kid and it wasn't a big deal. The vaccine is obviously better than having to deal with the disease ***because of the symptoms***, but it's not a deathly disease or anything. 

But since COVID-19 is completely asymptomatic or has excessively mild symptoms in 98% of children there's no major difference between vaccination and getting natural immunity.",-6.0,CoronavirusCA,2021-07-10 17:35:56
"We don't know everything that the COVID-19 virus does and it will take years to know for certain. But so far we have a lot of data showing that it can infect all kinds of tissues and go into the brain. With herpes virus (the one that is not ""a big deal"" because it just makes sores on your mouth and other places /s ), it's only in recent years that a link has been made to development of dementia. 

The vaccine is obviously better not only because of the symptoms, but because we don't know the consequences years from now.",3.0,CoronavirusCA,2021-07-10 17:52:42
"The spikes correlate with the lack of immunization, not a border with mexico.   Both AZ and NM share a border with Mexico, but they have different spikes in new cases.   (Look for orange on the map)

[https://coronavirus.jhu.edu/data/new-cases-50-state](https://coronavirus.jhu.edu/data/new-cases-50-states)

That's because their immunization rates are very different: NM is 20% more vaccinated than its neighbor.

[https://www.mayoclinic.org/coronavirus-covid-19/vaccine-tracker](https://www.mayoclinic.org/coronavirus-covid-19/vaccine-tracker)

There are other examples, of course.  LA and AL are poorly vaccinated states that also have recent growth in cases.  But that doesn't fit into your racist narrative, so you omit it.",35.0,CoronavirusCA,2021-07-10 18:05:58
"&gt;“In communities with high vaccine adoption and low hospitalization rates due to COVID, including most of California, masks should be optional for all students” as well as vaccinated staff, Bacigalupi said. **“Continued mask mandates for vaccinated individuals undermines confidence in our highly effective COVID vaccines and may increase vaccine hesitancy, as the benefits from vaccination become less clear.”**

No, it does not undermine confidence in vaccines.  Being vaccinated and continuing to wear a mask is simply a desire to have more protection instead of less.",7.0,CoronavirusCA,2021-07-11 20:35:14
"That NPR article says:

&gt;Hotez says one exception to the advice of not getting tested may be in immunocompromised people who have been vaccinated. Doctors may want ""to have at least some indication of whether antibodies are present, if any,"" because of the risk to those people of developing COVID-19. ""In that case, says Hotez, work with your physician to try to find the spike protein antibody test. ""Since protection against SARS-CoV-2 is especially important in people who are immunocompromised, because they are particularly at risk of severe disease and death, having the information on antibodies at least gives us some sense they may be protected,"" says Ostrosky. ""If an immunocompromised patient does not have antibodies, doctors may consider bolstering their protection with another dose of the vaccine, continued masking and other precautions.""",2.0,CoronavirusCA,2021-07-12 08:44:02
"&gt;San Francisco has recorded low COVID-19 case rates for several months, and has one of the highest vaccination rates among large U.S. cities. As of Monday, 82% of the eligible population has received at least one vaccine dose, and 75% are fully vaccinated.
&gt;
&gt;But the city logged a noticeable uptick on Tuesday: 153 new cases, according to the California Data Coalition, whose case counts power the Chronicle Coronavirus Map. San Francisco health officials noted that the 153 number likely includes backdated cases.
&gt;
&gt;In previous weeks, cases have been well below 100 each day, according to Chronicle data. In mid-June, when the city was reopening, the daily new case count hovered around 30.
&gt;
&gt;The San Francisco Public Health Department provided the following statement on Tuesday: “The case increases we are experiencing are a combination of the expected increases due to the reopening of the economy and the presence of the highly transmissive Delta variant. As we experience increases in cases, we are doing everything possible to get more of our eligible population vaccinated, our best tool to keep cases stable and protect people from COVID-19, and its variants.”
&gt;
&gt;The last time San Francisco recorded over 100 new cases in one day was Feb. 26 with 131 cases, according to Chronicle data. The previous higher daily count was 170 on Feb. 11, and the pandemic peak was 313 cases on Feb. 5. These daily case counts can differ from the city’s official tally because of differences in data collection methodology.",17.0,CoronavirusCA,2021-07-14 02:08:56
"Anesthetist here, I want to share a quote I listened to when I was driving to work that was pretty sobering to say the least:

“I often tell my young patients, HPV – the human papillomavirus virus – was asymptomatic. Yet 10, 20 years down the line, we're seeing cervical cancer, we're seeing penile cancers. So you can't really rest on the fact that a disease that is new, that we know very little about, is going to be so benign, that it's just a little cold – it's not. …”

[https://www.npr.org/sections/coronavirus-live-updates/2020/06/23/882009932/spike-in-floridas-covid-19-cases-is-very-concerning-dr-holder-says](https://www.npr.org/sections/coronavirus-live-updates/2020/06/23/882009932/spike-in-floridas-covid-19-cases-is-very-concerning-dr-holder-says)

Regardless of being vaccinated, one is not 100% protected from the virus. My take: Mask up, use the vaccine as a secondary level of defense incase the virus was able to slip through.

While the vaccine will protect me from life threatening acute effects from the virus, I’m more so afraid of the long-term unknown effects of the novel-rapidly evolving-virus.",58.0,CoronavirusCA,2021-07-14 12:36:12
