comments,score,subreddit,time_created
"Still better than the article, which reads like an Orwellian '5 minutes hate'.  They blame republican leadership for bad vaccine turnout solely by association, then ramble on about everything from jan 6, to abortion and tax cuts.  They finally conclude that it's all because of vanity, and the ignorance of their voters.  Looks like WaPo is going to milk four more years out of Trump...",-2.0,politics,2021-06-21 02:57:08
"&gt;A Christian hate group who has spent years fighting a legal battle for the right to fly a Christian flag at Boston City Hall has now turned to the highest court in the nation.  
&gt;  
&gt;  
&gt;  
&gt;Liberty Counsel, an anti-LGBTQ law firm that can be considered the religious right version of the ACLU, has been fighting on behalf of plaintiff Hal Shurtleff since 2017. The group claims the city of Boston illegally censored a private flag from being flown in a public forum because it was a Christian flag.  
&gt;  
&gt;  
&gt;  
&gt;Liberty Counsel has argued that the group has a right to fly the Christian flag because City Hall has flown flags like the Transgender Pride flag, the Juneteenth flag, and the rainbow Pride flag.  
&gt;  
&gt;  
&gt;  
&gt;In 2018, U.S. District Judge Denise Casper shot down their claims.  
&gt;  
&gt;  
&gt;  
&gt;The “primary purpose” of an event to raise a Christian flag “would be to convey government endorsement of a particular religion by displaying the Christian flag alongside that of the United States and the commonwealth in front of City Hall,” Casper wrote.  
&gt;  
&gt;  
&gt;  
&gt;Liberty Counsel appealed and lost again in the First District Court. And now, they are banking on the Supreme Court to help them.

&amp;#x200B;

Let's do a quick examination of Liberty Counsel.

&amp;#x200B;

They are deemed a hate group by the Southern Poverty Law Center,  an extension of Liberty University with the Falwell family.

&amp;#x200B;

They as a group have advocated for [Russian-like anti-gay laws](https://www.rightwingwatch.org/post/barber-staver-want-to-see-russian-like-anti-gay-laws-right-here-in-the-united-states/) &amp; have stated that [Covid is an extension of the global plot to strip freedom from you.](https://www.rightwingwatch.org/post/liberty-counsel-continues-stoking-vaccine-conspiracies-says-biden-wants-to-turn-us-into-communist-china/)

&amp;#x200B;

They're one of the big groups that pushed the ""War on Christmas"" rhetoric.

&amp;#x200B;

&gt;Over the years, it has launched other attacks on what it perceives to be threats against Christmas and public morality.  
&gt;  
&gt;  
&gt;  
&gt;***In 2000, for example, the Counsel threatened to file a lawsuit against the Jacksonville, Fla., library because staff was handing out certificates in honor of a Harry Potter book release. The certificates stated, “Hogwarts School of Witchcraft and Wizardry,” a hat-tip to the mythical and magical educational institute that Potter and friends attend in the globally popular series by author J.K. Rowling.***  
&gt;  
&gt;  
&gt;  
&gt;*“Witchcraft is a religion,”* Staver said, *“and the certificate of witchcraft endorsed a particular religion in violation of the First Amendment establishment clause.” Staver’s reasoned that Wicca is considered a religion (the witchcraft practiced in the Harry Potter books is not Wicca and, in fact, is fictional).*  
&gt;  
&gt;  
&gt;  
&gt;***In 2005, the Counsel, along with anti-LGBT hate group the American Family Association (AFA), fired off angry press releases regarding Ridgeway Elementary School in Ridgeway, Wis., for allegedly “changing the lyrics” of the Christmas song “Silent Night” for a school play. The Washington Post reported, however, the school didn’t change anything. Rather, the original play, called “The Little Christmas Tree,” features the original lyrics.***

&amp;#x200B;

*Quite insane, wouldn't you say?*",4.0,politics,2021-06-22 18:44:31
Biden had a 100000000 x better Covid vaccine rollout than Trump and they still hate him.,6.0,politics,2021-06-24 03:08:47
Gotta call it Trump's vaccine. Liberals hate Trump's vaccine!,2.0,politics,2021-06-24 19:32:39
That's why they hate education so much. Education is like a vaccine for fascism.,1.0,politics,2021-06-24 22:59:23
"Yup yup... wait, they AREN'T true!? So women... DON'T get treated as second-class citizens, and black people mostly as not-citizens? I hate to be the one to break it to you, but many of those messages sent out to the world which you listed that ""can't possibly be true""... actually, um, ARE (true).

The second impeachment was a wake-up call to me: we aren't just acting LIKE a failed democracy, we ARE one. Remember when Ted Cruz sent a letter interfering with an ongoing negotiation with a foreign power telling them effectively that he (Obama) was not ""our"" (his) president and that Congress had the real power, and by implication wasn't likely to honor any deal that was struck by the president, thereby making it difficult to even complete such a deal to pass to Congress for approval? (I'm still not sure why that wasn't considered treason but whatever) Or before that, Bush - the entire world was reeling from that one - and before that, Clinton (okay that was more about him ignoring internal economy rather than foreign policy, but corporations were created under his watch and he says he now regrets what his inattention has wrought upon the country, and thus indirectly the world).

The run on the capital in January has been a LONG time coming. Liberals need to wake up and realize: stupidity is perhaps the gravest threat this nation faces right now, and bc of democracy, it's not just happening in far-away Florida, or the southwest, or even the midwest, but what happens to some of us affects us ALL. Unless liberal states want to build giant walls to limit travel from conservative ones? :-D (j/k, did you know that Houston's mayor for many, MANY years has been a lesbian all that time? it's not state vs. state, it's rural vs. urban, or rather edumacashiated vs. not) We literally are doing that though, only with masks and needles instead of metal and paint. In WWI &amp; WWII time periods we were Americans first and members of a political party second. Now you either believe in truth/facts first or you do not, aka brothers fighting against brothers, sons vs. fathers, and we are truly a divided nation between those that listen to Faux/OAN/etc. or those that listen to the likes of Fauci, and what little middle ground remains seems like it's disappearing fast. Fortunately it's not all bloody and violent yet, but all it would take is just a spark. Like how videos of George Floyd's death did what so many others previously could not - yes sparks can be used for good too, but the reverse is also true.

Ofc, the only party in this country half as inept and corrupt as the Republicans, are the Democrats. Certain rare individuals aside - and they existed on the Right too, well or did before the many purges (heck, Elizabeth Warren was once a Republican, and too Donald Drumpf was a Democrat, the sides aren't 100% of what matters) - what seems wrong is the whole entire SYSTEM. As the experts all tell us, but much like conservatives who ignore wearing masks or taking the vaccine, so liberals too ignore college professors and AOC and Warren and Sanders and such who say that if we don't get money out of politics, things will never get any better. Like so far, Biden's doing a great job (well, by comparison anyway), but he's no progressive liberal, so he's mainly just... exactly what he promised he was going to be (an EXTREME rarity in politics?): he's very busy right now being NOT Donald J. Trump.

And right now I have half a mind to think that Democrats are lying to liberals the same way that Republicans are lying to conservatives. But, not equally, bc at least Biden is listening to Fauci, and that's REALLY something. Maybe not enough? But definitely something!

Also, check out this video from 10 years ago explaining problems with our voting system: https://youtu.be/s7tWHJfhiyo. I'm not sure if America can survive another ten years, but I find it interesting that it's mathematically inevitable that exactly what we are seeing is happening before our eyes, bc it was built into our voting process right from the very start. This country BARELY got off the ground at the beginning, and it was always intended to be tweaked and fine-tuned as it went along, but we have such hubris as we exported democracy all around the globe, many of which are failing now, and now we are failing here at home. Just as feudal powers did, and later monarchies, and communism, and so many others. It's ALMOST like ignoring facts doesn't lead to a good outcome!?:-P But moar (intentional misspelling, look it up) than that, it's almost like certain people want a system that works well for THEM, while not putting a burden on their profits. Socialized losses, sign us all up, so long as there are still privatized gains, bc some people are just inherently ""more equal"" than others, and no matter what they allow the country to talk about, what gets DONE is another matter entirely. i.e., ""don't worry buddy, it's all going to work out (for me), source: just trust me bro"".

And no I don't have anything at all to offer in terms of actual solutions, but if you find any, I hope you'll let me know?!:-D",0.0,politics,2021-06-25 00:23:46
"You’re gonna get some hate for your truth.  Fact remains:  Four days after the election went the Left way, we had a vaccine.  I’m not a conspiracy guy, but FUCK, that’s one HELLUVA coincidence",-1.0,politics,2021-06-25 05:24:53
You guys call this a debate?  Jesus it’s just talking points from the left. You all obviously get all your information from the same source. And literally all the voting bill is just to make that democrats will forever be in power. That’s why they offer you stuff. Because they have nothing to offer. Higher taxes for crappy schools when Republicans have lower and you get the money and choose your own schools. Also they actually follow the laws written in the constitution rather than try to think of ways to get around it. They literally want to set Americans against each other because of people weren’t so angry over stuff that never happened they would think clearly and realize that the things they are saying are preposterous and that they are being used by a political party who knows that to get there agenda they need Americans on there knees. We must be destroyed to become the third world country they want us to be. And who really thought trump picked a federal judge who never served a day?  And did t know law?  You heard that on CNN no doubt. Read the SR 1 bill. Read Georgia voting bill and if you have any sense you will see you are being lied to. Under Trump we had the most secured borders in modern history under Biden Hudreds of thiusounds invade us. Under Trump we saw energy independence and under Biden there are gas lines and more than 200% rise in gas and everyone else is doing great with there oil. But not us. Under Trump minorities and minority neighborhoods value and jobs skyrocketed and unemployment dropped to record levels. Under Biden we have inflation running rampant and businesses are begging for help. The democrats have nothing to offer and if you could just get through your hatred of one single person you would see that. I just can’t believe he did all of that and worked to create a vaccine in 9 months when Biden and all his owners lackeys said it would take 15 years. Trump said the virus came from the wuhan lab and Biden and the left and the media laughed and called him or anyone who said it rascists and now it’s coming out trump was right again. When people were dying he wasn’t trying to cover his ass he was trying to figure a way to give us the right info. And we fired him. A d the left wants to dominate without Any chance of losing again. Sobedragon you have to be like 15. Read something not from cnn msnbc. Seriously look into things and not just what u r told to think. Read the news backwards. If they say China rescued 2 miners how many died and how did it cave in?  Governor cuomo’s sexual harassment gets written in the paper. Do you know what the headline was? It was t the governor rapes women or does cruel things to women”. It was “ republicans pounce “. They write the headline as if the Republicans were taking advantage of something because they know most of the people that read or listen to there crap don’t even read past the headline. So we have stupid bashing like on this page. Do yourself and google ny times or washing post retractions and you will see that most of what you “know” is a lie. They shout the story but whisper the retraction. I was sick reading this post. Just hate. That’s it. And they say it’s the right that’s at fault everything is literally the opposite of what the left says,-2.0,politics,2021-06-26 19:12:24
"Geraldo suggested that on fox back in Nov and even they didn't take him seriously.

https://www.google.com/amp/s/www.businessinsider.com/fox-news-geraldo-rivera-naming-covid-19-vaccine-the-trump-2020-11%3famp

Personally I'm torn, I'd love for more people to get it but the last guy fucked up every aspect of dealing with this I'd hate to name it after him. He's failed up his whole life already.",3.0,politics,2021-06-26 21:45:33
"It’s just emergency relief. Everyone here commenting obvi did not read since you have to pay a sub. Highly doubt you all did that.

There’s a huge employee shortage. People going out of business bc no one wants to work. The vaccine has been available long enough that most people had the chance to be fully protected by now. Unless your a filthy republican whos against the vaccine. But we hate those guys right? So you should be fine. 

Literally everywhere in my south Texas town is practically begging for employees. Massive benefits. Doubling wages from before covid. Sign on bonuses. But why do that when other people can go back to work to pay for your $600 a week. You have to realize that’s who it’s coming from. 

But yea. Fuck Abbot bc the mean conservative won’t force others to pay your col while you screw around at home",-33.0,politics,2021-06-27 02:26:14
"DeSantis a corrupt russian-supported joke playing to the dar nazi anti-demicracy right. he is also corrupt, in with gangsters and was likely rigged into office by putin. Mueller confirmed russia tried to hack all elections in 301i but only succeeded in orida where DeSantis won by less than 1% and longtime cheater Rick Scott by about yge same. DeSantis is now trying to criminalize voting by minorities. peaceful protests, vaccine rules, booting hate speeches off social media and lied to pass a legalized gambling scam to enrich trump. his donors and the Russian mob. Putin has already picked DeSantis as his next manchurian nominee so voters beware. DeSantis is very dangerous to the usa.",1.0,politics,2021-06-27 14:44:25
"I hate ignorance and stupidity dude 

My original point ,relevant to the op post ,was information is being suppressed and controlled, and I used an example for that . 

It’s you who is passionately avoided my original point to interject your irrelevant point about ivermectin . 


I would also say I don’t know what your credentials are and don’t view your assessment on the studies as a credible source .  Don’t get me wrong , neither am I a trusted source . How ever there are doctors and scientist who are credible who would disagree with what you just said. 

And a great point that was made by Bret Weinstein and Dr.Pierre recently is that at the very least, make this drug easily accessible for anti-vaxxers so at least they can eliminate the virus from their system and stop the spread on their side . 

So vaccinated people + anti vaccine people taking ivermectin at the first sign of virus symptom =   Heard immunity and the death of covid 19 …. As we only have a small window to get rid of this thing before we are stuck with it forever . 

Now if you disagree with anything that was just said .. I’m telling you it’s irrelevant….  We need credible people to challenge credible people so we can get the best outcome . 

Not social media platforms de platforming qualified doctors cause it goes against their agenda .

If you disagree with this . You fundamentally anti science.",-2.0,politics,2021-06-27 15:12:47
"The party switch is a myth. Biden is your president, he was first elected into office as a senator in 1973. Biden was friends with segregationists and thought that allowing bussing for schools would allow more minorities into his children's schools and turn them into ""racial jungles"" as he put it. He spoke at his good friend, a KKK recruiter/democrat politicians funeral and called him a good friend.

You probably think we need sentencing reform. You think parties switched. If you want sentencing reform why are you voting for Biden, who wrote the racist sentencing laws as a senator in 1994. Why did you vote Hillary who when supporting the sentencing laws called young black men ""super predators.""

When exactly did the parties switch? In the 70's when Biden was trying to keep schools segregated?

Or in the 90's when Biden and Hillary were locking up black super predators for life? Biden said ""these people are beyond redemption.""

Or did the parties switch recently when Biden said black and brown people don't get the vaccine because they ""don't know how to get online to get in line."" Or ""If you don't know if you're voting for me or Trump, you ain't black."" Maybe ""Voter ID is Jim Crow on steroids."" Implying doing everything possible to stop black people from voting, or their votes from counting isn't nearly as bad as requiring an ID, because black people can't get them.

Maybe it is when he said ""Latinx (and yes the president said this idiotic white savior phrase that Latinos almost universally hate, it's telling them their language is wrong) people are afraid of getting vaccinated because they are afraid of getting deported."" The vast majority of Latinos, 10s of millions of them, are legal residents and are not and should not be afraid of being deported. Yet the president seems to think they are all here illegally.

The parties never switched. Biden supported segregation in schools back then, he is still racist now and democrats have some sort of blinders that make them feel like fucking saviors of brown people.",2.0,politics,2021-06-29 03:55:19
"I hate that we’ve all gone (going) through this (🦧👈) because the stress he’s caused is immeasurable. I have (former) friends of 50+ years that cannot see this narcissist for who he is. He doesn’t give a shit about ANYone but himself and feeding that gargantuan ego. Mary Trump’s Too Much is Never Enough book hits the nail on the head. Trump would throw his own kids under the bus if it meant him dodging jail. Tiffany first, then Eric, Don,jr, Barron then Ivanka, in that exact order. What am I missing with this guy? My friends are upper middle class college educated and refuse to get the vaccine, think the government is trying to “take over” our lives blah blah blah but who’s the first one they call in their own safety? Police? 911? Fire Department? Oh and while we’re at it let’s make the schoolteachers go back to school with unvaccinated ancillary help and no safe protocol and no supplies. This is how civilizations “dumb down” (because good teachers are quitting). That’s how we go from a democracy to an autocracy…..or worse.",3.0,politics,2021-06-30 15:39:05
"I hate that talking point so much because the flu is such a massive problem we have massive, annual vaccination drives for it and it STILL kills a ton of people every year. Until the vaccine, it was a leading cause of death in the US!

The flu is terrible, and this thing is STILL worse!",7.0,politics,2021-06-30 18:32:04
difference between telling people to get a life saving vaccine and telling them to hate an entire ethnic group,2.0,politics,2021-06-30 20:53:35
"This is so freaking bothersome to me, as someone who can't get the vaccine due to legitimate health issues I have. I hate that I have to get lumped in with ""that group"" despite **wanting** to get vaxxed.

Not that I can afford a cruise anyway, but I'm sure this financial burden will cross over into other areas as well. I'm already below poverty level from my disability that keeps me from getting the vaccination, and now it's going to become even more difficult to just... Be alive.

I've discussed this with my doctor, and he informed me that the current talk among the medical world right now is that people who can't get the vaccination due to their health, won't be excused from any of the restrictions or added finances even with a doctor's note.

.... Maybe that will change in the future, but as of now, no luck.",2.0,politics,2021-07-01 00:45:09
"I completely understand why your doctor was empathic for you to get the vaccine. Having cardiac problems puts you in a high risk category of covid and the he determined the risk of adverse affects from the vaccine affecting you are obviously much lower than you contracting Covid and having major complications. With that said, a healthy 13 year old is not in the same category of risk and does not need to take a chance of taking a vaccine that could end up causing cardiac issues. At the end of the day, that’s the choice of each individual. 

I’d like to know where you got your information about natural vs vaccinated immunization. There’s not nearly enough evidence for you to suggest that vaccinated immunization last longer than natural immunization when the vaccine has only been out less than 8 months. Both vaccinated and natural immunizations have contracted covid more than once. 

I certainly don’t base my info on what any politician says. You’d be a fool to think either side has your best interest at heart and that why I hate this became so political when it should have been strictly medical.",1.0,politics,2021-07-01 17:33:18
I've been talkin to a few people who voted for Trump who are not your typical Republican voter. One in particular thanks the covid vaccine should be mandatory which I have to laugh at coming from a Republican supporter. They all make fun of Biden for being old and messing up some words without a hint of irony. They do not complain much about him at the policy level. They don't hate him like they hated Hillary or Obama. The only policy level complaint that gets a lot of negativity if immigration. They think Biden is letting in too many immigrants. I don't know if this gets brought up with me because I think fighting is not letting in enough immigrants and I often say that we need to solve the labor shortage by letting and emigrants who want to work. I hope others are having the same realization as me that Biden might unite our country a little bit even if he disappoints Democratic voters.,1.0,politics,2021-07-01 22:29:18
"&gt;Our government couldn't step up to deliver low cost insulin, so a wealthy entity did.

The reason our government ""couldn't"" deliver that insulin is because of rich fuckers lobbying against universal healthcare. They're the cause of the problem you're crediting them for solving. And they just happen to solve it in a way the makes them even more profit rather than a way that creates a humane healthcare system. 

&gt;Hate on Bezoz but we wouldn't have 2 day shipping and such a convenient service without him. You have absolutely used Amazon or an Amazon related service in your life.

If not Amazon it would have been someone else. ""a big box store but Internet"" is not actually a particularly brilliant idea, and the warehouse workers, drivers, and other human infrastructure that actually does the work are just short of slave labor. Which makes it rather easy to make billions of dollars. 

&gt;But if you want Capitalism,

Ah well there's an assumption 

&gt;Also before you come at me about Bezos not paying taxes,

Ah that's a good point, none of these explotaiters pay taxes. They ""donate"" to organizations that use that money to influence global politics in a way favorable to them. That's what Bill Gates did for example, which is why there is no open source vaccine for covid. 

And 10 BILLION is 5 PERCENT of his net worth. If you have 1k in your bank account, that's the same as you donating $50. Which is nowhere near what he is not paying in taxes, which would then be controlled democratically for the good of everyone rather than specifically Bezos.

We don't need these people, they are not good for us or our society, and billionaire should not exist.",1.0,politics,2021-07-02 05:48:55
"I understand the argument. As all those things are happening right now because of covid (with cars and houses) supply already can’t cope as prices are being driven up by billionaire hedge funds looking to turn every home into a rental. 

To clarify and perhaps simplify your argument: basically, one large group prospering may inadvertently affect another group. Therefore, both groups should continue to suffer under the current, still oppressive system. 

I’d just like to point out that lower income folks are already not having a good time; and many of those people ALSO have student debt. Society is facing a wage crises as the billionaires swallow up more and more wealth. Forgiving student debt would at least, for a percent of the population, allow them to maintain some semblance of the American dream. The other option of course is for house prices, cars, rent, and everything else to continue to rise anyway and no one is helped at all. 

Student loan forgiveness could be something that gets the ball rolling for everyone. It could start a process of getting the public at large to agree that socializing some parts of our society is a good thing. 

The argument you make is very similar to arguments I’ve heard against raising the minimum wage. “If you give the poors 15 an hour, then prices will just go up!” And? Literally what is the other option? 

Here we have a thing that Biden can do independently of Congress (which would block him) this thing would help an immense number of people. I’m sure some would fall victim to buying cars they can’t afford- though, applying for a mortgage is already pretty strict, I can’t see that changing- but the majority would be elevated and feel relieved. A happier society benefits everyone. 

Of course there is no argument against the people who selfishly hate the idea only because they get nothing. That’s just human nature and will never change so you got me there. Alas, progress always screws over the previous generation. I suppose the polio vaccine was unfair to all the people before who suffered and died; but it prevented future and current suffering which is what matters.",0.0,politics,2021-07-04 06:32:39
"I honestly think a lot of these people have a fobia of needles. People hate getting injections. I'm diabetic and inject insulin 4 times a day and it doesn't bother me but you tell people that and they flip the fuck out. 

Same with telling them you could get a side effect from the vaccine. People dont want to be sick for a few days from a shot and instead risk their life. People are weird.",-2.0,politics,2021-07-04 20:25:00
"It's only about the number of deaths in the Civil War, or the number of US deaths in WWI and WWII put together.  Small potatoes if you have absolutely no empathy at all.

Oh well, ""There's nothing we can do.""

Sigh.  I am so done with the people who won't accept even a minor inconvenience for the sake of trying to control the pandemic.  No masks.  No vaccine even when it's free to get it.  They've set up fricking drive-throughs and some people still don't want to do it.  How much easier can we make it?

I feel like *I'm* losing empathy for the people who won't do the right thing, and I hate that feeling.  The people we aren't reaching are going to drag this thing out for at least another year unnecessarily, and *they're the ones complaining the most!*  We've got to get through to them somehow.",6.0,politics,2021-07-04 21:51:58
No.  It is because people are using this vaccine as a political weapon to try to stick it to the libs.   If people hate Trump they absolutely have good reason to do so.,11.0,politics,2021-07-04 22:21:59
"To address your second point first (it's faster) - I keep getting conflicting news on this.  Some reports say they are applying for emergency approval, some say they aren't, some say it's already out in other countries, some say it's due to be released in the US 3rd quarter (which we just started).  I don't know which of these is true.  They might all be true based on the time stamp of the article but the company is making up it's mind?  IDK.  I wish it would just release already.  I very much want to get it and will be there the second I can.

&amp;#x200B;

Reasons differ for people so there is no one answer. I probably don't know ALL the answers but these are the ones I know:  I do know people (scientists and doctors among them) who don't trust the MRNA ones.  They know the testing process and they think it's too quick.  If you want to google doctor speaks out against vaccine you'll notice they are often fired shortly after.  So there's no free speech for some on this topic and, if you don't hear a lot of others saying what I'm saying, I will tell you now it's because they're afraid to.  They talk to me (in real life) so I know there's at least some out there.  You're not **allowed** to question the science on this, which is a LOT different than ""the science is in"".  


Some people have told me that they feel the odds of dying from the vaccine and the virus are about the same and they don't want to risk it.  I didn't crunch the numbers, that seems about right as they both have low odds, but I don't know.  It feels like the vaccine is Russian roulette where there's a 1% chance they could die whereas with the virus they can quarantine and just stay away which seems safer.  These are people who get  their groceries delivered to the house and telework. So you can argue their logic, but they aren't out there spreading it.  And the ""herd immunity"" argument is bull so please abandon it.  Anyone arguing herd immunity I automatically tune out and they lose all credibility.  Ebola, AIDS, Cancer etc there are LOTS of diseases out there, spread tons of different ways, that there is no such thing as herd immunity and Covid seems much more like that.  Even the flu doesn't have immunity, it's just seldom fatal.

Then lastly (the category I'm in) there are us folks who seem to be in ""the vaccine will likely kill you"" category.  They aren't 100% sure why it kills some people, so it's hard to know for sure if you're at risk, but I seem to be at risk.  I have a lot in common with the people who tend to drop dead. They only way to know for sure is to take it and see if I drop dead and if I need to explain to you why that makes me too uncomfortable then this conversation is pointless.  Frankly it would probably kill me in a placebo affect way - I'm SO worried that I'll drop dead that I'll probably have a heart attack or stroke just by getting it.  But I'm not dropping dead ""for the team"".  I'll just quarantine and  wait.  I'm not spreading it.

&amp;#x200B;

Lastly on top of that is that the Novavax is 100% safe (so no possible chance of severe side effects/death), tests BETTER against the variants, and has had a chance to be modified to take variants into account.  It's a superior vaccine.  It wasn't available before so I get why people took the others, but you would EXPECT any latecomers to market to be superior or else why bother.  Next generation TV is always better, next generation vaccine also better.  It's the point to continuing to create - to make it better.  So safer and better.  I'll wait.  Which is why it's so annoying when people scream on their soapboxes about how we better get the vaccine.  I'm willing - waiting - wanting to get it -- release the damn thing and I will.  Those people just want to scream.  Fine, but it's not a morally or intellectually superior position.  I know a lot of people who will on opening day get the next vaccine.  But no, they aren't getting the ones already out.  Screaming won't change their mind, repeating the same talk points won't change their mind.  So the ball is in the governments court.  If they prefer to scream rather than release others ask yourselves why?  It's been through testing. It tests better. So why not just authorize it?  I seriously can only think they are beholden to a Moderna lobbyist or they're an idiot. (There are others like the Novavax.  I can't remember their names and I think they are finishing testing.  I only push Nova because it's ready and because I've looked at it's science.  I think the others are also as good, but I'm not certain so I don't push them.)

&amp;#x200B;

I don't often speak on this because I don't need all the hate, but I do try to raise peoples awareness from time to time. There ARE other reasons besides being a conspiracy theory idiot to wait.  I am NOT part of the problem however, thank you, and I resent those haters who feel the need to throw that at me.  I am 100% still quarantining etc etc and I wear 4 masks in public.  The super spreaders are the herds of people meeting without masks (including the vaccinated).  Some of those folks are anti-vaxers, but they don't represent us logical folks who are waiting.",1.0,politics,2021-07-04 23:09:46
"&gt;Its sort of funny/sad getting to walk around maskless while my coworkers who most likely hate masks are still stuck wearing them because they seem to hate vaccines even more.

I'm glad the vaccine came about so fast but it legitimately fucked me up worse than covid.",-7.0,politics,2021-07-05 03:56:39
Yeah they hate Fauci.  Might be worth it to find a different voice for the movement.  Of course they hate the vaccine too and even turn somewhat on Trump when he mentions it.  FDA approval would help for sure.  Know some folks that won’t touch it till then.,1.0,politics,2021-07-05 07:16:19
"I rarely shop at Walmart, i hate ATT and use MetroPCS, and got the moderna vaccine for years.
Today I am glad I am supporting the right companies",1.0,politics,2021-07-05 09:36:11
"Yeah I think the largest vaccine skeptic nation is actually France, they even made an absolutely insane anti vax propaganda film, don't take French ignorance away from them, you know they hate to be second to Americans in anything.",2.0,politics,2021-07-05 11:52:47
"Yeah sure, you can look at it however you want but credit needs to be given. Trump shut down china entry in March. Look it up and invested inn multiple vaccine not just one,  speed up FDA process and pre-ordered 100 million doses. Democrats are the one shut down and killed jobs and then claimed 3 millions jobs are created when people coming back to work. Lol, you guys hate Trump so much.",-28.0,politics,2021-07-06 23:32:29
"&gt;Trump shut down china entry in March. 

&amp;#x200B;

Yes, when it was entirety useless  the Coronavirus had a full three months to spread within that time and it did not prevent US citizens returning from China which made it even more pointless.  Reminder that he had an entire 2 months to act and did not before this, more time if you consider the Corona Virus news was out since late December.  

&amp;#x200B;

&gt;Look it up and invested inn multiple vaccine not just one, speed up FDA process and pre-ordered 100 million doses. 

&amp;#x200B;

This would have happened under any president in this scenario.  If anything it's way more attributable credit to the vaccine researchers.   

&amp;#x200B;

&gt;Democrats are the one shut down and killed jobs and then claimed 3 millions jobs are created when people coming back to work. Lol, you guys hate Trump so much.

&amp;#x200B;

I am not a Democrat, I have a full list of fair criticisms of Biden that don't involve his dog or Hunter Biden's laptop.

&amp;#x200B;

Trump has a list of corruption and incompetency scandals longer than I can count on my fingers and toes. If we go on offering credit where it is due, the bad way outweighs the good.",12.0,politics,2021-07-06 23:49:10
"Not getting vaccinated for a deadly (and now almost virtually preventable) disease all to own the other party? This is the level the Republican Party is at right now.

Look, I hate Trump as much as the next guy, but if he were President right now I would've still rushed to get the vaccine. 

This level of self-owning Republicans are putting themselves through needs its own name because current phrases do not accurately capture how dumb these people are.",50.0,politics,2021-07-07 01:21:49
"While I hate Trump supporters, I do have to say that a good majority of my liberal friends are refusing the vaccine as well.",-9.0,politics,2021-07-07 15:19:36
"&gt;So no, not only is insinuating he didn't develope the vaccine misleading, its also not the point. 

He didn't develop the vaccine. How is saying that misleading?  This is a fact that you agree with. 

&gt;Fauci was never in a position to develope it. He was however in position to advise on it as the head of NIAID.

Maybe, maybe not. Show some evidence of him advising on it in anyway you could call it him helping. The entire point of warpseed was to bypass government restrictions. 

&gt;Trump however had a much greater responsibility. To not only make sure a vaccine was sought, but also to ensure its distribution, the cooperation of the public, and also getting local governments on board with the effort.

Which he did a great job with if we compare the US to other countries. Every state was on board fully. Going anymore local violates the Constitution

&gt;He secured funding, but in the very next breath said the virus wasn't deadly, said masks weren't necessary, said lockdowns weren't necessary, and even belittled the efforts of an advisor who's only job was to inform him of dangers and then direct his agency according to the presidents wishes.

Strawman's arguments won't convince me. Trump enabled the lockdowns(i believe they cost more lives), repeated what experts said about masks like when Fauci said they were not needed,  and said the scientific truth that the virus did not have a high mortality rate with people who didn't have preexisting conditions.  

You just hate Trump. Its obvious this is why you feel this way. Everything Trump did was bad, right? Can you say he did something good?  Can you say Fauci did something bad?",0.0,politics,2021-07-07 18:54:08
"Legalize Humanity by Criminalizing Republicanism.

They stop at nothing to suppress and oppress, they are fueled by hate, they oppose science, women, people of color and they make it a point to be as ignorant and uniformed as possible.

History has shown us the danger of allowing Nazis and it’s time we make it clear : Promoting and Supporting the evil GOP ideology is in and of itself prosecutable violence.

There’s no excuse to allow a vaccine hating trump-loving-Republican the same air as democracy supporting people - the fascists must suffer for their violence.",20.0,politics,2021-07-08 16:59:56
"&gt;The funny thing about being a member of the Republican Party in the year 2021 is that while conservatives throw an absolute shit fit at the idea of schools teaching that systemic racism is real, they’re happy to invoke famously racist events when trying to (poorly) make an argument that life is treating them unfairly. Take Joe Biden’s push to get as many Americans vaccinated as possible. Republicans really hate this because it marries two of their least favorite things—science and doing things for the greater good. But instead of saying, “You know what, the vaccine isn’t for me,” or, “I know it’s the right thing to do, but I’m just not gonna,” they’ve decided that the idea of the president of the United States trying to prevent more people from dying, on top of the 600,000-plus who already have, isn’t just something they disagree with, it’s on par with apartheid. Yes, apartheid.",27.0,politics,2021-07-08 22:19:49
Wear your mask and follow the suggestions from the CDC. Ask your friends if they have the vaccine and remind them to only vote Republican if they hate human life and want humans to suffer entirely.,4.0,politics,2021-07-09 15:32:48
"“Missouri, where only 40% of people are even partly vaccinated, the ICUs are filling up again. NBC News quoted one doctor there saying his patients are ""shocked"" when they end up in the hospital and many of them have regrets.”  I hate to say it but politics has broken people’s brains.  If public health does a good job educating people on the importance of getting vaccinated and they still ignore it due to politics or misinformation then there are consequences for that.  And there are people with compromised immune systems and children who cannot yet get vaccinated.  The Virginia Republican governor said he thought only a disaster like many deaths would convince his constituents to get the vaccine.  If 600,000+ American deaths did not convince them, how many more would it take?",62.0,politics,2021-07-09 15:33:31
"And their relationship with social media has been quite a ride.  They've been informed that getting kicked off of Twitter or Facebook for spreading vaccine disinformation or Nazi propaganda **isn't** a Free Speech issue, because those are private companies and they can make their own rules for their platforms.  

Their solution?  Why, let's just [nationalize the tech companies](https://www.realclearpolitics.com/articles/2021/01/09/nationalize_facebook_twitter_to_preserve_free_speech.html)!  Then if Facebook was a government entity, their hate speech would be protected under the First Amendment.  

That's correct - the right wing has gone so far right that they've looped back to Communism.  ....Yay?",15.0,politics,2021-07-09 16:06:40
"Look I hate Trump as much as any other liberal, but I just rewatched the video, and Trump was not suggesting we inject bleach into our veins. 

&amp;#x200B;

He said disinfectants can kill the virus in a minute, and he follows up by asking if there is a way we can do something similar for the human body. As in, is there a way we can inject something into the human body that will kill the covid virus inside. He's not asking if we can inject household disinfectants. 

&amp;#x200B;

In other words, the covid vaccine is a preventative measure, but what if we created a shot that actually kills covid instead of just preventing it?",1.0,politics,2021-07-10 00:18:50
"Look I hate Trump as much as any other liberal, but I just rewatched the video, and Trump was not suggesting we inject bleach into our veins.   
He said disinfectants can kill the virus in a minute, and he follows up by asking if there is a way we can do something similar for the human body. As in, is there a way we can inject something into the human body that will kill the covid virus inside. He's not asking if we can inject household disinfectants.   
In other words, the covid vaccine is a preventative measure, but what if we created a shot that actually kills covid instead of just preventing it?",0.0,politics,2021-07-10 00:19:28
"Unfortunately he can't do that. I  think the pressure will have to come from different places such as employers. I like what the NFL is doing. They are going to make the unvaccinated peoples lives miserable with daily swab testing, cannot leave hotels on road trips, etc. Make them hate the protocols so much they'll get the vaccine.",9.0,politics,2021-07-10 03:24:06
Bs every republican I know is vaccinated and I hate to break it to you but vaccinated people still die from COVID. Look up what they are finding in Israel the delta variant deaths are made up of 50% vaccinated. You need to wear a mask with this new variant. Pfizer is talking a 3rd shot now. The problem is this vaccine is still experimental and drs have been complaining to the cdc about the ineffectiveness off it to no avail. Bottom line you need to still wear a mask.,-1.0,politics,2021-07-10 07:23:54
"&gt; “...Anyone who doesn’t want the vaccine should be able to refuse it without being made to feel like a criminal,” she tweeted Thursday. “This is a free country after all.”

UGH I'm getting tired of explaining to people that yes, it is a free country in the fact that the government cannot suppress speech to a certain degree, but public opinion can still think of you as a fucking asshole and hate you for your actions.",15.0,politics,2021-07-10 15:21:12
"Yeah, got the vaccine, went out, got cut off multiple times in traffic by either the big cars with Trump plastered all over the back or those pickup trucks with Trump flags mounted on the flat bed. I quickly realized I still hate going outside.",20.0,politics,2021-07-10 17:37:35
"I hate the stores that have the “If your vaccinated, no need for a mask!” Pretty much everyone thats refusing a vaccine are also refusing to wear masks. Pride is terrible thing",6.0,politics,2021-07-10 21:54:48
The one thing I’ll give them credit for is that they are willing to do easy superficial stuff and things like not actively sabotaging the vaccine roll out. Plus they don’t go as hard on the poor and marginalized folks in general like the republicans do. Republicans get into power and then use that power to hurt the people they hate.,1.0,politics,2021-07-10 22:10:08
"Im also in a southern red state and it sucks. I have to work, and I did get the first shot but had an adverse reaction (internal bleeding, got 2 second opinions, a total of 3 doctors told me not to get the second shot). My blood is not registering antibodies. Instead of getting vaccinated to protect me, someone who experienced a reaction that has occured in less than 0.5% of vaccine getters, my workforce has pointed to me as a valuable reason to not get the vaccine: ""look what it did to her! I ain't getting no shot! I'm healthy!"" 

No matter how many times I explain that I have underlying immune conditions and that this is not my first adverse vaccine response and they have not had adverse vaccine responses despite being fully vaccinated and they would protect ME and them by getting vaccinated themselves, they continue to express doubt. One of them even said that they're not ""gonna be no zombie."" 

It's no use, but I have no choice but to work and make money, and I might die in the process. My workplace took away the mask mandate, despite most of our staff being unvaccinated (we make food), and removed all covid related precautions (the glass between us and the customers for example, which was actually very efficient, they said people kept hitting their heads on it but I never saw that happen). 

I hate it here.",13.0,politics,2021-07-11 03:40:57
"How many audits are required, and what is the metric for a satisfactory audit? They've counted the ballots several times. They checked for bamboo fibers and Trump's super-secret watermark. They've broken voting machines. And there's still nothing to report.

Michigan's Republican-led fraud investigation committee determined there was no foul play and *recommended that the SOS investigate charges* for people who knowingly propagated or profited from the lie. They're still changing some election laws, but they did call 45's claims ridiculous. His supporters don't accept it. It won't matter if every state's audit yields the same result. It looks like about half the party is committed to Trumpism and its rhetoric.

No joke, guys, I'm getting apprehensive. Talking heads always spew bullshit for approval, but things seem to be coalescing in a new way. They are convinced Biden is a communist fascist but also completely senile who will step down by the end of the year. That every alphabet agency is firmly under his thumb and seeking to punish political opponents. We had a literal coup attempt 6 months ago which was a false flag/antifa/blm/fbi-led/anti Trump Reichstag fire but we don't need to investigate because that's anti Trump socialism. Marxists are coming to make white kids hate themselves, take the guns and bibles, then outlaw private property. They think the door to door vaccine outreach is literal brown shirts coming to hold you and your kids down to forcibly inject you with a 50% mortality rate vaccine. All the sophistry about patriots fighting for their beliefs like 1776, defending their god and country from the forces of evil communism...They won't be happy until Biden is dragged from office and  they could obviously justify violence to accomplish it. I really think Jan 6 was just a warm-up act.",46.0,politics,2021-07-11 12:47:59
"Trump supporters: Trump created the fastest vaccine in history

Also Trump supporters: I hate vaccines",6111.0,politics,2021-07-11 15:05:40
“It’s so unfair that you’re giving Biden all the credit for the vaccine that I hate!”,26.0,politics,2021-07-11 15:56:38
"I've said it before, but the main thing that drives them is being *against* you, no matter what it is.

In that context, it makes some sort of sense. We made a vaccine faster than you could! Oh, you like vaccines? Well, we don't! We hate them!",1.0,politics,2021-07-11 19:19:46
"They really did cross the Rubicon with the vaccine skepticism. It used to just be that they were voting against policies that would benefit themselves and society broadly (their hate for Obamacare for instance), but now they're literally willing to harm public health and society as a whole to prove Trump right just because they can.",29.0,politics,2021-07-11 19:36:00
"They are terrified the world is changing and hate it and want everything to go back to how it was when they were young and too stupid to see how the world actually was.

Protecting themselves from the disease is change, acknowledging a new disease that is worse than the flu is change, taking the vaccine is change. ""China bad"" is not change (don't get me wrong it is, but that is besides the point) so they can get behind that.",1.0,politics,2021-07-11 22:34:24
I don't hate freedom but I kind of hate that people want to take the risk of permanently damaging their health. I'm a healthcare worker and I've worked throughout the pandemic. Have a little respect for yourself. Trust me. You really really really don't want COVID. I really don't want to have to watch another patient suffer like that especially when it is absolutely unnecessary at this point. This is not about choice. We all have choices every single day. Some choices are better than others. Choosing to get the vaccine is a far better choice than choosing not to get the vaccine. This shouldn't be political. Consider your own health.,8.0,politics,2021-07-11 22:46:10
I don’t think they hate vaccines but perhaps they are concerned about taking and vaccine when we don’t know about unknown side effects. Also how many people who are not taking the vaccine have already been infected with the virus and have natural antibodies. The data the the corporate news provides is a product designed to attract viewers/clicks that can be sold to other corporate interests. Be a bit suspicious of their motives when stories like these land in your feed.,1.0,politics,2021-07-11 22:46:36
I hate to be “that” veteran. But it’s still crazy to me that this vaccine (FDA Approved or not) is all voluntary to this point. I’ve been given a whole slew of vaccinations just to be able to travel overseas.. Including the sketch ass malaria medication they used to give us…,21.0,politics,2021-07-11 23:04:25
"Yea, but they are okay... with them letting them get sick and die. They hate the affordable care act, and they tell people lies about the vaccine.",1.0,politics,2021-07-11 23:42:59
"Guys, I’ve figured it out!  Republicans hate any form of birth control.  The Covid vaccine is literally birth control for Covid, preventing Covid from making more little Covids.",1.0,politics,2021-07-11 23:55:06
"Once the vaccine is fully FDA approved, insurance companies should deny paying a Covid-19 hospitalization for the unvaccinated. (If they could get the vaccination. I realize some people can't for health reasons.)

At this point, many Republicans that are unvaccinated will likely die from Covid. I hate anyone suffering but they are doing it to themselves.",5.0,politics,2021-07-12 00:09:12
"If there is no immunity, then it's technically not a vaccine. And it's not preventing anything. But there was never a deadly virus, so it all works out. Faucci's a fraud, so is the election process. There is life after hate though, so keep your heads up.",-3.0,politics,2021-07-12 00:34:54
"Uh, work in health policy, have a vaccine sticker on my phone so I can pimp vaccines just by flashing it any time I use my phone in public, am obviously double vaccinated...and I hate this idea. 

Vaccines are vaccines and guns are guns - vaccines impact so many things (positively of course), why link it to a weapon that is in no way related?",2.0,politics,2021-07-12 20:49:11
"The thing is…I understand how the science of the vaccine is terrifying especially with all the fake information. I understand if you aren’t brought up in an environment that favors the scientific facts, how you will be wary of it. I’m not anti vaxx, but I can sympathize with people who don’t understand why they should get it while the rest of the world screams at them how uneducated they are. 

What I hate is trying to make this seem like they can discriminate based on this. People’s gender, sexual orientation, race….that’s not a fucking choice. This is. So either get it or don’t, but don’t be screaming about lack of privileges when this is a CHOICE you made",2.0,politics,2021-07-12 20:50:58
"Remember a few months ago when vaccine rollout began and Trump, having been banned from Twitter, issued a statement (basically a tweet) to remind everyone that HE was responsible for the development of the vaccines?

With Trump taking credit for the coronavirus vaccines, you'd think more of his followers would be inclined to get vaccinated. 

But no... The vaccine development *was* an amazing accomplishment - until Trump's successor started promoting vaccination. Like, it was a great idea when it was *Trump's* doing, but omg now a *Democrat* wants us to take these terrifying shots?!

I hate to say this, but I wonder if more people would be vaccinated if Trump was still in office.",1.0,politics,2021-07-12 21:39:00
"“hate”? i have put my health on the line by putting something dangerous in my body that could lead to sterility or  everything made out of iron sticking to me like a magnet. i did this so that our country could rise out of the pandemic and this act of patriotism; heroism even you interpret as and act of “hate” Oh yeah i too have a son on the spectrum (Aspergers) i do not blame vaccines and i also had him vaccinated  against Coved and if the Japanese ever bomb Pearl Harbor again(meaning should any country attack us  in such a way as the lines of good vs evil be CLEARLY DELINEATED in some kind of world wide conflict I would encourage him to sign up (as i am too old)  So there you have it i risk myself, my son  and would  encourage it again  . i’m not trying to get all holier than thou but your response was such that you seem to expect a pass on doing your part because you have an anecdote about a friend of yours that had a health issue caused or exacberated by the vaccine.
so you seem to be taking the pat of least risk for you and your family hoping for herd immunity without exposing yourselves 
By the way maybe stats is a better way to make life decisions rather than anecdotes 600k dead from the virus i’m. MANY TIMES Americans have gotten the vaccine than had the virus and how many have died from the vaccine ?!
Let us not confuse SACRIFICE for “hate”. Taking risks be it dodging bullets or getting shots fulling under the umbrella of Sacrifice for the benefit of the whole community.

So who really is committing the act of “hate?”",1.0,politics,2021-07-13 00:46:06
"If they hate immigrants, like you presume, and also think the vaccine is dangerous, like you presume, then wouldn't they gleefully allow them to take their vaccine?",0.0,politics,2021-07-13 04:03:51
It’s so hilarious that Trump is actually for the vaccine and yet his supporters hate it. They ignore that fact.,6.0,politics,2021-07-13 04:24:46
"&gt; However, Trump had demonstrated a history of downplaying and mis-handling Covid. This created a sentiment of distrust against him. So when people hear that he's pushing this vaccine, a lot of people (our VP included) said stuff along the lines of ""I dont trust it if it comes from Trump"".

Even if trump downplayed and mismanaged COVID (if by downplayed you mean telling people not to let it rule them), people hate him so why would they listen to him? The people who didn’t trust trump to distribute the vaccine already didn’t trust before COVID so I don’t buy that 

Besides that I agree with what you wrote",-6.0,politics,2021-07-13 06:18:08
"1. I don’t hate you for your choice I hate your choice.
2. You are right i am not at risk at least not yet and I think this illustrates a fundamental difference in our thinking. Your thoughts show you to be concerned all about you and your welfare . You think we are all like that and I am pushing back not because i am concerned for my own welfare but for our COLLECTIVE WELFARE. i m sure there are no unvaccinated people out there expecting to get Coved they all think like you  they will be careful they won’t get it blah blah blah the hospitals are starting to fill with them. Imagine if Everyone thought like you and almost no one got the vaccine — every year would’ve like last year hospitals would fill up a couple weeks after every holiday people would be dying or getting the long haul version even people who don’t get it would more than likely be effected by the shuttered economy . 
we are almost back to normal now and that is because of the people who have chosen to get the shot.  but we are still not totally back and until it’s. snuffed out which won’t happen without more people getting vaccinated then ther could be a variant that the vaccines dont cover and then we are back to where we are last year and me and my family at agin endangered and out country is in economic shambles and it’s because there are enough people like you that won’t get the shot. You think the vaccine poses risks ?! then all the more reason to get it because otherwise you are living off the valor of others and benefitting from the risks THEY took.
which many of us did not take likely and with already 700k americans dead we respectfully request that you could thinking selfishly and start thinking collectively. and if you were to make a decision based on the statistics what’s best collectively is also what’s best for the individual because guess what your chances of dying from COVED are exponentially higher for the unvaccinated 
But please don’t paint your decision as harmless oh sure you are not commuting an overt act of harm but a potentially passive act of harm.",1.0,politics,2021-07-13 06:47:21
Lol at the same group of people who hate Trump then beg everyone to get a vaccine that was rushed by his administration. Maybe if Biden was responsible more people would be hesitant. I can’t help but be intrigued by this phenomenon.,-1.0,politics,2021-07-13 09:30:41
"If the vaccine works why is everyone so damn mad at people they hate and want to die, wouldn’t that be the best way to be rid of them?",-3.0,politics,2021-07-13 11:19:56
"The problem with that logic is since the vaccine kills you* and they hate all non-white people, it's probably a win-win for them.

*The vaccine does not kill you, I know bill gates told me when my vaccine went online.",48.0,politics,2021-07-13 11:26:06
"1) Give Trump credit for the vaccine. Love or hate him, it was a massive accomplishment. 
2) Give Trump a better platform to speak to its effectiveness. No one is a bigger cheerleader for the vaccine than Trump. 

Those two things would undoubtedly get more people vaccinated. Just a friendly reminder that both sides have politicized this virus to death.",-3.0,politics,2021-07-13 13:54:50
"All this ""they"" and ""we"" and these can't fucking compromise tactics scare me.  To be clear, I think voting rights are extremely important and I am a moderate-leaning-liberal so I mostly vote for Democrats.  

However, as someone who has looked at history and what's happened in other countries leading up to wars or genocides, I'm quite wary right now.  The 1/6 Capital insurrection, the heavily propagandized ""news"" networks that circulate like OAN, these legislators having to flee to avoid a vote that would otherwise ensure minority party rule, the use of Executive Orders over legislation, etc.

In my own area, a very purple area, I'm getting hostility as someone who is known to have taken the COVID vaccine for my high-contact with others work from some anti-vaxxers and anti-maskers.  A couple weeks ago I had a neighbor, a vendor, and a client all spouting off vaccine conspiracy theories despite me specifically trying to *avoid* vaccine related topics in conversation.

In my own area I have seen what might be considered in some European countries hate speech in print on homes and vehicles.  

We are not in a good place right now in the US.  You can feel the tension.  People have been isolated too long, the delta variant may make us isolate again, and that lack of common community is making people forget the reasons they like their neighbors while the propaganda teaches us to hate.",1.0,politics,2021-07-13 17:25:52
"I’m sorry to ask this (I hate her) but isn’t she talking that bullshit about door to door “forced” vaccination propaganda. The Fauci ouchie is the vaccine and not those lost to Covid-19?
It seems a bit misleading?",1.0,politics,2021-07-14 15:41:02
"I really hate when two people mostly agree but argue about the knitpicky thing but I’m gonna do it here… I really don’t think there is anything wrong with “incentivizing” being able to remove your mask if you’ve been vaccinated. It’s not an irrational plan on its face, and in fact the 7-day vaccine avg actually did jump up in the two weeks following the initial announcement (on May 13th) that vaccinated people could go without a mask in most circumstances.

What’s irrational was thinking that the people who were never going to get vaccinated would continue to wear masks regardless of what the CDC said.",226.0,politics,2021-07-14 15:55:49
"Vaccines have been openly available for months now, and they all work on the delta variant.

I don't think it's reasonable to demand masks to benefit only the anti-vaxxers, who themselves hate masks and largely refuse to wear them.

Unless there's a new strain that the vaccine won't fix, this is never going to happen.",-2.0,politics,2021-07-14 20:16:24
"Just fucking great, they hate democrats so much they’re willing to let those foolish enough to listen to and vote for them die?  Damn it.

That’s the real fraud, republicans not willing to save their poor anti-vaccine constituents lives.",1.0,politics,2021-07-15 00:10:05
"If you need advice on a vaccine for your kids and I seek your convo online targeting you, insert myself into it as a parent who saw terrible reactions and feed you completely made up stories, who's not gonna believe that? Who lies about something like that? Monsters. They even got paid to do this. This was a fun game tearing down herd immunity, inciting racial hate, playing Left and smearing them, playing Right and supporting Trump. 

There is no way to fight the method of social media manipulation the Russians (and now just about all our enemies) use.",1.0,politics,2021-07-15 14:18:40
"It's probably too late now but I'm all for going after misinformation. And this to me is the side of social media I absolutely hate. There's nothing in place that prevents fucking psuedo intellectuals, outright liars, anarchists and stupid people from sending out a fucking tweet that says getting the vaccine will chip you and we've been magnetized. Yeah, that actually happened.",5.0,politics,2021-07-15 22:02:34
"My state is only around 30% vaccinated. Even if they are dumbasses, I hate to see them die. Part of the drive for as much vaccination as possible is to provide herd immunity, and limit the widespread infections. The mutated viruses have a chance to establish themselves in unvaccinated populations as well. To squash the vaccine we really need to get as many people vaccinated as possible. I’m not trying to be an asshole at all either, or argue. I do firmly believe it’s people’s choice to be vaccinated or not. 

I work in the medical field so I see a lot of misery from covid. The vaccines are very safe. I do understand the hesitancy and uncertainty you (and a lot of others) have. At least consider getting the vaccine for the sake of not spreading it, and in the admittedly fairly low risk of known complications/death in young people. I just hope there’s not some shitty thing that’s going to come from Covid in regards to long term effects. That’s more concerning to me than long term effects of the vaccine.",1.0,politics,2021-07-16 06:05:15
"Again, Trump had literally nothing to do with it. Like everything else in life, all he did was take credit. If you really wanna stick it to Trump, live a long healthy life and vote for things his supporters hate. Don't be an idiot and let your feelings get in the way of fact. The vaccine is safe.",6.0,politics,2021-07-16 14:09:11
"Here’s the problem…. Almost everything the GOP does right now hurts people, and I think it’s a threat to peace and security. Voting restrictions, anti vaccine and anti masks, anti transgender bills, etc. you know what sums them up? “Who would have thought health care would be so complicated?” That was never about improving lives, that had everything to do with dismantling a black presidents legacy. Patriotism is to recognize what’s wrong with your country and to try to fix it. I can’t be quiet anymore. The GOP is a hate group, and any passive members decided long ago that that wasn’t a deal breaker.",1.0,politics,2021-07-16 17:59:28
"That’s a great question and my parents have brought it up and he just dismisses it like everything else. The problem is him reading or listening to these people online, idk who, but they say all this stuff about the vaccination being dangerous, the rich getting richer and he should hate them for it and it’s all fake and blah blah blah. The problem with his side of stuff is nothing is actual fact, he can’t give any facts he just spout off random shit that these people online say. My sister in law had COVID, almost a year ago and she still has trouble taking deep breaths and getting enough air into her lungs. So I have actual proof that COVID has long term effects instead of just saying oh well the vaccine “might” make you grow an arm or kill you in ten years.",5.0,politics,2021-07-16 18:46:09
"I hate to break it to you, but not everyone makes their decisions based on what the government says. Some people who aren’t getting the vaccine have legitimate health reasons not to. 

People thinking for themselves is a foreign concept I guess",-17.0,politics,2021-07-17 03:07:13
"I actually hate alcohol advertising too, and the impact is way worse than anything Covid or vaccine related. And kinda funny but there are lots of Lyme disease commercials on the same baseball games I listen to haha.

Your last point is my issue. Public health officials decide that they’d rather decide for us what we should hear because of the feedback loop where the more you hear the more you might not agree with them. Even if you’re wrong I think people should be free to make decisions.

There are inherent risks in everything but at this point the Covid risks are quantifiable and the vaccine risks are kinda shrouded and trickling out over time because some people drew the short straw. Maybe it’s random and maybe it’s not, but if it’s correlated to some conditions then it’s really unfortunate if some people got peer pressured into doing it without having the right to wait for that information to be settled.

If you read the Pfizer study you will see that a tiny slice got severe Covid and a small but larger slice got severe side effects. And they state that side effects increased in severity with younger populations. So you have this effect where the younger and healthier you are, the more side effect risk you take for a smaller and smaller Covid risk to mitigate.",1.0,politics,2021-07-17 04:10:06
https://www.cbsnews.com/news/vaccine-disinformation-social-media-center-for-countering-digital-hate-report/,2.0,politics,2021-07-17 04:28:01
"Since most of you seem to hate so called ""Republicans"" anyway, why do you care if they refuse the vaccine. You will all be protected from these idiots right since you took it?",-1.0,politics,2021-07-17 15:47:11
"Hate to say this, but there’s a good number of people who can’t take the vaccine for medical reasons, leaving them vulnerable with often already-weakened immune systems. Those are the people I’m worried about right now, not the assholes who just choose not to take it because they’re up to their eyeballs in Q nonsense.",12.0,politics,2021-07-17 16:28:32
"They hate ‘forced vaccines’, yet when I emigrated to the US (during the Trump admin) I was ‘forced’ to be fully vaccinated from various diseases before I was allowed in. What they mean is, “don’t force *me* to have a vaccine”.",49.0,politics,2021-07-17 16:53:56
"Maybe that's what it is. When I hear about people who are actively refusing the vaccine for personal political reasons I just assume they hate the concept of freedom and America. Like, you want to help make other people sick? But why?",22.0,politics,2021-07-17 22:55:13
Identify a group of people as 'antivaxx' and inciting hate - that's not going to fly.   Many people are not taking the vaccine regardless of political views.,-9.0,politics,2021-07-18 06:48:09
God I hate followers of the holy covid religion. The majority of those who refuse the experimental covid vaccine are not generally anti vax.,-1.0,politics,2021-07-18 13:57:36
"The folks who are still dumbfounded or trying to rectify why Fox News would willingly help kill off a portion of their audience (and political ilk) misunderstand their base motivation and underestimate how truly vile they are. 

Fox News has a mammoth political bend but they aren't a political organization. They are a commercial enterprise driven by ratings and ad revenue. Thats it. Do those political and commercial interests overlap often? Absolutely. But not always. 

This instance is analogous to the 'Ford Pinto'. The Pinto was a popular car which, due to placement of the gas tank, was prone to explosions even in the smallest accident. Ford did the math and found that paying out settlements for death or injury would cost less than a complete recall and repair, so they stayed silent on the matter. 

In this case. Fox News has done the math. They have determined that a few thousand dead viewers, maybe even a few tens of thousands dead viewers, is worth it compared to the potential ratings bonanza that may occur if, as they hope, the 70% vaccinated begin to resent and criticize the 30% unvaccinated. In that case we are talking millions of Americans determined to hear they are in the right and to know their cause is just. This is why Fox not only spreads disinformation about the vaccine, but they do so with intentional arrogance and vitriol to make you hate them. Hate them, hate their followers. Hate their followers and they retreat to the comfort and self assurance of more Fox News. 

Yes, they are that evil. There is no money to be made in a safe vaccinated America",342.0,politics,2021-07-18 15:14:58
"The folks who are still dumbfounded or trying to rectify why Fox News would willingly help kill off a portion of their audience (and political ilk) misunderstand their base motivation and underestimate how truly vile they are. 

Fox News has a mammoth political bend but they aren't a political organization. They are a commercial enterprise driven by ratings and ad revenue. Thats it. Do those political and commercial interests overlap often? Absolutely. But not always. 

This instance is analogous to the 'Ford Pinto'. The Pinto was a popular car which, due to placement of the gas tank, was prone to explosions even in the smallest accident. Ford did the math and found that paying out settlements for death or injury would cost less than a complete recall and repair, so they stayed silent on the matter. 

In this case. Fox News has done the math. They have determined that a few thousand dead viewers, maybe even a few tens of thousands dead viewers, is worth it compared to the potential ratings bonanza that may occur if, as they hope, the 70% vaccinated begin to resent and criticize the 30% unvaccinated. In that case we are talking millions of Americans determined to hear they are in the right and to know their cause is just. This is why Fox not only spreads disinformation about the vaccine, but they do so with intentional arrogance and vitriol to make you hate them. Hate them, hate their followers. Hate their followers and they retreat to the comfort and self assurance of more Fox News. 

Yes, they are that evil. There is no money to be made in a safe vaccinated America",170.0,politics,2021-07-18 15:15:57
"I know this is an unpopular opinion, and as much as I hate anti-vaccine bullshit or people that spread the “big lie”, free speech is still a cornerstone of American democracy and obviously Facebook can remove whatever they want to as a private company  -  but passing legislation that makes them liable is absurd. 

Putting pressure on social media companies? Awesome. Passing legislation? That worries me. Facebook is popular today. What if another social media platform was popular and Trump was able to dictate that the connections between his campaign and members of the Russian government/oligarchy was “disinformation”?

We need to stop thinking that good people will be in power. Haven’t we learned anything with the Trump presidency? This is not a good idea.",7.0,politics,2021-07-19 03:51:16
The hate speech in this thread is shocking. How can anti-vaccine be to blame? That doesn’t stand up to scrutiny at all. Why are the American left wing so obsessed with vaccination? It sounds like a cult from here,-49.0,politics,2021-07-19 06:47:25
"Vaccines work by exposing you to a common disease so you are prepared to fight the real one when it hits. That's literally how they work. Side effects happen. Sometimes they are worse than others, as sensitivities to various compounds are always going to vary among subjects.  The /thousands of people/ you're referring to pale in comparison to the deaths that have happened and will CONTINUE to happen without interference. 

Maybe in a way you're right, maybe this is Nature being Intelligent- Darwinism shaving off all the far right anti-vaxxers who have become intoxicated with fear and false equivalencies, lowering their survivability potential through medical and scientific alienation

You are free to not get your vaccine, but it is not hate speech to be involved in a political discussion about the approach towards the health and safety of individuals within the society we have propped up. Thanks to our evolutionary development as a species, we naturally adopted collectivism. We generally like to take care of each other (yes there are obviously exceptions ie war) Those who don't care for others' safeties in regards to deadly preventable diseases that are at the forefront of every able and conscious scientists' mindscan, go ahead and not get vaccinated, and face the music and Darwin. Or don't",8.0,politics,2021-07-19 12:16:57
"Just this morning my boss was talking about how 

“This whole vaccine thing makes me realize what it’s like to be a black man”…. Because he got turned away from a restaurant for being an antivaxxer…

I hate living in the south sometimes.",10.0,politics,2021-07-19 12:43:20
"Same. I'm the parent of an 8yo in a red state whose school district states ""masks will be allowed"", which- we ALL know what that means. I'm doing my best to prep her to keep hers on. No virtual options, no vaccine until 'midwinter'.

I fucking hate all of this.",1.0,politics,2021-07-19 14:16:15
