comments,score,subreddit,time_created
"I agree. I think the problem is that science got too wrapped up with the politics of it. Trump wanted to blame China and scientists wanted people focused on the disease. If everyone right off the ""bat"" thought that China was responsible for manufacturing the virus and it accidently escaped, there would have been a lot of hate towards people of Chinese heritage. They originally didn't want people to wear masks because they were hoarding N95's and the hospitals were forcing their doctors to wear the same ones for weeks on end. (they would cycle between 5 different masks so the virus had a chance to die in the fibers of the mask over 5 days before being reworn) Due to lack of PPE, a lot of medical people got sick. The real solution would have been to step up production of ventilators and PPE as the pandemic started in China in anticipation of it coming here, but that didn't happen. 

A gain of function virus developed in Wuhan for research purposes accidentally escaping? Yeah, sounds right to me. China cuts corners on everything they ever manufacture. They probably had some Chinese made bubble suit that had a leak in it. Then China massively underreporting their case and death count. Then China manufacturing a vaccine that is definitely the worst of all the vaccines being distributed today. (believed to be less than 50% effective, China even owned up to this) Maybe an optics only, one state policy isn't the best thing for a superpower to be.",1.0,moderatepolitics,2021-05-25 13:10:23
"&gt; A gain of function virus developed in Wuhan for research purposes accidentally escaping? Yeah, sounds right to me. China cuts corners on everything they ever manufacture. They probably had some Chinese made bubble suit that had a leak in it. Then China massively underreporting their case and death count. Then China manufacturing a vaccine that is definitely the worst of all the vaccines being distributed today. (believed to be less than 50% effective, China even owned up to this) Maybe an optics only, one state policy isn't the best thing for a superpower to be.

This has been my feeling all along. I understand not wanting to stoke hate towards people of Chinese (or, let's be honest, Asian in general, because Americans can't usually tell the difference) people, but at the same time, is it honestly that much of a stretch to think that China had poor worker and environmental safety standards and lied about it to save face to the world?",2.0,moderatepolitics,2021-05-25 16:27:00
"Even if it was true, it's still misinformation as you had no evidence to support the claim at the time. Even now, there is no evidence to verify the wuhan lab theory, so it's still misinformation.

These are the same people that said:

Covid is a democratic hoax

5G causes covid

The vaccine has microchips

The vaccine will cause women to go barren

Kung flu (which caused a rise in Asian hate crime)

It'll disappear the day after the election

Shat on Fauci for telling people to wear masks.

etc...

Getting 10% of your stuff right is a huge catastrophic failure and doesn't change the situation we're in and got half a million Americans killed. Banning those users from social media is still the right thing to do.",1.0,moderatepolitics,2021-05-27 17:21:02
"No trump did not get is the vaccine. He actually made it harder for people to get the vaccine and lied to the states. He claimed to have millions in a stock pile but when the states asked for it the federal government said there was no such stock pile. 

There were multiple times the vaccine manufacturers offered to sell more vaccines to the US and trump said no. Slowed down access to the vaccine to the US. It wasn't until after Biden used the defense production act to ramp up distribution and manufacturing that we got an accelerated program. 

Also the vaccine wasn't entirely developed in the us. The Pfizer vaccine was developed min Europe.

Trump did not get us where we are today because he refused to have a toll out plan. Luckily the new administration did create one and enlisted the national guard and worked with every state to get things done. We went from zero messaging from the federal government under trump to a whole campaign to encourage vaccination as well as distribute vaccines. 

Literally there was no plan whatsoever for getting people vaccinated, and operation warp speed turned out to be a lie. They didn't do anything. Which is a shake because I thought operation warp speed was actually not a bad idea, even though I hate trump. But they literally did absolutely nothing except lie about everything. 

And no you are wrong about him getting his words from fauci. He actually went against what he and the CDC said for most of the pandemic. And he contradicted them while also forcing them to remain silent. They even fired some of the leading experts in the federal government because they refused to say hydroxi chloroquine was a good treatment for Covid. They literally fired scientists for being scientists. 

So no trump did not get us out of this at all, in the slightest. 

Thank God he lost the election cause there is no telling how fucked we would be right now if Biden hadn't taken over the Covid response.",5.0,moderatepolitics,2021-06-02 15:23:06
"  Boy, please point me to your facts on this, because I had read last year about using the the defense production supply chain for distribution, so I guess Biden must have been advising Trump back then? Also if operation warp speed never happen, and Biden did this all, it would mean that they developed the vaccine in a few days? Actually Trump had already placed orders for millions of doses way back when warp speed was announced, so I guess I don't know what happened to those orders if Biden had to order all the vaccine on his first day? Also everyone had heard that the vaccine would not be available until the end of January, or beginning of February, so I was not surprised at that at all.  Once again, not a Trump fan, but I do think that there are some things he did right, and a lot he did wrong but it seems it has to be black and white for you. You hate Trump so much, and the mainstream media hates him so they say he's bad, so he must be. I get my news from all sides, and then do my research to find out who is telling the truth, and who is not, just like I know everything Biden does will not be perfect, and somethings will turn out bad, like the boarder now, but that is mostly not reported on. There has to be a happy medium on the boarder, but having no boarder at all is not the answer, and the ones that seem to be the most out spoken on it is my Hispanic friends, especially the ones that came here legally. I have a lot of Black friends that don't like it either as they feel, especially in the LA area, that it will make it harder to get ahead, or even survive. I have friends that live in South Central LA, and in Watts, and they talk about the gang violence being out of control, one more thing you don't here a lot about, but they say MS13 has taken over a lot of those neighborhoods. It was back in the 90's and 2000's I worked that area as part of my job, it was a poor neighborhood, and being white I always felt welcome, they tell me that's not the case anymore, and they want more police, not less.",-3.0,moderatepolitics,2021-06-02 15:58:46
"This whole thing is really bothering me personally and professionally.  As a scientist it’s maddening to be misquoted in news articles on research they’ve asked to do a story on so that “I’m interested in this because as far as I know no one has seen a snake toxin from this family that shows a level of selectivity where it is so toxic to cancer of line X but completely non toxic to cancer of extremely similar cancer line Y becomes “Craftmacaro develops cure for cancer X” even I specifically followed that description up with, but I want to be very clear that this does not show promise as a cure, just a potentially useful tool that might help us ID certain mutations and mechanisms of resistance.

But… everyone doubts us when a consensus among virologists is that “while not impossible, we don’t have any more reason to suspect it came from a lab than a natural source… especially since we haven’t sequenced at least 99% of all bat viruses, let alone all animals, and many strains in intermediates are temporary and there’s a decent statistical probability we will never find a beta coronavirus strain older than  SARS2 with the same furin cleavage site mutation because it may already be extinct, having existed temporarily in dogs who are poor vectors, but carried it just long enough for it to start circulating around humans, in which it has found a great vector.

We KNEW THE CAVE that Marburg virus had a reservoir of host animals.  But it took decades and multiple US army expeditions to find a virus  in the same family as Marburg in the bats in the cave, didn’t find a strain of Marburg (that still wasn’t so similar it would be like finding covid in a bat, more like RatG13, so we are unlikely ever to find the smoking gun of natural spillover.

But for some reason people think we are good enough at molecular design we know where to put Argenines in a furin cleavage site to make SARS2 from RATG13?  We just aren’t.  And trying to paint China a supervillain for doing what every virology lab in every country does to try to identify the viruses with properties that we should be the most worried about (because we would only know that a particular sequence might make a virus a threat if we had seen that it  did so in vitro.  But even with that research, and even if we know a specific mutation that makes it easier for cleavage to occur would be bad… we  still don’t have any idea what mutation WOULD make it occur more easily unless we’ve seen it before.  And since it’s… new… that’s apparently the thing that makes it obviously not natural? It must be due to humans speeding up selective pressure that occur in nature at a rate that would yield the same result in time (and considering RatG13 seems like it diverged from whatever line may have ended up as any number of viruses, including SARS2) it had the equivalent number of chances for the right mutations to accumulate as there were between their common ancestor to lead to pigs and dogs existing as separate species.  It’s not like there is a lack of opportunity or statistical plausibility for a 1 in a few trillion chance to occur when you have a quadrillion chances.  

I am not a virologist or a geneticist… I am only mentioning what I know from teaching it to undergrads as a lab TA, and undergrad, and the explanations of colleagues who are geneticists and virologists.  I only teach physiology as a lecture professor of record, and my dissertation expertise is in pharmacology and drug development and protein biochemistry (which is not what anyone is proposing was done to the virus since it would require knowing the 11 aa sequence that would be so effective ahead of time… which we only would if we’d seen it be effective in a natural viral host on an ACE2 spike protein and even then it would be a long shot to assume the molecule would fold up the same way given the different mutations at other sites (refolding a single protein is a pain in the ass and there’s one I’ve been working on for almost half a decade… let alone a whole virus).  But my point is, apart from not going to medical school (which focuses on treatment, not development, of viruses) this guy doesn’t have any expertise in genetics or virology.  And the “co-author is a physicist… given they couldn’t submit this to any scientific journal or they wouldn’t have submitted it to this non peer reviewed media (not scientific literature) distributor.  It’s even labeled as an opinion piece.  

Fuck scientists who pretend to be experts on what they’re professional experience has nothing to do with… these guys have no more experience passaging viruses for gain of function than I do given their backgrounds.

The second is that my wife and son are Taiwanese and half Taiwanese, and racist assholes don’t ask where you are from before they call someone a “ch**k terrorist” even if they’re from a country with far more reason to
hate and fear the CCP than ours.  My son hasn’t seen his grandparents in almost 18 months (he’s 2) because the CCP is blocking any vaccine imports to Taiwan.  I’m not trying to cover for the CCP… I just think it’s fucked up people have to have a villain to blame for a fucking natural disaster that is almost identical to ones that have happened before and multiple times this decade or 2 but no one had to try to blame a specific country because only people far away died for the most part and American lives weren’t effected.

We have scientists who admit to trying and failing to add a furin cleavage site to SARS in labs in the US (many of which have poorer safety records than those in China because of the limits in the extent of a role government can enforce penalties on breach of safe practice).  

Even if the unlikely but possible scenario that it was an as of yet unpublished lab experiment gone wrong is true… we literally tried to do that experiment first… and the US scientists who tried strongly believe it was a natural spillover event.


Anyway… thanks for the kind words and sorry for venting… I had a lot more to get off my chest then I realized!",6.0,moderatepolitics,2021-06-08 19:31:13
"Like half fake and half pure pressure 😂

I hate bullying BUT…… you’re stupid for not getting the vaccine.",-7.0,moderatepolitics,2021-06-13 19:29:53
"Non-opinion piece about this: https://www.reuters.com/world/us/us-surgeon-general-warns-over-covid-19-misinformation-2021-07-15/

&gt; Facebook is not doing enough to stop the spread of false claims about COVID-19 and vaccines, White House press secretary Jen Psaki said on Thursday, part of a new administration pushback on misinformation in the United States.

&gt;Facebook, which owns Instagram and WhatsApp, needs to work harder to remove inaccurate vaccine information from its platform, Psaki said.

&gt;She said 12 people were responsible for almost 65% of anti-vaccine misinformation on social media platforms. The finding was reported in May by the Center for Countering Digital Hate, but Facebook has disputed the methodology.

&gt;""All of them remain active on Facebook,"" Psaki said. Facebook also ""needs to move more quickly to remove harmful violative posts,"" she said.",27.0,moderatepolitics,2021-07-17 14:54:53
"&gt; You ARE at much higher risk for covid related issues than vaccine related issues at any group above 18.

Actually, we don't know this yet; it's impossible to know what sorts of long-term adverse reactions the human body will have from these vaccines because they've only been in bodies for a few months. In that sense, every person who has had the COVID-19 vaccine is part of Phase 2 clinical trials for these pharmaceutical companies.

Love her or hate her, what MTG said in those tweets is, at worst, controversial. Twitter banning her will just further solidify any vaccine-hesitants in her camp and, what is far worse in my opinion, will be yet another confirming incident for distrust in the media and the government. If you don't like what she says, offer a counterargument; censorship does the exact opposite of what you're hoping to achieve.",7.0,moderatepolitics,2021-07-20 13:32:42
"&gt;risk is small compared to benefit of the vax -- so far 12.5 million J&amp;J doses and 95 GBS hospitlizations and 1 death.

...risk of death is small compared to risk of infection from COVID too.

I don't see how the argument works in favor in one direction and against in the other.

&gt;Second, causal link has yet to be established. Third, GBS symptoms happen promptly after being vax'd. Complications are expected from the immune response of the body to a vaccine, that's the window of expected risk.

and... the risk is worth balancing if you've ever seen someone with GBS. Which I have - because ironically enough I have a friend who came down with it immediately after receiving the J&amp;J vaccine. A 34 year old woman went from being at the pinnacle of her health to requiring a cane in order to walk.

&gt;The difference between the EUA and full approval is just the long-term efficacy of the vaccine's protection.

That's... not accurate. The difference from full approval is the review period for long-term side effects that was completely ignored.

Phase 2 and Phase 3 clinical trials can take up to [six years prior to FDA approval](https://www.clinicaltrialsandme.com/resources/how-long-do-clinical-trials-take.html) and are meant to study effectiveness, **safety**, and **longer-term effects** of the vaccines.

&gt;Has they ever been a medication used so often without having been fully approved?

No - and that's not a point in your favor either. This is the first approved mRNA vaccine in FDA history and it has the largest usage base of any vaccine ever created. 

Does it not make sense to have just *a little bit* of hesitancy when it comes to side-effects?

&gt;At this stage we KNOW the vax is safe. That doesn't mean it has zero adverse effects, it just means the benefits far outweigh the risks.

That is highly dependent on each individual who is receiving it.

Again - I hate that I feel like I have to point this out - **I received the vaccine.**

You can receive the vaccine and still understand the reasons why other people might have skepticism or fear towards it - skepticism or fear that is **not** completely unfounded. Especially if you're black and understanding anything concerning the history of surreptitious vaccine usage in the United States.

&gt;If you don't want the J&amp;J vax, don't get it. There's several to choose from.

and this... is just ignorant. I didn't get to ""choose"" which vaccine I received. I was given the vaccine that was available to me at the time I was eligible. To assume that people have the ability to choose in such a fashion is just... wrong.

(For the record, I received the Pfizer vaccine)",3.0,moderatepolitics,2021-07-22 20:54:48
"Yeah man I hear you. Although the main difference for me is hunkering down with my sweetheart and the cats is my idea of heaven and just another Saturday...But I digress. I just read the article this morning, believe it was WaPo, and agree, it’s very dramatic. Trying to make delta out to be Ebola or something. Sorry, I’m not playing anymore. Got the vaccine, the show must go on. So sick of the media being glass half empty about  covid. And while we’re at it, I’m sick of their obsession with race, it’s divisive and disingenuous. Fucking hate the media for what they do. I recommend the Economist for anyone that can afford it who is also tired of how most of the media and social media report news.",1.0,moderatepolitics,2021-07-30 13:48:51
"I hate Trump, but he made a statement that he and his wife got vaccinated in January, and encouraged others to do it too. He’s a narcissist, and saw the vaccine as his own achievement, even touting it as such. He only said negative things about the vaccine (and even these were wispy-washy statements unlike those that Carlson makes regularly) after anti-vax sentiment became more rooted in his base, but this report put a swift end to that seemingly.",1.0,moderatepolitics,2021-07-30 16:16:38
"Listen, I hate to agree with an unsourced quip, because you're right: this isn't really a nuanced point if it is just a quip. That being said, you do have to admit:

The goalposts keep moving. 

Remember when people got called crazy because they suggested that mandatory vaccines and vaccine passports were coming? Here we are. I remember the talks of a two week shutdown to flatten the curve. That was more than a year ago.

Do I think there is a massive government conspiracy? No. That being said, you are seeing people who are against the lockdowns and mandatory vaccines being labelled deplorables. They are usually right-leaning. I don't know, it seemed like a pretty good crisis for an election year.",1.0,moderatepolitics,2021-07-30 18:09:50
"So, DeSantis blocks mask mandates in all Florida schools, and he is a HERO! Teachers advocate against vaccine mandates, and they are evil? Why do teachers receive so much hate from some people? Those may respond, oh, but it is just the union, not the teachers...but, in places that don't have unions for teachers, the same hate came through. It seems to be more of...""Teach and be happy, or you are bad"". Unions advocate for compensation and conditions for their workers. Any time a union for teachers speaks up, or teachers speak up, there is just endless hate spewed at them. A teacher's union also doesn't have the power to force their policy. The only thing they can do is have a full out strike, but this doesn't seem like an issue they would do so on.

I am disappointed they are speaking out against this, though I will say a vaccine mandate is much more than a mask mandate. If you do not get the vaccine, a negative test every few days may be a good substitute, but as another commenter said I kind of want them to pay for it.",1.0,moderatepolitics,2021-08-03 11:47:55
"&gt;So, DeSantis blocks mask mandates in all Florida schools, and he is a HERO! Teachers advocate against vaccine mandates, and they are evil? Why do teachers receive so much hate from some people?

There's no reason for mask mandates.  The vaccine has been out for like seven months and it's completely free.  Anyone who wants to get vaccinated *can* get vaccinated.  If you *are* vaccinated, you don't have to worry about getting seriously ill.  If you *choose* not to get vaccinated and get seriously ill, or worse, then it was your own fault.  Personal responsibility, and all that.

As for mandates for schools, kids are much less likely to transmit Covid or get seriously ill from it than adults are.  The only people in schools that should really worry about Covid are the teachers and staff, and, like I said, nearly all of them can get vaccinated if they wish.  The problem is, a good chunk of them refuse to.  And, like I said, they should still return to work, and if they get sick, that's on them.",1.0,moderatepolitics,2021-08-03 14:16:15
"Yeah DeSantis is wrong for banning local communities from making their own decisions regarding the vaccine and mask.  

Also I agree with you on blue states but at the end of the day I think the big picture is the government's lack of competence and unethical behavior throughout history has caused this.  People just hate and distrust the government, also people don't trust medicine apparently.  I'm fully on the side of red states in the sense that if they don't want to do anything about covid then they should have that right.  In all honesty rural areas are the places that care and are getting their way, same with big cities.",0.0,moderatepolitics,2021-08-05 14:20:43
"Yeah DeSantis is wrong for banning local communities from making their own decisions regarding the vaccine and mask.  

Also I agree with you on blue states but at the end of the day I think the big picture is the government's lack of competence and unethical behavior throughout history has caused this.  People just hate and distrust the government, also people don't trust medicine apparently.  I'm fully on the side of red states in the sense that if they don't want to do anything about covid then they should have that right.  In all honesty rural areas are the places that care and are getting their way, same with big cities.",0.0,moderatepolitics,2021-08-05 14:20:50
"Yeah DeSantis is wrong for banning local communities from making their own decisions regarding the vaccine and mask.  

Also I agree with you on blue states but at the end of the day I think the big picture is the government's lack of competence and unethical behavior throughout history has caused this.  People just hate and distrust the government, also people don't trust medicine apparently.  I'm fully on the side of red states in the sense that if they don't want to do anything about covid then they should have that right.  In all honesty rural areas are the places that care and are getting their way, same with big cities.",0.0,moderatepolitics,2021-08-05 14:21:04
"Because last year far, far more people were taking precautions, and because the Delta variant is more virulent in the unvaccinated than the previous variants were.  In many states, there may as well not be a pandemic at all at this point, while last year, even the reddest states still had a majority of people trying to give a rat's ass about the problem.  

The vaccine may keep those vaccinated safe, but if the 50% that aren't are out gathering together while last year they weren't, then that 50% can be a better pool of potential infected (there's a term for this, but I can't remember it) than the 100% that were taking precautions last year.  

It's the same reason why the flu spreads easily during flu seasons, despite roughly 40-45% of the populace getting it most years.  Though the flu vaccine is historically less effective than the COVID vaccine is. I hate the flu comparison, but as an airborne virus, it's apt for this particular comparison.",2.0,moderatepolitics,2021-08-12 06:37:13
"I'm against vaccine mandates (especially in the absence of formal FDA approval) but I've no issue with testing those who opt out if their job circumstances make it necessary. I know the data says that kids are at relatively very low risk from Covid but I don't see much reason not to take this minor precaution.

But BECAUSE this is a comfortable middle-ground in an age of extreme all-or-nothing views, everyone will probably hate it.",5.0,moderatepolitics,2021-08-12 17:34:49
"I don’t like mask mandates and I hate wearing masks, since I did my part and got the vaccine. Luckily for me I live in an area which still allows vaccinated people to go about without wearing masks, but I don’t understand why Trumpy Republicans want to disempower localities from setting their own policies. Conservatives were supposed to at least nominally be in favor of subsidiarity which is letting communities do what they like without using force to impose uniform policies against them. What’s even worse than that is that some of these masking prohibitions are preventing businesses from deciding whether to demand masking from their customers or not.",1.0,moderatepolitics,2021-08-23 15:56:13
"&gt;Because I can’t tell you the reason that there is a rare side effect with the J&amp;J vaccine… which, BTW, has not yet been discovered by scientists, I’ unable to hold a valid opinion on the safety of the vaccines. 

You are aware that, based on the level of knowledge you claim is sufficient to judge the safety of mRNA vaccines, there is no difference between the two?

You are welcome to have an *opinion*, as long as you present it as such. When you, however, move from stating an opinion to representing your opinion as *fact*, you step into the realm of ""misinformation through ignorance"".

If you say you believe it is safe, we are in agreement. I do too. If you say you know it to be so, based on an understanding of science, with no expertise in the science?

Well, that is a horse of a different color.

&gt;Are you even reading what you wrote?

Yep. Are you? Becauss I don't recall ever stating you can't have an opinion. Only that you are not qualified to validate scientific research from expert epidemiologists.

&gt;Go beat your damn drum somewhere else.

No thank you? If you don't want to read my words, *nothing is forcing you to*. You have always been able to stop at any time, by simply not responding. What you aren't able to do, is dictate where I go and where I speak.

If you choose to read my words, then accept accountability for that choice, rather than blaming me for your distress at having your cognitive dissonance challenged.

&gt;And if you believe them, you first have to prove how and why nearly even country on the face of the planet is conspiring yo get the scary shots into the arms of their citizens.

I am starting to believe less and less that you are reading my responses. Or did you miss where I said I have been fully vaccinated for some time, and made the  choice to believe the data presented publicly?

I am just calling bullshit on your ""I watched a YouTube video so I am competent to speak as an authority on the subject of vaccine safety"" stance.

Have your opinions. Advocate for them. But don't lose sight that they are opinions, held by a layperson, and have not been researched well enough to justify any claim that you know Jack about their safety. Your *belief* in the safety of said vaccines is your *opinion*, and is based on the *trust* you have in people that you acknowledge as experts.

Any statement beyond that? Is crap. And based on the volatility of your reaction, you really hate that fact, even as you intermittently have glints of.self awareness sufficient to allow you to categorize your ""statements of evidence based knowledge and research"" as personal opinions.",1.0,moderatepolitics,2021-08-24 20:31:59
"I know people hate the ""both sides"" take.  But when Hillary lost, there was no end to conspiracy theories on the Left about how the election was stolen.  The Left is more sophisticated in its conspiracy theories, though.

How many times did national news media talk about ""Russian influence"" and ""Russian hacking"" on the election?  Polls showed many people on the Left believed that Russians had actually hacked voting machines -- and changed votes/outcomes.

The true story was that Russians did try to change the election with propaganda (the kind of thing that is old as dirt).  They also ""targeted"" voting systems.  But there is no evidence they actually changed any votes.

The Left media was very happy to run these stories nonstop and knew they were giving people the *impression* that [the election was invalid/stolen](https://www.washingtonpost.com/news/the-fix/wp/2016/11/13/one-third-of-clinton-supporters-say-trump-election-is-not-legitimate-poll-finds/).  

It always seems one side pushes the envelope a little and then the other side pushes it even more.  Then ""both sides"" can point the finger at the other.

Even the vaccine stuff.  I remember *very* prominent Dem leaders saying they wouldn't trust a vaccine that came from the Trump administration.  It's ironic that the Right tends to be more skeptical of the vaccine.  But I can't help but think that the behavior of those Dem leaders is partly to blame for it.",10.0,moderatepolitics,2021-08-25 13:39:45
"I have a friend with MS who has been specifically told not to get the vaccine. 

This is my point. What is a normal person to do if the state or gov tells them one thing, but their doctor tells them something else.

Mandates are undermining medical autonomy and trust in physicians. I hate this. Biden and trump should be telling people to meet with their doctors to do what’s right for them, not to just obey whatever medical guidance they give. It’s not sustainable or effective.",7.0,moderatepolitics,2021-08-25 16:48:13
"&gt; Post vaccine I haven't quite figured out the arguments in favor of it by progressives. 

Simple, they generally like renters and hate landlords.",28.0,moderatepolitics,2021-08-27 04:40:09
"They know; that’s the issue. 

It is debatable whether they use such obtuse comparisons to either:

1) challenge the popular representation of the Holocaust which has subsumed the histories of other cultures persecuted en masse into the contemporary narrative of Jewish persecution, that is to say, the public perception that the Holocaust was only perpetrated on Jews, which it factually was not

-or-

2) sound an actual “hate the Jews” dog whistle and score some cheap political points. Vaccine requirements aren’t new, they just don’t like this one because they refuse to accept that life does not move at a pace they are comfortable with.



It is the lack of clarification by the speaker, this deliberate no-man’s land/grey area that makes this type of speech problematic, inflammatory, and ultimately irresponsible, from someone who should and does know better.",1.0,moderatepolitics,2021-08-28 23:08:37
"&gt;You literally claimed that masks are worthless because of compliance issues and have not responded to the evidence that categorically proves that false.

No, I didn't. My entire argument is that mask mandates are worthless when compared to vaccinations. Any resources that we would spend on mask mandates should be redirected to driving vaccinations. I view masks as a band-aid. They don't actually address the problem.

&gt;There is no flaw and the rest is also categorically false because you rest it entirely upon an assumption and there is no reason why masking would be better than no masking even with the higher viral load of Delta. All you have there is an argument for N95s, which are now widely available. Do you have some data that shows otherwise and should have us expecting a total reversal once data for Delta comes in? Let's see it. Otherwise, what you have there is a guess based, inexplicably, on your own assertion that the trends in place since 1918 with masking will for some reason reverse--for the first time in epidemiological history.

N95's that don't properly fit are about as effective as a surgical mask. Good luck getting people to wear properly fitting N95 masks. Compliance would plummet.

And I never said it would be a total reversal, just reduced effectiveness. And I doubt any data exists on Delta at all in regards to masks. All we have to go buy is the increase infectivity from Delta which is now well documented. So neither of us really have data on Delta to support our arguments with masks. You are reliant on data for other variants that are no where near as infectious as Delta. But again, my argument really doesn't have anything to do with the effectiveness of masks.

&gt;Again, you're ignoring the data and making up interpretations that have no basis in evidence. Time to admit you are ideologically opposed to masking--yours is not an evidence-based position.

You shouldn't make assumptions about people. I personally don't have an issue with masks, although I am generally opposed to government mandates on people. I really hate when the government doesn't enforce its rules or passes the buck onto someone else because they are being cheap. So maybe now my argument makes more sense. The government should be spending its limited resources on the most effective means we have to address COVID which is vaccines because mask mandates are pretty worthless. They would either be unenforced which is bullshit or enforced which takes away from the vaccine effort.",1.0,moderatepolitics,2021-08-29 17:07:15
"In the past few years Senator Johnson has facilitated the continued bifurcation of our shared reality, with effects not immediately seen, but that do highlight the fragility of the republican system, which itself relies, and is predicated, on a commonly-understood factual basis.

Regarding January 6, Johnson said that the people involved [“loved this country” and “truly respect law enforcement”.](https://www.nbcnews.com/politics/congress/what-point-republican-sen-ron-johnson-questions-covid-19-vaccine-n1265151) He said he wasn’t afraid because the people involved weren’t from Antifa or BLM.

In 2019, Johnson met with a former Ukrainian official and [helped spread false claims about 2016 election interference.](https://www.washingtonpost.com/politics/sen-johnson-ally-of-trump-and-ukraine-surfaces-in-crucial-episodes-in-the-saga/2019/10/28/40b9e44c-f684-11e9-8cf0-4cc99f74d127_story.html) The official Johnson spoke with is now sanctioned by the US for being [“part of a Russia-linked foreign influence network”](https://www.thedailybeast.com/andrii-telizhenko-rudy-giuliani-ally-sanctioned-for-russian-influence-operation-against-the-us).

He has [denied the effects of anthropogenic climate change](https://www.jsonline.com/story/opinion/2021/06/30/ron-johnsons-anti-science-crusade-harms-wisconsin-vaccination-drive/7802794002/).

So like what we saw last year with hydroxychloroquine, we're now seeing the same problem with Ivermection. There is an interest in disregarding the subject matter experts, and an interest in pursuing charlatanism. And it's the same figures [promoting Ivermectin who promoted hydroxychloroquine.](https://www.nbcnews.com/tech/tech-news/ivermectin-demand-drives-trump-telemedicine-website-rcna1791)

It speaks to the social illness we're facing where one's political identity overwhelms apolitical public health experts. So we first arrive at the conclusion that COVID-19 is a hoax, and that it's just the flu, that socialist democrat marxist communists are telling us to wear masks and get vaccinated because they hate freedom and America, and then inevitably, those who share that opinion can use that opinion to sell snake oil.",70.0,moderatepolitics,2021-08-29 22:16:26
