comments,score,subreddit,time_created
"&gt; I'm waiting for the damn thing to die out before I take off my mask

It will never die out. It's going to be like the flu - treatable with an effective vaccine, but because of anti-vaxxers and variants, it's going to be endemic. You should simply wear a mask for the rest of your life in public spaces if that's your comfort level.

Covid will just be a thing we have to live with for the rest of our lives. At some point, people will just give up and do what they want. We may even have already reached that point. I say that as someone who completely supports social distancing, mask wearing and vaccination. But we have to be realistic about what can actually be achieved. Total elimination of Covid simply isn't in the cards.",1.0,Coronavirus,2021-03-27 20:31:38
"There is no evidence of this. Please do not spread misinformation. Here is the latest information from the US CDC:

&gt;For all currently authorized COVID-19 vaccines, antipyretic or analgesic medications (e.g., acetaminophen, non-steroidal anti-inflammatory drugs) can be taken for the treatment of post-vaccination local or systemic symptoms, if medically appropriate. However, routine prophylactic administration of these medications for the purpose of preventing post-vaccination symptoms is not currently recommended, because information on the impact of such use on COVID-19 vaccine-induced antibody responses is not yet available.

[https://www.cdc.gov/vaccines/covid-19/info-by-product/clinical-considerations.html](https://www.cdc.gov/vaccines/covid-19/info-by-product/clinical-considerations.html)",1.0,Coronavirus,2021-03-28 03:28:45
"Arm-chair psychiatry here: [RFKJr](https://en.wikipedia.org/wiki/Robert_F._Kennedy_Jr) was 9 when JFK was assassinated and 14 when his father was shot.

Could the word 'shot', and the fact of something piercing the skin and killing...have gotten mixed up in his head/feelings/subconscious with 'getting a shot of a vaccine'?  he was an attorney; now his Wiki bio leads with 'an American anti-vaccine advocate, conspiracy theorist' before 'author, and an environmental lawyer.'

He lost his Instagram account last month:  'On 11 February 2021, his Instagram account was permanently deleted ""for repeatedly sharing debunked claims"" about COVID-19 vaccines.'

What a sad legacy that family has suffered...",1.0,Coronavirus,2021-03-28 03:53:58
"Thanks for the laugh. Report me for spam???  Seriously??  That’s the funniest thing I’ve read in ages. You really are completely full of yourself (and other excrement). 

“Notable protection “ huh. OK. What you’re all scared shitless to admit is that current vaccines aren’t as effective against the new variants. Because this admission might make those on the fence decide against the jab. That might keep US from reaching the 70%~ that we need for herd. 

I’m far from a virulent anti vaxxer. Think people who avoid most vaccines are fools. Had a flu vaccine last fall. Because I had the flu in January 2020 and didn’t want a repeat. But what I had wasn’t a regular flu. It was COVID-19. Based on symptoms it had to be. 

But that doesn’t fit the official bullshit timeline. We have been lied to constantly. By people who told us we don’t need masks when it was obvious we did. I mailed several to my kid while Fauci was telling me they weren’t necessary (yes, I know he lied only to protect the holy health care heroes). 

Well, that and other lies, pompously pronounced by arrogant fools like you, have poisoned the well. The intention of my multiple posts was to learn whether it’s contents were as dire as they seemed to a layman. Your response has convinced me they are. Take your spam threat and rih.",1.0,Coronavirus,2021-03-28 05:51:37
Refusing to take a particular vaccine does not make you completely anti-vaxx. I'm pretty sure nurses are required to have the usual vaccinations to keep their jobs. Covid vaccine can't be required yet as it's only emergency authorized.,1.0,Coronavirus,2021-03-28 06:46:33
"How can I convince my parents to get my little brother his vaccine?  He's 18.  Both my parents have got the vaccine and so have I, but they don't want to give it to him, because their primary logic is he never leaves the house anyways (which he doesn't, he just plays games all day) so he isn't at risk.  They have concerns about the vaccine, though their concerns about getting Covid themselves are higher.  They just don't see him as being at risk of getting Covid, so the vaccine eliminates no risk but adds risk in and of itself.  

My brother is morbidly obese (really badly).  I fear he'd have a tough time with Covid.  I have to go back to working in the office on June 1, and I don't want to have to worry about acting as a carrier and giving him the virus.  I want to resume some semblance of an in-person social life once my full immunity kicks in (2 weeks after dose 2),  I don't want to move out just because of this concern (my parents need financial help, that's why I live at home), but it would stress me so much having to worry about him.  Is there anything I can do to convince them to get it for him?  He could get it of his own volition, but he's still at the age where he's kinda just deferring to mom and dad to decide, and my dad is poisoning his brain with anti-vax disinfo.",1.0,Coronavirus,2021-03-28 17:03:09
"Anti-vaxxers are dumb as hell. No argument is going to convince them. The vaccine is 100% effective at preventing death and serious covid cases, that should be enough for them.",1.0,Coronavirus,2021-03-28 17:27:52
"We can ditch them sooner as long as we don’t give a shit about people who choose to stay unvaccinated.  

Once it’s possible for anyone to just walk into Walgreens and get a vaccine, it’s a personal choice to not too. I’m not going to wear a mask to protect those people from their own choices. 

There are two groups who can’t get a vaccine: people who are allergic and under 16. 

Under 16 is a problem since it’s a fairly large group. But it’s really not much dangerous than influenza for this age group. Less kids have died from COVID than died from the flu in the 2018-19 flu season. It’s more contagious than the flu, but not once most of the country is vaccinated. 

Those who are allergic can lockdown until the anti-vaxxers get infected at a high enough rate to get to heard immunity.",1.0,Coronavirus,2021-03-28 20:08:01
"If you think that now (before most adults have had the chance to be vaccinated) is the time to repeal restrictions in workplaces and public places where people can’t choose not to go then you’re nuts.  

Just because someone doesn’t die doesn’t mean that we just shrug about exposing them to a very contagious pathogen in the places where they can’t choose to avoid for the comfort of those who can’t wait a month or two in that setting to start easing restrictions .   

If there was no vaccine down the pipeline I get the “we’ll do we do this forever?” sentiment but at this point we know that’s not true.   Saying eff it right now borders on negligence.  OSHA has been MIA in this pandemic which has been hugely problematic.  But why should a 45yo in the workplace be put in a position where he/she is shoved into a conference room with a bunch of anti maskers (who now have the freedom to not wear them) 5 weeks before he/she will have the option of being fully vaccinated.  We know that Covid does some weird stuff by now (my friends husband can’t taste anything right a year later) and it’s not illogical for someone who has avoided it this long to want to make it across the finish line. 

It’s not insane for someone in the workplace to expect some protocols to stay in place until they are offered a vaccine.   Here’s an idea, if a workplace can offer a vaccine clinic then 3-6 weeks after doing so they can get rid of the anti Covid protocols (depending on which one they offer) otherwise when their employees are all eligible they can start the process of rolling everything back.",1.0,Coronavirus,2021-03-28 20:34:17
"My bad, I forgot, everyone that disagrees with me is brainwashed. I am so confused why so many people are automatically trusting of big governments and big pharmaceutical companies. Just seems obvious that there are some unknown side effects to a vaccine that was rushed out to the market. I'm not anti-vaxx in the slightest I'm just a realist. We truly wont know the vaccines impact for a couple of years and there is a possibility it's worse for some people than covid itself. For example covid has negligible effects on young people but there is an above 0% chance that the vaccine can fuck them up. Why are so many people begging for that potential just because their government and big pharmaceutical says so?",1.0,Coronavirus,2021-03-28 21:04:55
"This is a standard anti-vax question with simple answers. Because no vaccine is 100% effective, first of all. Second, not everyone is healthy enough to get vaccinated so they rely on herd immunity,  third, there are a lot of people resistant to getting the vaccine for whatever prejudice they have those 20-30% of people can still spread it to each other and the wider community in their college town.

I'm not for forcing the vaccine on anyone, but that doesn't mean they get to act like the vaccinated until COVID dies down in a few years. The Supreme Court of the USA has held up mandatory inoculation several times since the dawn of the country.",1.0,Coronavirus,2021-03-28 21:54:03
"&gt;We won't see proper hesitancy until the younger age groups who have grown up very lucky and can be influenced by nonsense on social media.

I'm a younger person, I work in a hospital and I'm not gonna get the vaccine yet. I'm not anti-vax, I'm up to date on all my shots even the flu vaccine. But I want to wait a bit for this one and see what kind of effects it has. 

I have no issue wearing a mask or social distancing so why am I being demonized because I want to be cautious about a brand new vaccine, using a brand new technique? (I realize mRNA vaccines haven't be used before but *have* been in development for quite a while)

I know it doesn't give me Covid, I know that it's probably safe, but why can't I simply wait and see without being demonized as a ""terrible person who doesn't want things to go back to normal?""",1.0,Coronavirus,2021-03-28 22:11:59
"&gt;why can't I simply wait and see without being demonized

For you to refuse the vaccine, whilst caring for people who are, by nature of being in hospital, at a much higher than usual risk of severe complications of covid, *is* irresponsible and dangerous.

The anti-vax community has had a greater influence on the public than probably any other anti-science community. Please don't let their nonsense propaganda affect your decision making, as you're putting those around you at risk.",1.0,Coronavirus,2021-03-28 22:39:07
"&amp;#x200B;

your link says...

&amp;#x200B;

&gt;These data show a nearly **three-fold reduction in the level of virus neutralisation** by the antibodies generated by the ChAdOx1 nCoV-19 and BNT162b2 vaccines for the B.1.1.7 (Kent) and P.1 (Brazil) variants when compared to the original ‘Victoria’ strain, and a 9-fold and 7.6-fold reduction respectively against the B.1.351 ‘South Africa’ strain

3x reduction in neutralization sounds like ""vaccine resistant"" to me.

&amp;#x200B;

&amp;#x200B;

&gt;sera study done in Manaus that is estimated antibody prevalence.

&amp;#x200B;

but what estimate? antibody prevalence from which wave?

&amp;#x200B;

you're suggesting the ""first option?""

because they offer 3 more.

&amp;#x200B;

\#3 ***immunity generated in response to previous infection***.

fits nicely with what the chaps from Oxford said in your link.

&amp;#x200B;

**Resurgence of COVID-19 in Manaus, Brazil, despite high seroprevalence**

[https://www.ncbi.nlm.nih.gov/pmc/articles/PMC7906746/](https://www.ncbi.nlm.nih.gov/pmc/articles/PMC7906746/)

&amp;#x200B;

**First, the SARS-CoV-2 attack rate could have been overestimated during the first wave, and the population remained below the herd immunity threshold until the beginning of December, 2020.** In this scenario, the resurgence could be explained by greater mixing of infected and susceptible individuals during December. The 76% estimate of past infection[2](https://www.ncbi.nlm.nih.gov/pmc/articles/PMC7906746/#bib2) might have been biased upwards due to adjustments to the observed 52·5% (95% CI 47·6–57·5) seroprevalence in June, 2020, to account for antibody waning. However, even this lower bound should confer important population immunity to avoid a larger outbreak. Furthermore, comparisons of blood donors with census data showed no major difference in a range of demographic variables,[2](https://www.ncbi.nlm.nih.gov/pmc/articles/PMC7906746/#bib2) and the mandatory exclusion of donors with symptoms of COVID-19 is expected to underestimate the true population exposure to the virus. Reanalysis and model comparison[11](https://www.ncbi.nlm.nih.gov/pmc/articles/PMC7906746/#bib11) by independent groups will help inform the best-fitting models for antibody waning and the representativeness of blood donors.

**Second**, immunity against infection might have already begun to wane by December, 2020, because of a general decrease in immune protection against SARS-CoV-2 after a first exposure. Waning of anti-nucleocapsid IgG antibody titres observed in blood donors[2](https://www.ncbi.nlm.nih.gov/pmc/articles/PMC7906746/#bib2) might reflect a loss of immune protection, although immunity to SARS-CoV-2 depends on a combination of B-cell and T-cell responses.[12](https://www.ncbi.nlm.nih.gov/pmc/articles/PMC7906746/#bib12) A study of UK health-care workers[13](https://www.ncbi.nlm.nih.gov/pmc/articles/PMC7906746/#bib13) showed that reinfection with SARS-CoV-2 is uncommon up to 6 months after the primary infection. However, most of the SARS-CoV-2 infections in Manaus occurred 7–8 months before the resurgence in January, 2021; this is longer than the period covered by the UK study,[13](https://www.ncbi.nlm.nih.gov/pmc/articles/PMC7906746/#bib13) but nonetheless suggests that waning immunity alone is unlikely to fully explain the recent resurgence. Moreover, population mobility in Manaus decreased from mid-November, 2020, with a sharp reduction in late December, 2020,[14](https://www.ncbi.nlm.nih.gov/pmc/articles/PMC7906746/#bib14) suggesting that behavioural change does not account for the resurgence of hospitalisations.

***Third******, SARS-CoV-2 lineages might evade immunity generated in response to previous infection***.[15](https://www.ncbi.nlm.nih.gov/pmc/articles/PMC7906746/#bib15) Three recently detected SARS-CoV-2 lineages (B.1.1.7, B.1.351, and P.1), are unusually divergent and each possesses a unique constellation of mutations of potential biological importance.[16](https://www.ncbi.nlm.nih.gov/pmc/articles/PMC7906746/#bib16), [17](https://www.ncbi.nlm.nih.gov/pmc/articles/PMC7906746/#bib17), [18](https://www.ncbi.nlm.nih.gov/pmc/articles/PMC7906746/#bib18) Of these, two are circulating in Brazil (B.1.1.7 and P.1) and one (P.1) was detected in Manaus on Jan 12, 2021.[16](https://www.ncbi.nlm.nih.gov/pmc/articles/PMC7906746/#bib16) One case of SARS-CoV-2 reinfection has been associated with the P.1 lineage in Manaus[19](https://www.ncbi.nlm.nih.gov/pmc/articles/PMC7906746/#bib19) that accrued ten unique spike protein mutations, including E484K and N501K.[16](https://www.ncbi.nlm.nih.gov/pmc/articles/PMC7906746/#bib16) Moreover, the newly classified P.2 lineage (sublineage of B.1.128 that independently accrued the spike E484K mutation) has now been detected in several locations in Brazil, including Manaus.[20](https://www.ncbi.nlm.nih.gov/pmc/articles/PMC7906746/#bib20) P.2 variants with the E484K mutation have been detected in two people who have been reinfected with SARS-CoV-2 in Brazil,[21](https://www.ncbi.nlm.nih.gov/pmc/articles/PMC7906746/#bib21), [22](https://www.ncbi.nlm.nih.gov/pmc/articles/PMC7906746/#bib22) and there is in-vitro evidence that the presence of the E484K mutation reduces neutralisation by polyclonal antibodies in convalescent sera.[15](https://www.ncbi.nlm.nih.gov/pmc/articles/PMC7906746/#bib15)

**Fourth**, SARS-CoV-2 lineages circulating in the second wave might have higher inherent transmissibility than pre-existing lineages circulating in Manaus. The P.1 lineage was first discovered in Manaus.[16](https://www.ncbi.nlm.nih.gov/pmc/articles/PMC7906746/#bib16) In a preliminary study, this lineage reached a high frequency (42%, 13 of 31) among genome samples obtained from COVID-19 cases in December, 2020, but was absent in 26 samples collected in Manaus between March and November, 2020.[16](https://www.ncbi.nlm.nih.gov/pmc/articles/PMC7906746/#bib16) Thus far, little is known about the transmissibility of the P.1 lineage, but it shares several independently acquired mutations with the B.1.1.7 (N501Y) and the B.1.325 (K417N/T, E484K, N501Y) lineages circulating in the UK and South Africa, which seem to have increased transmissibility.[18](https://www.ncbi.nlm.nih.gov/pmc/articles/PMC7906746/#bib18) Contact tracing and outbreak investigation data are needed to better understand relative transmissibility of this lineage.",1.0,Coronavirus,2021-03-29 01:03:43
"It is assumed just about every adult already has had those vaccines since they are required to enter school. Those diseases are under control because of this so there is no reason to even assume we would need passports for those. If we had major issues with those diseases I could see your point (although measles is starting to come back in some areas with high amounts of anti vaxxers since it is insanely contagious). 

Once Covid is somewhat under control, I expect the vaccine passport talk to die down. We are just in that weird phase where some people are vaccinated and some aren't.",1.0,Coronavirus,2021-03-29 03:26:24
"You balk every time someone actually challenges you on what your real goal is. You never replied to me, you just outright stop replying anytime you are legitimately pressed on an issue. It shows in your comment history. 

This is sub is not full of anti-maskers. If that was the case, the comments stating “I got vaccinated today!” which comprise about 50% of the comments in these daily discussion threads wouldn’t be literally universally upvoted. 

This sub is full of people who have complied with mandates and rules for the past year, people who rushed out to get a vaccine and are now fully vaccinated, people who want to know when the hell we can stop doing this. Those people are not anti-maskers. 

Just because someone is not as threatened by Covid as you does not mean you can just blanket-name them “anti-maskers”—I get that you have to rationalize away the thought that things are moving towards normal faster than you’d like, but cope with that on your own terms. Don’t equate me to the morons who are out there burning masks right now on the steps of public buildings and have been partying for the past year like nothing has happened. 

There are certainly people here who are outright Covid deniers and anti-maskers, just like there are people here who will wear masks for years to come (well after the guidance has changed), who won’t set foot in a public building in 2021. 

And then there are plenty of people who sit in between those two extremes, people who are vaccinated and who are asking questions. Stop calling the vast majority of this sub anti maskers and “Covid deniers” just because they don’t believe the exact same things as you. It’s a completely baseless claim and it makes it hard to take you seriously at all.",1.0,Coronavirus,2021-03-29 03:30:05
"I got his “Unreported Truths about COVID-19” books, and they were quite good and well researched. Ironically, he argued that all of these health experts are trying to drag this thing out to get attention; now that the vaccine is here, it seems like he is doing the same with his anti-vax messaging.",1.0,Coronavirus,2021-03-29 05:43:09
"&gt;Personally, I'd love to get my shot at the local mass vaccination place instead of my doctor's office.

what if you didn't have to go to **YOUR** doctor's office?

&amp;#x200B;

in the US, dentists, optometrists and pediatricians are (now) allowed to administer vaccines - to ANYONE - not just their patients.

&amp;#x200B;

what if you were 3 doors down from a random pediatrician that you didn't even know had an office on your block? what if you could go to a public library, or an empty school yard? what if a mobile vaccine center rolled down your street?

&amp;#x200B;

&gt;This vaccine is very special and it means a lot to me, so I wouldn't mind getting it at a special place and through a special process, instead of getting it like a yearly flu shot or the MMR booster shot three years ago.

fast forward a few months.

your city has 70% of residents fully vaccinated.

cases are low.

hospitals are empty.

things are open again.

it's summer

you need to cross town for a second shot..

but 4 of your fully vaccinated friends are doing something way more fun.

is the vaccine ""still that special""? at this specific moment.. ?

are you saying go on w/o me.. i'm going to get my shot....

or you going to put the shot off because

80% of your friends are fully vaccinated.

your herd has immunity.

&amp;#x200B;

i suspect that a lot of people will put off getting the shot.

not because of hesitancy or anti-vax attitudes...

it's complacency

especially in the younger set (which is all that remains for the most part)

&amp;#x200B;

I know the EU is behind compared to the US

where I live 45% of the city has one shot.

22% have both.

cases are 3.4 per 100k (7 day average)

and COVID patients in hospital are single digits

&amp;#x200B;

april 1, over 50 are eligible

april 15, over 16 are.

&amp;#x200B;

half of these kids are going to need a ride from their parents to use the city center.

they **should** be able to go to their school yard on their bikes.",0.0,Coronavirus,2021-03-29 15:18:55
"&gt;No, that isn’t what this article says at all. If you have a better source that substantiates what you’re claiming, please provide one.

**Biden admin remakes vaccine strategy after mass vaccination sites fizzle**

The federal government has found that Americans ***prefer vaccination at pharmacies*** over expensive mega-sites.

[https://www.politico.com/news/2021/03/29/covid-vaccine-sites-478233](https://www.politico.com/news/2021/03/29/covid-vaccine-sites-478233)

&gt;Despite the money the federal government has spent on the mass-vaccination pilot sites, they are administering just a fraction of the shots given across the country each day. ***Federal data show the retail pharmacy program — which has signed up 21 chains and 17,000 stores — can reach far more Americans in a shorter time, according to four senior officials with direct knowledge of the matter.*** The bottom line, those sources said, is that more Americans seem to be willing to walk to their local pharmacist to get the vaccine than to travel to a federal vaccination site for the shot.

&amp;#x200B;

this will be a bigger problem as more people are vaccinated.. and people become complacent (not hesitant, not anti-vax) just fucking lazy.. 

&amp;#x200B;

when 80% in my city are fully vaccinated...

and the weather is nice, and my vaxxed friends are going to the beach...

....I'm going to be tempted to go to the beach, TBH.

&amp;#x200B;

but if I could just swing by the drugstore when I go pick up beverages.. 

&amp;#x200B;

&gt;“It’s clear that Americans feel comfortable relying on their local pharmacies for the vaccine,” said one senior Biden health official. “The retail pharmacy program will keep growing and I think you will ***begin to see more people going down the block to CVS to get the shot than driving maybe an hour*** to the federal sites to get it.”",0.0,Coronavirus,2021-03-29 17:42:11
"We ban it because we don’t know for sure, and modern medicine is very much geared towards “first do no harm” taking precedence. Is this smart when the risk of covid is still many times the risk of taking the vaccine? It’s complicated, especially given there are other vaccines that will eventually be options. Then along with the obvious cost benefit analysis of the vaccine in a vacuum, it could be incredibly bad if governments didn’t take vaccine side effects seriously given current anti-vaxxer sentiment. Taking steps to make the public trust governments when they say a vaccine is safe may be more important long term than getting jabs in arms faster, since if we can’t get enough people vaccinated to reach herd immunity we all suffer.

I do 100% agree that the second dose should just be given at this point though, nothing seems to indicate that finishing the vaccine regiment after the first dose went fine should be an issue.",2.0,Coronavirus,2021-03-29 19:09:03
"While I agree in part, my main concern with thinking like this is that far too many people fail to take into account that COVID is contagious for at least 24 hours and up to a week before symptoms start to present. Additionally, thanks to our former administration and the anti-vax community, there are far more people who will refuse to even get the vaccine. I fear that will make herd immunity a struggle to attain simply because of the transmissibility and the larger than necessary pool of viral targets.

It's not the smart people that know how to pay attention to numbers and science we need to worry about. It's the village idiots that we're trying to protect ourselves against.",1.0,Coronavirus,2021-03-29 19:12:22
What a stupid goddamn headline. They were having over a thousand deaths a day because of COVID at one point. There are only 23 COVID deaths *because* of the vaccine you morons. Why does every newspaper want to encourage anti-vaxx sentiment?,4.0,Coronavirus,2021-03-29 21:09:11
"You can disagree, but I have no way to verify what you say is true.

I also cannot verify what the authority says as well.

It's not like I'm gonna roll up my sleeves and ""let's read all the  scientific papers"".

To avoid being called an anti-vaxx or a dumb person who doesn't listen to the authority.... I'm just gonna trust the authority.

&gt; seems to still have a very favourable risk/reward versus the alternative of the coronavirus.

It probably depends on the person.

I survive this long without getting covid. 3 more months doesn't seem like a big deal.

Also, the alternative is getting a different vaccine. Contracting covid isn't the only alternative.",1.0,Coronavirus,2021-03-30 00:17:56
"&gt;It looks like vaccines will not be the only thing to help the world fight the disease. Pfizer has announced the launch of testing of an orally administered anti-covid-19 drug, which should help protect against the severe course of the disease.

&gt;It would be enough to take the tablet twice a day for five days, it should be used at the beginning of the outbreak. ""As the virus mutates, it is starting to look like it will be important to have access to more treatment options in the future,"" Pfizer's chief scientific officer Mikael Dolsten said in an official statement.

&gt;According to him, vaccines alone may not be enough in the long run. ""Combating the Covid-19 pandemic requires both vaccine prevention and targeted treatment for those infected with the virus,"" he added.

…",1.0,Coronavirus,2021-03-30 05:23:07
"I hope this means that it is no longer society's responsibility to protect these people.  The anti-vaxxers will have made their choice, I should be able to cough right on them with no consequences.  Slight exaggeration, but get the vaccine if you don't want to catch covid idiot, not my problem.  The edge cases should ideally be extremely minimal (people with very specific health issues or allergies or something) but there's not a lot we can do for them beyond getting our vaccines to reduce transmission as much as possible.  And children have never really been at any risk, they're far more damaged by shutdowns than by the disease itself.",1.0,Coronavirus,2021-03-30 07:29:13
"Its not 'go ahead and do everything I don't like', its if this happens, you open the door for exactly what I just said. Its stupid to want this to begin with without acknowleding the consequences, the idea of giving businesses the ability to check your medical information before providing a service.

And thank you for speaking on my behalf, a woman from a state where abortion is a hotly contested issue and my friends have had to drive out of state to get one done. You don't know me, I don't expect you to, but these same women are totally fine in my life with these COVID passports as a means of pressuring vaccine skeptical people to have one. Again, no consequences conceived in their head. But since you've taken my obvious contempt for both examples and completely missed the point while a large swath of pro-choice, anti-voter ID people don't get the irony, then idk this discussion is just you nitpicking a small choice of words on my end.",1.0,Coronavirus,2021-03-30 13:02:55
"As a healthy 37 year old, there's no way I'd be taking th Astrazeneca vaccine now. I have very little risk of serious COVID complications and by the time the vaccine is available for me anyway (I'm in the EU), COVID will be less of a problem.

There are far too many international pauses in its use, and investigation, and dishonesty that I'm no longer comfortable with it. 

People can make their own decisions and I know I'm probably going to be downvoted to oblivion but there's mine. I'm not in any way 'anti-vax' but why swap one risk for another.",1.0,Coronavirus,2021-03-30 13:51:55
"I think the term anti-vax gets thrown around a lot, but I'm sure that a lot of the ""vaccine hesitant"" people on the covid vaccine are not classically anti-vax. There's some overlap for sure, but probably not as much as a lot of people are assuming.",1.0,Coronavirus,2021-03-30 14:38:16
"Yes I am, which is why I think the risk needs to be carefully weighed up. How many women in that age category have died of clotting due to covid versus how many have died due to clotting due to the vaccine.

Like I say, I am not anti vax in the slightest and if I was offered the Oxford vaccine tomorrow I would likely take it, but I do think these issues should be discussed and publicised to allow an informed decision.",1.0,Coronavirus,2021-03-30 15:49:35
"There is no tolerance for the vaccinated to wear masks all summer. None. So if there isn't a 2 tiered system, there will be none. 

They already do enforce those rules. It wouldn't be any different. Hospitals do it yearly, employers and schools can make it mandatory to have certain vaccines, and set up certain rules for those who won't or can't comply.

This isn't reinventing the wheel here.

How long do you think the fully vaccinated and 99.9% unable to spread covid should mask to not make the anti-mask anti-vaccine people not feel left out? By the end of May, everyone who wants vaccinated in the USA will be vaccinated.",1.0,Coronavirus,2021-03-30 16:09:15
"&gt;I'm not in any way 'anti-vax

You by definition are if you are ignoring the advice from your health regulators who know more about vaccine than you. Best way of getting sick is by getting Covid and by refusing a proven safe and effective vaccine you are only increasing that chance.",-1.0,Coronavirus,2021-03-30 17:06:43
you have the same chance without a covid vaccine... You sound just like an anti vaxxer now.,3.0,Coronavirus,2021-03-30 19:02:14
"I feel a bit nervous too and would like to see more research into this, as a young woman. I'm currently pregnant so very cautious about the vaccine as it's not recommended and we have no data on whether it's safe to take in pregnancy. But the pressure to get vaccinated is huge. I've also already had Covid.


I'm in support of vaccination but I wish people would be more accepting of discussion about the risks for specific groups.


A lot of people seem anti research when it comes to this issue, which I find bizarre. We should obviously check for side effects and react when alarms are raised, even if a potential side effect seems very rare. Where's the harm in better understanding what the risks are?",2.0,Coronavirus,2021-03-30 20:51:53
"It works the opposite way too. You’re gonna have the anti-vax nutties saying that look the vaccine doesn’t work and then on the other hand, you will have the extreme cautious and fear-loving people who will say, “look, 34 people still got Covid and 5 got hospitalized so there is still risk so we still need to mask up for a few more years”",1.0,Coronavirus,2021-03-30 23:25:13
I’m not an anti vaxxer (I’ve gotten almost every vaccine available to me) but I’d rather get covid than this,2.0,Coronavirus,2021-03-31 00:49:31
"Vaccine rates for anything FDA recommended are typically above 70% in children though. My prediction is by the time the FDA has full approval of a COVID-19 vaccine for all ages, rates will be higher in children than adults.

Unfortunately hardcore anti-vaxxers typically have escape clauses in most cases, but the vaccine hesitant population is very large. Even with escape clauses, things like pediatrician and school requirements absolutely get rates higher in children specifically.",1.0,Coronavirus,2021-03-31 13:51:29
"I’m also concerned about not the Anti-Vax people, but the Vaccine Lazy, I have many friends that say they want the vaccine and are not anti vax, but literally getting them off their ass and making an appointment, and going to a place for two doses is apparently a lot of effort for a lot of people.

There is also a segment of the population, again not anti vax, but they think they don’t need it if they have already had covid, especially if their case wasn’t that bad. not enough messaging has been done to reach those people.",1.0,Coronavirus,2021-03-31 14:42:59
"I think this will be a little different, given the long history of use of mmr vaccines. I don't think the people opposed to the covid vaccines are the same as your traditional ""anti-vaxxer"". I personally know plenty of folks that have had all their vaccines but are staunchly opposed to any covid vaccine. Guess we will just have to wait and see",1.0,Coronavirus,2021-03-31 15:44:51
"Hope you're mentally prepared for when vaccine resistant variants inevitably negate the slow vaccine roll out while every screen and speaker shout about how covid is over and that we should be spending and acting normal again.

annual covid shots for the rest of our lives and that's just in first world countries. The rest of the world and anti-vaxxers will just circulate covid forever while the average lifespan drops to 65

Masks, social distancing, remote learning, wfh is the new normal. Accept reality and adapt for your mental and physical well being.",-2.0,Coronavirus,2021-03-31 16:32:36
"I think you *think* you're being tricky here, but you're not: the probability we'd calculate would be based on the prior probability of an infection occurring.

The reason for this is because if everyone applies the same logic as the OP, and no one gets vaccinated because of vaccine fear mongering, there's something like an 8 in 10 chance they'll eventually get COVID (herd immunity effectively stops spread at around 80%).

So our actual probability is: what is the chance the OP dies given they have COVID?  We go to our sample of 20-39 year olds who have had COVID.  

None of this data is perfect, and there are a tonne of other factors to consider (like the known long term effects of a COVID infection and the risk your infection poses to others etc.), but at the end of the day their combined risks from a COVID infection are higher than a blood clot which we're not even certain can be attributed to the Astrazeneca vaccine.

But hey, downvote away, anti-intellectualism is a fad all around the world it seems.",1.0,Coronavirus,2021-03-31 16:40:46
"Well obviously I’m going to let the regulators decide, I have no choice! But I’m allowed to question their decisions. And I’m allowed to believe they are making a mistake! 

I literally just watched an interview on bbc news with a french woman in hospital with covid who was offered AZ and refused in order to wait for Pfizer. She still maintains she would rather have caught covid than taken AZ. This is the result of what feels like a campaign against the AZ vaccine (although perhaps I wouldn’t include the clotting stats in this, even though the decision to suspend still contributes to the anti AZ sentiments). France is on the verge of more lockdowns, hospitals are close to icu capacity and people will die because of this.",2.0,Coronavirus,2021-03-31 17:26:39
"Really? Any research on the long term effects of COVID 19 on young teens vs the long term effects from the Pfizer vaccine?

Heck, even short term major issues with young teens and Covid-19? I’m not anti vaccine, and I think people in risk groups, like the elderly, it’s pretty obvious should take it. But, everyone else, think the data is sparse.",1.0,Coronavirus,2021-04-01 01:20:34
"&gt; Unfortunately, I think that's a lie

It's not, it's specific health guidance I've seen from some health org. I'll see if I can find it for you.

They **explicitly** delineated between true anti-vaxxers, and people who were just anti-covid vaccine, and said that the latter were reachable, and will tend to fold under social pressure and as more and more people get vaccinated.",1.0,Coronavirus,2021-04-01 04:15:29
"You can “believe in science” and still not want the vaccine. Yes, testing has shown that it helps against covid but some people are wary of possible long term effects, regardless of whether or not they’re likely. And before you call me anti-vaccine or suggest that I don’t “believe in science”, I’ve received both doses of Pfizer. I understand your point though that a nurse who works on other people should have it, I just think it’s silly to accuse someone who personally doesn’t want the vaccine of being a science denier of sorts.",1.0,Coronavirus,2021-04-01 12:24:45
"I’m a 4th year immunology PhD student and cellular immunity does not last forever. It can wane over time. While a vaccine recipient should have some level of anti-Covid antibodies for the rest of his/her life, those levels may drop to levels that are no longer protective.

It is likely that the antibodies will remain at protective levels for years in most patients. However, I anticipate that at some point a booster shot will be necessary to maintain appropriate antibody titers.",1.0,Coronavirus,2021-04-01 14:30:51
"As I posted above to the original (very incorrect and very upvoted comment):

I’m a 4th year immunology PhD student and cellular immunity does not last forever. It can wane over time. While a vaccine recipient should have some level of anti-Covid antibodies for the rest of his/her life, those levels may drop to levels that are no longer protective.

It is likely that the antibodies will remain at protective levels for years in most patients. However, I anticipate that at some point a booster shot will be necessary to maintain appropriate antibody titers.",1.0,Coronavirus,2021-04-01 14:32:48
"Vaccine mandates would likely lead to further segregation based on education, class and race. There’s no anti vax implications to that. Get off your weird little high horse

Not even major hospitals treating covid patients are mandating the vaccine. Yet you want concerts and shopping malls to do so?",0.0,Coronavirus,2021-04-01 15:45:19
"I agree with you! I'm a science believer- but the messaging has gotten out of hand on this one. Somehow the message that ""you can still get and spread covid after vaccination"" took hold, when the message should be that all past and current data suggests that ""you are very unlikely to contract covid and even less likely to transmit covid after vaccination."" Even the CDC has built their post vaccination guidance around this premise. It's great news!

But the messaging has been atrocious- some of the biggest science and vaccine supporters now feel they have to spread the word that ""we don't know yet"" and that ""you can still spread it."" While there's been a lot of disinformation spreading on the anti-vax/covid denier side of things, this may be the equivalent on the opposite side of the spectrum.

On the bright side- I'm hopeful that within 8-10 weeks the infection numbers will speak for themselves!",1.0,Coronavirus,2021-04-01 17:27:53
"I replied to a comment saying that nurses are being anti-science by not taking the covid vaccine. However, the covid vaccine is only authorized for emergency use and has not had the standard trails that vaccines authorized for normal use have had. Furthermore, nurse's demographic contains a lot of young females who want kids, are in the process of trying to get kids or are pregnant. It's not anti-science for this demographic to not want to take the covid-19 vaccine due to the vaccine not being tested on this demographic.",1.0,Coronavirus,2021-04-01 17:37:33
"Yup. A friend of mine just went to China, they require a viral anti body test prior to entry and apparently getting the vaccine meant he would’ve tested positive. He had to fly to SF first and get it done at a special lab there that could differentiate between vaccine antibodies vs contracting covid",2.0,Coronavirus,2021-04-01 17:55:00
"There is zero evidence **so far**. I'm not saying the vaccine is unsafe. I'm saying that I've heard pregnant people say that they won't take the vaccine because the vaccine was not tested on pregnant people. If there was a test with a placebo group versus vaccinated group that showed no different in miscarriages or other pregnancy problems versus the placebo group than I'd agree that pregnant women/women wanting to become pregnant not taking it would be anti-science. As it stands, it's much harder to prove that the vaccine is causing negative effects in a live study on pregnant people as we don't have a placebo group to compare to. So you get people saying that the number of people who miscarry after getting the covid-19 vaccine is in line with the standard rates. 

And yeah, the article is focusing on all nurses not just those who want to become pregnant or are pregnant. I think among nurses there are more pregnant women or women who want to be pregnant than the general population since the majority of nurses being female so that's why I wanted to bring up that point. I would say your last sentence is false as other vaccines have had many more years of study and being in use to show that they are safe and have been approved for normal use whereas covid vaccines have only been approved for emergency authorization.",0.0,Coronavirus,2021-04-01 18:13:49
"[CDC data updated two days ago](https://www.cdc.gov/coronavirus/2019-ncov/vaccines/safety/adverse-events.html): After 145,000,000 US covid vaccine doses given, there have been 2,509 reported deaths.  

There IS NO EVIDENCE that the shots caused the deaths... but even if every single death was from the shot, this would give a fatality percentage of 0.0017%.

Meanwhile, [JHU data updated today](https://coronavirus.jhu.edu/data/mortality) shows a 1.8% fatality percentage from actual US covid cases.

Winner for most dangerous: COVID (1.8% fatal) defeats COVID VACCINES (most likely 0% fatal, but confirmed no higher than .0017% fatal at absolute worst).

By the way, putting ""Dr."" in your user name doesn't make you a better anti-vax troll.",1.0,Coronavirus,2021-04-02 00:24:30
"This doesn't surprise me at all.

Here in Norway the experts concluded weeks ago that the vaccine was the cause for the blood clots. I agree that as a rule always ask if people confuse correlation with causation. But don't be a robot that always automatically assumes this is what has happened. In this case, it is not what has happened.

The below link is in Norwegian, but the chief physician and professor, Pål Andre Holme , who led the group looking into it says, unconditionally, ""We know the cause. And it is nothing else than the vaccine than can explain this immune reaction"".

The cases involved symptoms they had never seen before, in anyone. Which seriously weakens the argument/question: ""this happens sometimes anyway, how do we know it wouldn't have happened anyway?"" And these symptoms then was seen in multiple patients that had just received the vaccine.

&lt;-- *Here the link was when I first wrote this post 9 days ago, but it was deleted because according to the mods Norway's largest newspaper, VG, is unreliable.  The reason given is that it is tabloid, which is true if you defined tabloid only by the size of the paper it is printed on. But VG is as mainstream and reliable as any other paper in Norway. And I'm willing to debate anyone on this*. *But the rules must be respected, even when they are wrong.*  \---&gt;

I found a link to Aftenposten  the exact same quote is found there: (*First a bit more whining: I think it is the font used for the newspaper's name that makes some people think it must be more serious, grown up, reliable and ""real"" than for example VG. I wish people would evaluate the actual contents in the newspapers instead of relying on such cheap heuristics*)

[https://www.aftenposten.no/norge/i/Lnk0Qq/rikshospitalet-gruppe-astra-zeneca-vaksine-aarsaken-til-doedelig-blodpr](https://www.aftenposten.no/norge/i/Lnk0Qq/rikshospitalet-gruppe-astra-zeneca-vaksine-aarsaken-til-doedelig-blodpr)

It might of course, most likely I would think, be that the risk still is so tiny that it is best to keep using it on a population level. But, two things to consider:

First, young people who have an very low risk of getting seriously ill from covid-19 itself, are the ones who has been getting sick from the vaccine. Actually, it was young women who suffered these side effects. I'm still not convinced the risk from the vaccine is smaller than the risk from corona virus in these otherwise young and healthy patients. Both risks are very small.

Second, there are multiple alternatives. And I am not convinced AstraZeneca is equally good as the others. Given all of this, why would a young woman choose AstraZeneca if she had other options?

Reading between the lines in the news stories and press releases, I am seeing lot of people concerned about the public health at large, vaccine skepticism etc. And this ""colors"" their opinions on this issue. They  are concerned about the optics of talking about lethal side effects of a vaccine while we are in the midst of a pandemic. I too am convinced that the AstraZeneca vaccine will help in fighting the pandemic . It is a good thing that is is out there being injected.

But I'm not going to dismiss the possibility that for young healthy women that are so lucky that they have other options, it might be better to choose another vaccine. And if it turns out that the risk of taking the vaccine in this particular group of patients is larger than the risk from the disease, they shouldn't even be offered the vaccine. I don't care about any inconvenient optics in that case. Without total honesty many more will become anti-vaxxers.",1.0,Coronavirus,2021-04-02 10:49:53
"Well I got my first AZ dose, 29, before all this reports, I was already a bit non confident because this vaccine has always been controversial in their data, it was the vaccine that I trusted less, but I went without too much enthusiasm.

No, call me anti vaxxer or whatever, there is NO WAY I'm getting again injected with this vaccine.

I just don't trust it and I'm more afraid than Covid, I have to say.

So for me it is a second dose of the ""good"" vaccines, rna, or I just don't get second dose at all.",1.0,Coronavirus,2021-04-02 13:00:40
"&gt; but would nice to be vaccinated before going home

I think that's the whole point.  Ohio has a lot of large universities that draw in out of state students.  Our rollout has gone well, and in terms of getting control of the virus it just makes sense to get as many college students vaccinated as possible before they scatter in two months.  

I'm pretty damn proud of DeWine.  I fucking loathe his conservative policies but his Covid response has been pretty good.  Not perfect by any means but I think that's more our super Trumpy state house full of anti-maskers.  I really hated how DeWine was handling the initial vaccine rollout but it seemed like the moment Biden came in things got better.  I think the massive disorganization kept DeWine from rolling out his plan and kept everything very restrictive.",1.0,Coronavirus,2021-04-02 15:39:18
"Another day, another great update from the CDC (domestic travel guidelines) regarding vaccine effectiveness, another day of people spreading the completely disgusting lie that vaccines don’t protect you from catching or spreading COVID.

It’s just amazing to me how the same people who were begging anti-maskers to trust science last spring are now blatantly ignoring it so they can spread lies. We get it, being overcautious makes you feel like you’re better than other people. Great to know how many out there care more about moral superiority than science.

I’m beyond appalled by the way messaging has gotten out of control on this.",1.0,Coronavirus,2021-04-02 17:27:07
"No, our public health experts are fucking stupid.  Anti vax was a fringe, lunatic movement I had only ever met a single person following before Covid.  Now there is widespread opposition to this vaccine in the span of only a year and there is open talk of violence on both sides to force people to vaccinate/resist unwanted medical procedures respectively.",1.0,Coronavirus,2021-04-02 18:38:50
"Yes, and this is why I am mentioning Feline Infectious Peritonitis Virus which also is a coronavirus, well known for doing precisely that, on top of being extremely lethal.  

But the coronavirus we human beings are dealing with right now does not do that! 
I repeat: there is no evidence showing that anti-SARS-CoV-2 vaccination exacerbates, prolongs or helps to spread the decease. In fact, it’s safe to say that the opposite is true! Vaccines produce competent neutralizing antibodies, and the only minor issue is these antibodies are IgG ones which are abundant in blood, not so much on mucous membranes, hence they don’t prevent contraction as an ideal vaccine would. 

But you don’t need 100% neutralizing immunity in order to stop the spread! 30% neutralization means 30% of vaccinated people won’t be infected at all, but that does not mean that remaining 70% are just as dangerous as unvaccinated people. You are not accounting for reduced viral load and reduced time period when the infected person is contagious after proper vaccination. You are not accounting for reduced decease duration and reduced volume of affected tissues which have to stay high to provide the virus the best mutation playground. You also don’t account for all other measures taken. These 30% are 30 over placebo. And nothing tells that it should work substantially different in carnivores.

But you know what’s the style of SARS-CoV-2? Recombinations. Weird animal-to-animal transmissions we don’t know about enough yet. A lot of mutations in people with prolonged COVID, which might be the case in animals too.  

So if we want to prevent SARS-CoV-2 from picking up animal coronaviruses’ traits, we will probably have to vaccinate our pets at some point, provided humans don’t miss their shots too. That will prevent the virus from entrenching in pet animal populations. If 30% of cats will never have a chance to contract the human coronavirus, that would be splendid. And the remaining 70% are pretty much guaranteed they won’t not become silent carriers, that’s awesome too. That means that the odds of SARS-CoV-2 hooking up with FCoV and screwing up the humanity will be very low, and that’s a good thing.",1.0,Coronavirus,2021-04-03 09:30:38
"I was waiting on confirmation from a couple family members who still had not received theirs. Apparently my grandma and sister have not gotten it yet, they’ve both been heavy on the hesitancy to get it for various reasons, conspiracies mainly so I don’t think they will at this point. I could get them a Pfizer dose literally today or tomorrow and they’re not taking me up on my offer to get them an appointment, even my grandpa got his Moderna dose yesterday but my grandma refuses. 🙄

My other sister apparently had covid a few months ago, I read that anti-bodies can last for 6 months or so post-recovery right? I don’t think she’s getting the vaccine either.

So it looks like I’ve narrowed it down; my grandma, my sister and her husband and my other sister/husband but they’re two months or so post-recovery from covid so I’m guessing theirs some antibodies involved for them. 

Unfortunately it’s not 100% of the family that’s on board,I’m not sure how we should even go about them? I guess seeing them post-full vaccination/protection isn’t that bad but I’m still wearing masks lol.",1.0,Coronavirus,2021-04-03 13:24:48
"&gt; Here in Germany, for young women, the risk of dying after an AZ vaccine is disproportionately high compared with Covid.

No, it isn’t. This the same nasty, anti-vaxx lies that get people killed.",1.0,Coronavirus,2021-04-03 14:18:55
"The easiest way to prevent “vaccine passports” for every day activities is actually to get vaccinated. Once we get to the magic number (whatever it is) covid will die off and so will the passports. Otherwise I would expect more and more things requiring l proof of vaccinations until we get to that number. 

Realistically, I don’t think many people are hardcore anti vax. The real road block to ending the pandemic are people who are vaccine apathetic or hesitant.",1.0,Coronavirus,2021-04-03 16:12:59
"So from my understanding and I am a nobody. Both mRNA and the viral vector vaccines give your body instructions to fight against the spike protein of covid-19 virus. With the new variants, multiple mutations have occurred on the spike protein. 
So from my reading, experts are not 100 percent sure that the current vaccines are supported to fight against the new variants due to these mutations. Also both moderna and Pfizer are already in the works for a booster shot and both companies have said there may need to be a third dose required for all people who have received the full cycle. Doesn’t sound like they are super confident in their initial product. I’m not a anti vaxer by any means. Receive my flu shot every year, Pneumonia vaccine every 5-7 years ect ect. All the articles I’ve read that support the claim that these vaccines are effective against the variants are all “suggestions”. Nothing has been proven yet like the efficacy of the vaccines against the original strain. Like I said. I hope I’m wrong and hope this vaccines are going to bring life back to normal. JUST LOOKING FOR INFO that I thought you might have.",1.0,Coronavirus,2021-04-03 17:54:34
"The allergic rxns are something called reactogenicity, which can occur for a variety of reasons. It’s an anti-inflammatory response, and it’s been noted that people who have a more severe reaction are more like to have been infected with Covid prior to the vaccine, so your body already has antibodies and starts trying to beat the hell out of the spike proteins being formed. There’s not a TON that
Can be done, but potentially changing the lipids the vaccine uses to keep the instructions safe might help a bit.",1.0,Coronavirus,2021-04-03 19:45:46
"More or less, the analysis in the paper is really shallow, all the author did was show that small snippets of Sars-CoV-2 proteins had similar sequences to small bits of human proteins, implying that antibodies could cross-react. The paper never actually showed that antibodies from people who were exposed to Sars-CoV-2 were cross-reactive with human proteins and if there was cross-reactivity we'd have seen autoimmune disorders emerge from people who were infected. I'm amazed something so shallow got past peer-review.

Ultimately, the vaccines have been tested in tens of thousands of people in clinical trials and no autoimmunity has been reported. The concern posited in that article hasn't been realized. After all, it's been a year since that paper was published and the FDA panel of top virologists, vaccinologists, and immunologists who evaluated the data from the trials were not concerned.

Besides, check the author, he had to create his own non-profit to spread anti-vax propaganda\*. I admit I only did this because I'm an academic scientist and I have never heard of 'The Institute for Pure and Applied Knowledge'. He's not exactly an expert on immunology or virology and it shows in his writing.

&amp;#x200B;

\*[https://newsregister.com/article?articleTitle=county-covid-resolution-comes-under-attack-from-residents--1608064026--38914--](https://newsregister.com/article?articleTitle=county-covid-resolution-comes-under-attack-from-residents--1608064026--38914--)

"" Lyons-Weiler is a former University of Pittsburgh research scientist known as a prominent voice in the anti-vaccine movement.

In October, the United States Court of Federal Claims rejected Lyons-Weiler’s testimony in a lawsuit alleging vaccine injury, noting that “Mr. Lyons-Weiler is not a medical doctor. Instead, he has a Ph.D. in ecology,” and stating that his testimony did not rely on medical records, and “was largely unpersuasive.”""",1.0,Coronavirus,2021-04-03 20:29:04
"No one thinks about this - there are people who want the COVID vaccine but CANNOT get it, especially in the UK. Yet they will be treated akin to the anti-vax people. Basically, if you are pro vax and can get the vaccine that is great. If you are pro vax but CANNOT GET THE VACCINE you are screwed. If you are anti the vaccine and anti vax, then at least your restrictions are YOUR choice.",1.0,Coronavirus,2021-04-03 21:15:09
"The vaccine will be fully available to every come may, we are currently on track for every adult who wants a vaccine to be able to be fully vaccinated by end of summer. The only thing holding up herd immunity will be children (who the vaccine is not approved for yet) and anti vaxxers. 

Vaccines will be fully distributed and available to every college age adult. If you choose not to get one then you are choosing to remove yourself from society as you won’t be able to internationally travel, enjoy big gatherings or go back to life pre covid. 

Israel has been using a vaccine passport for about a month now and they don’t have any problem with it. Vaccinated people have gone to concerts and go out to restaurants.",1.0,Coronavirus,2021-04-04 06:11:27
"Vaccine skepticism isn't inherently a bad thing. I say that as someone who is vaccinated themselves, i'm not an *anti vaxxer* at all.

It seems remarkably sure now that the vaccine is safe and effective, yes. We don't have long term data and simply can't know the longer term risks. We can probably say with reasonable certainty that this potential risk is lower then the present risk of covid, at least that was my reasoning for taking it. But as you go down the age groups that logic becomes less and less true. Unknown risk vs minimal risk from covid is not as easy a sell.

Skepticism in general is a *positive* trait so I find it hard to judge someone for this if their concerns are legitimate or well reasoned. Usually these people can be spoken too, unlike an anti vaxxer who will remain entrenched in his position forever.",1.0,Coronavirus,2021-04-04 09:11:25
"In 2 weeks when my vaccine will have taken full effect, I am *done* wearing masks except when required to by a business - and frankly my tolerance for doing that will start to run out by summer.   I'm not anti-mask but the data suggests their utility for the general public is much more limited than many people seem to think; they've sort of become like a protective talisman for a lot of folks.

Deaths from covid have dropped off a cliff in my state, and in another month or two it will start to become harder to justify continued restrictions especially on vaccinated people.   People need to be able to get back to normal.  There's less motivation to get the vaccine when the public health messaging is, ""Nothing can change.""",1.0,Coronavirus,2021-04-04 12:47:59
The majority of the population is going to get the vaccine. Are we just going to continue to need vaccine passports for years because some people are dumb and won't get vaccinated? They will just get fake passports and none of this will stop people that are anti-vax from doing what they want to do. And by the time they even think about doing this we will have enough people vaccinated for herd immunity and covid will not be a big deal anymore,1.0,Coronavirus,2021-04-04 15:15:03
"While we've been somewhat blessed by how insanely effective the mRNA vaccines are (and even the viral vector-based vaccines are pretty effective too), this is a concerning line of thinking I'm seeing around here more and more.

Vaccines are definitely personally protective, but they require herd immunity to be fully protective. Despite headlines rushing to say all the vaccines are fully protective against hospitalization and death, the reality is that they are not. Small sample sizes of at-risk groups in the trials led to low hospitalizations even in the placebo groups (most trials had well under 10 hospitalizations) so the confidence intervals on hospitalization are wide. Moderna even had two hospitalizations in its trial group (but there is no reason to believe Moderna is less effective than Pfizer - they just had bad luck). Real world protection from hospitalization and death from the mRNA vaccines will range somewhere between 87% and 98% depending on what studies you are looking at ([87%](https://www.nejm.org/doi/full/10.1056/NEJMoa2101765). [97%](https://www.empr.com/home/news/pfizer-biontech-real-world-data-uk-variant-b-1-1-7-israel-ministry-of-health/)*). 

Any place where COVID is spreading endemically, I'd rather go somewhere that I know everyone is vaccinated. It furthers the personal protection of the vaccine with community protection. Plus, anything that encourages anti-vaxxers to stop being selfish and do the right thing is a win in my book. All it takes to end endemic spread of a deadly virus in the US is to take a simple shot and they're unwilling to do that out of some weird combination of ignorance and self-righteous selfishness. 


\* The 97% data is actually an example of the community protection. It's hard to read the underlying study as it is in Hewbrew (which is why I linked a news article), but the issue in the study is that the vaccinated population is seeing higher effectiveness because of community protection. Those who got the vaccine are more likely to hang around vaccinated individuals, whereas unvaccinated individuals are more likely to hang around unvaccinated ones (e.g., ultra-orthodox populations). This artificially increases apparent effectiveness because the vaccinated and unvaccinated groups have major risk exposure differences that cannot easily be controlled for.",1.0,Coronavirus,2021-04-04 22:19:40
"You’re just a bit paranoid. There will be no pandemic next year, only the anti vaxxers will have to worry about covid. The rest of us will just be living as normal, maybe wearing masks in very crowded places and maybe a yearly visit to the dr to top up the vaccine but that’s basically it.",1.0,Coronavirus,2021-04-05 00:32:48
"Specifically what corner did they cut in their phase 3 trial? I may have missed that.

 If you're referring to the bad PR of publishing efficacy rates on interim data, that did not actually affect the trial nor their application to the FDA which hadnt been submitted at that point. It was just a press release which also stated the trial was ongoing. This article was quite balanced about it
https://www.independent.co.uk/news/science/covid-astrazeneca-vaccine-trial-latest-b1821200.html

I agree people don't realise it is the only viable option at the moment for developing countries. People in countries that are spoilt for choice with vaccines have been very willing to trash it in a very over the top way which is only going to lead to more anti-vaxxers and vaccine hesitancy.",1.0,Coronavirus,2021-04-05 00:53:18
"Cerebral venous sinus thrombosis Seems to affect [5 out of every 1,000,000 people](https://www.hopkinsmedicine.org/health/conditions-and-diseases/cerebral-venous-sinus-thrombosis). For those infected, the overall [mortality rate is 4.39%](https://pubmed.ncbi.nlm.nih.gov/21998058/). That means that roughly 1 out of every 22.7 million people would die from it. But this is just talking about CVST. That's not even addressing the  low platelet levels and other clotting problems that are happening alongside this. I don't have exact numbers on the rarity of those happening at the same time, but I'm guessing that it's not exactly common. 

As of three day ago, roughly [31 million people in the UK](https://www.bbc.com/news/health-55274833) have received at least one dose of a vaccine. Statistically, between 1 and 2 people should have died randomly from CVST just based on numbers alone. But instead of 1 or 2 people, 7 have died with a total of [22 identified cases.](https://www.bbc.com/news/health-56616119) And all of these cases received the AZ vaccine. 

I'm not saying that the AZ vaccine is definitely causing it. But I'm saying that with numbers that high and that far out of the norm, it is certainly worth looking deeply into. To say that it's pure chance and it's not related is only going to create more mistrust...Similar to when the CDC said that masks don't help mast March.

My numbers could be off. I'm just going by what the news sources say. And no I'm not an anti_vaxxer. I fully believe in vaccines and Im fully vaccinated from Covid-19 (Pfizer.) I believe that anti-vaxxers are idiots that are causing WAY too much harm to society. However, I'm also not going to blindly defend something when theres a clear deviation from the norm and there could be a link.",1.0,Coronavirus,2021-04-05 02:48:51
"What's anti-vaxx about this? Do you consider the governments of Norway, Germany, France, the Netherlands, Denmark etc to be anti-vaxxers, too? Let's prohibit them?

You can't just shout ""the benefits outweigh any risks"" when it it's not clear it does in a certain age group. Specifically the Norway cluster showed that for young healthy women, this was not the case. There were more deaths due to the reaction that's most likely explained by taking the vaccine than by Covid itself. 

That risk-benefit analysis makes it not suitable for, as of the data rn, younger women. 

Is this anti-vaxx? Go on, tell me. 

Or is your stance that individual risk-benefit analysis is moot in the spirit of solidarity with older groups? I'd posit that at the very least warrants a discussion about ethics.",1.0,Coronavirus,2021-04-05 02:55:29
"Agreed. I think vaccine passports are such a bad idea for everyday things like bars, stores, events, etc... but a fantastic idea for the things we already use vaccination status for (e.g. employment, school, travel, etc...). Just give everyone a chance to get vaxxed and then we gotta move on. It'll be enough to slow the spread to a trickle (and areas with high anti-vaxxer populations have high immunity now anyway). I could be convinced otherwise with a great argument. I just haven't heard one yet.

We have another 2 months until everyone has access to COVID vaccines. Maybe 3 months if you think about some exceptional circumstances.

We're introducing a new precedent for discrimination (and disclosure of medical information) in venues that never did that before for about 2 months of relative safety for a small portion of people in some areas. The juice is not worth the squeeze.

People will say this is a slippery slope argument, but even this has some immediate ramifications. It also *is* also a slippery slope. This is not the first health issue to break down almost entirely along income, educational, and racial lines.

I think a lot of people think of anti-vaxxers universally as 55 year old Karens who drive Range Rovers and spend too much time on Facebook, but it's more likely to be poor black people or uneducated white people who, everything about them unchanged, would probably get vaccinated in a heartbeat with a different upbringing and better schooling.

Now, let's be real and acknowledge that vaccine requirements play a huge part in getting general compliance, and we should use them, but let's also recognize that requirements in schools, workplaces, and for travel are good enough, and they already have decent oversight/infrastructure when it comes to privacy and preventing discrimination. We don't *need* to drag this into every aspect of our lives, so we shouldn't. It doesn't offer any real, tangible payoff we don't already get from other means, and it creates an environment where widespread ostracization of certain groups of people is extremely easy.",1.0,Coronavirus,2021-04-05 05:43:23
"Sort of, but not really. If you have a vaccine, you almost definitely won't die of COVID, even if you get sick from a variant. The variants might make it so that vaccines are less effective, which does mean that vaccinated people could potentially (big emphasis on potentially, talking theoretical here) infect the unvaccinated more readily. However, the vaccinated population will still be protecting the unvaccinated through decreased community spread. Remember, less effective vaccines are still effective vaccines.

The anti-vaxxers will not get ""completely destroyed"". They'll have an increased chance of getting COVID (but probably still a much lower chance than someone living in the US this year). It would create a ""long tail"" on the pandemic, where instead of dropping to near negligible levels, you'll have low-level community spread for a long time. COVID and the variants would become a nuisance for public health officials for years, and the deadliness of COVID would slowly drop off as everyone picked up T cell immunity (one way or another) rather than dropping off a cliff like it would if everyone got the vaccine.",1.0,Coronavirus,2021-04-05 07:50:25
"Thanks for that - reassuring. It also depends on your risk of actually getting covid - everyone is going to get the vaccine - and so subject themselves to one risk, but not everyone is going to get covid. And as an individual I may be pretty confident in my own ability to avoid the risk of infection (depending on my circumstances) whereas the only way I can avoid the risk of vaccination is to not have it.

 I also just wonder whether there is a higher fatality rate of these clots in subgroups - for example young health women. Surely the European and Canadian regulators must have some good reason for their actions? 
Anyway, I think there is room for a bit more detailed information and detailing of the risks ( as you have done) rather than the ""its all good"" we are getting from authorities.
Not that I am an anti vaxer  - I have had the AZ vaccine myself.
 
Just wonder if it needs to be targeted to particular age groups in preference to others.",1.0,Coronavirus,2021-04-05 08:26:45
"What Covid passport do you have now?

You might learn that the floodgates argument is a logical fallacy.

You’re just sowing fear of the vaccine that we need to contain this virus.  It’s more anti-vaccine rhetoric not based on fact.",1.0,Coronavirus,2021-04-05 11:14:08
"Or, maybe, just maybe, it's because anti lockdown is now the only sensible course of action, you utter codswallop. 

We've finished vaccinating groups 1-9 (well, likely as of tomorrow we will have). 22 days after the first dose, the [AZ vaccine is 100% effective at preventing deaths](https://www.astrazeneca.com/media-centre/press-releases/2021/covid-19-vaccine-astrazeneca-confirms-protection-against-severe-disease-hospitalisation-and-death-in-the-primary-analysis-of-phase-iii-trials.html). Groups 1-9 make up 98-99% of mortality risk.

 We've had 127,000 deaths after 1/5 of the population has had covid. So that translates to 508k deaths if everyone caught covid without vaccination. 508,000 - 99% = 5080 deaths, less than a flu season, if absolutely everyone caught covid, which obviously won't happen due to the herd immunity we're very close to.

If you're not anti lockdown now, you don't understand statistics. You're turning r/coronavirusuk into your own echo chamber because you're too stupid to realise the truth. It's not brigading, people's minds change.",1.0,Coronavirus,2021-04-05 14:51:23
"I’m a millennial and got my vaccine, but I’ll be honest...I mostly got the vaccine due to social pressure of not being an anti-vaxxer. I personally was never really that scared of covid, since I’m only 25, am physically fit and have no chronic health conditions. My peers who had covid experienced little to no symptoms, so I figured I was already exposed at some point and just never knew. I was worried for my at risk family though and encouraged them to get the vaccine.

I always said if I was offered the vaccine, I would take it, but I also wasn’t planning to go out of my way to book an appointment ASAP. The reason why I got it was because I randomly checked vaccinespotter.org and there was a lot of availability in my area so I got it the next day.",2.0,Coronavirus,2021-04-05 15:37:36
"There are basically always exceptions for opting out of public school vaccination requirements. We just haven’t made a huge deal out of it because measles infections caused by anti-vaxxer parents were relatively rare. That may change this fall.

The number of children who won’t be able to take a COVID vaccine for medical reasons is extremely small — like, there aren’t enough of them to rewrite the rules of society to accommodate this limitation. If their parents feel unsafe sending them into school, they’re going to have to go with private tutors, homeschooling, or some other less risky solution.

As far as “whatabout my great-uncle with a kidney transplant who can’t take the vaccine”? They’re kind of going to have to wear an N95 mask and stay isolated for the foreseeable future. There may never be a back-to-normal for them. That shouldn’t mean nobody else can ever go back to normal.",1.0,Coronavirus,2021-04-05 17:46:32
"I think this rhetoric is dangerous. We should not be referring to people who don't want this COVID vaccine as anti-vaxxers. That's not fair, nor is it an accurate assessment. My own doctor who gives vaccines for a living was nervous about the fact that he would be one of the first to get this thing. Not wanting a vaccine which was whipped together in a few months time with a lightning fast testing phase is completely different than some weirdo not wanting the polio vaccine or the measles vaccine that have been around for years. 

For the record, I have already gotten both doses of the Pfizer vaccine, but I got them with trepidation.",1.0,Coronavirus,2021-04-05 21:39:01
"Millions of children under 16 y.o. have not accepted the risk. Anyone that can't medically take the vaccine hasn't accepted the risk. Hence the need for herd immunity. This is the whole problem with anti-vaxxers, covid or otherwise.",1.0,Coronavirus,2021-04-05 23:29:21
"It’s interesting seeing topics that were previously discussed only among people that were “anti lockdown/Mandatory NPI” see the light of day in mainstream circles. Better late than never I guess. 

I remember during the summer, people complaining about elderly people not being allowed to have visitors, and who die by the millions in the US every year. Many of them could not see anyone they knew before death because of COVID policies. The fact that it’s still going on after the vaccine doesn’t surprise me one bit. But hopefully with public opinion against it and the media actually writing about it, those policies go away.",3.0,Coronavirus,2021-04-05 23:29:47
Lets not forget there are some people who cannot get a vaccine for several reasons (not sure about covid but vaccines in general) sometimes it is becaue of a illness they have or other things but please do NOT equate anti-vaxxers with people who for one reason or another cannot get vaccinated,1.0,Coronavirus,2021-04-06 00:14:38
"I’m 28, signed up for my appointment literally the minute I became eligible. All of my siblings and cousins who are around my age and younger (youngest is in college) have all had their first shot by now, some going to come pretty far lengths to obtain is (driving across the state, for example). I’m sure there are plenty of young people who don’t want to bother, but I think the contingent of older anti-vaxxers (you know, those assholes who’ve been bitching about wearing masks this whole time) are going to be the bigger problem. 

And according to my family members who work in healthcare, there’s still hesitancy among young women who are concerned about the vaccine impacting their fertility (though I’m pretty sure having COVID is going to affect it a lot more, but what do I know).",1.0,Coronavirus,2021-04-06 04:15:35
"**Explain Both Sides: Vaccine Passports**

Currently in the UK news is filled with talk of a Coronavirus '[Vaccine Passport](https://news.sky.com/story/covid-19-what-are-vaccine-passports-and-how-might-they-work-in-the-uk-12265384)'. My understanding is that they will be some form of (probably) electronic certification which shows that a person has had their two Coronavirus inoculations, therefore demonstrating that they are 'safe'/low risk to enter a venue (e.g. a pub!) without infecting every other person present. 

It seems to me that there are [two distinct parties](https://www.bbc.co.uk/newsround/56520612): one is saying that a passport is a good idea (e.g. it will allow life to return to some kind of normality), others are saying that it is a bad idea (e.g. it will discriminate against people who can't/won't take the vaccination). It also appears *to me* that the Conservatives are pro whilst Labour are anti. 

Please will someone ELI5 the pros and cons and why people are for and against the passport?",1.0,Coronavirus,2021-04-06 08:57:43
"Agreed. People on this sub rolled over for care home employees who don't want to get vaccinated, but get tough on grocery shoppers? Makes no sense.

I think this is about people wanting to return to normal at any cost and about wanting to punish anti-vaxxers. Fair enough, but that's not the way to go about it. They have their vaccine, so they think if they advocate for this then they can start living life normally now while also punishing those who don't. 

The reality is that by the time any of this is set up, COVID won't be a big threat anymore. Everyone will have access to vaccines and life will be ""choose your own risk level"" when it comes to COVID.

Why introduce a massive inconvenience in all our daily lives for something that will be a blip in a year regardless? Just require vaccines for travel/work/school like always. I really don't feel like not being able to go to the grocery store because my phone died.",1.0,Coronavirus,2021-04-06 11:47:55
Anti masker/anti vax/republicans are going to go insane when businesses and schools and amusement parks and cruise lines and concerts etc etc etc in the US and all over the world make a covid vaccine proof a thing.,1.0,Coronavirus,2021-04-06 12:02:23
"One of the places where it might be helpful to have people prove they are vaccinated for COVID-19 would be university dormitories. Almost all of them require vaccine documentation already (MMR etc.). Public universities definitely fall under this, the question is if providing a vaccine record is the same as a passport.

Republicans are selling this latest anti-government freedom boner as a ""papers please"" Nazi resistance, but proving immunizations in certain instances where there's a clear public health concern is something we already do on a regular basis. It's not a policy they care about, it's just news fodder to rally the base.

I don't think HEB was ever going to require you to show vaccination info to walk in and buy groceries. I think it's reasonable for an airline to deny you boarding if you're showing symptoms of COVID. But you could have a cold or something else. Having proof of COVID vaccination solves that issue. Otherwise you won't be able to fly if you have a cough, just so the airlines aren't caught in a lawsuit that they negligently exposed flyers to risk.

Once the universities decide COVID vaccines are required for living on campus (some already have started this process and it's anticipated for fall semester) these vaccine passport legislations aren't going to stand. They'll either rescind them or build a massive system of caveats that makes them effectively useless.",1.0,Coronavirus,2021-04-06 13:29:58
"The numbers out of Germany are a little scarier, though still rare. 1/100,000, almost all youngish women. It’s not likely, but it’s not nothing. I think you guys overrate the likelihood of getting covid if you’re very cautious. I am not anti-vax (I have mine), but I’m also a realist. People don’t want a vaccine that might kill them, even if the risk is low.",1.0,Coronavirus,2021-04-06 15:43:38
"Why do you think people avoiding the vaccine are ignorant?

We know how they work. Plenty of us are educated. I have a master's degree in a related scientific field, and I've taken graduate level courses in nanotechnology and biochemical engineering.

The Pfizer and Moderna vaccines are creating a colloidal suspension to trap an mRNA sequence in a lipid nanopartical.

The J&amp;J vaccine uses the shell of a dead virus to trap the mRNA and get it into your cells.

That mRNA sequence encodes for the spike protein of SARS-Cov-2. The idea being, the nanopartical or viral vector can keep the mRNA stable as it enters your cells. In your cells, your own ribosomes read the mRNA and synthesis the spike protein, which triggers the immune response to create anti-bodies.

It all sounds great in theory. And so far it seems to work out pretty well. It's an exciting technology and possibly will have astounding medical applications in the future.

We still don't know if there are long term consequences or dangers of this technology. There could be unforeseen consequences of either the mRNA vectors, the mRNA transcription in the human ribosome, or as a result of the provoked immune reaction. We just don't know.

It is still experimental.

Rational people with a very low-risk of severe covid-19 reactions may decide that it's not worth taking right now.",1.0,Coronavirus,2021-04-06 16:57:54
I'm still confused. How the vaccine for covid developed in under few months and it's safe? How the vaccine for HIV or something like that isn't developed after all these years? I'm not a anti-vax i'm just curious,4.0,Coronavirus,2021-04-06 21:48:37
"I’m in nyc and it seems that we are preparing to continue delaying normalcy by pandering to anti vaxxers or what they call “vaccine hesitant.” I don’t care if you get the vaccine. I really don’t care. But if everyone over 16 can get the vaccine, and everyone under 16 is safer with covid than the flu; it’s insane to restrict people based off people that actively are choosing to not get vaccinated 

I’m against covid passports but I do think if someone gets hospitalized or dies from covid; we should have separate calculations for if they were eligible within the past 4 weeks.

It’s crazy to me that we are going to be pandering to deaths of people that actively choose to not protect themselves within a handful of weeks",1.0,Coronavirus,2021-04-07 02:57:14
"The SCMP is Hong Kong is constantly releasing ridiculous articles like this:
https://www.scmp.com/news/hong-kong/health-environment/article/3126158/coronavirus-tourism-lawmaker-urges-hong-kong

As a result, many in the population are afraid of the vaccine and the uptake rate is very low.  

Over 100 million Americans have been vaccinated, and the anti-vax people that exist are on the fringe.  In fact, the US population is among the highest in the world as a percentage of those vaccinated:

https://ourworldindata.org/covid-vaccinations",1.0,Coronavirus,2021-04-07 09:18:51
"I’m in nyc and it seems that we are preparing to continue delaying normalcy by pandering to anti vaxxers or what they call “vaccine hesitant.” I don’t care if you get the vaccine. I really don’t care. But if everyone over 16 can get the vaccine, and everyone under 16 is safer with covid than the flu; it’s insane to restrict people based off people that actively are choosing to not get vaccinated

I’m against covid passports but I do think if someone gets hospitalized or dies from covid; we should have separate calculations for if they were eligible within the past 4 weeks.

It’s crazy to me that we are going to be pandering to deaths of people that actively choose to not protect themselves within a handful of weeks",1.0,Coronavirus,2021-04-07 13:07:31
"With measles we have had heard immunity in general public for a long time yet in some communities with a lot of anti-vaxers we have seen a more or less continuous measles outbreak. Now it seems measles has been fully eradicated because of covid. Should we expect covid to stay spreading in certain populations that refuse the covid vaccine where the population vaccination rate is below what is needed for herd immunity for that subgroup, even when total population on average would have enough vaccinations for herd immunity? Exactly as we saw with measles in the past.",1.0,Coronavirus,2021-04-07 14:59:35
"I’m in the US, and I am at a high risk for blood clots genetically and because of a med I have to take. Other than that I am an active, very healthy 24 year old woman. Because of this, my doc said I should hold off even getting any covid vaccine because there are higher than normal clot indicators in woman across the board, not just AZ. Especially in women with high risk. Basically I have more of a risk of dying from the shot than covid in my case. 

My doctor is not “anti-vax”, (and neither am I for that matter) she is an incredible doctor at a great university hospital so before you comment and admonish me/her (probably as a non-doctor) maybe consider that. 

But yeah it’s kinda scary...",1.0,Coronavirus,2021-04-07 15:22:50
"&gt; Since the vaccine is designed to induce a high antibody response, there's a risk that the vaccine itself could lead to MIS-C.

&gt;If the vaccine is able to induce this type of antibody response, then it would potentially place otherwise healthy children at risk of severe outcome following vaccination intended to prevent illness from SARS‐CoV‐2.

This is very unlikely.  Adults with severe COVID-19 also have higher levels of anti-RBD abs, neutralizing abs, and abs against S and N.  Vaccinated individuals have higher titers of abs against all of the above (except N) than found in convalescent patients.  What that tells us is that you need the virus there initially for there to be a harmful effect.  Most likely this is due to autoantibodies induced by the virus and hyperinflammatory response to the virus which isn't seen in vaccination.  It's not the neutralizing antibodies that are harmful.  It's the response to the virus that's harmful.  If you have high titers of neutralizing antibodies from the start, you have protective immunity that doesn't allow the virus to induce a hyperinflammatory response.",2.0,Coronavirus,2021-04-07 19:53:38
"Frankly I'm dissappointed experts haven't made better explanations about virus symptoms, control, and risk after a year.

They said you didn't need masks, then said you need to have a fresh mask each time, that masks protect you... When they could've said from the beginning to reuse masks because they are for protecting others, especially in confined spaces.

Similarly, ventilation and sunlight was not considered a crutial prevention mechanism until late. Anyone who has dealt with molds should know ventilation is a key way to create a hostile environment for microorganisms, virus included.

When it came to covid symptoms a lot of the permanent effects can be traced to oxygen deprivation. 
Long covid symptoms like fatigue are not unique to this virus but something that all bad flu could give you, except it's more infectious and has slightly higher risk for young people. Risk is almost negligible for children.
They are also insistent on focusing symptoms on racial disparities over poverty factors.

We're getting two polarized groups, the paranoid group who never go out and exercise at all, believe lockdown is the only acceptable control, then the no-mask anti-vax group who don't understand the point of masks.

Now people believe this vaccine itself has some toxic chemical that cause blood clots before the more reasonable assumptions out there.",2.0,Coronavirus,2021-04-07 19:57:13
