comments,score,subreddit,time_created
"https://www.kff.org/policy-watch/the-red-blue-divide-
in-covid-19-vaccination-rates-is-growing/

https://www.kff.org/other/state-indicator/percent-of-total-population-that-has-received-a-covid-19-vaccine-by-race-ethnicity/?currentTimeframe=0&amp;sortModel=%7B%22colId%22:%22Location%22,%22sort%22:%22asc%22%7D

The numbers aren’t as off as your are stating.",1.0,Libertarian,2021-08-03 16:38:54
"Yeah. Only effective against hospitalisation against the Alpha variant.

You should have a look at http://www.healthdata.org/covid/covid-19-vaccine-efficacy-summary

And it will become worse the longer the time passed since the last dose and the more variants emerge.

Also inmperical data is way worse than trial data for hospitalisation prevention.
Have a look over at Israel",1.0,Libertarian,2021-08-03 16:50:00
"I honestly don’t know where you’re even misinterpreting that from, do you mean New York specifically? I don’t see Republican vaccination rates specific to the state in either link. 

If you mean nationally, [here’s the actual table from the KFF](https://www.kff.org/coronavirus-covid-19/dashboard/kff-covid-19-vaccine-monitor-dashboard/)

50% of republicans have already been vaccinated, compared to:

- 60% of black Americans

- 86% of democrats",1.0,Libertarian,2021-08-03 16:50:03
"I'm not sure if you're aware but you can get spread Covid at you're work place, an old they can spread it to other people outside of the work place. Work affects your health, but you agree to the health conditions of your work place and that includes getting a vaccine, sitting in a office chat all day, standing up, doing intensive labor etc. Sounds to me like your okay with discrimination until it actually affects you, and people with anti vax brain rot.",1.0,Libertarian,2021-08-03 16:55:59
"“Healthy young child goes to doctor, gets pumped with massive shot of many vaccines, doesn’t feel good and changes – AUTISM. Many such cases!” This is a Trump quote. He tweeted about 40 times that vaccines cause autism, back when he had an account. Usually when someone says vaccines cause autism, we call them anti-vaxers. Practically every world leader got their vaccine on television, why didn’t Trump? Why are we currently having covid surges in Florida, Louisiana, Arkansas, and Montana when there’s a free vaccine that’s widely available? Why are republican politicians trying to ban vaccine mandates, just like they did with mask mandates, even by private businesses? Is it really that big of a stretch that the crowd who wouldn’t wear a mask and called the virus a hoax also won’t get the vaccine, while every poll says that 1/3 of Republican voters say they will never get the vaccine.",1.0,Libertarian,2021-08-03 17:09:11
Who is other people? Kids? They don’t work and don’t get it. Over 65? They mostly don’t work. My right to choose doesn’t stop at your insecurity. Same argument people use for gun control. People have been walking around without mumps and measles vaccine for decades now. Never a problem. The flu also kills elderly extremely well too. But that isn’t mandated (yes covid is worse). Dangerous freedom is libertarianism. So many people in here setting a precedent for all types of violations in the future.,1.0,Libertarian,2021-08-03 17:09:33
"On the other end, you have republicans doing the complete opposite and outlawing businesses requesting proof of vaccination lol

Legal enforcements aside. NYC has an official vaccine pass which is awesome. I have a preexisting condition and my mom will be going through chemo soon, and I wish my area had something similar so I can go to martial arts gyms that effectively (and voluntarily) request proof of vaccination for their classes.

The owner of the Muay Thai gym I went to doesn't seem to take COVID seriously. It's unfortunate because it's the exact type of school I'm looking for.",1.0,Libertarian,2021-08-03 17:11:52
"The gap between country reported vaccination rates and sampled vaccination rates would also indicate access is also a barrier that affects black Americans more. 

As I said above it’s republicans [hard no to any possibility of being vaccinated](https://www.kff.org/coronavirus-covid-19/poll-finding/kff-covid-19-vaccine-monitor-june-2021/) that is double the black American rate- not total vaccination rate.",1.0,Libertarian,2021-08-03 17:15:20
"For some context, they are mostly bringing people food and doing welfare door knocks to those in lockdown in neighbourhoods that have language barriers and social inequalities. (Immigrant communities) They are unarmed, and have no power to fine you or arrest you. (The cops still can, obviously). Calm down people it's not what it seems. 

Separately, the lockdowns are tight because we constantly chase zero cases (which is a separate debate) in every other state they managed to get on top of cases in a few weeks and open right back up. We (Melbourne) locked down after Sydney and opened up already with just a mask mandate and social distancing.

Sydney's state government stuffed this whole lockdown up by refusing to ""go early, go hard, open up again quickly"" like other states because they are a different political party to most other states and wanted to prove a point that they could do it differently.

When it clearly didn't work and cases kept climbing they locked down and are now behind the 8 ball. (Stupid)

It will take ages to get cases back into single digits and open up. This keeps happening because our federal government (same party as Sydney/NSW) stuffed the vaccine rollout up and can't seem to pull their finger out and get it done. We have an incredibly low vaccination rate. (Even more stupid)

States are left with little alternative but to chase zero like this as our hospital emergency room system runs ""at capacity"" already prior to covid and we have 2000 ventilators and 5000 ICU beds in the whole country (much more stupid)

Anyway there is a common understanding that even if we had the hospital space and respirators available that ""let people get sick, we have enough ventilators"" isn't a valid idea as the survival rate once on one is very poor. 

Financial support for small businesses doing it rough is a separate issue, and has been lacking but is much greater than the USA or Britain. Again, our conservative federal government is not big on spending money.

This isn't to say our government doesn't act authoritarian in many ways prior to covid, they have raided journalists, added facial recognition to city CCTV, gained the right to snoop our internet connections and various other shitty things, but all in all the response to covid has been one that's entirely been about saving as many lives and stopping the spread at any cost. 

Also, a large part of the covid response here is spearheaded by state governments who have total control over public health in Australia, trumping federal control. The federal government didn't ""send in the army"", the state in question requested them to assist.

The lockdowns have majority support by the people but as is always the case, anti lockdown protests get all the media coverage and inflate the issue making it seem like we are all under the jackboot of oppression.

TLDR: chill, the military isn't aiding any kind of authoritarianism and there are a multitude of factors at play, furthermore, there is majority support for lockdowns in Australia, lack of financial support not withstanding.",1.0,Libertarian,2021-08-03 17:16:00
"Just because someone doesn't work with you doesn't mean that you can't spread indirectly to others, your boss doesn't have to let you and anti vax nutjobs make their work place a Covid hot spot because you lack the decency and intelligent to get a vaccine. Again I wouldn't care if work place required you to get vaccinated for any diasese. Again it's strange that your okay with racial discrimination and other forms of work place discrimination but not vaccine ones, it's seems that discrimination is finally affecting you and now you want daddy government to step in for you. You're not owed a job because you don't wanna get a vaccine.",1.0,Libertarian,2021-08-03 17:16:57
"My state opened it’s first vaccination centers in predominately black areas. Part of our emergency relief package was specifically targeted at black/Hispanic vaccine outreach. 

But even then barriers as simple as a long drive, little free time, or lack of internet can make an already vaccine hesitant group even less likely to seek a jab.

We don’t need to speculate, we can see this borne out in data where black vaccine hesitancy vs the non vaccinated rate is wider than other demographics. 

Getting through centuries of institutional distrust in already hard to reach communities is a challenge, [and they are still relatively under-serviced compared to white American vaccine drives](https://www.kff.org/coronavirus-covid-19/poll-finding/kff-covid-19-vaccine-monitor-june-2021/). But the Republican rates of vaccine hesitancy are largely driven from the top down, a political ideology doesn’t deserve the same considerations racial/income groups do. It’s a choice.",1.0,Libertarian,2021-08-03 17:24:09
Cherry picking to fit a narrative. The risk of clots from covid are far worse than from the vaccine.,1.0,Libertarian,2021-08-03 17:28:53
"That’s not what I’m saying at all. You’re either a troll or really have no grasp of how the really real world works 

The vaccine has a remarkable resistance the current strains of COVID, but if enough people refuse to get it then it creates a population the virus can easily move through and the mutate. Change into a strain that the vaccine doesn’t work against. No vaccine can protect
 against something that hasn’t created yet. 

COVID may never go away but you can minimize it’s ability to spread and mutate. That’s just simple math.",1.0,Libertarian,2021-08-03 17:33:02
"I’m glad you looked at the Kaiser Family Foundation, they do good work. But you’re making an assumption based of age groups.

[From the KFF survey of actual political party identification](https://www.kff.org/coronavirus-covid-19/poll-finding/kff-covid-19-vaccine-monitor-june-2021/)

Black vaccination rate: 60%

Republican vaccination rate: 52%

(One dose)",1.0,Libertarian,2021-08-03 17:36:32
"We're still studying this disease obviously, but our current [best information](https://directorsblog.nih.gov/2021/06/22/how-immunity-generated-from-covid-19-vaccines-differs-from-an-infection/) is that the vaccine is a more effective prophylactic than prior natural infection. There is also anecdotal evidence that the vaccine is [addressing symptoms of long covid](https://www.yalemedicine.org/news/vaccines-long-covid), which would be another indication that it's doing something more than just responding to a natural infection alone would.",1.0,Libertarian,2021-08-03 17:45:45
"Yeah you miss two weeks even though a test takes a day and a half and the incubation period is what? 4 days. That is cdcguidlines imposed to screw things up. And all those cases the people are probably just fine now right? Everyone I know that got covid is fine. The people that aren't are over 60 and the clear path with the least negative impact is through it with the health gaining natural herd immunity while simultaneously protecting the feeble and the elderly.

Instead we dragged on for a vaccine, now we are getting variants because we let this crap go for so long. The Spanish Flu lasted two years, this one thanks to all of your wonderful scientists and health professionals will last forever.

And I bet you don't give a damn who caused this. Are you mad at Ecolab, or the biggest shareholder Bill Gates? If course not. You are mad at who the TV tells you to be mad at. Grow up yourself.",1.0,Libertarian,2021-08-03 17:54:45
"I think that the rapid vaccine development was a great success. Lots of competition and streamlined business practices. I think the response of government in relation to this was more to step out of the way than get involved. 

To answer your direct questions: 

1.) I see no reason that an adhoc group of concerned citizens couldn't have done the same. I do believe that these kinds of threats require collective action. I think through crowd funding the same effect could have been gained. Every drug company puts their cards on the table and funding is directed accordingly. There's no reason the committee for dealijg with Covid has to last beyond that stage. 

2.) Keep it and standardise it, it used to be approval within a year and we all got cheap generics as a rssult. Now we have to wait a decade and that leaves the market open to Pharmabro and his crew to exploit the situation.

3.) Those distribution networks and ability to bulk purchase are being held by the government monopoly, which by its definition will always act inferior to a free market. Open those up to competition and its a different world",1.0,Libertarian,2021-08-03 18:11:12
"Lol, love my American brothers. People are right when they say Australia is more authoritarian than people realise, lots of government over reach and encroachment on civil liberties but by and large Australians are pretty proud of our incredibly low case fatality rate, and acutely aware that our system wouldn't cope well if we let it loose. We are however desperate for the vaccine rollout to speed up and a clear pathway to getting back to normal for the vaccinated. We also MUST have more support for businesses if the state governments continue the lockdowns. We've been able to be stay open with no covid and have the football, nightlife and festivals and everything else running when most of the world was overwhelmed. It's a point of pride but that goodwill is quickly running out when lockdowns happen not because of honest mistakes but because of government incompetence.",1.0,Libertarian,2021-08-03 18:18:50
"Yeah, I’ve defended lockdowns for all of COVID (I’m sure my Reddit comment history will attest to that) but I’m starting to wonder. I always defended lockdowns on the clearly understood basis that they would stop when a vaccine was developed and widely deployed. 

_That’s happened._ People like me - the rational ones at least - should now be asking ‘well, then when does this stop?’ Even my mum, who’s a senior doctor, is starting to ask that. 

You can’t just defend endless lockdowns. Everyone has to have a defined cut-off point after which we go back to normal. Many people drew that line earlier (at perceived herd immunity, after previous waves of the virus). I drew it pretty late: at widespread immunisation of anyone who wants the vaccine, and especially those at risk. I’m not aware of any later cut-off point you could name, honestly?",1.0,Libertarian,2021-08-03 18:31:17
"I understand how some people, especially those skeptical of the vaccine, could see this and assume it's proof that the vaccines don't work. I don't think anyone expected Delta to breakthrough vaccine induced immunity as easily as it has, especially since these numbers are somewhat anomalous compared to what is going in the UK right now (i.e. lots of Delta, but daily cases going down rather than up).

Unless you dig a little deeper you won't see that the vaccines are clearly effective at preventing the worst outcomes. Folks either don't dig, and draw their conclusion off the clickbait title, or ignore the post that doesn't agree with their world view.

Here's the thing though... COVID doesn't care if some people want to remain willfully ignorant of the seriousness of the pandemic, it's going to infect them anyway.",1.0,Libertarian,2021-08-03 18:51:04
"&gt; Let's just say most places mandated and it made no difference.

Citation needed.

Here's a peer reviewed paper that says you're full of shit: https://journals.plos.org/plosone/article?id=10.1371/journal.pone.0252315

&gt; You can look at the UK, France, and the US and see where they were mandated when and then see 6 months of crap covid numbers.

Everywhere has crap covid numbers, that's what it means to experience a pandemic.

&gt;Meanwhile in Sweden you were all getting exposed and building a natural immunity to it that will last forever

Citation really fucking needed. There literally hasn't been enough time to make data for this claim in either direction, making claims without data means you're full of shit

 &gt; unlike these yearly vaccines. 

Again, citation needed. There is no data about the long term efficacy of the vaccine, there is no ability to make a claim about the necessity of vaccine boosters on any time-scale longer than 6 months. Making claims without data means you're (say it with me this time) ***full of shit**.

&gt;Lame

I see you parrot the god emperor, sadly for you I'm a heretic ;)",1.0,Libertarian,2021-08-03 18:53:43
"Ah, I see. That’s pretty phenomenally low. I’m in the UK where 57% of people have had both shots, I’m pretty sure most of the rest are close to having their second, and most of those who haven’t just aren’t willing. 

I’m sure most of that isn’t due to vaccine hesitancy. I do know that COVID vaccine hesitancy is higher than general vaccine hesitancy due to the vaccine’s having been more rushed (and I’ll admit that I’m one of those who are somewhat hesitant, though I’m struggling with it), but I’m sure Australia’s hesitancy rate, even for this vaccine, surely can’t be _close to_ 80%?",1.0,Libertarian,2021-08-03 18:53:48
I mean it technically worked right? No one died.... they never promised you wouldnt get covid or still get ill from it. I'm just not getting the vaccine because I already had covid... it didnt even give me any symptoms. Doctor said I dont need to get a vaccine.,1.0,Libertarian,2021-08-03 18:58:51
"Only if covid vaccine access were a matter of social class.

NYC has been giving out free vaccines for 12+ aged people for months now, so it's more a matter of choice at this point.",1.0,Libertarian,2021-08-03 19:22:37
"Everything is vaccine or no vaccine. What about the large % of the population that acquired natural immunity/resistance? Wouldn't an immune response test be the ""scientific"" way? Also, if you're scared of getting covid, quarantine yourself until the danger is gone.",1.0,Libertarian,2021-08-03 19:23:52
"&gt; You are not vaccinated against any virus because virus mutate, you should know that since you got an undergrad on immunology/genetics/microbio/etc.

Then you don’t know what the term vaccinate means, nor have you put in even the smallest amount of effort into educating yourself on this matter. How many posts have you made about COVID and the vaccines, and yet you still post this nonsense as if it’s meaningful? If you have an ounce of self awareness, you’d be embarrassed.

&gt; Emotions will never defeat logic.

You say that, but virtually every unvaccinated patient I get asks for the vaccine once it’s too late, so I see firsthand how that’s not the case. You’re thinking with your fee-fees, and not even pretending to learn about the subject matter you’re discussing.",1.0,Libertarian,2021-08-03 19:40:20
"&gt;personal liberties must be balanced based on each individual. If they are willing to sacrifice comfort or risk getting an untested shot, or socially seclude themselves, that's their prerogative. It's not your or anyone else's place to choose that for them. For people concerned with COVID: stay inside and hunker down. Mask up and get the vaccine. For those that don't: it's your funeral (or more likely, an uncomfortable hospital visit). 

I absolutely agree with all of that.

However, children cannot consent. We aren't talking about 17 years olds. We're talking about humans that can't tie a fuckin shoelace. This conversation, the whole situation, cannot be grasped by a 2nd grader. There is no one under the age of 12 that has the vaccine outside of trials. In that situation, we have a duty to act in the best interest of the literal invalid IF A COMMUNITY WANTS TO.

&gt;In what world do you think that ANY mandate will actually wipe out a pandemic? It's a fantasy world, a utopia. It's the same world where crime doesn't exist. In the real world, people will still interact with one another whether it be 'essential personnel', religious gatherings, or family gatherings. Hell, even China, who literally has drones that survey the populace 24/7, could not stave it off with mandatory lockdowns as they arrested its citizens just for going outside. How in the actual fuck do you expect any sort of mandate to actually work in America? Do you propose we enforce mandates even tougher than China?

I am not arguing for a mandate. I am not arguing for mandatory lockdowns or welding doors shut on homes. I am not arguing for any of the rest of these strawmen.

I am arguing for the right of a community to respond in the face of a public health disaster on behalf of those unable to comprehend or consent and even then, only when forced into a situation with others. 

&gt;Look, i get that you are scared for yourself, your family, and for others. But the idea that we can fix it by deriving the liberties of others is a false sense of security and the beginning of an authoritarian state. 

This is exactly the kind of idiot shit I meant when I said I shouldn't have said anything because I was going to get idiot shit in return. There is no attempt whatsoever at nuance. 

&gt;Crime is against the law, yet if you were visiting an urban area you still likely choose to avoid certain shady areas, alleys, and ghettos. Why? Because laws and mandates don't work to prevent anything, only to react to something.

Your inability to grasp my point and stay on topic is incredible.",1.0,Libertarian,2021-08-03 20:23:48
"I mean the only people I hear getting covid are non vaccinated or people who got the vaccine, you dont hear a whole lot about people contracting covid twice... I think my immune system after already beating covid is pretty good.",1.0,Libertarian,2021-08-03 20:33:23
"You’re not being forced. You’re being coerced. 

You’re being coerced into something that is good for you, in my opinion. 

You’re not being held down and forcefully injected.

You are free to leave your job. 

Make your own decision about the vaccine based on your current situation and 8+ months of widespread safety data, including the experiences of those around you who had COVID or got the shot. 

I hope you decide to get it for a lot of reasons, but #1 is to protect yourself from a virus that can easily cause financial ruin aside from the risk of morbidity and mortality. The external pressure leaves a bad taste in all our mouths, but don’t let that bitterness become something that harms you.",1.0,Libertarian,2021-08-03 20:48:07
"https://abcnews.go.com/Business/covid-19-vaccine-policies-triggered-lawsuits-workplace-showdowns/story?id=78204107

The pharmaceutical companies have applied for the next step in use. A change from EUA to fully approved.",1.0,Libertarian,2021-08-03 20:54:06
"This is a difficult topic and there are a lot of reasons why I now believe this where I would have agreed with you a few months ago. 

The Delta variant is a great example of slight vaccine evasion. The following quotes have been taken from [This article](https://asm.org/Articles/2021/July/How-Dangerous-is-the-Delta-Variant-B-1-617-2)

&gt;Data from the study indicated that, on average, the Delta variant was   
2.9 times less susceptible to neutralization than the Wuhan strain  
&gt;  
&gt;a new study, not yet peer reviewed, indicated that sera from a significant fraction of J&amp;J vaccinated individuals showed a 5-7 fold decrease in neutralizing titers,

Of course our vaccines do largely work against the Delta variant and I am not claiming they don't. Even the study I quoted has not been peer reviewed and could be BS. I just believe there is a non-negligible chance that a new variant could appear and further decrease the vaccines effectiveness. 

[Here](https://www.businessinsider.com/covid-transmission-vaccinated-people-risk-of-resistant-variant-2021-7) is another article that explains my concerns about vaccine evading variants.

There is also this [video](https://www.youtube.com/watch?v=plVk4NVIUh8) demonstrating how variants evolve if they are given the chance. Of course this video (from 2016) is referring to bacteria and antibiotics but a very similar case applies to viruses and vaccines.

At least this is why I am concerned about the variants. I understand skepticism but I believe this could be a major issue and for all I know it may never happen. Its just it has a non-negligible chance of happening I believe more should be done to encourage people to get the vaccine.",1.0,Libertarian,2021-08-03 21:38:43
"This goes beyond sexual harassments allegations too.   Pages 115-117 of [the report](https://www.nbcnewyork.com/news/read-the-cuomo-report-from-the-ny-attorney-generals-office/3196417/) outlines how he had the doctor in charge of distributing vaccines call county officials with the implicit threat that if they weren't loyal to him, he would restrict vaccine distribution to their counties.

&gt;It was around this time in early March that Ms. DeRosa called Larry Schwartz, former Secretary to the Governor who was serving as the State’s COVID-19 “Vaccine Czar” at the time, and asked him to join a conference call. On the call, Ms. DeRosa asked Mr. Schwartz to reach out to Democratic County Executives to ascertain their positions on whether the Governor should resign in light of the sexual harassment allegations. At the time, Mr. Schwartz’s sole official responsibility related to COVID-19 vaccine administration and distribution and he was in regular contact with county officials on this subject. In that regard, as the State’s Vaccine Czar, Mr. Schwartz was perceived by County Executives to have significant authority over the speed and volume of vaccinations that the Counties were receiving at a time when demand exceeded supply.  
&gt;  
&gt;One Democratic County Executive (“County Executive #1”) received a phone call from Mr. Schwartz on March 2, 2021. **County Executive #1 understood the call to contain an implicit threat linking access to vaccines for County Executive #1’s county, which County Executive #1 had been working with Mr. Schwartz and others in the Executive Chamber to obtain, with County Executive #1’s position on the allegations regarding the Governor.** County Executive #1 described himself as “stunned” and unsettled by Mr. Schwartz’s call.

This is next level.  At a time when we were debating how much responsibility Trump has had in regards to vaccines and COVID, the Governor of New York was deciding which of his constituents got to live or die depending on whether their county officials remained loyal to him.",1.0,Libertarian,2021-08-03 21:53:03
"Check out pages 115-117 of the AG report: [https://www.nbcnewyork.com/news/read-the-cuomo-report-from-the-ny-attorney-generals-office/3196417/](https://www.nbcnewyork.com/news/read-the-cuomo-report-from-the-ny-attorney-generals-office/3196417/)  

He had his 'COVID czar', the man in charge of vaccine distribution, call around to county officials to determine their loyalty to him with the implicit threat that vaccine distribution would be restricted to their counties if they called for his resignation.  

So how about that.  Is that good enough to get past your skepticism?  He decided who would live or die depending on whether or not their county officials were loyal to him.",1.0,Libertarian,2021-08-03 22:00:25
"Try to think beyond your own ideology. If that much people who are vaccinated still got Covid, what does that tell you about the ability to stop the spread as far as just simply using the vaccination goes? When it comes down to this, if you’re vaccinated, the story goes that you can survive, and you will likely not get hospitalized. Anybody by this point that hasn’t gotten vaccinated, knows the risks. So be happy that you got your happy little vaccination, and shut the fuck up about everyone else’s. Savvy?

It can’t be that hard to grasp. You realize that most people who are at risk the most, have already gotten the vaccine?",-1.0,Libertarian,2021-08-03 22:21:57
"What long term side effects would you expect with a vaccine? With the traditional vaccines you're getting the dead form of the virus and all the other ingredients are the same as every other vaccine we've been given since childhood.

The new mRNA vaccines are a modern marvel to me.  The base for the vaccine is the same as other vaccines, but you're getting the genetic information for the virus rather than the dead form of the virus. This particular vaccine has only been tested for a year, but the technology behind it has been in various forms of testing for decades. If you haven't read up on them, I highly suggest doing so, I think they'll be incredibly useful so many disease outside COVID.

May I ask though, where did you hear that vaccinated people would be more susceptible to catching the virus?  Or did you mean more susceptible to Delta than the Alpha variant?",2.0,Libertarian,2021-08-03 22:30:33
"And one wonders why some folks just don't want to trust the government  and just take the vaccine...

Full disclosure:  Recovered from Covid and fully vaccinated",21.0,Libertarian,2021-08-03 22:33:01
"I'm mostly wary of the new technology you've mentioned, but am considering Janssen should I decide to go through with it since it's more traditional and pseudo-tested. I can't recall exactly where but it was a major news outlet or two. There were conversations about vaccinated being able to still just as easily contract and spread covid. So in my brain, I wonder what's the point of a vaccine that's still allowing a certain level of infection when I could go without it and still have very high chance for survival.

Seeing how there seems to be little-to-moderate benefit, I question why this has been pushed so hard.

I hope to mostly keep this conversation mostly focused on the coercion tactics but feel like I have to also explain my headspace around it. It's more of a morals issue for me. I want individual autonomy and liberty and that's hard to get unless you own your own company.",2.0,Libertarian,2021-08-03 23:03:42
"There won’t be true long term data until we’re all dead.

If that’s some consolation. 

It would be nice to have control over COVID before then. 

In the meantime, be grateful for the protection it’ll provide. Delta is bad news, numbers are going up, a wider demographic is getting sick. This mandate may well save you a crippling hospital bill or your life. 

I don’t like the pressure, but I’m glad for the vaccine and glad it’s not gotten to the point the government is mandating it universally. That’s a hard line I don’t want crossed. 

I think you’d be getting the vaccine voluntarily with better follow up data, less media disinformation, or after something bad happened, so this is just changing your timeline. Maybe looking at it that way makes it an easier pill to swallow.",6.0,Libertarian,2021-08-03 23:58:31
"I get not wanting to do something everyone's telling you to do and I'm sure it's only going to get worse as more people want to just get on with life and leave COVID behind. 

The only group of people I think that will agree with you that employers shouldn't be allowed to require their employees to be vaccinated is conservatives. I don't think most Libertarians would agree with restricting business.  Liberals would likely push it further to a federal mandate to protect the population as a whole.  I think conservative support is only to foil liberals though.  If Trump were president I think it would be different.

The most recent information I've seen out of the UK and Israel gives the mRNA vaccines a 67-85% efficacy. So you shouldn't catch it, but if you do, they've found that you can still spread it.  You're also much less likely to have severe symptoms and have a very small chance of death. 

I again would urge you to read up on the mRNA vaccines, they're quite amazing.  You can essentially take genetic information on any virus and make a new vaccine.  The drug companies plan to work on fighting cancer with the technology which is probably a little further off since it would have to be created on a person by person basis.",1.0,Libertarian,2021-08-04 00:29:30
"I agree that in a lot of ways we've become better at dealing with the pandemic which is why restriction in most places are less severe than in the beginning of the pandemic. You didn't mention the variants at all which is a pretty glaring omission, the virus is getting more contagious and deadly because of these variants. Due to the variants and vaccine hesitancy a lot of places are seeing an increase in covid cases, hospitalizations and deaths. That's why there's been more restrictions lately in some places, although these restrictions aren't anything like they were early on in the pandemic.",0.0,Libertarian,2021-08-04 00:45:03
"&gt;As of June 11, 2021, ***approximately 296 million doses of mRNA COVID-19 vaccines had been administered in the United States, with 52 million administered to persons aged 12–29 years; of these, 30 million were first and 22 million were second doses.*** Within the Vaccine Adverse Event Reporting System (VAERS) (4), **the national vaccine safety passive monitoring system, 1,226 reports of myocarditis after mRNA vaccination were received during December 29, 2020–June 11, 2021.** Among persons with reported myocarditis after mRNA vaccination, the median age was 26 years (range = 12–94 years), with median symptom onset interval of 3 days after vaccination (range = 0–179).  
&gt;  
&gt;**Acute clinical courses were generally mild; among 304 hospitalized patients with known clinical outcomes, 95% had been discharged at time of review, and none had died.** Treatment data in VAERS are preliminary and incomplete; however, **many patients have experienced resolution of symptoms with conservative treatment, such as receipt of nonsteroidal antiinflammatory drugs.** Follow-up is ongoing to identify and understand longer-term outcomes after myocarditis occurring after COVID-19 vaccination.

&amp;#x200B;

&gt;**Myocarditis reporting rates were 40.6 cases per million second doses of mRNA COVID-19 vaccines administered to males aged 12−29 years and 2.4 per million second doses administered to males aged ≥30 years;** reporting rates among females in these age groups were 4.2 and 1.0 per million second doses, respectively.\*\*\* **The highest reporting rates were among males aged 12−17 years and those aged 18−24 years (62.8 and 50.5 reported myocarditis cases per million second doses of mRNA COVID-19 vaccine administered, respectively)**. Myocarditis rates from Vaccine Safety Datalink (VSD), based on electronic health records, were also evaluated. Although numbers were too small to show rates in all subgroups by age, VSD data indicated increased risk of myocarditis in the 7 days after receipt of dose 1 or dose 2 of an mRNA COVID-19 vaccine compared with the risk 22–42 days after the second dose, particularly among younger males after dose 2 (5).

&amp;#x200B;

&gt;**To assess the benefit-risk balance of mRNA vaccines in adolescents and young adults, ACIP reviewed an individual-level assessment that compared the benefits (i.e., COVID-19 infections and severe disease prevented) to the risks (number of cases of myocarditis) of vaccination, using methods similar to those described previously.††† Specifically, the benefits per million second doses administered (i.e., the benefits of being fully vaccinated in accordance with the FDA EUA) were assessed, including 1) COVID-19 cases prevented based on rates the week of May 29, 2021§§§; 2) COVID-19 hospitalizations prevented based on rates the week of May 22, 2021¶¶¶; and 3) COVID-19 intensive care unit (ICU) admissions and deaths prevented based on the proportion of hospitalized patients who were admitted to the ICU or died.\*\*\*\* The risks were assessed as the number of myocarditis patients reported to VAERS that occurred within 7 days of receipt of a second dose of an mRNA COVID-19 vaccine per million second doses administered through the week of June 11, 2021.†††† The benefit-risk assessment was stratified by age group and sex. The analysis assumed 95% vaccine effectiveness§§§§ of 2 doses of a mRNA COVID-19 vaccine in preventing COVID-19 cases and hospitalization and assessed outcomes for a 120-day period. The 120-day period was selected because 1) no alternative vaccine options currently exist for persons aged &lt;18 years or are expected to be available during this period, and 2) inputs regarding community transmission have high uncertainty beyond this period, particularly in the context of circulating variants.**

I can go on like this forever. You could at least try to read the damn reports before feigning any sort of worry over minimal complications. For God's sake most cases of myocarditis were treated **WITH FREAKIN ALEVE.**

Buzz off with your poor attempt at fear mongering.",1.0,Libertarian,2021-08-04 01:11:59
"Word, thx for the detailed response. Freedom of movement is being extremely restricted in Sydney from what I understand, and I don’t think that’s okay. To be arrested or fined for leaving your house for non-essential personal business and being restricted to a 6.2 mile radius is crazy to me. I imagine many Sydneysiders (is that what you call yourselves?) dont think it’s okay to restrict their freedom of movement either. 

IMO, it’s best for those that are high risk to stay home and isolate until they can get vaccinated, and hopefully the high risk are already the 15-20% vaccinated. There are also many other counter measures such as volunteer mask wearing and social distancing. 

The younger and healthy population is at very low risk for hospitalization and death. Not saying it doesn’t happen but very low risk. So if the young and healthy go out and do what they do, they get Covid and help build natural immunity, which is just as good if not better than a vaccine.

Edit for clarity",1.0,Libertarian,2021-08-04 01:37:08
https://www.citizensjournal.us/report-more-vaccine-deaths-last-week-than-covid-19-deaths/,1.0,Libertarian,2021-08-04 01:46:17
https://peckford42.wordpress.com/2021/05/26/vaccine-deaths-in-the-usa-have-increased-27-fold-over-the-average-seen-in-the-previous-decade-thanks-to-the-covid-jabs/,1.0,Libertarian,2021-08-04 01:47:01
"I’m not sure such a thing exists, I’d love if it did. All we have is the [KFF survey of rural individuals](https://www.kff.org/coronavirus-covid-19/poll-finding/kff-covid-19-vaccine-monitor-rural-america/) and [aggregate comparisons](https://www.nytimes.com/interactive/2021/04/17/us/vaccine-hesitancy-politics.html ) nationwide

As you point out being middle-low income, rural, and non-college educated is going to be highly correlative with party ID. And those are all reasonable barriers to vaccine access

But in the KFF we see what’s driving rural vaccine skepticism, *especially* hard “no’s” to ever getting the vaccine- white, conservative men. Republicans ‘vaccine hesitancy in general beats out young and black voters in rural areas, and they’re barely ahead of sparely populated rural areas. 

It’s also regional, some highly educated and wealthy Republican counties have very high vaccination rates- where the south west has some of the absolute worst rates dragging all Republican averages down.

But at certain point if we are identifying the hardest vaccine resistant groups as white, rural, blue collar voters (mostly men)- it’s not exactly speculation what their community politics are.",1.0,Libertarian,2021-08-04 01:56:45
"By 'passport', I'm referring to the allowing of people to go into restaraunts, bars, concerts, church services, etc and yes also countries.  I've got NO problem with a sovereign State such as the US, China or Australia from making a covid vaccine passport necessary to enter that State.  That's a country's personal choice. But I do have a problem with citizens being forced to have a ""covid vaccine passport app"" on their phone to go into restaurants, bars, pubs or travel between areas in that country.",3.0,Libertarian,2021-08-04 02:07:33
You got stats on this? Because I hear tons of stories of people that got the vaccine getting break through infections and people who already had covid arent.... Maybe you just made it up though.,1.0,Libertarian,2021-08-04 02:43:18
"In a health emergency system, I believe powers should be trusted upon government. Specially when we failed as a whole to protect our selves. We call us libertarians. But when even a libertiarian can be wrong. 

We are in a pandemic world wide, and yet we claim to have independent voices ,while those who wish to not be vaccinated or even follow guidelines due to scientific research, but prefer to listen to opinions of those who still believe the earth is flat, fema camps, new world order, some how a chip can be used in a vaccine. 
This are emergency powers the government has been entrusted upon. 
We can't have it both ways. 
Want to not be forced to follow guidelines? I am with you. Sign a waiver ,that you will not seek medical healthcare if you get CoVid due to you believing this is a authoritarism step. Fine. I'll applaud you. 
But if you feel the same,until you get sick and suddenly want a vaccine. And follow guidelines in your death bed. You deserve no sympathy. Because government has no right to obviously Inteerfeer with your freedom.

See flaws once again found. From capitalist,communist , libertarian and so on.",0.0,Libertarian,2021-08-04 02:46:42
"No it’s not just a little sample, this is happening all over the place. Famous people who have been vaccinated are getting hit with COVID-19 everyday. When the Yankees all got vaccinated, up to 12 or so other members that we know of got infected with it. 12 members, from one fucking team. You can keep arguing for big Pharma all you want, which is all you’re really doing, but the fact of the matter is is that the vaccine really isn’t that successful. Which shouldn’t be a surprise, considering vaccines normally take years to roll out.

Never in all my years have you ever seen a vaccine that routinely gives out bad side effects the way this windows. I’ve seen some thing vaccines that gave minor issues here and there. But that was just it, here and there. I know barely anyone, who is taking the vaccine, who hasn’t gotten sick for at least a day or two afterwards..",1.0,Libertarian,2021-08-04 03:02:17
"I like your optimism but I ain’t buying it. If the goal is not zero COVID,  there’s no need for a lock down now. If the goal is zero COVID you may as well never leave your house again, vaccine or not.",1.0,Libertarian,2021-08-04 03:16:40
"No shit. The common cold is a covid type virus. What will happen, just like the common cold, it will mutate to stay alive longer meaning it will become less deadly but spread easier.

The point is to get the antibodies in your system so the symptoms are less severe, AKA harder to spread cause you aren't coughing or sneezing as much.

Guess what? Flu vaccine doesn't stop you from catching the flu either, yet the flu will fuck you up way more if your unvaxinated.

Right now there are people who can't get the vaccine for medical reasons or too young. While assholes turn this into a political thing, many countries are begging for vaccines.

The idiots I'm talking about are the ones who think the constitution applies to businesses.

Soooo any other questions?",1.0,Libertarian,2021-08-04 03:28:50
With a simple vaccine you can drastically reduce your chances of death or disability due to covid.,1.0,Libertarian,2021-08-04 04:55:04
"I was considering it for awhile. Then the rhetoric became more and more disturbing and with the shit from NYC today, I can confidently say I’ll resist the vaccine at all costs. It’s not about covid to me anymore, it’s about the autonomy of the individual. I’m afraid if we allow government to coerce us here, the precedent will be set and a free society won’t be possible in the future.",1.0,Libertarian,2021-08-04 05:10:35
"Herr Twitter feed is pretty much what youd expect for a hardcore conspiracy-friendly Trumpie

The Kraken has been released

the Covid vaccine is the Mark of the Beast

Zuckerberg is actively trying to ban her from twitterbook

Kristie ""Satan Shoes"" Noem is a RINO

She loves Steve Bannon, the Gateway Pundit and OANN

 ""It is a cult. They worship big pharma. We worship God.""

she recently said that a local journalist  ""have cheered for Germany during World War II he is so anti-American."", Btw  he's jewish ans had several family members killed in concentration camps and who's father was a Jewish Resistance member

Unironically posts stuff that's basically ""my critics are all wienners""

""Locking us down is their way of hiding the fraud and attempting to do it again for the midterms.""

Btw all of 5his is from the last 2 days",1.0,Libertarian,2021-08-04 05:19:39
"💯 I absolutely do not understand the panic. Do people not trust the vaccine? I’m 21, so I wasn’t concerned with getting covid in the first place, and I’m certainly not now that I’ve been vaccinated. Deaths are still down, why all the panic? The vaccines have still been effective against delta, which hasn’t proven to be more deadly just more contagious",1.0,Libertarian,2021-08-04 05:23:58
The science behind the mrna vaccine was years in the making.  It’s not some overnight job.  In addition it’s been through multiple large scale trials and has shown effectiveness against COVID-19 and it’s variants.  Literally life changing,1.0,Libertarian,2021-08-04 05:28:44
"I agree completely and that certainly accounts for the mixed messages at the beginning (to mask or not to mask), along with the blatant lie so the government could stockpile masks for health care workers. But at this point, the reasonable approach would be to base the approach off what we know now: young people are a minimal risk, cloth masks are completely ineffective, vaccinated people are at minuscule risk (breakthroughs have been rare), the vaccines are also protective against delta and states that locked down had comparable numbers to states that didn’t, demonstrating the ineffectiveness of lockdowns. On top of all that, literally anyone who wants a vaccine at this point can get one. Those who didn’t get it seem to be willing to take their chances with covid, which is fine with me, my parents won’t get the shot. If there are some people post-vaccine who are so concerned with delta, they aren’t required to go out in public. They are more than welcome to stay home; our “daddy state” needs to base its approach on common sense, not the super conservative approach of over-concerned citizens and those who read too much about disease 

Like you said, the decision-making needs to be placed back on the public. The initial concern with covid was that the hospital system would be overwhelmed causing preventable deaths. Now, we’re so far beyond that point and the approach seems to be to stop every single death, which is unrealistic. The public can make their own decisions",1.0,Libertarian,2021-08-04 05:58:05
"And?

Its a product.  Just like the vaccine.  I consume it.  Just like the vaccine.  And my body processes it.  Just like the vaccine.

The vaccine has the intellectual property of the designers.  As a consumer, I am licensed to use that intellectual property to give myself immunity against covid.  I cannot duplicate that intellectual property by producing more vaccines, but antibodies are not a duplication of the vaccine, but rather the intended effect.

You are wrong, that's not how the law works.",1.0,Libertarian,2021-08-04 06:05:50
"Wait. Are you saying that when people die as a direct result of government forcing compliance that is not killing people? Does he have to actually hold the knife that slits someone’s throat before he gets the blame. 

Nursing homes are communal living facilities.  They always screen people for contagious diseases and always reject people that they are not able to safely care for.  There are federal medicare rules that they must follow for this.  He issued an order forbidding them from testing people for Covid and from refusing to admit Covid patients. 

They were refusing to admit patients because the nursing homes knew that they couldn’t care for Covid patients. The nursing home administrators were the experts that he ignored and thousands of people died. If he doesn’t get held responsible for their deaths, why? Because he works for the government? 

His staff had a loyalty test for political leaders to determine which peasants get the vaccine. How does he evade responsibility for those who got sick waiting for their rulers to bow down before Cuomo so they could get vaccinated? 

What, in your opinion, does a government employee have to do to be held responsible for the deaths they cause?",1.0,Libertarian,2021-08-04 07:31:28
"I'm in agreement with you.
Personally, I got vaccinated. I have no problem what so ever with it. I get flu shots occassionally, I've had other vaccines, I take a multi vitamin when I remember, but most importantly, I dont give a shit what other folks choose to do.
I think getting the vaccine is the right choice, for me and my lifestyle. Anyone who doesnt want it for whatever reason, sure go ahead. 
I'm not going to chastise you, tell you your going to ruin society, go full Karen on you but just remind you that you've made a choice, choices have consequences, you either reevaluate your decision or move forward. If you are not allowed to go places because your not vaccinated, fine by me. We've all made choices that effect us differently.
I dont want to say the ""if you don't like it get out"" because that's not reasonable at all and situations are so different per person buuuutttt you cant bitch about a city moving forward on a majority stance and complain that they took away your freedom.
Covid straight up ruined my life, family. And career. I felt like shit and useless for an entire year. I'm personally choosing to get back to my normality and not fight (what I consider) a useless fight about this exact freedom",7.0,Libertarian,2021-08-04 10:59:08
"Pffffy how many people here are for abortion and against a covid vaccine mandate? How many people here are for hate speech and gay marriage. You are all shills from what I've seen.

MY LIBERTARIANISM IS THE BIGGEST!!!",5.0,Libertarian,2021-08-04 11:05:12
"Source for probability of long-term negative effects actually being lower for taking the vaccine instead of having covid(adjusted for age group and the fact that you can still get covid even when ""fully"" vaccinated)?",1.0,Libertarian,2021-08-04 12:02:12
"You asked ""When does the Covid 19 panic end"" in your title and I answered your question. The vaccines do work for Covid, it's not an if. I care because while me and my family and friends have done the responsible thing and gotten vaccinated, so many others haven't that we're now being recommended to wear masks indoors regardless of our vaccination status. It's the unvaccinated dragging this thing out. You can believe they have the right to bodily autonomy (and I bet your abortion stance conflicts with that sentiment) but it's the unvaccinated dragging this shit out.

Edit: and yes, the Covid vaccine still works even if you contract Covid after the fact. It lessens the lethality and severity significantly. You get much less sick, the vaccine works as intended.",1.0,Libertarian,2021-08-04 12:34:27
"Data doesn't have to be in the form of published primary literature. It certainly can be.  I can look at the conclusions places like the CDC come to and can decide for myself whether that makes sense given what I see around me. For example wearing a mask to your table to then take it off to enjoy a meal makes no sense. Not separating people who have had covid and recovered vs unvaccinated doesn't really make sense. The 9/10 dentists example is a common one to show that just a majority of experts agreeing on something doesn't make it anything more than an opinion. Crest may be a great toothpaste, but it might not be right for me. 

I'm not anti-vaccine. But i don't think one should be forced to take it.",1.0,Libertarian,2021-08-04 12:46:41
"Because I can still be a carrier for the virus and infect someone who legitimately cannot get the vaccine due to health concerns. My actions still carry unnecessary risk to those around me if I'm vaccinated and unmasked walking in a sea of the unvaccinated. The flu and certain types of pneumonia can be vaccinated against/made into a flu shot, that's why we don't wear masks for those diseases. It's also not practical since the death rate for healthy individuals is much lower, but we've seen Covid demolish healthy athletes and leave long term lasting effects.

Edit: In a sense, you could say my decision to be responsible and get the vaccine is hindered by all those who do not, lowering the overall effectiveness of my vaccine.",1.0,Libertarian,2021-08-04 12:53:59
"Ooooh I get it now, you're just a straight up anti-vaxxer. The vaccine works, cases dropped as the vaccine rolled out. It does not weaken your immune system. No amount of hemming and hawing will disprove that. The new strain is still plenty lethal - to the unvaccinated.

&gt;A study published June 14 in the journal The Lancet examined the impact of the delta variant in Scotland, where it had become the dominant strain. The researchers found that the risk of hospitalization from COVID-19 was roughly doubled for patients infected with delta, compared with people infected with the alpha variant. 

[Source](https://www.nbcchicago.com/news/local/heres-how-the-delta-variant-symptoms-differ-from-the-initial-covid-strain/2566425/)

We're currently dealing with a more deadly variant.",1.0,Libertarian,2021-08-04 13:03:17
"&gt;It shouldn't be on people who have received the vaccine to worry about the health of those that can get it but have decided not to, for whatever reason that is.

So you disagree we should be striving for herd immunity? No, we have not to my knowledge but I meant among the unvaccinated before the vaccine rolled out. We know how deadly Covid can be for the unvaccinated. We've not seen any vaccinated people suffer long term effects when contracting the virus after getting the vaccine afaik.",1.0,Libertarian,2021-08-04 13:05:31
"It made me stop considering myself a libertarian at all. Don’t get me wrong, I still want a small a government as possible, but I hate humanity even more now. We humans don’t give a shit about each other. I was sold Libertarianism because I was told in the absence of government, people will do the right thing regardless to help their fellow man and society. 

I was told we don’t need the government to be nice to each other. 

It would have been nice to see people against vaccine mandates say “we don’t want the government to force vaccines on people but get your shot because the scientific evidence shows that it’s beneficial” 

Or anti maskers for go “we don’t want government mask mandates but businesses are free to implement one and you really should wear a mask anyways because it helps slows the spread of COVID”.

But no…the damn protesters don’t care about anyone but themselves and it makes me lose faith in humanity and in turn libertarianism…",1.0,Libertarian,2021-08-04 15:19:28
"In this case the 'media' is the NIH:

&gt;Now, a new NIH-supported study shows that the answer to this question will vary based on how an individual’s antibodies against SARS-CoV-2 were generated: over the course of a naturally acquired infection or from a COVID-19 vaccine. The new evidence shows that protective antibodies generated in response to an mRNA vaccine will target a broader range of SARS-CoV-2 variants carrying “single letter” changes in a key portion of their spike protein compared to antibodies acquired from an infection.

https://directorsblog.nih.gov/2021/06/22/how-immunity-generated-from-covid-19-vaccines-differs-from-an-infection/

I actually look at studies, but thanks for playing.

Your personal example is anecdotal, and means exactly nothing on its own.",1.0,Libertarian,2021-08-04 15:19:32
"Funny, a vast majority of doctors are saying you should get the vaccine even if you’ve already had COVID.",1.0,Libertarian,2021-08-04 15:28:28
"""That's because of you ""
- words of an absolute dumbass.
It's strictly because of anti vaccine,  anti science,  anti mask imbeciles and it sounds like you're one of them. 
Don't project.  Don't blame shift. 

This entire summer of covid nonsense could have been avoided had people decided to be safe and responsible instead of selfish assholes.",10.0,Libertarian,2021-08-04 15:30:28
"Here you go:

&gt;A total of 10,262 SARS-CoV-2 vaccine breakthrough infections had been reported from 46 U.S. states and territories as of April 30, 2021.

&gt;As of April 30, 2021, approximately 101 million persons in the United States had been fully vaccinated against COVID-19.

Source: [CDC](https://www.cdc.gov/mmwr/volumes/70/wr/mm7021e3.htm)

CDC made some reporting changes as of May 20, 2021 - so this is the latest data specific to COVID breakthrough infections in the general population.",1.0,Libertarian,2021-08-04 15:31:30
"Republicans will be religiously against it and Democrats will be religiously for it, any party that does not fully endorse vaccine mandates will be called far right conspiracy nutjobs by the media and republicans will create a narrative that third parties against covid measures are just closeted democrats wanting to capitalize on this issue to draw votes away from true americans.

Only way I see this not happening envolves a miracle somewhere that makes people finally wake up.",1.0,Libertarian,2021-08-04 15:39:25
"Ok, so I've reread your post a few times and also looked at your post history. It sounds like you are skeptical of the COVID vaccine and would prefer a pathway toward alternative solutions. Your comment was basically saying that if I were to advocate for the vaccine it could very much be like a historical figure advocating for some since-debunked snake oil cure or even worse inflicting some mass horror on the world. Like a sort of Jonestown pied piper or true believer telling others that ""all you need to do is drink the kool-aid and you'll be free.""

There is certainly truth to that. And I understand your comment about the road to hell being paved with good intentions. When people get an idea in their heads they can be very self-righteous about it and act with a moral fervor even if they are actually in the wrong. Bad things have happened as a result. And, as the opioid crisis has shown, the medical system isn't always operating in the best interests of folks.

To go back and address the original post for a moment. Let's assume for the sake of argument that the vaccine is safe and effective at preventing COVID. Under that assumption, it isn't actually a contradiction to suggest that vaccinated people mask up, while also saying that if enough people are vaccinated masks would not be needed. This follows directly from the way vaccines generally to work.

Now, whether or not the vaccine meets a person's threshold for ""safe and effective"" is another matter. I am happy to have an open &amp; honest discussion with you about it, if you're interested. Otherwise, best of luck to you.",4.0,Libertarian,2021-08-04 15:39:44
"The vaccine is effective at reducing the negative effects of the current forms of 19. Whether it is effective at even reducing the spread of the Delta variant is unknown, so if your goal is to purely save people I can see the reason for wearing masks again. I just am of the belief that natural immunity is the best long term solution, especially for those in excellent health. I wish there was an experimental way to give some of us covid in quarantine so that we could get an alternative verification to protect us from the this way or your livelihood will be list choices we are given.",-2.0,Libertarian,2021-08-04 15:52:20
"It pretty much all comes down to how much risk you think it's ok to impose on other people.  

Really. That's all that it comes down to. If it's an unacceptable risk to impose when the costs of avoiding it are small, then by the definition of ""unacceptable"", it's entirely appropriate for even a libertarian government to enact policies to prohibit it. 

Even if someone wants to falsely believe that Covid-19 is a harmless disease that people just need to deal with... it's clear there *are* very plausible situations where this really *would* be appropriate... it's a matter of degree, not kind. If MERS had become this contagious, it would literally have been a matter of global survival for the human race. 

And the whole ""but they chose to be vulnerable"" argument is... both wrong for a non-trivial number of people that can't be vaccinated or for whom the vaccine isn't as effective, and honestly, it's kind of sociopathic, too. We don't say it's ok to rob people who leave their doors unlocked... we may call them stupid, but that's not an excuse.",0.0,Libertarian,2021-08-04 16:35:43
"It's a balancing act. The rights of the individual to do what they want vs. the rights of everybody else not to be harmed by said individual and you have to decide where the tipping point is for you. If there was a disease that was much more lethal than covid, how many of these brave people would change their tune? I'd wager quite a few.

For me, my liberty is being curtailed. I want to go places without masks, I want to take classes in person, I want to do things that, until the pandemic is taken care of, I can't do. The answer is vaccinations and while a lot of folks got them voluntarily, a lot have refused for no other reason than to own the libs or some other equally ridiculous bullshit. So there's that balancing point - I have to continue to deal with all this bullshit because some dickheads won't get vaccinated. A few months ago, I was vaccinated and things were looking up. Now, we've get deltas and lambdas and alpaca variants that might have made the whole vaccine a moot point. What other voluntary actions can I do to prevent another wave of disease and another 4 million from dying?

So that's my tipping point. We've gone as far as voluntary action can take us and our liberties are still being curtailed by the pandemic and we have to make a decision on who's rights are going to be infringed - those of us who have done our parts or those of us that have decided to be assholes to everyone else?",0.0,Libertarian,2021-08-04 16:37:26
"I disagree that it doesn't violate the NAP. Practically speaking you're still going to spread it and most people who are against the vaccine aren't going to self isolate when they get COVID, and they definitely aren't going to self-isolate if they have a suspicion of having covid (like fever or other symptoms). So speaking realistically yes not getting the vaccine will violate the NAP.",-2.0,Libertarian,2021-08-04 16:55:30
"Weird my personal doctor that dealt with my family for 15 years said that I dont need it. She said I can get it if I want but I dont need it. I never got the flu never got the flu vaccine she said I was asymptomatic and am not a likely candidate that would get ill if I was to contract a second time, and she said those chances are extremely low and there are not alot of cases of that happening. 

But people who have never had covid and are fully vaccinated are seeing an uptick in break throughs... so I'm clearly pretty good and my doctor agrees. I dont care what your tv doctor says lol, they have been wrong about almost everything so far and my doctor so far has been right. Who do you think I'm going to professionally listen to?",1.0,Libertarian,2021-08-04 17:04:07
"as many have already stated: this sub is just not really libertarian. i stay here to get a laugh. you can’t take many posts seriously here and intelligent discourse is a rare commodity. 

i agree with you though. the choice or what goes into someone’s body should be left to the individual. i know there are many who argue that the choice is no longer yours when you cause direct harm to the people around you but i disagree that that’s the case here. if no one was given the option to quarantine then that would be different. if the vaccine was foolproof then that would be different. if the argument is that the possibility of spreading covid forfeits your right to autonomy then nobody should be leaving their homes, vaccinated or not, and we can go back to the shut down. we are all more than capable of spreading it. that argument is flawed.

it’s a touchy subject because we’ve turned a pandemic into the morality olympics. there is no room for discussion. I’ve seen vaccinated people promote prison camps for the unvaccinated. I’ve seen someone- a “libertarian”- advocate for putting the unvaccinated to death. It really just goes to show how much you can trust the people around you- almost not at all.

You can’t say, “I’m concerned about the long term effects.” You can’t say, “I don’t want to be forced into putting something in my body that doesn’t belong there.” You can’t say, “my own morality doesn’t agree with this and I don’t feel comfortable getting a vaccine that will not solve the problem.” Not here, at least.",1.0,Libertarian,2021-08-04 17:04:49
"The stats are on the page. Looked to be around 42% or so.

Significant protection from symptoms and severe illness is attained after one dose - between 50-82%.

https://www.cidrap.umn.edu/news-perspective/2020/12/fda-documents-show-pfizer-covid-vaccine-protects-after-1-dose",1.0,Libertarian,2021-08-04 17:21:30
"&gt;I think you’re the one that needs to go to a different sub. Calling a vaccine a medical experiment is straight conspiracy bullshit

Here's a quote for the FDA's website

Yes. Clinical trials are evaluating investigational COVID-19 vaccines in tens of thousands of study participants to generate the scientific data and other information needed by FDA to determine safety and effectiveness. These clinical trials are being conducted according to the rigorous standards set forth by the FDA.

Can be found here https://www.fda.gov/vaccines-blood-biologics/vaccines/emergency-use-authorization-vaccines-explained

Definition of clinical trial 

A clinical trial, also known as a clinical research study, is a protocol to evaluate the effects and efficacy of experimental medical treatments or behavioral interventions on health outcomes.

So the FDA says they are in clinical trials, and the definition of clinical trial includes the fact that the treatments used are experimental. Does this mean the FDA are now conspiracy theorists?",1.0,Libertarian,2021-08-04 17:44:45
"That’s between an employer and their employees but given how hard it is to find workers, they aren’t being let go unless they worked with specifically vulnerable group. Right now it’s vaccine or face covid testing every day in my state. I should also mention the hospitals are near capacity and it could take a month for your doctor to see you so hopefully nothing urgent comes up.",3.0,Libertarian,2021-08-04 18:16:32
"I think most Libertarians would be of the opinion that individuals should be permitted to make their own health decisions, and to act in their own best interest.

People are capable of applying common sense.

I have a large family. Several have been infected with Covid with mild symptoms. About half got the vaccine, all of which were sick for a few days, and one was paralyzed from the waist down from the jab.  About 1/3 of my family lost business or a job from the lockdowns.

I think it is my right to use my personal experience to draw my own conclusions and take whatever action seems right to me.",1.0,Libertarian,2021-08-04 18:21:29
"Let's assume everything you say is true. Suppose everyone is fully vaccinated. 39% fewer people will get the virus (in the United States alone that's around 100M people potentially). Of those who do, their sickness will be less severe. Also, anyone who gets the virus will develop ""natural immunity"" anyways (Vaccine + Natural Immunity is better than just vaccine or just natural immunity).

It is true that as time goes on the effectiveness of any vaccine on a fast-mutating virus will diminish. That's why new vaccines will need to be developed, much like we do for the flu each year. The booster shots are being pushed by big-pharma, but in truth we'd be better off if the unvaxxed got vaxxed instead of the already vaxxed getting a booster.

You mention that the vaccine is experimental. But, as with anything, as time goes on it will transition from ""experimental"" to standard. As it stands, 4.28 **billion** doses of the vaccine have been administered. With each passing day we get more data on the effects of the vaccine (both side effects, and the impact it has on COVID).

I agree we are not at the point of mandating vaccines. But I'm not opposed to countries restricting travel to vaccinated people, and private businesses requiring a vaccine.

And, if I turn off my empathy for a bit, I do find it interesting that we're doing a real-time experiment where one group of people is choosing not to vaccinate and the other group is. It's really win-win for me. I'm in a part of Canada where most are vaccinated and there are like a handful of cases, so I'm safe (as are most of my loved ones). If people who choose to not get vaxxed turn out OK, then that means there is nothing to worry about and I'm happy. If people who choose not to get vaxxed get sick and die, then there will be fewer of them going forward and that will also be OK (since in this reality, they were actually wrong and a burden to society).",3.0,Libertarian,2021-08-04 18:33:34
No I don't. I asked for a statistical source. Until there are good statistics comparing the risks of the vaccine side effects to the risks of covid long term effects + death I'll prefer to stick with the known minimal danger of covid(again).,1.0,Libertarian,2021-08-04 18:53:44
"In late July, 2021, the CDC published a report evaluating outbreaks of SARS-CoV-2 that were associated with large public gatherings in Barnstable County, Massachusetts. Out of the 469 identified cases of COVID-19, 346 or 74% of them were breakthrough infections that occurred in people who were fully vaccinated with 2 doses of Pfizer or Moderna, or 1 dose of the J&amp;J vaccine. Genomic analysis revealed that Delta was responsible for 90% of the 133 sequenced breakthrough infections. This information prompted the CDC to recommend the use of masks in indoor public spaces, regardless of vaccination status, in areas where COVID-19 transmission is high. Further research into breakthrough infections that occur after COVID-19 vaccination is needed. ",1.0,Libertarian,2021-08-04 18:59:14
"&gt; While it does seem very Libertarian to want the government not to get involved, most Libertarians agree that the gov needs to step in once other's lives are endangered. You could make a strong case for both sides

This is exactly right. There’s no one single answer here that every libertarian will agree on. It is generally accepted by libertarians that the government should be allowed to step in whenever someone is violating the NAP (non-aggression principle). However, the hard part is determining when spreading a disease constitutes a violation of the NAP. Technically speaking, even before covid times, pretty much every single time you’ve gone outside or been in proximity to someone else, you’ve been violating the NAP, as you have always had the potential to spread some sort of disease. For example, even if the flu is less deadly then covid and is not likely to kill someone, any time you went outside in public without a mask or vaccine during flu season, you are technically violating the NAP as there is still a &gt;0% chance that you might kill someone or cause them to become seriously ill. 

From my understanding, libertarians would generally be in favor of the government stepping in for certain viruses / diseases, but the question is how deadly does the virus have to be in order for someone spreading it to be considered a violation of the NAP. Some may say a virus that has a &gt;0% chance of killing someone is a violation of the NAP, some might say the virus must have a &gt;70% chance of killing someone to be considered a violation of the NAP, and most people are somewhere in the middle. 

Me personally, I don’t think the government should enact mask or vaccine mandates for covid, since it’s a virus with a fatality rate well below 1%, and therefore, I don’t really consider unknowingly spreading it to be a violation of the NAP. Now, if we are talking about something like small pox, meningitis, measles, or the bubonic plague (diseases that have very high death rates), then that is a completely different story, and I would personally consider not taking precautions to prevent spreading those to be a violation of the NAP",1.0,Libertarian,2021-08-04 19:35:24
"Engaging in the public in general is potentially harmful by your logic. At any given time any body can spread a huge array of viruses, some being potentially dangerous. In case you haven’t heard vaccinated people also can spread Covid. By your own logic no one should be engaging in any public activity as long as there is some risk of harm. The idea that an individual has to take a vaccine, one that could absolutely harm them and has already conclusively harmed people, to engage in public action is an absurd infringement on liberty. For young healthy people that are at low risk for severe covid infections, vaccination provides very little benefit and comes with risk. Additionally a significant amount of people have acquired immunity naturally already. Your reasoning is fucking sicking and the fact you twist libertarian terminology to justify such tyranny shows that you have no principles. Debate on honest grounds. Stop twisting the logic of ideologies you so clearly oppose to justify you tyrannical beliefs.",1.0,Libertarian,2021-08-04 19:41:07
The dumb mask and vaccine mandates are all part of a Big Government agenda… the same one that drove people out of business and put COVID patients into nursing homes. Abbott is making the right move.,1.0,Libertarian,2021-08-04 20:42:13
"Choosing not to get vaccinated and continuing normal life is a violation of the NAP, as you mentioned. However, it's quite possible to avoid vaccination and prevent spreading COVID, such as by heavy use of PPE and safe practices (masks, disinfectant, distancing, etc). We did that for a year without the existence of the vaccinations. Forcing someone to get a vaccine is an invasion of bodily autonomy, and a denial that everything done so far was nothing more than theater. This is not an endorsement to avoid the vaccine, but an acknowledgement of people's right (to be fucking idiots).

Mandatory mask requirements are a bit tricky, since it comes down to an individual's autonomy vs the potential violation of someone else's property (their body). I detest universal mandates, since they seldom take individual specific situations. Property owners, such as businesses, should make the requirements for their property (and employees). Governments should make the mandates for their property and employees. Individuals should decide the level of risk they're willing to take at places without mask requirements. If unvaccinated, you should wear one to reduce the potential risk to others, in order to prevent an accidental violation of the NAP.",1.0,Libertarian,2021-08-04 21:14:07
The CDC and Biden are both right. The only reason masks are needed at this point is because a certain segment of the population refuses the vaccine. If they get the vaccine then we can forget about COVID forever,1.0,Libertarian,2021-08-04 21:14:57
"1.	The risks of negative side effects from the Covid vaccine is extremely small, the risk of not getting vaccinated and then getting Covid is far higher
2.	there are already several Covid variants (ie gamma) that completely ignore natural immunity gained from previous Covid vaccinations, and as the immune response to the vaccination is far stronger that the natural immune response to getting Covid the vaccine is far more effective at protecting yourself against the new/more contagious Covid variants.
3.	by not getting vaccinated, even if you are completely healthy and Covid wouldn’t harm you, by allowing yourself to be a vector for Covid you are increasingly the likelihood that even more contagious/deadly Covid variants can mutate themselves into existence, which had already happened several times. These variants will inevitably prolong the pandemic, and result in many thousands more people dying, primarily in poorer countries where there is no option yet to be vaccinated. 

So, in conclusion, don’t be selfish and help human kind out by getting vaccinated if you can.",1.0,Libertarian,2021-08-04 21:23:39
"My response to this would be where do you draw the line though? Do you hold this position during flu season? Technically speaking, every single human who has ever lived who left their home and entered the public space has violated others by potentially spreading diseases. 

I’m not trying to insult your position, I’m just curious what your thoughts are. I personally hold the same position as you, but I draw the line at diseases that are far deadlier than covid. For me, the covid death rate falls way below the line for mask / vaccine mandates. In other words, I don’t hold the same position you do for covid, but I would for something like measles, meningitis, bubonic plague, etc",1.0,Libertarian,2021-08-04 21:41:19
"1. This is completely false. Most people I know experienced some negative side-effects from the vaccine and many people are missing at least a day of work to recover. You can find people talking about this all over Reddit and I’d bet you know plenty of people that have experienced those negative side effects as well. Major negative side-effects don’t appear to be common at this point though.

2. There is no evidence that there are covid variants that completely ignore natural immunity. Stop making shit up. On the other hand, [data from Israel](https://www.israelnationalnews.com/News/News.aspx/309762) points to natural immunity being more protective than the vaccine when examining those infected with the Delta variant.

3. Leaky vaccines do more to promote the spread of virulent strains than the lack of vaccination. Normally viruses have evolutionary pressure to not kill off their hosts. Vaccines, by providing protection from severe symptoms but not preventing spread, reduce this evolutionary pressure. Secondly, variants mutating among the unvaccinated will happen regardless because, as you stated, a large portion of the world won’t be vaccinated anytime soon. Of course, the variants spread among these unvaccinated are less likely as virulent as those that mutate among vaccinated populations.",1.0,Libertarian,2021-08-04 21:52:31
"I would actually argue the exact opposite. Laws have a direct effect which can be felt daily, e.g., having your business shut down because the government deems you ""non-essential"". Compare this to police, which most Americans do *not* have negative interactions with. [Sixty-seven percent](https://www.cato.org/policing-in-america/chapter-3/personal-contact-police-and-justice-system#_ftnref27) (67%) of Americans who have had personal contact with a police officer in the past five years report being satisfied with their encounter, rating their satisfaction as either 4 or 5 on a scale of 1 to 5.

Police are just foot soldiers to the elected officials who enacted the legislation the officer is trying to uphold in the first place. If we held elected officials liable for their own legislation, you can bet your boots your liberties would not be so freely taken from you. No congressman would have authorized a full and total exculpation of liability to any drug manufacturer of a covid vaccine, if that congressman themselves could be on the hook for any defect.",1.0,Libertarian,2021-08-04 22:05:32
"The reality is that the vaccine saves lives and if you don’t want to be a part of that, and therefore part of the control group of this vaccine distribution, then you will lose out on privileges.

This might be from the gov mandating or business trying to stay open so they require vaccines.

Either way, it’s your choice. Just please stay home then until COVID is done if you don’t get the vaccine.",1.0,Libertarian,2021-08-04 22:05:55
"Just so you know.....when you talk about the science, you should discuss science from scientific review journals. Hate to break it to you but Fox ain't fucking cutting it. 

First of all: you do realize that EUA ***IS*** an approval by the FDA, right? You do also realize that said research ***IS*** still ongoing, *including* all the drug interaction, efficacy, carcinogenic, and pre-/post natal ***PLUS*** the fact that mRNA is NOT knew research. There have been literal decades of research that the vaccine was built on. Source here: my mother fucking institution is actively contributing to these studies and I'M helping with them.

Does it prevent transmission: this was the dead give away that you don't actually have a goddamn clue wtf you're talking about. Please describe for me how to prove a negative and then you might have an attentive audience. 

On top of that ivermectin, hydroxychoroquine, vitamin c, d, and zinc have failed study after study to prove efficacious treatment in anything other than asymptomatic cases of covid. Stats solid, appropriate statistical tests conducted and it doesn't stand up to the test. Also, I know this bc I'm co-author on the mother fucking studies that demonstrated this as a failed treatment option. Just take ""Stop COVID"" to pubmed.com or Google scholar and see what tf pops up. 

Lastly: who the fuck thinks that death is always the worst outcome? Patients are surviving bc of the miraculous ability to throw the medical book at them and keep them alive, intubated and on ECMO (bet you don't understand the gravity of that one) for WEEKS. 

You're an idiot and the only reason I'm wasting my time typing all of this is bc I'm so goddamn sick and tired of idiots like you being believed in all your horseshit of false intelligence and it's conspiracy masquerading as science. Sit down, shut up, and until you learn about research methodology, statistical design, and FDA approval processes, listen more than spouting off bullshit. 

Oh. And also: guarantee that more research has been done on mRNA than half of the current FDA approved medicines that are used every single fucking day. Wanna know how I know? Bc I've been working in clinical research (aka testing drugs and devices in humans) for 15 years and I actually know how the industry works.",1.0,Libertarian,2021-08-04 22:15:04
"It would be a waste of a vaccine, I already had covid",1.0,Libertarian,2021-08-04 23:06:32
From what I’ve heard from my uncle who is the head doctor at my hospital the vaccine has caused 12 deaths he couldn’t give me specific details but he said all patients were 55+ and they all died due to a blood clot forming what scared me the most was that they reported every death as a COVID death,1.0,Libertarian,2021-08-04 23:40:10
