comments,score,subreddit,time_created
"I disagree with a core premise of this article - that being opposed to a vaccine passport makes one “anti-vaccine” or “right wing”. 

You can be in favor of vaccination AND against a vaccine passport. 

Requiring a vaccine passport to participate in everyday society is an incredibly dangerous precedent. Once  introduced, it’s naive to think it will end with COVID. It won’t.",-7.0,California,2021-07-06 19:20:57
"&gt; plus later he very quietly got vaccinated

It'd be weird if the guy responsible for [operation warp speed](https://www.defense.gov/Explore/Spotlight/Coronavirus/Operation-Warp-Speed/) didn't take the vaccine himself. Also, he's [publicly urged](https://www.foxnews.com/media/trump-urges-all-americans-to-get-covid-vaccine-its-a-safe-vaccine) people to get it.

He may be anti-mask but he's decidedly pro-vaccine.",0.0,California,2021-07-12 23:49:35
"&gt; so the state government is going to focus its efforts on getting everyone vaccinated.

I hope they do. Every single day I get more pissed that the state government isn't just ending it right now by putting that $600 stimulus check towards only vaccinated people, with a retroactive option. Something like half of the unvaccinated people aren't hardcore antivaxxers and are hesitant or waiting for mandates. A free $600 to do it would get it done for most of those people and we could stop worrying about covid with sky-high vaccination rates.

I'm not planning to vote to recall Newsom but I am incredibly suspicious of the stimulus checks being delayed to right before the recall election, and I am increasingly angry that they weren't used as a vaccine incentive instead.

I liked the lottery. It was a good idea and cost the state basically nothing, because people who don't understand statistics are both more likely to be motivated by a lottery and less likely to be vaccinated. Now we're going to spend this money on a stimulus, fine, let's make it go 10x further and end covid in the state. If it turns out they actually did this as an anti-recall shield, when they could have done this instead, I am going to be absolutely furious.",1.0,California,2021-08-06 21:00:33
