comments,score,subreddit,time_created
"&gt;I’m fully vaccinated, but I have no issue just putting the mask on if asked. It’s not a big deal. What harm does it do?

Good for you.  My kids hate to wear masks all day, but I make them do it except for the one that is fully vaccinated.  We follow the CDC guidance.  Wearing a mask is uncomfortable, especially for children.

I am not a lawyer but have taken mandated training regarding vaccine privacy specifically regarding my agency's legal obligations in this area.  And I am responsible for ensuring that my subordinates wear masks unless they have been vaccinated.

Whenever you impose a mandate on individuals, it should be as narrowly tailored as possible.  There is no medical or scientific reason for vaccinated people to wear masks right now.  We can't just pick and choose which scientific data to follow.",1.0,CoronavirusCA,2021-07-20 23:56:50
"and the mental health of many.

I hate it when Reddit and Redditors downplay the stress and anxiety and depression many went through those winter months of not seeing anyone and not seeing friends and just staying at home. Most people don't ever want to go back to those days, especially now with a vaccine.",7.0,CoronavirusCA,2021-07-22 19:31:02
"Just get vaccinated and be safe. The vaccine works, we’ve seen it. And if you come to the ER for anything non-emergent, please be patient. We hate making you wait as much as you hate waiting. Thank you for asking, it really does mean a lot",1.0,CoronavirusCA,2021-08-01 20:18:52
They are quite literally threatening public health and to kids no less! Masks are the only measure in primary grades that help protect the kids under 12! I hate these parents with my entire being 😡 masks work! If everyone wears one not just some wearing one 😑 I can’t wait for the vaccine to be approved for young kids! Then I don’t have to worry so much about these asshole parents “freedoms” fucking it up for the rest of us.,4.0,CoronavirusCA,2021-08-14 19:40:47
"Yes I just posted about this in California and got hate comments and name calling and down voted. [AB455 ](https://californiaglobe.com/section-2/california-legislature-guts-transportation-bill-to-create-vaccine-mandate-on-private-industry/) and [AB1102](https://californiaglobe.com/fr/another-gutted-bill-amended-to-compel-ca-employers-to-require-covid-vaccine-as-condition-of-employment/) are specifically doing this. Making it a law that private employers can be sued if they don’t take the weight of this gov mandate. This means private employers have to pay out of pocket sick time and loose business from customers who don’t comply with this law. Seems like another way to put the nail in the coffin of small businesses. Imagine what’s next if this passes? Anyone with HSV-2 (herpes, incurable) not allowed in bars, restaurants, swimming pools, etc… anyone with hepatitis B (also incurable) must stay at home and never go outside. It can go as far as they wanna take it. But the scary part is they writing these laws into “transportation bills” and then last minute gut-and-amend it to include Covid passport and vaccine mandates state wide to all employees, everyone. If a business doesn’t want to comply the state sues them including legal fees. Boom small business bye bye.",2.0,CoronavirusCA,2021-08-30 06:52:11
