comments,score,subreddit,time_created
The funny thing is the link for myocarditis said no link had currently been established and recommended getting the vaccine since COVID actually does have a link to myocarditis and it would be higher than any suspected link from the vaccine.,1.0,politics,2021-08-03 16:34:03
"Did they screw with immune system when they gave you the measles vaccine too? 

I’m really getting tired of people who don’t know what vaccines are. A lot of people seem to think the vaccine magically injects immunity by screwing with your immune system. 

If you got Covid like you said. Than you already had your immune system screwed with. You just did it the hard way.",1.0,politics,2021-08-03 16:36:44
"[U.S. bound-migrants vaccinated for COVID-19 in Mexican border city](https://www.reuters.com/world/americas/us-bound-migrants-vaccinated-covid-19-mexican-border-city-2021-05-06/)

[Seventy Percent  of immigrants in ICE custody take the vaccine when offered](https://nypost.com/2021/07/22/three-in-10-immigrants-in-ice-custody-decline-covid-vaccine/)",1.0,politics,2021-08-03 16:44:32
"I like that you brought up AIDS. Since AIDS (HIV) is transmitted through bodily fluids, there are activities where fluids are likely to be exchanged that HIV-positive people cannot participate in. Specifically, porn, boxing, MMA, etc. Would you want to get in an MMA fight with an HIV-positive person? Because of that, regular testing is required to participate. When a vaccine is created, that will probably work too.

Covid on the other hand is transmitted through respiratory droplets. It's a lot easier to breathe in someone else's respiratory droplets at indoor placed like restaurants and gyms. So people without negative tests or vaccines shouldn't participate in those activites...just like MMA and porn for HIV.

In conclusion, gay bars should allow people with AIDS as long as they've had the covid vaccine.",1.0,politics,2021-08-03 16:45:30
That's a false statement because if I choose to take the Vaccine I could still get your family sick. Since vaccinated can still catch and give covid. So no difference and actually from. What I see Delta variance is a vaccinated thing.,1.0,politics,2021-08-03 16:47:56
Isn’t that normally how it works? I am fully vaccinated outside of the COVID vaccine and have gotten not a 1 of them based on an emergency authorization,1.0,politics,2021-08-03 16:49:23
"&gt; Isn’t that normally how it works?  

How what normally works? 

&gt;  I am fully vaccinated outside of the COVID vaccine and have gotten not a 1 of them based on an emergency authorization

So, Im assuming you can explain the differences between emergency authorization and full authorization and you aren't just picking random  BS to complain about?",1.0,politics,2021-08-03 16:52:08
He [kinda](https://www.nbcnews.com/politics/white-house/biden-receive-covid-19-vaccine-harris-campaigning-georgia-n1251890) did.,1.0,politics,2021-08-03 16:58:34
"This is the best tl;dr I could make, [original](https://www.newschannel5.com/news/newschannel-5-investigates/tennessee-governors-religious-views-became-barrier-in-j-j-vaccine-rollout-former-insider-claims) reduced by 90%. (I'm a bot)
*****
&gt; Tennessee Gov. Bill Lee&amp;#039;s personal religious views became an obstacle in Tennessee&amp;#039;s rollout of one of the COVID-19 vaccines, a former state health department insider claims.

&gt; WTVF. When NewsChannel 5 Investigates spot-checked with one county where the vaccine was listed as being &amp;quot;Out of stock,&amp;quot; we were told the one-shot vaccine was not an option through the state.

&gt; Former TN vaccine official describes health department &amp;#039;gagged&amp;#039; by &amp;#039;hesitant&amp;#039; governor.


*****
[**Extended Summary**](http://np.reddit.com/r/autotldr/comments/ox7qwp/tennessee_governors_religious_views_became/) | [FAQ](http://np.reddit.com/r/autotldr/comments/31b9fm/faq_autotldr_bot/ ""Version 2.02, ~590513 tl;drs so far."") | [Feedback](http://np.reddit.com/message/compose?to=%23autotldr ""PM's and comments are monitored, constructive feedback is welcome."") | *Top* *keywords*: **vaccine**^#1 **Fiscus**^#2 **governor**^#3 **health**^#4 **department**^#5",1.0,politics,2021-08-03 17:00:37
"“If you experience severe side effects after getting a Covid vaccine, lawyers tell CNBC there is basically no one to blame in a U.S. court of law. 

The federal government has granted companies like Pfizer and Moderna immunity from liability if something unintentionally goes wrong with their vaccines.”

Wow I’m really nitpicking huh!",1.0,politics,2021-08-03 17:00:44
"Who cares, they don't want the vaccine there anyway.

Let's prove the republiQans were right and spread covid all over, then we can see how harmless it is.

If you wanted to worry about it, you should have started a year ago.",1.0,politics,2021-08-03 17:01:15
"&gt; If you experience severe side effects after getting a Covid vaccine, lawyers tell CNBC there is basically no one to blame in a U.S. court of law.

Which has nothing to do with emergency authorization, the federal government actually specifically granted these companies immunity.",1.0,politics,2021-08-03 17:05:02
"Plenty of cancers have a 99% survival rate. Touching live wires has a 95% survival rate. Why aren't you touching live wires or living in houses with exposed wiring? Afraid?

People are afraid of the vaccine that is orders of magnitudes safer than COVID itself. Particularly in Florida. Seems like it's okay to be afraid of things that are lesser risks as long as they serve your view rather than be rooted in logic, huh?",1.0,politics,2021-08-03 17:06:18
"Do you have a source confirming that dying from COVID-19 is more probable than becoming infertile due to the vaccine? If COVID 19 has a mortality rate of &lt;1%, do you have a peer reviewed source that the chances of becoming infertile due to the vaccine is even lower? Or are you just speculating?",1.0,politics,2021-08-03 17:10:09
"[well, it’s a start](https://www.google.com/amp/s/abc7news.com/amp/sf-bars-proof-of-vaccine-san-francisco-nightclub-covid-clubs-required-for/10919103/)",1.0,politics,2021-08-03 17:14:10
"\&gt;No, are you dense?? The vaccine decreases the chance of infection, severe disease, and death, but it's not a cure, and it's never been one.

Why don't you mention how much it decreases severe disease and death? I'll do it for you then. If you are vaccinated the chances of you suffering severe illness are 0.03% and death 0.01%. The same as the flu.

\&gt;It's shown to be effective against the current strains, but every time the virus gets a chance to mutate (due to folks ""deciding to be unsafe""), it decreases the efficacy of the vaccine, requiring the entire process to get a new one to start from square one. It's why health professionals are wary about the Delta variant and beyond.

There is no data that suggests the vaccines have any real lower efficacy for severe illness and death against any current mutations. And there is no scientific based reason right now to believe that this could be an issue in the future.

\&gt;but every time the virus gets a chance to mutate (due to folks ""deciding to be unsafe"")

You don't seem to know how this works. The virus muatates also with vaccinated people. The difference is that they are protected.

Vaccinated people are protected against Covid and all it's mutations. So why are they forced to wear masks. The whole idea of getting vaccinated was to get back to normal. Now the mask mandates fuel vaccine hesitancy",1.0,politics,2021-08-03 17:15:26
"&gt; but they are not claiming it's the mark of the beast

Fox *directly*? Dont think so...however: 

[A Republican National Committee official from Florida](https://thehill.com/blogs/blog-briefing-room/news/566061-florida-rnc-official-called-vaccines-the-mark-of-the-beast)? Yep. 

[MTG back in March](https://twitter.com/mtgreenee/status/1376630161223913485)? Uh huh.

[Evangelical megachurch leaders](https://www.local10.com/news/local/2021/02/12/miami-dade-pastor-spreads-mark-of-the-beast-lies-about-covid-19-vaccine/)? Wanna take a guess before clicking the link?

[Everyone's favorite coked-up pillow-hocker at CPAC](https://www.independent.co.uk/news/world/americas/us-politics/mike-lindell-mypillow-ceo-conspiracy-b1809053.html)? Doubtful, right? Such an upstanding citizen would nev....of course he fucking did!",1.0,politics,2021-08-03 17:24:11
So that cancer patient who died from Covid because the guy in line at walmart who didn't get the vaccine decided for her.,1.0,politics,2021-08-03 17:26:31
"It could end up being a miracle that COVID happened under a GOP president, so the country can get a taste of an anti-vaccine party being in power. In addition, COVID has laid bare a this legit political divide.

There is absolutely no reason the GOP shouldn't be routed from every election going forward except for the deepest red south, given the bet they made on scoring political points on COVID has completely backfired and yet they are doubling-down on it anyway.",1.0,politics,2021-08-03 17:28:43
"Isn’t it crazy that you can just go get the vaccine and not try to force people out of society. It’s almost like you don’t have to be completely ok with the steps the government is taking to force and ostracize parts of the population because that can end extremely poorly once someone shitty takes office say like Trump, and he can flip that on people he doesn’t like. It’s almost like I can say all of that well believe that Covid is real, that you should get a vaccine, and that it’s being pointlessly made into a political-issue because people like you can wrap their head around it and feel smug. That covid was also just used as a power grab doesn’t mean it’s not real or the medical community is wrong. My mother is in the VA, was in the first group to get it and gives out the shot. Yet I can also say that making these laws makes the public more resistant and that was a stupid idea and plenty in the medical community feel that way. This doesn’t make me a conspiracy theorist it makes you an airhead blowhard who just sits in the camp where everyone talks about how fucking amazing they are for getting a shot.",1.0,politics,2021-08-03 17:29:09
"&gt; Isn’t it crazy that you can just go get the vaccine and not try to force people out of society. 

No, not at all. Why would that be? 

&gt; and that it’s being pointlessly made into a political-issue because people like you can wrap their head around it and feel smug. 

No, its being made into a political issue because idiots keep spewing about ""muh freedoms"" and refusing to get the vaccine. They had time, now there are consequences. 

&gt; That covid was also just used as a power grab

No, it was not. 

&gt; Yet I can also say that making these laws makes the public more resistant and that was a stupid idea and plenty in the medical community feel that way. 

Then they can stay home. Places will probably be much nicer without all of the anti mask/anti vax idiots. 

&gt; This doesn’t make me a conspiracy theorist

Kinda does, yes.",1.0,politics,2021-08-03 17:38:30
"Yeah, my brother's sister in law has said as recently as yesterday that she won't get the Covid vaccine for 8-10 years because she's worried about the side effects. She's also said that if they mandate the vaccine, she'll be jobless. As though refusing a vaccine is somehow something worth losing a job over. I'm sick of fucking arguing with people.",1.0,politics,2021-08-03 17:39:00
"But you aren't making the decision for yourself and your families.  An aunt of mine died from COVID recently. She couldn't get the vaccine because she was undergoing cancer treatment at the time. But I guess the state motto of Florida is ""fuck you, got mine"".  You are willing to let people die because you are either too selfish or afraid to get a simple shot.",1.0,politics,2021-08-03 17:43:46
Fuckin stupid. Another strong arm to get you to do something by force. Fuck this administration and fuck New York. Glad I live in Florida where I’m currently marinading in covid 18 19 20 and delta. I have a covid no taste or smell feel like shit. Minor fever. I’m not saying it affects everyone the same but for 99 percent survival rate cmon people we have a flu vaccine that wasn’t mandatory to go into an establishment. Why force people to put shit in their bodies that hasn’t been tested long enough? Fuckin sickening.,1.0,politics,2021-08-03 17:47:28
Can you imagine a world where trump didn't politicize Covid or even better a world where he encouraged people to wear a mask and get the vaccine?!  Imagine where we would be right now.,1.0,politics,2021-08-03 17:48:47
"&gt; It’s obvious by now that COVID isn’t going anywhere no matter what happens.

Even that isn't true, most experts believe that with a high enough vaccination rate, the virus would start to die out. Even a vaccine that ends up being 70% effective, still means 70% of the population won't catch and therefore can't spread the virus.",1.0,politics,2021-08-03 17:49:45
"Does it bother you that they’re having to resort to the stick instead of the carrot for a voluntary, federally unapproved, experimental, emergency use-only vaccine when there are other FDA certified antiviral medicines approved by both Pfizer and the CDC available?      
It bothers me. Even [Pfizer](https://www.news-medical.net/news/20210802/Pfizer-moves-towards-an-oral-anti-COVID-19-therapy.aspx) is moving away from vaccines and toward oral antivirals which have been FDA approved for years and are readily available.",1.0,politics,2021-08-03 17:51:37
"All news outlets should be running video regularly and often, of Graham saying how glad he is to have had the vaccine which has reduced his current covid symptoms.  Splash this story across the airwaves!",1.0,politics,2021-08-03 17:51:50
"I’ve given all my dogs ivermectin for many years, it’s a heart worm preventative and more. It vanished from shelves when covid was discovered to be an animal disease. It maybe a main ingredient in your precious vaccine already 😎",1.0,politics,2021-08-03 17:53:35
"You may be right, and I hope you are. I have a hard time believing experts when it comes to COVID for different reasons. It’s also important to realize that some people will not get the vaccine, and will not get/spread the virus but that’s hard to put numbers on.",1.0,politics,2021-08-03 17:54:51
"&gt; I have a hard time believing experts when it comes to COVID for different reasons

That really sounds like a personal problem.. 

&gt; It’s also important to realize that some people will not get the vaccine

See, you said ""no matter what"" but then went on to explain how some people are so ignorant they will continue to bury their head in the sand and ignore science. I can understand the small percentage of people that will qualify for a medical exemption, but that will be a small percentage and won't really matter all that much as long as the remaining 95%+ is vaccinated.",1.0,politics,2021-08-03 17:57:20
But with the current vaccine it does not stop you from contracting covid or spreading it.,1.0,politics,2021-08-03 17:58:43
"&gt;If they could convince enough of their people to avoid the vaccine, they could keep COVID-19 transmission rates high and garner headlines from easily duped mainstream outlets declaring things like ""Biden falls short"" or ""Biden fails to contain the virus."" 

That is some seriously fucked up sociopathic shit.",1.0,politics,2021-08-03 17:59:48
"&gt;Fox News and the GOP noise machine convinced millions of conservatives that the best way to undermine Biden's presidency was to refuse the COVID-19 jab. And sure enough, they were successful at jacking up COVID-19 rates, filling the hospitals and generating a lot of negative headlines. But the final part of the strategy — where Biden gets blamed for the results of GOP sabotage — is falling apart.  
Turns out the public isn't so easily fooled, especially when it comes to situations where the problem is other people acting like anti-social jackasses. And all those people who did as they were asked by Fox News, refused to get the shot, and got sick — in some cases, died — of COVID-19? Their sacrifice was for nothing. They failed, it turns out, to stick it to Biden. Instead, they stuck it to themselves. Too bad people who screwed up this badly tend to double down instead of admitting they were wrong.  
It's still not too late, however. The hesitant could still be brought around with some well-placed vaccine requirements, and the sooner that happens, the sooner we can put this pandemic in the rearview mirror.",1.0,politics,2021-08-03 18:00:03
"&gt; But with the current vaccine it does not stop you from contracting covid

Its between 60%-90% effective, depending on the variant, vaccine you got, and the particular study. If you aren't getting COVID, you can't spread COVID.",1.0,politics,2021-08-03 18:01:34
And that’s where you lose the anti covid vaccine crowd. You fully believe in the vaccine and the rest of us can find multiple reasons to be cautious of the vaccine. You’ll never understand that.,1.0,politics,2021-08-03 18:08:07
"Vaccinated people can and do still get and spread covid, they just won’t be hospitalized or die from it. There is indeed a magic number of vaccinated people for it to be considered safe to lift restrictions. The delta variant exists because our global vaccine rollout was slow. The delta variant is rampaging through America because not enough people got vaccinated and are refusing to wear masks.",1.0,politics,2021-08-03 18:12:16
"Tbf a lot of young people don’t go to the doctor regularly, so I pretty much only got the flu vaccine every other year or less.

I know pharmacies have em too, but prior to Covid the idea of getting a shot outside of a drs office or hospital seemed so off putting to me.",1.0,politics,2021-08-03 18:13:45
"Do you seriously believe that if people aren't actually dead, that Covid infection is no big deal?? Have you never heard of ""long Covid""?? Of people who were former marathon runners being unable to jog half a mile 6 months or more after Covid infection? Or people (like my cousin) who were always mentally sharp and agile, having such memory and executive function impairment months after Covid that they are unable to work??

And that's just the issue of aftereffects of Covid survivors. The FACT of packed, overwhelmed hospitals cancelling all elective surgeries due to the huge increase in Covid hospitalizations (more than 90% of which are unvaccinated and anti-mask individuals) and DeSantis actually PROHIBITING any mask or vaccine mandates, is, well, a whole other hellish reality.",1.0,politics,2021-08-03 18:16:06
"Kids already have to have immunization records to attend public school, but Covid vaccine isn't approved for kids under 12 yet, so at the very least they can wear a mask to help prevent the spread and further mutations into possibly more contagious or vaccine-tolerant variants.",1.0,politics,2021-08-03 18:20:40
"Rich, healthy [WHITE and ASIAN](https://www.bloomberg.com/graphics/covid-vaccine-tracker-global-distribution/us-vaccine-demographics.html) people, you mean!  Scroll to New York.",1.0,politics,2021-08-03 18:22:59
"There’s zero evidence for miscarriage being related to the Covid vaccine. Unfortunately there are plenty of anti vax medical professionals out there. Including doctors. I have seen some relaying vaccine misinformation about it. One doc who I have worked with was reported to the state board for it. That case is ongoing.

Edit: that bit about the Pfizer and Moderna vaccines “spreading to other organs” is misinformation. That is not how those vaccines work. At all.",1.0,politics,2021-08-03 18:23:21
"&gt;This article provides a decent rundown  
&gt;  
&gt;[https://www.sltrib.com/religion/2021/07/28/vaccine-hesitancy/](https://www.sltrib.com/religion/2021/07/28/vaccine-hesitancy/)  
&gt;  
&gt;The TLDR is that white evangelicals are the most likely to be vaccine-hesitant or vaccine deniers.

Yes, totally. But there is a difference between refusing the vaccine/flouting local mask mandates/posting COVID misinformation on social media on the one hand, and hiring a lawyer to sue your state all the way to the Supreme Court on the other. The former - being a loud and proud right-wing &amp; religious idiot - is common; the latter - being a *litigious* right-wing &amp; religious idiot - is far less common.",1.0,politics,2021-08-03 18:27:48
"Can confirm.  I lurk a few right wing groups on FB and the stuff they talk about is absolutely outrageous.  Yesterday there was a guy who lost like 3 family members to Covid but still swore he'd never get the vaccine for no other reason than ""Evil communist gubmint telling me I need to get vaccinated."".  Many of them were mockingly cheering on the ""door to door"" initiative because they thought it would give them a chance to get violent towards someone asking if they were vaxed.  Every post every day is some conspiracy theory followed by ""how much longer can us armed patriots stand down!?!?  Time to water the trees of liberty with the blood of tyrannical leftists!!!"" type comments.  Keep in mind 'leftist' to them means anyone who isnt willing to sacrifice their children to donald trump.  The scariest part is every group like that has people that are crazier than others.  Yet anytime someone posts something like ""Yes I am openly calling for murdering all leftist scum"" the post gets dozens of likes, including from people that otherwise never posted anything violent and presented as ""normal"".    

I know this became a cliche during the trump years, but As shocking as 1/6 was, it wasn't remotely surprising.  The entire insurrection plan was mapped on right wing social media weeks in advance.  If you check out r/Parlerwatch from around that time youll see hundreds of posts like ""We go to see trump speak, then when he gives us the signal we march on the capitol and take it for him.  The cops will let us in, if they don't they're targets too.  We storm the capitol and hold every traitor hostage, including Pence if he doesnt do the right thing"".",1.0,politics,2021-08-03 18:40:12
"Republican states are actually to blame for their actions.  Republican governors have been pushing COVID and vaccine misinformation.  They haven't been issuing mask mandates or social distancing mandates (even before the vaccine).  Republican governors are criminals who deserve to be charged and arrested for criminal negligence, just like their fuhrer Trump.  DeathSantis is particularly bad in this regard.  He is the worst offender that I know of.",1.0,politics,2021-08-03 18:42:54
"People I know who have gotten it without a vaccine  and in between shots have been ok but I’m not basing my thoughts all on those cases. 

I’m looking at co-morbidities in deaths which we aren’t really talking about and the fact that obesity is the leading co-morbidity in the USA.  

Long Covid isn’t in everyone that I know kn real life that has gotten this.  One person was in between vax shots and hasn’t gotten it.  

I’m not saying I want it but we all have to decide on the overall risk for ourselves and families and not depend on elected officials on either side do the aisle",1.0,politics,2021-08-03 18:48:01
"Everyone needs to get vaccinated but I’d rather the government was spending time and resources on outreach to minority communities that have some vaccine hesitancy rather than a group of people that have made COVID denial part of their cultural identity and immerse themselves in a bubble of denialism propaganda. 

I’d rather see us diverting vaccines to help vaccinate people that live in the border states of Mexico than watching those doses go to waste because no one uses them before they expire.",1.0,politics,2021-08-03 18:53:54
"If you have the vaccine, you're inherently at less risk than someone who is unvaccinated, correct?  Have you ever stopped to think that the people who are at ""risk"" because they are unvaccinated is because they understand the risk?  To them the risk of a side effect of the vaccine is greater than the risk of covid?  Here's the kicker, what if, they understand (which I'm sure you don't think they are capable of) the risk.  When people don't get their yearly flu shot, they understand they are at risk of catching the flu and potentially winding up in the hospital.",1.0,politics,2021-08-03 18:56:58
"Insurance companies need to start classifying all covid-related treatment for non-vaccinated people as elective, since they elected not to get a vaccine that could have spared that expense. By all means, refuse the vaccine, if you don't want it. But be prepared to pay out of pocket if you get covid.",1.0,politics,2021-08-03 19:01:28
"Refuse the vaccine if you don't want it.  That's fine.  But don't expect the rest of us to pay through insurance companies for your treatment if you get covid.  If you get sick after refusing the vaccine, pay out of pocket for your expensive treatment.",1.0,politics,2021-08-03 19:07:08
"If it’s *US* government run and funded it’s gonna be trash. FTFY

The federal hodge podge of different governments, with vastly different laws and vastly different levels of enforcement, seems almost purposely designed to fail at all but the simplest and most universally acceptable of tasks. We can *just* about manage to have highways and a postal service, but even that is a gargantuan struggle. The US government was designed by aristocratic oligarchs who’s intentions were to limit effective governance so they wouldn’t personally face any sort of social or economic limitations. And then they called it “freedom” so that poor conservatives would blindly support it.

If we had one national database of vaccinations, along with one national set of vaccine requirements, it would be trivial to set up and maintain such a system. Instead, we have up to 50+ (states+DC/feds+local) different levels of vaccine requirement, with 50+ different standards of vaccination proof, and 50+ different levels of enforcement. In such a ridiculous, scattershot, system, it’s absolutely no wonder there have been challenges and failures. 

It’s almost impossible for the supposedly “United” States to agree to do anything useful as a nation. Instead, some states follow the scientific guidelines, some states stick their heads in the sands, and other states actively endorse whatever pseudoscientific nonsense gets posted on Facebook. This goes for COVID, climate change, socioeconomic reform, and really anything more controversial than “we should have some sort of road system (however decrepit and unmaintained).",1.0,politics,2021-08-03 19:09:20
"The other day I was listening to a radio show where the host was encouraging people to get the COVID vaccine. Someone called in and asked, ""Are you afraid of death, John? Why are you afraid of death? You know we're all going to die, right?"" Bizarre. People who don't give a damn about anything should not be included in the conversation.",1.0,politics,2021-08-03 19:12:21
"**Florida**

* Gov Desantis banned masks in schools.
* Gov Desantis asks the SC to overturn Roe v Wade.
* A red tide bloom, caused by the Piney Point disaster, decimates the west coast fish population. Gov Desantis blames a hurricane.
* Anti-vaxxers call Desantis a sellout for mildly recommending that people get the vaccine shot
* Investigation shows that PACS supporting FL ghost candidates may be connected to an FL lobbyist group supported by Disney, Big Sugar etc.
* FL sets new records for COVID cases and hospitalizations. Some ICUs in Florida hit over 100% capacity from COVID.
* School districts try to defy Gov desantis mask ban. He threatens to pull their funding.",1.0,politics,2021-08-03 19:31:12
I got the Covid vaccine a week ago,1.0,politics,2021-08-03 19:34:16
"Don’t quote Harris as saying she would not take a Trump vaccine. You are spreading fake news and misinformation and in the same rant complaining about mistrust.   Jesus.
Harris said she would not trust Trump to tell the truth about the vaccine but she would trust medical experts and scientists.  Makes sense not to trust the guy who promised in March 2020 that 15 COVID cases would soon be close to zero and the virus would magically disappear in the warmer months.",1.0,politics,2021-08-03 19:35:43
"From the article, written by Alex Azar, the Trump administration's HHS Secretary:

&gt;The coronavirus is nonpartisan. It makes no judgment about one’s political leanings. The vaccines that were developed to fight this virus have no political bias, either.  
&gt;  
&gt;**And yet the reluctance and even refusal of many Americans — including many of my fellow conservatives and Republicans — to get a Covid-19 vaccine is a frustrating irony** for those of us who worked to expedite these vaccines. While the vaccines have had doubts cast upon them by politicians throughout their production and rollout, whether a person lives in a red or a blue state has no bearing on the vaccines’ efficacy. They work incredibly well, and more than 160 million fully vaccinated Americans are proof.  
&gt;  
&gt;...  
&gt;  
&gt;**we did not predict the politicization of vaccines that has led so many Republicans to hold back**. As of mid-July, 43 percent of Republicans said that they have not been vaccinated and definitely or probably wouldn’t be, versus 10 percent of Democrats, according to a poll from The Associated Press-NORC Center for Public Affairs Research. **I’m glad former President Trump got vaccinated, but it would have been even better for him to have done so on national television**...  
&gt;  
&gt;...  
&gt;  
&gt;**Conservatives need to do our part**... **In seeking to end this pandemic, the Biden administration is exhorting all unvaccinated adults in our country to get their shots, and I fully support it in this call.** It would be tragic to see more lives needlessly lost when we are so close to beating this virus once and for all.",1.0,politics,2021-08-03 19:47:53
"I'm not sure they can do that.  But if there is no underlying medical condition that would have made them ineligible to receive the vaccine, and they deliberately elected not to receive it, they should pay out of pocket for any covid-related healthcare they receive.",1.0,politics,2021-08-03 19:48:09
"Hmmmm. Who would have thought that lying about pushing a progressive agenda would backfire on the Democrats? 

$15 minimum wage? Failed

Protect voting rights? Failed

Address climate change with a comprehensive infrastructure bill? Failed. They gutted every piece addressing climate change to reach a bipartisan agreement with Republicans.  

Cancel student debt? Probably the biggest lie of the 2020 election pushed by centrist Democrats to stir support among younger and progressive wings. 

Only things they managed to deliver was one short changed stimulus check, a competent COVID vaccine rollout, and the child tax credit.

Keep in mind the things I’m complaining about can’t be pinned solely on Republican obstructionists. We already knew they were going to vote for any of those bills so the onus was always on the Democrats to unite and get stuff done. But lo and behold DINOS like Sinema and Manchin came in and did what they do best for their real constituents, the billionaires.",1.0,politics,2021-08-03 19:56:34
"The difference is anyone can get vaccinated any day at a plethora of locations absolutely free. If IDs were available for free at as many places as the Covid vaccine is available, requiring ID to vote would be much less of an issue.",1.0,politics,2021-08-03 20:03:28
For my own reasons I do not want the vaccine. I have no issues wearing the mask as it is. I respect people’s spaces. I’m not sneezing or coughing in anyone’s face or touching my own face. I’ve been around several people that have had covid and didn’t get it. I don’t think a vaccine that isn’t even fda approved and was just released not even a year should be forced upon people.,1.0,politics,2021-08-03 20:18:49
"I called this 3 weeks ago when the right flipped their message and started to be pro-vaccine.  Just like the GOP taking credit for the relief package that they voted against, they will take credit for the vaccine.

From the article:

&gt;The vaccines could be a victory lap for the Republican Party, and I call  
 upon all party leaders and conservatives to double down on encouraging   
vaccination. Party leaders like Gov. Ron DeSantis of Florida are making clear that vaccines save lives. Sean Hannity of Fox News is now telling viewers to “please take Covid seriously.” Representative Steve Scalise of Louisiana shared a photo of himself recently getting vaccinated. I urge more of this from trusted voices on the right.",1.0,politics,2021-08-03 20:23:32
"&gt;$15 minimum wage

[https://apnews.com/article/business-health-coronavirus-pandemic-minimum-wage-940a6a7530d734242c6f384b751b8033](https://apnews.com/article/business-health-coronavirus-pandemic-minimum-wage-940a6a7530d734242c6f384b751b8033)

&amp;#x200B;

&gt;Address climate change with a comprehensive infrastructure bill

*There’s $73 billion for a clean-energy makeover of the electric grid. That is much less than what President Biden sought for projects like electric-vehicle charging stations and green public transport. There are also billions of dollars for climate resilience programs, such as flood control, and funding for investment in new technologies, including carbon capture.*

[nytimes](https://www.nytimes.com/2021/08/03/business/dealbook/infrastructure-bill-details.html)

&amp;#x200B;

&gt;Cancel student debt

[https://www.forbes.com/sites/zackfriedman/2021/07/14/biden-cancelled-40-billion-of-student-loans-this-way/?sh=6c58a68247b9](https://www.forbes.com/sites/zackfriedman/2021/07/14/biden-cancelled-40-billion-of-student-loans-this-way/?sh=6c58a68247b9)

&amp;#x200B;

&gt;Only things they managed to deliver was one short changed stimulus check, a competent COVID vaccine rollout, and the child tax credit.

Yeah, what slackers. In 7 months I'm sure you could have solved climate change and got a new voting rights act through.",1.0,politics,2021-08-03 20:27:38
"It’s a Hail Mary.  He’s hoping that some people will get sick, but ultimately most people will be unaffected by covid; and then he can really stick it to the Dems and embolden his base by claiming “covid was never worth all of this fuss”.  Then (in his mind) he can be the one to guide us through the eternal lockdowns and vaccine requirements.  

What he’s too simpleminded to understand though, is that even if covid doesn’t kill the majority directly, it does soak up ICU beds and staff to the point where other people needing surgery or trauma victims may not be able to get the care they need due to staff and resources being diverted to the ICU to manage covid patients who typically need hospitalization for &gt;2 weeks.  

Further, we’re just creating an ideal breeding ground for the next variant that may not be responsive to the current vaccine.  Which brings us right back to square one.  

These asshats are going to be responsible for the deaths of so many more people.  All on a whim to maybe advance their political careers",1.0,politics,2021-08-03 20:28:21
"And what exactly do I do about my 2-year-old daughter that can't receive the vaccine? Sure, she has a lower chance of being infected or having serious complications, but it's not zilch. Just read the other day about 3 or 4 child deaths due to the Delta variant. And that's not to say that we still don't know long term effects of COVID infection when it comes to organ damage.

You may not be worried about yourself (which is hilarious, because much of the reporting of those that were anti-vax but ended up hospitalized show that many of them do a prompt about face when faced with the consequences of their inaction), but you're being reckless about the wellbeing of those around you. It's like drinking and driving because it only affects you while completely neglecting the fact that your actions affect others.

You're just being a selfish prick by not getting vaccinated / wearing a mask.",1.0,politics,2021-08-03 20:30:47
"You can't keep using a drug that caused issues because of continuous exposure to reject all scientific evidence for magical thinking that a one (or two) time dose can cause problems in the future. 

It's been studied in pregnant women. It's safe. There's no plausible mechanism by which something you're not continuously exposed to can result in problems that were specifically searched over 6 months of observation in millions, and over the course of full pregnancies for trial participants.

And then you're missing the biggest DUH of all: How on earth could you possibly think the vaccine is worse for the baby **than covid**? 

When the alternative is covid, she's not doing what's best for herself *or* her baby. *Especially* when her baby daddy is an anti-vaxxer so she can't claim she'll avoid exposure for 9 months.",1.0,politics,2021-08-03 20:37:14
"What “definition” are you using? 

A vaccine is defined as “a substance used to stimulate the production of antibodies”. Which is exactly what the COVID vaccines do",1.0,politics,2021-08-03 20:39:27
"My wife and I recently tested positive for COVID 19 and we’re both vaccinated. The symptoms we experienced were very mild. 

Day 1: congestion, headache 
Day 2: congestion, loss of ability to smell and taste, body aches *got tested*
Day 3: a little tired, some congestion 
Day 4: Feel fine, watched the olympics and got some work done around the house. 

We’re both healthy 30-somethings but damn you can’t tell me this vaccine doesn’t work.",1.0,politics,2021-08-03 20:40:22
"In Biden's defense, we're not to the point of vaccine mandates yet.  It may have to happen, but it would be 1) full FDA approval, 2) vaccines required for school + travel....but if he tipped his hand now, it would be bad and lots of people would make a stink for something and it would slow the vaccine process.

I think Biden is playing this correctly, politically.  Praise the vaccine and Trump's involvement as a bipartisan success, step aside and let local leaders set the example.

I think that also, private corporations are going to play a lot into this.  ...not only your boss making you get the vaccine, but your insurance premiums should go up or they should threaten to drop you from the plan if you don't comply.  The one part of COVID that isn't being capitalized at how expensive it is.  People with no insurance can't afford to get sick and have a hospital visit for 10 grand, even if the disease isn't going to kill them.  

We should be preaching that message.",1.0,politics,2021-08-03 20:43:29
"I see what you mean with the mandatory school vaccines and I would not have a problem with that. If someone does not want to vaccinate their children, they still have the option to home school them. Additionally, since airlines are not owned by the government, that part makes sense.

I don’t agree with requiring them for unemployment benefits and drivers’ licenses. These programs do not require participants to be in large crowds indoors like public school does. It would also be a large expense to try to implement these changes to the government, which would worsen the economy and the national debt.

Further, I don’t quite agree that this is no different from polio and mumps vaccinations. These have been FDA approved and proven to be effective for a long time. The vaccinations used in the US are all mRNA vaccines which are incredibly new and not tested near as much as antigen vaccines. None of them are fully FDA approved yet. It is understandable why people are worried about the long-term effects, because we have no idea. I personally have received an mRNA vaccine; after applying my knowledge of cellular replication and doing research in how they were developed, I figured it is more of a risk to stay unvaccinated. However, I understand why others may want to wait. 

The truth is that other than the small anti-vax crowds before covid, most people do not have a problem with these other vaccines. As much as it sucks, you have to take that into account when you compare these things. Very few people submit fake paperwork for polio, mumps, etc. vaccinations, but we have already seen so many people getting fake covid vaccination cards. If vaccinations are enforced, people will always try to find ways around it. Thus enforcement alone will never really work. Unless you want to forcibly inject people with the vaccine, which would undoubtedly involve police or military. What happens when you go door-to-door to give vaccinations and an angry citizen chases you out with a gun?",1.0,politics,2021-08-03 20:46:25
"Yup. Another made up example would be if everyone was vaccinated, then 100% of every covid hospitalization and death would be in vaccinated people. But of course it would be if everyone was vaccinated. That doesn't mean the vaccine isn't working. It just reinforces what 95% effective means. Which isn't 100%.",1.0,politics,2021-08-03 20:52:00
"From all I’ve read it’s going to have to hurt them in the pocket in order to motivate them.    Insurance/Healthcare companies need to put in their policies if they don’t have the COVID vaccine they aren’t covered for treatment.   It’s as simple as that.  These companies can pressure employers and such and maybe the threat of a 200,000 bill will help incentivize those who actually have coverage.   The rest… I dunno.",1.0,politics,2021-08-03 21:00:15
I don’t doubt you at all but do you have a link on this that I can read? I have a family friend that refuses to get the vaccine because she got covid a year ago. TIA,1.0,politics,2021-08-03 21:01:56
Trump literally ripped off his mask and did a photo shoot after “beating” Covid. His small message to vaccine is bullshit.,1.0,politics,2021-08-03 21:02:04
"So, I don't know about France, but similar measures have been introduced here in Montenegro (small and for Europe poor country in Balkans). All adults here have national ID. When vaccinated, we get paper with details about vaccine, where you got it, plus some personal info so you can be easily identified and QR code that links to www address where it can be confirmed that you are vaccinated. As of few days ago, you can ask for new paper, with additional info if you had covid in last 6 months, recent negative PCR test or even more recent fast antigen tests (and with same QR) . Reason for this is that any of this four things would allow you to go inside a bar/restaurant or similar. I suspect that France would be similar to this.",1.0,politics,2021-08-03 21:06:54
"Well there's been over 39k covid deaths in just the state of florida and no evidence for a single infertility from covid nor the vaccine. Nor even a correlation between infertility and when vaccines started let alone causation.

Extraordinary claims require extraordinary evidence. 

https://www.nytimes.com/interactive/2021/us/florida-covid-cases.html",1.0,politics,2021-08-03 21:10:12
"It’s not that people don’t believe covid is a thing or not, it’s just I’m not going to put a vaccine in my body when there’s no long terms studies on it and for a virus that didn’t even affect me when working in a small room with someone who tested positive. It’s asinine to ask someone to get a vaccine for something that doesn’t affect them when the vaccine doesn’t even prevent the spread, all it does it “lessen the affects”. Now if you have a condition that makes covid a risk for you personally, by all means go get it, but having myself vaccinated or not isn’t going to change if you get covid.",1.0,politics,2021-08-03 21:11:40
"One major difference between these two things are that covid cards are super easy to get pretty much for free. They just give them to you after you get the vaccine. Whereas proving your identity can be a pretty difficult process that costs money, and they want this for something much more substantial than a 2 for 20 meal at applebees.",1.0,politics,2021-08-03 21:15:53
"&gt;But the outbreak, fueled by the highly transmissible delta variant, could have been much worse without vaccines.  
""The vaccines are working. Of the 900 cases related to the Provincetown cluster, there have been no deaths, 7 hospitalizations, and the symptoms are largely mild,"" tweeted Alex Morse, the town manager of Provincetown.  
""The outbreak is contained and Provincetown is safe.""  
Dr. Ashish K. Jha, dean of the Brown University School of Public Health, called these ""very low rates"" on Twitter, adding that the numbers are ""consistent with theme that vaccines prevent severe illness.""  


From USAToday

[https://www.usatoday.com/story/news/nation/2021/07/31/provincetown-covid-outbreak-shows-vaccines-working/5439120001/](https://www.usatoday.com/story/news/nation/2021/07/31/provincetown-covid-outbreak-shows-vaccines-working/5439120001/)

[https://news.yahoo.com/eight-hundred-cases-seven-hospitalizations-and-no-deaths-the-provincetown-outbreak-shows-vaccines-work-125324207.html](https://news.yahoo.com/eight-hundred-cases-seven-hospitalizations-and-no-deaths-the-provincetown-outbreak-shows-vaccines-work-125324207.html)

[https://med.stanford.edu/news/all-news/2021/07/vaccination-against-covid-19-prevents-breakthrough-infections.html](https://med.stanford.edu/news/all-news/2021/07/vaccination-against-covid-19-prevents-breakthrough-infections.html)

In addition, you can easily see for yourself how well countries with very high vaccine uptake are doing against the delta variant. Very few deaths.

[https://www.worldometers.info/coronavirus/country/uk/](https://www.worldometers.info/coronavirus/country/uk/)

https://www.worldometers.info/coronavirus/country/israel/",1.0,politics,2021-08-03 21:18:09
"A vaccine is used to provide antibodies *and* immunity, and since you say the covid “vaccine” is not meant to provide immunity it does not fit the definition of a vaccine.

And even then, the covid vaccine doesn’t always make you have a positive result on antibody tests so that’s not fully reliable either",1.0,politics,2021-08-03 21:20:40
People still get Covid with the vaccine people still spread Covid with the vaccine. Done we will never agree your okay with the government fringing on our rights I will never be for that. Just keep your head down and bend over like you been doing..,1.0,politics,2021-08-03 21:31:31
"Better not scroll to New York on this, and have a look at which certain demos are going to be most effected by the vaccine passports, then. 

https://www.bloomberg.com/graphics/covid-vaccine-tracker-global-distribution/us-vaccine-demographics.html",1.0,politics,2021-08-03 21:32:38
"&gt;And id happily attribute more covid suffering to trumps covid denial.

Of course you would.  The fact that you would be happy to talk about the suffering of others if it meant scoring political points against the 'opposition' says a lot.

Now of course we just learned in this report that Cuomo had the doctor in charge of distributing vaccines call around to Democratic county officials to ask about their position on the calls for him to resign with the explicit implication that vaccine distribution to their respective counties would be restricted if they didn't support him.  So on one hand we have speculation as to how many people might have indirectly died due to Trump's denial and on the other hand we have direct evidence of a governors orders resulting in the deaths of numerous elderly New Yorkers and delayed distribution of vaccines to others based on 'loyalty' but sure, you keep living in your 'happy' state of denial.",1.0,politics,2021-08-03 21:38:41
"It gets better.  Pages 115-116 of [the report](https://www.nbcnewyork.com/news/read-the-cuomo-report-from-the-ny-attorney-generals-office/3196417/):

&gt;It was around this time in early March that Ms. DeRosa called Larry Schwartz, former Secretary to the Governor who was serving as the State’s COVID-19 “Vaccine Czar” at the time, and asked him to join a conference call. On the call, Ms. DeRosa asked Mr. Schwartz to reach out to Democratic County Executives to ascertain their positions on whether the Governor should resign in light of the sexual harassment allegations. At the time, Mr. Schwartz’s sole official responsibility related to COVID-19 vaccine administration and distribution and he was in regular contact with county officials on this subject. In that regard, as the State’s Vaccine Czar, Mr. Schwartz was perceived by County Executives to have significant authority over the speed and volume of vaccinations that the Counties were receiving at a time when demand exceeded supply.  
&gt;  
&gt;One Democratic County Executive (“County Executive #1”) received a phone call from Mr. Schwartz on March 2, 2021. **County Executive #1 understood the call to contain an implicit threat linking access to vaccines for County Executive #1’s county, which County Executive #1 had been working with Mr. Schwartz and others in the Executive Chamber to obtain, with County Executive #1’s position on the allegations regarding the Governor.** County Executive #1 described himself as “stunned” and unsettled by Mr. Schwartz’s call. 

Cuomo decided who got to live and who got to die depending on which county his constituent lived in and whether their county officials remained loyal to him.",1.0,politics,2021-08-03 21:48:33
"Im vaxxed w everything else.

If polio were around id rush to get the vax, same w any other deathly plague.

Covid is a joke if you’re under 50 w no pre-existing conditions. Any cases otherwise are extremely rare. Whats the survival rate? Certainly nothing below 99%.

So having a new, non-FDA approved vaccine is absolutely a personal choice.",1.0,politics,2021-08-03 22:09:59
"The reason you won’t see much published on “long covid” is because covid-19 has been just over 20 months. 

You keep comparing it to flu, it’s not the fucking flu. 25x deadlier! It’s also not just about kids, it’s about who they could transmit it to, as well. 

Without a vaccine for them, you are now exposing them to other potentially infected kids. The more people this virus gets into, the higher probability to more aggressive variants to arise. 

We’re seeing certain safety nets being lost with the delta variant. A variant that is more transmissible, and what looks to be even deadlier. We were seeing a downtick thanks to the vaccine, but the delta variant is bringing things back. Again, more infected people means an increased possibility for new variants. Newer variants that begin to dominate will likely not be less severe. 

We are literally seeing this already happening. Before the delta variant, the transmissibility was greatly reduced if you were vaccinated. The delta variant has removed that benefit. What do you think the next dominant variant is going to do?

These anti mask movements are incredibly selfish and dumb af. A mild inconvenience to save lives, why do you hate people so much. 

If you told me the vaccine was 100% effective and available to everyone, and no possibility of new variants, I would say fuck it. Let those who don’t want to get vaccinated die off. Let the stupids get what they deserve. Unfortunately it’s not 100% effective, continually changing variants are possible, and there are some people who cannot medically receive it.",1.0,politics,2021-08-03 22:18:13
https://www.reuters.com/world/us/us-donates-more-than-110-mln-covid-19-vaccine-doses-abroad-white-house-2021-08-03/,1.0,politics,2021-08-03 22:22:49
"[""Either help on Covid or ***get out of the way***""](https://www.reuters.com/world/us/us-donates-more-than-110-mln-covid-19-vaccine-doses-abroad-white-house-2021-08-03/)",1.0,politics,2021-08-03 22:23:44
"I am thrilled with the COVID vaccine requirements for CA universities &amp; want to see it expanded to all worksites.  


So, let me clarify: She is absolutely batshit crazy for pulling her adult kid out of university over getting vaccinated. (Also, the kid wanted to go into healthcare which makes it all even more insane.)",1.0,politics,2021-08-03 22:31:06
"You should see the town halls his administration posts to Youtube.  One attendee was convinced that the government was hiding state Covid statistics from the masses, yelling, “WHERE ARE THE NUMBERS!?” while the health official was trying to tell him that they publish them online daily, but the asshole kept interrupting him before he could complete a sentence with the same question over and over.  

Another asshole approached it similarly, but kept repeatedly yelling, “WHICH CAME FIRST? COVID OR THE VACCINE!?”  Every single time the Governor started speaking, she would yell the same damn question again and again or go into a conspiracy theory rant. 

These people didn’t come seeking answers, discourse or clarification.  They came only to start shit and spread their own idiocy and self-proclaimed “expertise” fueled by endless Facebook conspiracy-fests, as if having social media discussions somehow made them accomplished epidemiologists.  Honestly, it feels hopeless.",1.0,politics,2021-08-03 22:31:56
"Covid has killed over 600,000 people in America alone, it’s far more contagious than the flu and infection rates are in the millions. Covid is a global emergency, and we’ve made a vaccine that’s 95% effective at blocking alpha covid and up to 85% effective at blocking delta with a booster on the way. It mutates quickly and we’re racing to stop it. That’s why the vaccine should be mandatory, so it doesn’t become a seasonal/forever thing like the flu. 

With the regular seasonal flu, doctors and scientists give their best educated guess when making that years vaccine, and it’s usually not 95% effective. You’re not as much of a risk to others walking around with the flu as you are walking around with covid. you should wear a mask and get vaxxed to protect yourself and others in either situation.",1.0,politics,2021-08-03 22:33:20
"&gt; Covid is a joke if you’re under 50 w no pre-existing conditions

A) you are wrong. [Source](https://jamanetwork.com/journals/jama/fullarticle/2774445)

B) What about the people around you? How do you know none of them have anything that could cause covid to be worse (e.g. asthma).

&gt; Whats the survival rate? Certainly nothing below 99%.

Even if I assumed the survival rate was 99% and all of the population between 25-50 got covid then over half a million people would die. 1% is actually pretty high for a disease. For refence:

1) Spanish flu had a mortality rate if ~2.5%

2) Standard influenza is around 0.15%

Simply pretending it isn't a problem isn't actually a reasonable position. It's a cop out for people who want to pretend their personal feelings are more important than the life and wellbeing of their fellow citizens. 

&gt; So having a new, non-FDA approved vaccine is absolutely a personal choice.

First off. Emergency approval means that it is FDA approved. Secondly, you can infect people. So unless you're never going out it isn't a personal choice, it's a choice that has the ability to give other people the disease. Your rights do not extend to giving other people diseases.

SCOTUS already decided that mandatory vaccination is absolutely constitutional during the Smallpox epidemic.",1.0,politics,2021-08-03 22:39:24
"American Association of Pediatrics says as of July 28 there were 4,198,296 total child COVID-19 cases reported, and children represented 14.3% (4,198,296/29,402,405) of all cases.
  
An overall rate: 5,578 cases per 100,000 children in the population. Children have tended to fare better. Only 1.9% were hospitalized, and only a fraction of them died. But that still means 79,768 American kids have been hospitalized for Covid.

The CDC is not tracking breakthrough cases. But some states are. Dr. Rachel Herlihy said Colorado documented 2,074 cases, 92 hospitalizations and three deaths among fully vaccinated residents from July 1 to July 24. The unvaccinated accounted for 80 percent of cases, 87 percent of hospitalizations and 92 percent of deaths. Massachusetts saw similar effects in recent outbreaks in Provincetown and Nantucket.

Yes, the vaccine is still good and 100% worth getting. No, it's not anywhere near bulletproof, especially with Delta, especially J&amp;J. Yes, kids are catching and spreading covid.

https://downloads.aap.org/AAP/PDF/AAP%20and%20CHA%20-%20Children%20and%20COVID-19%20State%20Data%20Report%207.29%20FINAL.pdf",1.0,politics,2021-08-03 22:41:15
"While telling his faithful constituents that the vaccine is bad.

I know it won't happen but these people need to be tried and convicted for homicide. Just go to each one of their jurisdictions and find someone who voted for them that was unvaccinated and died from covid.

I wish it was that simple.",1.0,politics,2021-08-03 22:45:59
"I talked to a friend yesterday - she's originally from the Texas panhandle area - her extended family are hardcore Trump people and hardcore anti-vaxxers. The story she shared was unreal: belligerent anti-vaccine, Biden conspiracy stupidity - has turned into the government is specifically targeting them with corona virus for supporting Trump.
Deaths of grandparents, aunts, uncles, one family lost both parents leaving their two children orphans - her extended family has been utterly destroyed by covid.  And she says the ones yet unaffected still refuse the vaccine and are blaming ever crazier conspiracy theories for the tragedies erasing their family.

Its insane. hearing about it from someone I know describing their own family I was just dumbfounded.  I kept asking questions that any rational person would ask - and her reply was that basically they just keep doubling down and going further down their rabbit hole.

I started saying how the propagandists are responsible for her family's tragedy. She was pretty harsh about it, basically saying ""theyre stupid, its their own fault for believing lies.""",1.0,politics,2021-08-03 23:13:15
"Greg Abbott, our asshole Governor in Texas, started blaming illegal immigrants for COVID cases a few days after announcing that he’s lifting the mask mandate.

So to him, COVID is bad enough to scapegoat a group of people he doesn’t like, but not enough to reinstate the mask mandate or other preventative measures to stop COVID. 

In fact, he even passed an executive order that bans mask mandates and vaccine requirements. Oh, and it happened on the same day Texas passed New York in COVID deaths.

• Lifting the mask mandate (March 2nd): https://gov.texas.gov/news/post/governor-abbott-lifts-mask-mandate-opens-texas-100-percent


• Blaming immigrants (March 5th): https://www.nbcdfw.com/news/coronavirus/gov-abbott-blames-immigrants-for-spreading-covid-in-rhetoric-that-advocates-dismiss-as-xenophobic/2571777/



• Executive Order (July 31st): https://www.nytimes.com/2021/07/31/world/greg-abbott-mask-vaccine-mandate.html



• Texas COVID Deaths (July 31st): https://www.houstonchronicle.com/news/houston-texas/health/article/Texas-New-York-COVID-deaths-case-numbers-16352409.php",1.0,politics,2021-08-03 23:13:21
"Florida requires these to enter school can anyone that needs to know more about the Covid vaccine tell me anything about these vaccines that Florida is ok with? Public/Non-public Schools Kindergarten Through 12th Grade
(Children entering, attending, or transferring to Florida schools)

Four or five doses of DTaP
Four or five doses of IPV
Two doses of MMR
Three doses of Hep B
One Tetanus-diphtheria-acellular pertussis (Tdap)
Two doses of Varicella (kindergarten effective with 2008–2009 school year, then an additional grade is added each year thereafter). Varicella vaccine is not required if there is a history of varicella disease documented by the health care provider.",1.0,politics,2021-08-03 23:17:57
Yeah because getting the vaccine 100% eliminates your chances of getting Covid right? And vaccines were available to everyone on every street corner on January 1 2021 right?,1.0,politics,2021-08-03 23:19:07
"Vaccination records are required for school.

You don't have to show anything because others before you did the work and got vaccinated for diseases like Smallpox. I'm guessing you weren't alive in 1905 when the [Supreme Court ruled unequivocally](https://supreme.justia.com/cases/federal/us/197/11/) that:

&gt; It is within the police power of a State to enact a compulsory vaccination law, and it is for the legislature, and not for the courts, to determine

So yeah, you've been lucky we haven't had a major pandemic until now in your life. That doesn't change anything.

&gt; A relatively small percentage of people actually die from covid, and a relatively small percentage of people that get the vax have serious complications.

These aren't remotely close to the same risk. Comparing them is intellectually dishonest. 

&gt; There is some risk either way, and the bullying (rather than educating) to choose one risk over the other is not only not effective for either side, but also serves to widen the gap rather than close it.

Every study, piece of data and scrap of information is out there to easily educate yourself on the risks to both yourself and others for not getting the vaccine.

People who are bitching and moaning about the vaccine are the ones who are bullying everyone else with their ignorance and indifference. Not the other way around.",1.0,politics,2021-08-03 23:30:26
"I wouldn't call it ""clearly political"". I had Covid in December 2019, before it became popular, and again in March 2021 and my antibody count is still extremely high.

Meanwhile, my body does not handle any vaccines well - the flu shot knocked me on my ass for 3-4 miserable days every time I've had it. Truth be told, I'm scared of having a serious adverse reaction from the vaccine because I have a hyperactive immune system that loves to shove me into anaphylaxis. And, yes, I understand that they keep people under observation if they have a history of anaphylaxis, but going into shock is absolutely terrifying. If you've never been through it before, it feels like your throat begins to strangle itself and there are intense palpitations as your blood pressure starts plummeting and you can feel your heart slowing from its normal BPM to ""My heart is falling asleep""; you might get covered in hives where your skin feels like it's on fire, you might get blurred/hazy vision.

Ah, fuck it. I think I'll go do it tomorrow. I just hope my kids have a dad next month. If they don't, at least I won't know!

Edit: ""The Unvaccinated"" are not a monolith. They include people like me who understand the threats that Covid poses and may have already dealt with it themselves or with immediate family, who may have legitimate fears that they will be that statistical 1:200,000 because the genetic lottery has chosen me as tribute for worse allergies than 99% of the human population. I just need to know that I can wake up tomorrow and raise my kids and take care of my family, and my personal fear of not being able to do that can override the logical part of me that understands statistics and science. But, I guarantee you, it is not always political. I have noticed a trend in pro-vaxxers that mimics the fanaticism of anti-vaxxers, and I am a staunch anti-fanatic with a hobby of studying fanatics. There are zero good reasons to subscribe to a polarizing belief system and condemning anybody who does not subscribe to it.",1.0,politics,2021-08-03 23:32:58
"Read through r/covidvaccinated for 15 minutes, then think about how much of the population isnt at risk from covid and now consider why so many are a) not willing to take the vaccine &amp; b) against being discriminated for their choice.

Its pretty easy to see the rationale of the other side if you do this.",1.0,politics,2021-08-03 23:39:51
