comments,score,subreddit,time_created
"Okay? COVID has still changed everyone’s lives regardless of a vaccine, we’ve lost thousands of lives. There’s also a large group of anti vaxxers who are already protesting face masks",1.0,AskReddit,2020-07-29 18:25:23
"“Leaked reports confirmed, COVID-19 vaccine was a hoax! New surge in confirmed virus counts up 200%!”",24.0,AskReddit,2020-07-29 20:05:01
"Covid vaccine contains sugar, gluten, carbs, and animal protein.",10.0,AskReddit,2020-07-29 20:07:11
COVID-19 vaccine causes cancer.,2.0,AskReddit,2020-07-29 20:10:51
"Coronavirus Vaccine Found to Actually Be More Dangerous Than Covid-19 Itself

We're skipping safety protocols to get it out faster, this is likely to happen.",1.0,AskReddit,2020-07-29 20:17:36
covid 19 vaccine is not vegan,1.0,AskReddit,2020-07-29 20:23:35
"I've heard that about fusion reactors for ages :) Keep in mind we've known that HIV causes AIDs for some 36 years, but we still don't have a vaccine for that. Some nuts are just uncrackable; I hope COVID-19 isn't one of those.",3.0,AskReddit,2020-07-29 20:34:08
"Obviously, they just discovered that the Covid vaccine causes cancer.",1.0,AskReddit,2020-07-29 20:43:22
Zombie blood in COVID-19 vaccine causes an Zombie outbreak in Seattle.,1.0,AskReddit,2020-07-29 20:51:47
Breaking: COVID vaccine we all took keeps you from ever being immune to any other disease,1.0,AskReddit,2020-07-29 21:23:33
COVID vaccine causes everyone who took it to die instantly at the stroke of midnight.,1.0,AskReddit,2020-07-29 21:24:00
"""Covid vaccine causes sterility.""

Turns out the conspiracy theorists were a bit off. 

The vaccine was a way to cull the population to stop global warming.",1.0,AskReddit,2020-07-29 21:35:58
Covid vaccine has made everyone sterile. Only the anti-vaxxers can reproduce.,1.0,AskReddit,2020-07-29 21:44:37
COVID vaccine found to have 100% chance to reanimate the recently deceased with heightened aggression.,1.0,AskReddit,2020-07-29 21:52:31
"COVID-19 mutates, and the vaccine doesn't work against the mutated version.",1.0,AskReddit,2020-07-29 21:55:30
Covid vaccine duh,1.0,AskReddit,2020-07-29 22:05:36
The vaccine ends up giving everyone a worse version of COVID and now everyone’s dying because one person fucked up the vaccine,1.0,AskReddit,2020-07-29 22:49:19
"“One potential adverse event is antibody-dependent enhancement (ADE), a type of immune reaction where vaccination makes subsequent exposure to the virus more dangerous. The condition – which has been observed with vaccines for measles, respiratory syncytial virus and dengue virus, as well as in animal models for the original Severe Acute Respiratory Syndrome (Sars) virus – occurs when the body, primed by a vaccine, generates antibodies that don’t sufficiently neutralise the virus when later exposed to it and instead encourage the virus into cells to replicate, exacerbating the disease.” [sauce](https://www.chemistryworld.com/news/what-are-the-risks-of-fast-tracking-a-covid-19-vaccine/4012130.article).

Untested medicine developed using new methods for a family of virus we’ve never had a vaccine, all done within a year. Autism isnt even a part of this conversation. Properly reviewed vaccines are considered safe enough. A rush job on a vaccine may very well have higher than typical acceptable level of medically significant adverse side effects. 

But as that article points out. We won’t know until we try it. So fingers crossed I suppose.",4.0,AskReddit,2020-07-29 23:05:34
Covid 19 vaccine causes impedance!,1.0,AskReddit,2020-07-29 23:32:21
COVID-19 Vaccine leads to increase rates of cancer,1.0,AskReddit,2020-07-29 23:53:09
Covid-19 vaccine causes men to be infertile,1.0,AskReddit,2020-07-29 23:59:26
The covid vaccine was just discovered to actually cause autism...,1.0,AskReddit,2020-07-30 00:00:42
"It's quite impossible because zombifycation is a completely unrelated set of symptoms to COVID-19, so a vaccine doing that would be really ridiculous. Not to mention, that even the rushed vaccines will endure some level of safety testing (some of the candidates have already underwent safety testing actually). Although the testing might be uneffective, it will be unlikely to be much worse than any other drug that ended up getting recalled for side effects.",2.0,AskReddit,2020-07-30 00:01:14
Most of the scientists who worked on the COVID-19 vaccine died from unknown causes all across the earth.,1.0,AskReddit,2020-07-30 00:12:00
"Climate change due to mass COVID vaccine production causes icebergs to melt, destroying most countries and those who survive are stranded on islands. Then human overpopulation becomes a major issue since there is so little space for humans to live. Upon the day of extinction for mankind, approximately a decade later, all traces of humanity are erased by an atomic bomb, found where China once was. However, a single USB drive is found by sea creatures who were forced up by water pressure change. They learn how to use it, and on the USB drive, contained 8 terabytes of memes. The sea creatures, disgusted by this culture’s sense of humor, discard the drive. Of course, by stereotype, the drive is secretly kept in pristine condition by an outcast of the sea creature’s monarchy. 

5,000 years later, the outcast sea creatures invent time travel. The USB drive, passed down generation by generation, is brought into the year -700,000. Pre-historic humans are amazed by the memes the outcast sea creatures show off. Naturally the USB is stolen by the humans, and buried in a hole. 
702,020 years later, on January first, present day humans find the USB drive. They laugh at the broken dates on the USB drive, then promptly override the files on this drive, replacing it with furry art. They than proceed to put it in a time capsule for 2030, where the cycle begins again.",1.0,AskReddit,2020-07-30 01:05:55
COVID vaccine.,1.0,AskReddit,2020-07-30 01:07:17
My neighbor thinks the 5G disrupts whatever it is in our cells which causes them to produce covid like structures that will trigger a positive result in a test. And gates is using the vaccine to install chips in us... mark of the beast.   I believe banned dot com is the source.,1.0,AskReddit,2020-07-30 01:34:11
"A free, 100% effective COVID-19 vaccine for every person on earth.",2.0,AskReddit,2020-07-30 02:56:13
"The right to heath, That's a legal right in the us?

It has a low death rate even with the exaggerated death tolls, btw they count any person dying who has covid as a covid death even if said person did not die of the covid virus.


The reason why the virus can spread so fast is because of globalism and because you can order anything online so if said piece of cargo contained viruses then everyone is almost guaranteed to get infected.

    
Car crashes could be prevented if you banned alcohol because alot of deaths are caused by drunk drivers but nobody is willing to make the thing illegal even though drunk driving causes more deaths than even covid, The actual reason why it stays legal is because the elites have stakes in certain companies, It's similar to the issue with fossil fuel companies and big pharma.

  There will always be viruses, That's something that cannot be changed but the media would like you to believe that it can be stopped via this magical vaccine that in actuality will only be a temporary fix until some other plague or virus comes among.



I'll just stay camped in my room for five more years until this thing is allowed to blow over which is a pain but what more can be done really and that's implying the elites will go by what they say which is unlikely considering how trustworthy they have been in the pass.

When people kiss they spread spit/saliva should we ban kissing because of that even though the act in question causes no harm to anyone else, Spreading tiny particles of saliva is not a big deal unless some idiot decides to lick or eat off the ground like a moron.


If enough people get the virus and survive then we will achieve herd immunity which is a good thing and if these tactics are bad then why does sweden have the least amount of the cases despite not mandating masks and keeping the public opened",1.0,AskReddit,2020-07-30 03:38:15
"Someone close to me believes the vaccine for covid will actually be a chip. Like I had read that before but hearing it from someone I know was a wild experience. 

I was talking to someone and they said Oxford had made a vaccine or was in the process of doing it and then this guy drops this bomb of bullshit, “don’t you guys know the vaccine is a chip?” I. Was. Dumbfounded. My face expression had never changed so quickly. I said how he could possibly believe that to be true and had the audacity to say “you would know it if you went to a Christian church”. I was livid. I asked him if he had any idea how other people made fun of those who believe that and he said “I know. But they are naive”. Just when I thought he couldn’t said anything dumber. 

I’m usually a person willing to argue with people when they are wrong but this was a lost cause from the beginning. He’s always like this and just doesn’t change his mind even when you present him evidence. I just left. No matter what I said he’d still believe the vaccine is a goddamn chip. 

This is what religion does. Believe in whoever you want. You can believe in Danny DeVito for all I care but let it take you too far and you’ll become an imbecile.",7.0,AskReddit,2020-07-30 05:05:41
"  A vaccine for COVID-19 will be available by late next year, possibly even sooner.  
    
  By the year 2024, India will have surpassed China in population.  
  
  By the year 2025, major phone companies will have developed a phone that has an expandable screen so that it can switch between a phone and a tablet in mere seconds.  
  
  By the year 2030, most stores that don't have online shopping will be out of business.  
  
  By the year 2035, Amazon will have drones that can deliver small packages right to your doorstep.  
  
  By the year 2040, we will have developed those cool phones you see on TV where the screen is visible from the back of the phone.  
  
  By the year 2050, real hoverboards that actually hover will be a common form of transportation.  
  
  By the year 2060, over half of the world's population will be atheists.  
  
  By the year 2070, mankind will start colonizing Mars in small groups at a time.  
  
  By the year 2080, humans will have genetically modified themselves with inserted genes and robot parts in order to increase life expectancy and intellect. Karens will still exist but they will be named Jennifers instead and they will think that inserted genes give your kids a shorter life and make them dumb and weak.  
  
  By the year 2100, the population of Mars will be somewhere between 10,000 to 100,000. Also, modern medicine will have developed enough to have a cure for almost every disease or virus that is currently known. There will probably be more advanced diseases that are deadlier and more dangerous than the diseases we know today, but mankind will keep developing vaccines and cures for those diseases, then new diseases will arise, etc. 
  
   By the year 2125, we will have hovering cars. Not flying cars, just cars that can hover about a foot off the ground. There will also be power stations all along the oceans so that cars can drive across.  
  
  By the year 2150, there will probably be another major war and it will probably be the bloodiest war in all of history and we will fall into another great depression.  
  
  By the year 2250, we will have flying cars. Not hovering cars anymore, cars that can actually fly like an airplane. Trans-Atlantic gas stations will either be destroyed or abandoned, and most cities will get rid of their roadways to clear space for buildings.  
  
  By the year 2500, scientists will be on the brink of inventing teleportation, but it will not be safe for humans to use for about another century and a half.  
  
  By the year 2700, flying cars will be obsolete and teleportation will be the optimal way of travel.  
  
  By the year 3500, humans will have developed intergalactic space travel and people will visit other planets and galaxies just for vacation.  
  
  The world as we know it will end in 5 billion years when the lights go out on the sun, but humankind will have moved on from Earth and are now living on thousands of other planets just like Earth.  
  
  And finally, the entire universe will end in 100 trillion years.",2.0,AskReddit,2020-07-30 05:18:06
"Covicaine-420. Like cocaine, but also a vaccine for Covid-19.",1.0,AskReddit,2020-07-30 06:11:54
"Vaxer, He has covid vaccine.",1.0,AskReddit,2020-07-30 06:41:43
No vaccine for Covid-19.,1.0,AskReddit,2020-07-30 07:00:56
"I actually met someone Tuesday who believes that the eventual covid vaccine would be used to implant tracking microchips.  I honestly thought THAT level of dumb was meme-level mocking if the standard level dumb.  He fully believes it.  Meanwhile, has an iPhone he does business on, uses tic Tok, has an Apple Watch and an exercise/running tracker with GPS Linked to his iPhone.  Uh, brother, they’re already tracking you, and you PAY THEM to do it.  He says that’s different, because it’s not the government.",1.0,AskReddit,2020-07-30 07:48:43
"Pre-covid, I was a producer for a cappella groups. I did everything from masterclasses, to arranging, to recording engineering, but primarily I did editing and mixing for studio albums. I loved it so much, especially working with the younger groups and watching kids fall in love with music just like I did when I was their age. It was so surreal back in March when all the school closed so suddenly, almost all of my clients are high school and college groups. Projects I had planned out to support me for the next months vanished. I’ve since shifted gears a bit to recording vocals myself for EDM artists, and I do enjoy it, but nothing I do alone in my apartment can compare to singing in a room with 15 other people who are passionate about the same thing you are. Please stay home, wear a mask, and make sure everyone you know gets the vaccine once it’s available. I miss my job so much.",1.0,AskReddit,2020-07-30 08:37:29
"They already have a coronavirus vaccine the govt are hiding it ! (Coming from an antivaxxer, no idea if he wanted one or not) . Proceeds to send a german language publication / patent for a “coronavirus vaccine” . Except that coronavirus vaccine was for a strain of flu. He didnt understand coronavirus are a type of virus even after using the analogy that flu is like a house cat , while covid-19 is a tiger, but they are both *felines*. No reply except for “ok” .",1.0,AskReddit,2020-07-30 09:59:59
"COVID-19 is a hoax ""there going to come with a vaccine and profit from that"" he says after i mention the huge affect this REAL pandemic has on the economy.",1.0,AskReddit,2020-07-30 10:19:35
"Oh yeah certainly agree with the last part.

Or if the guy on the other track is actually a brilliant scientist who is on the verge of creating a vaccine for covid or something extraordinary like that.",1.0,AskReddit,2020-07-30 10:50:54
"My eldest brother's girlfriend of over ten years, who is otherwise very smart and well-spoken, insisted to my family that medicine was a scam and that all you needed to be physically and mentally healthy was a good diet, good sleep routine and plenty of exercise. 

This didn't exactly sit well with my brother, the chemical engineer who is currently part of a team working on developing the COVID 19 vaccine, nor did it sit well with the entire rest of my family, especially my mother, who has Type 1 Diabetes and will die without insulin, and me and my remaining two brothers, who are all profoundly asthmatic and will die without our inhalers. 

We've talked about the encounter quite a few times since and all agree that, for such a smart person, she can be incredibly dense at times.",1.0,AskReddit,2020-07-30 11:07:26
"A significant number of people I talk to are saying they will be hesitant to get a covid vaccine as it is too new and they don't know the long term side effects. I'm just wondering if there was significant resistance to other vaccines at the time those diseases were more rampant and those vaccines were new. I'd imagine there was less resistance at that time as there was more trust in physicians and science, with less anti science anti vaccine propaganda",1.0,AskReddit,2020-07-30 11:15:36
"Obviously the Priest is up there telling the people that the COVID vaccine is a chip! /s

Have you ever been to a church? do you think that religion just magically makes people dumber?",1.0,AskReddit,2020-07-30 11:19:05
"I'm in biotechnology manufacturing. My company is producing covid vaccine drug substance for clinical trials. I'm in charge of a key component of that process. What really gets me through the day is I really like my coworkers and supervisors. Without good colleagues, work sucks.",1.0,AskReddit,2020-07-30 11:25:32
"&gt; Come on man, you can’t be serious deflecting blame from China. The entire world is suffering because they knew they had a dangerous virus spreading and didn’t alert until way too late. Plenty was done by Trump to try and stop it, including banning travel from China in January, but with infected people being in America as early as December, there was no way. Nancy Pelosi was telling people to go out and eat in Chinatown at the end of February.

China knew they had an infectious disease, but didn’t understand the magnitude of it probably until it was too late. It’s a perfectly human thing to underestimate the unknown. And once they did know, they took it very seriously, locking people in their homes back in January. How long before Trump decided we needed to quarantine anyone? Did he ever?

He first appeared in public with a mask two weeks ago - that’s about 7 months too late for the leader of the country. He tossed the previous admin’s pandemic plan, schemed to profit and have his family and friends profit by selling medical supplies to the govt at a markup, and is manifesting to profit from a vaccine. His family, the admin, and republican governors have been just as irresponsible in their leadership and publicly have downplayed and even called the pandemic a hoax.

He was not proactive on stopping air travel - the airlines were. They stopped flights in and out of China starting in January, weeks before Trump made any official edict. 

Where did you find evidence of people with Covid-19 in December? And why does Nancy Pelosi’s comment matter? She doesn’t call shots.

&gt; Seriously speaking, I can’t see how having a trade war with China is a bad thing. Their government is literally the largest source of evil in the world today. The reality is that Americans are crying about hurt feelings while they are cold blooded and playing for keeps. I’m ok with manufacturing going elsewhere as long as it hurts China. And I say that as a person with Chinese nationals as dear friends.

If you want to dispute the trade war with me you’ll need to do more than agree with it. Do you know who pays all those tariffs? We do, because much of the goods are produced *by* American companies. Most of these companies are just moving production to another foreign country, not back to the US. 

China increased tariffs on goods coming in as well, so we lose again...

Look, I’ve been strongly critical of of Mao for my entire adult life and of their lack of respect for international IP laws since the late 90s when Clinton and the US government let them absolutely trampled Japanese electronics companies. But are they the kings of mass surveillance? Oppression? Hardly. Perspective is a bitch. 

&gt; The reality is that Americans are crying about hurt feelings while they are cold blooded and playing for keeps.

What are you talking about?

&gt; I’m ok with manufacturing going elsewhere as long as it hurts China. And I say that as a person with Chinese nationals as dear friends.

You have no clue what you’re talking about. Your friends don’t either. Why don’t you ask someone or research this instead of just repeating things you’ve heard and deciding that that is the correct path for an entire country? Why do you want to hurt another country??? Of all the countries in the world We don’t don’t want China’s economy collapsing, particularly since we’re highly dependent on them for goods, they own your mortgage debt, and they are an enormous growing market for American companies to enter. Also, the American targeted  manufacturing is leaving China mainland, but it’s the Chinese who setup factories in Vietnam and Indonesia, etc. They’re not stupid or sitting on their hands.

&gt; Also, our national debt is no problem. So long as we have the worlds largest GDP, our debt is fine. Without debt, my wife and I wouldn’t have our house. Regarding wealth disparity, I’m not very concerned about that. Wealth equality is not some kind of human right, so I’m not sure what everyone has a problem with. More people are wealthier than ever, and in many cases, it’s new money.

The debt you hold and that of the govt are a little different...

You should be very concerned about wealth disparity. It’s the biggest source of crime and it limits the potential output of our economy. 

Saying wealth equality is not a human right is a strawman in this argument. Who is arguing for wealth equality? Some extremely fringe communists that do not represent any appreciable portion of any political party in the US? No, no, no. The argument is to keep people out of poverty and the depravity that follows and rots families and neighborhoods *and our economy*. And it contradicts your lack of concern with the national debt while supporting a govt that prints as much money as it wants. And there poverty rate is about to explode.",1.0,AskReddit,2020-07-30 11:40:39
"""I am not getting a covid vaccine, because last year I got a flu shot and still got sick!""",1.0,AskReddit,2020-07-30 12:58:46
Antivaxxers saying we can't use the covid vaccine  because it will have th virus in it,1.0,AskReddit,2020-07-30 14:15:54
"Me and my coworkers were talking about the scientists that are working on the vaccine for covid and how smart they would have to be. My boss overheard the conversation and said "" Put them scientists on the back of a backhoe and see how smart they are.""",1.0,AskReddit,2020-07-30 14:32:35
"That's actually pretty much the strategy.

The restrictions and other anti-COVID measures are to _slow the rate_ of the disease spread so that people who have severe symptoms can get adequate treatment and have better outcomes. Without a vaccine, people expect 60-70% infection rates eventually, then herd immunity would  kick in -- the goal is to manage the speed of spread so that the healthcare systems aren't overrun and people don't die/suffer needlessly.

A secondary benefit of that strategy is it buys time for a vaccine to be developed (which is looking likely, thankfully).",1.0,AskReddit,2020-07-30 14:49:57
"Next big discovery would be a Covid vaccine that is safe, totally effective and lasting. Life could go back to normal.",1.0,AskReddit,2020-07-30 16:18:03
"The Trump years (so far):

Freedom caucus, O'Reilly, Rush Limbaugh, Hillary

All Lives Matter, birther lies, MAGA build a wall

Tax kabuki, Steve Bannon, Sean Spicer, Michael Flynn

North Korea, 'nice to see ya'; Muslims must go home

Herman Cain, Ted Cruz, Ben Carson, Jeb Bush!

Brexit, the FBI, and the 'effin Twitter lies

Lock her up, WikiLeaks, GOP looks real weak

Gerrymander, grab their pu**y, email drama surprise

Chorus: We didn't start the fire, It was always burning, Since America's yearning; We didn't start the fire, no we didn't light it, but we need to fight for it.

Comrade Putin, Kiselev, Kushner, and Kiev

Comey fired, Muslim ban, Communist plot

Roy Moore, Michael Cohen, rising seas, Paris done

DA-CA kids failed, healthcare almost lost

Epstein's Gulfstream, Stormy and some sordid memes

Stephen Miller, Jeff Sessions, acting leaders, no questions

NATO, what a mess; Canada, foolish threats

Corruption, obstruction, blackmailed by the Russians!

Chorus

Parkland, bumpstocks, Thousand Oaks, just talk

Fake news, crowd size, over 20,000 lies

KKK, Tiki torches, Nazi's storming Charlottesville

Puerto Rico under tides, opioids and suicides

Dorian Sharpie, trade wars, Giuliani, Census forms

Tax cuts, bankrolled, the GOP sold it's soul

MeToo, embassy, NAFTA and TPP

Kids in cages, sh*tholes, ICE thugs on the payroll

Chorus

Kavanagh, Lindsey Graham, Supreme Court in frat boy hands

Kim Un, Putin, all are laughing at him

Kurds betrayed in Syria, Mueller reporting mania

Vindman, Sondland, Schiff the prosecution

Mark, Jim, Moscow Mitch, all lying sons of b*tch

Impeached, DOA; please forgive us, USA!

Chorus

No control, golf again, Russian bounty on our men

COVID, ""a hoax"", no tests, false hope

Barr, Pompeo, stock decline, grandma on the firing line

Quarantine, no vaccine, hydroxychloroquine

A whole country, unemployed; hundred thousand people died

George Floyd, protests, ""Law and Order"", Lafayette

Voter rolls are being purged, US under martial law

Never ending culture wars, I can't take it anymore!

Chorus",1.0,AskReddit,2020-07-30 17:30:24
A viable covid vaccine,1.0,AskReddit,2020-07-30 18:11:50
My mom and her boyfriend both believe that bill gates is behind Covid and they think the vaccine is going to have microchips for the government to either read our thoughts or control them. They think the whole government is in on it and that the masks actually damage the immune system. I always used to think she was super smart because she’s an engineer but her lack of understanding/acceptance of basic scientific facts since is disquieting to say the least,1.0,AskReddit,2020-07-30 18:14:12
"But the problem is there is no vaccine for covid yet, so more people are getting it and the total deaths is greater, which is what we are seeing",1.0,AskReddit,2020-07-30 19:21:47
"Clear direction from day one? One of the first things he did was begin to stop travel, after that he began funding companies developing a vaccine. Thats pretty much all you can do at this point. In hindsight you can critique him all you want but especially in the early stages, trump did well.


How in the world are big corporations allowed to operate normally? There is no way corporations just operate like their pre-covid operations. I can guarantee there have been changes in the way businesses operate. For you to say that is simply not true.

I never said he did nothing wrong, im just saying according to the information he was given at that time, I would say he acted well.

Trump is not mad at chinese people, he is mad at the chinese government for not telling them soon. China has a very very corrupt government and they tried to cover it up. The coronavirus counts were way off.

People loose their minds on free education because they had to pay for their own education, so why should some young kids just get to freeload when older people still have debt? 
On top of that most Americans have Healthcare provided via employer. 
How will these programs be funded? Taxes. The government is going to tax everyone more. In the end people will end up paying for services they won't use. Why would a 60 year old want to pay for someone else's education? Why would someone with health insurance want to pay for someone else's health insurance.

People simply don't get anything out of it.


Bro what does brown amd black people have to do with this conversation at all? If you mentioned lower class, that would make more sense.",1.0,AskReddit,2020-07-30 20:09:48
Covid vaccine,2.0,AskReddit,2020-07-30 20:37:13
Donate to COVID vaccine projects,1.0,AskReddit,2020-07-30 21:46:38
"Me and my families Experience Having Covid 
The explanation below is just MY experience and thoughts, and I want to preface that I know others may have had a different one.
Many weeks ago, Joe and I tested positive for Covid after having some guests over who came up positive after visiting us for the weekend.  We had two amazing dinners staying up way too late drinking wine and laughing, board games, boat rides, and the guys all played golf with my dad.  That night after finding out, I had a low grade fever and was immediately like....""YEP, I've got the Covid!"" That was my worst night with a fever that only got to 100.3 along with the chills.  I took some Tylenol, said my prayers, thanked God for His providence and allowing me to get it and knowing I'd be fine, and slept like a baby with perfect peace for ten hours.  The following day, I had a slight fever maybe once or twice but mainly tired.  I took some tylenol, drank some gatorade and had a slight cough.  Day three, my eyes felt heavier than usual so I took a nap and still had a slight cough.  The following three days, I had some stomach issues if you know what I mean, and was more tired than usual.  Day 7.... no symptoms and I was back to working out again.  We spent the next week continuing to quarantine... then broke out of jail testing negative! Joe had no symptoms the first three days, other than a 99.2 fever the first day.  The next three days, he had a slight cough and fatigue (he slept later and took naps which he never does lol).  The following week, he was fine.  We spent the week taking the boat out, he worked, and we caught up on things in the house. 
WHAT THE DOCTOR SAID AT OUR VISIT: We went to the doctor in Highland Park close to Dallas Love Airport who works at a private clinic and has been treating Covid patience since day one.  We of course asked him his thoughts on the situation.  He said he has seen hundreds of patients, and Covid is more contagious than the flu, slightly more fatal specifically for his obese/diabetic patients.  He had a patient in that category that did pass away and mentioned he would of not handled any type of pneumonia, flu, or Covid very well at all.  He then said the whole thing is totally overblown and has unfortunately become political, specifically since there is over a 99% recovery rate.  He said why would they shut down the economy for this and panic the masses?  We asked him what we should take.  His answer...""NOTHING"".  JUST REST AND TAKE TYLENOL IF NEEDED AND YOU WILL FINE.  We asked him about hydroxychloroquine and his thoughts.  He said, ""I treat Covid patience all day long and I have it right by me on my night stand in case I ever need it"".  He said you only take it if your symptoms get bad, but it definitely works.  He recommended to take it along with a Zpac and zinc and it works better in the beginning of harsh symptoms.  We asked if we needed it, he said no unless we wanted it.  Joe said..""I'm 61 and want it!""  So he gave us a quick EKG and prescribed it, but we never took it.  He said he is a fan of vaccines, but absolutely thinks this medication works, but the problem is, it cost a penny to make, and his exact words were ""Fauci and the pharmaceuticals can't get rich off that.""  He said there is an obvious spike in young people since they were finally let out of quarantine and its summer time.  We asked about getting it again.  He said he has had zero patients get it again,  a few that took three to four weeks to test negative, and that they don't think the virus is mutating and if that is the case, there's no need to take the vaccine.  
PART II ..... My dad played 18 holes with the guys over that weekend, he got the Covid and so did my Mom after that.  My dad had zero symptoms other than a slight cough.  Now my my Mom is the perfect example of someone AT RISK!  She is 73 and a breast cancer survivor and has had way too much chemo and radiation.  Her symptoms were a slight fever and diarrhea.  That lasted about a week and a half and then she was fine.  She is currently in Florida on vacation with my dad.  

SOOOOO.... in conclusion.  Nobody wants to get sick, including me and my family. You take common sense precautions, BUT... you don't live your life avoiding it.  We live in a fallen world and people get sick..  And like my dad said, when it's your time...it's your time.  I have to enjoy the days I have left.  We didn't want to get the Covid, but now that it's over, we are all honestly glad we did.  Get it behind us and move on with life. 
Someone asked me would I have had my guest over again? And the answer is, ABSOLUTELY! I WOULDN'T CHANGE A THING AND NEITHER WOULD MY PARENTS.",-1.0,AskReddit,2020-07-30 22:14:08
"“It’s good—it’s natural.”

Natural does not equal good. COVID-19 is natural. The vaccine to prevent it won’t be.",232.0,AskReddit,2020-07-30 23:06:44
Any proven vaccine for Covid would be welcomed by more than most of the nation at this point.,4.0,AskReddit,2020-07-30 23:38:03
There is a COVID 19 vaccine but only 10 of them,1.0,AskReddit,2020-07-30 23:41:05
"I'm doing covid vaccine research, which is pretty exciting.",2.0,AskReddit,2020-07-31 00:15:04
"Okay. So. We never got tested for covid-19, but after talking to a doctor recently, my mother has confirmed back in January me and my family (two brothers, one sister, two parents, me) very possibly might have had it seeing as we all had most of the symptoms. We all got sick, first my baby brother (1yo) then my little sister (10 yo) then my big brother, (16 yo) then my parents (m,38 yo.d,40 yo) and I got sick last. (14yo) I thought we all were gonna die. This was before the spike TRULY began, and before we went into pandemic mode. No no, this was as scientists were just beginning to speak about a ""new contagious virus"". 

For around a week, my mom was using a little machine to suck all the snot out of my baby brother so he could breath properly. He got better the fastest. My mom and sister then got what my baby brother had. Sister was fine, she only had slight breathing problems, and a fever. But she could still act like the hyper ass she was. Mom was trying to function, and hacked everything stuffed up in her. Soon my brother and dad got it from helping take care of my mom and sister. Dad was bedridded with 102° fever, muscle pain, problems breathing, etc. But he could still talk be function, he just couldn't get up. Never was I so scared for my father's life. Then my brother. 

That mo'fuckin bitch HAD 103° FEVER, AND LEG CRAMPS. BUT HE MANAGED TO PUSH IT OFF LIKE IT WAS NOTHING. I honestly applaud him for Basically saying ""fuck you, I'll do what I want bitch."". Then I got sick. 

I was bed ridden for two weeks. Not by choice of course, my legs literally cramped up so bad I was stuck in bed. I had constant migraines which led to me vomiting a lot from the pain, and I had a fever of 101°. I was online, praying my friends were there, but they were afk. So I was stuck in my room, bedridden with God knows what, for two weeks. After two weeks my body fought off whatever attacked me. And I went back to my daily life. 

Now that I think about it we very much possibly could have had covid-19. And if I find out that's exactly what it was, I will update this. If not? Then idrk. 

As of right now, my state is not in the red zone, but we are close to a red zone. But not that much. I am taking every precaution I can to make sure I dont get sick, not for my sake, cuz I could give two shits about my health. But for my family. I dont want to deal with any more sickness bullshit, and I pray to God that we will be able to find a proper vaccine, or even a cure soon


To anyone who reads this, and has suffered from covid 19 but has lived, stay strong you stronk motherfuckers.",3.0,AskReddit,2020-07-31 01:17:58
"Ive heard about this. And like I said, I still have mixed emotions about him. I agree with the fact that he needs to be careful with what he says. The deciding factor is if he keeps his promise on getting a vaccine before the end of the year. But in my state, at least, the governor has been putting covid patients in nursing homes, hoping to kill elderly Americans because the majority of them support Trump, which is outright evil, regardless of political party. The massive amount of deaths in this country amongst elderly isn't just his fault, state governments are also to blame.

With that being said, I respect your opinion(s), I just ask that you at least respect my opinions as well :)",1.0,AskReddit,2020-07-31 01:40:29
"Please forgive the length of my saga. It’s a harrowing tale of a trip to Hell and not quite back. If gory details bother you, I suggest you avoid me.
SF Bay Area here. In January I’d never heard of COVID-19. I got very sick and thought I had influenza that had turned into in a secondary respiratory infection.
But— I’d also broken my leg in December (and didn’t know that either at that point.) I didn’t see a doctor for either issue because of insurance and $$$) I’ve never been so sick. 
I would tend to myself, so I ordered cough medicine (that I later learned could exacerbate COVID) and got Mucinex and all the OTC things I could remotely think of from Amazon, and I ordered 500 mg amoxicillin capsules from an online pet retailer. I was so weak and in such pain I couldn’t walk to a bathroom. I’d lower myself into an ikea chair and roll slowly. 
I couldn’t make it as far as my kitchen so I ordered catfood, cases of Perrier and few pepperoni pizzas—because the meat has preservatives and all I needed was food poisoning! I left the food and water and a huge trash bag near my bed. Thank god it was winter and cold! I couldn’t taste it.
My illness began in early January when I had fever, and excruciating aches and pains. Terrible, worse than the avulsion fracture pain. After 3 weeks I could tell I was much better. I attributed it to time and the antibiotics working on the secondary infection after “the flu.” Then, one day BAM! it returned. With vengeance. I coughed and coughed and coughed I thought I’d cracked ribs. One Thursday the middle of February I coughed up a decent amount of blood and finally limped to an Uber to see the doctor. She immediately sent me to the ER to get my lungs/ribs and leg x-rayed. She scolded me for buying animal antibiotics, then shook her head and wrote me a prescription for the *exact* same amoxicillin I’d gotten for my “fish tank” plus other stuff like an inhaler. We talked about the mysterious new virus, but dismissed it in my case because I’d had it back in January, when we were told it wasn’t in the US. She said it was a secondary infection after presumptive influenza (even though I had the extra-dose vaccine because I’m over 65)
At the ER I learned I had pulled rib cartilage away from my sternum, and that I had an “avulsion fracture” of my fibula. (Google it—You don’t want one, I promise) I was told to see an orthopedic surgeon for the leg. They also x-rayed my lungs: yup, pneumonia, and drew lots of blood. I was anemic- probably from a month of nothing but cold stale pepperoni pizza and Perrier.
I was kept a day or so and given Oxygen, IV fluids, B-12 shot, antibiotics, and a morphine drip. I was then released with a walker, a big black boot, Percocet, and told to see my doctor again within 10 days or sooner. Also to return to the ER if I became worse. 
I got better! Even my ribs and leg seemed to be healing nicely. 
When the 10-day deadline rolled around my doctor’s office was closed. She was only seeing patients on FaceTime, or sending them to the ER. 
So here’s the fun part: last month I went across the city to see my family for the first time since Christmas. I started vomiting and having horrible abdominal pain. I passed out and my daughter called an ambulance. My mesenteric artery had decided to rupture and I nearly bled to death internally. I was admitted and in ICU a couple of days and in regular room about a week. They diagnosed me with an “idiopathic mesenteric ischemic event.” My vascular system is all fucked up. 
I was tested (negative) for COVID-19 while in ICU, but the doctor who called himself the “Covid Guy,” said he suspected I had it back in January, but he didn’t have an antibody test for me. He said they’d retroactively learned of pockets of COVID-19 cases existing in San Francisco area as early as November 2019!
I’m still recovering from the leg, the pneumonia-(covid?) and the arterial rupture. It’s been hellacious, but I’m a tough old bird. As soon as I can get tested to learn if I have antibodies, I will. I’ll donate plasma to help others. Some kind stranger donated blood so I could have a transfusion last month. I’m grateful and alive because of it.
Stay safe, Redditors. It’s real and it’s appallingly dreadful. 
Wear your masks. I have trouble breathing in mine, sure, but now I have trouble breathing *without* it because of some damned germ. You won’t catch me out of the house with my face hanging out all willy-nilly.",2.0,AskReddit,2020-07-31 02:02:57
The cure/vaccine to Covid-19,1.0,AskReddit,2020-07-31 02:19:33
"I’m on month five of recovery. I was hospitalized for over three full months, most of which was in the ICU and in a coma. I lost 80 lbs of muscle mass. I am only very recently able to walk. Ten pounds feels like 30. I lost seven toes. My heart rate is still elevated. I had every possible symptom and was essentially dead on two separate occasions while in the hospital. I haven’t been able to shower in about a month because I’ve got casts on my legs to keep my Achilles’ tendons straight because they shortened from disuse in the hospital. My parents have to wipe me when I use the bathroom because I don’t have the strength to do it effectively myself. This is humiliating because I am a grown adult. People talk to me like I have an IQ of 30 when they see that I am not very ambulatory, which is hurtful, because my brain is fine. My hemoglobin level is at 11.9 and should be at around 16. I have been in a wheelchair for months and have only just started using a walker. Both my lungs and kidneys failed completely in the hospital. Sometimes I have to pee and I have to sit for twenty minutes waiting for it to come out. I’m still having recurring nightmares from the hospital. They’re violent and terrifying and keep me up for hours at night. I have only recently recovered enough gluteus muscle tissue so that sitting in a normal position doesn’t destroy my tail bone. I can see the outline of my skeleton under my skin. Oh, and my hair is falling out. I will probably go bald now. My fingernails didn’t get enough nutrients in the hospital and so now they’re slowly falling off of my fingers one at a time. I have very little sensation of touch in my left hand and it feels what I would imagine arthritis feels like when I bend my fingers. My favorite food also tastes bad now, which is either because of the medicine I’m on or because COVID decided to ruin that for me too. I’m on heart medication now and I have to take blood thinners every day because my blood thickened to the consistency of maple syrup while still sick. Hospital bills are also a stressor during recovery. If I didn’t have insurance I’d be looking at 15 million (not an exaggeration) dollars of debt.

Another aspect of recovery, in America at least, is that people look at me and tell me I’m lying. They tell me that masks are a conspiracy and that COVID isn’t real. Tell that to my feet that have nubs for toes now because they died while still attached to me. They look at me, see the scar from the hole in my throat and from the cannula put in my neck and try to tell me it’s because of radio waves. I didn’t sit through over 100 days of literal dying only to come back and be told it meant nothing and is just a ploy by the democrats. That kind of behavior from people is honestly more mentally taxing than being told by the occupational therapist that you should be a vegetable. In addition, I look around me and all I see are people going out and partying and going to restaurants and taking photos with the mask on their chins and in general just having a great old time - like, they quarantined for two weeks, so they did their part - it’s time to go back to spreading death to the masses! Even people that are close to me. It hurts me because it’s like my example means nothing to them. The worst of it all is that my own father pulls the “I can’t breathe through my mask” thing and doesn’t wash his hands even after seeing everything that happened to me. Even worse - I’m a biologist. I’ve spent the majority of my adult life thus far studying the chemistry of the body and, hilariously enough, microbes. He still tells me the flu vaccine gives him the flu and that’s why he hates vaccines. Even after all this. I’m still wrong about everything. So that is a personal struggle I deal with because I had to move back into his house to get help because I can’t really get around or cook or use the bathroom normally. Mentally I am absolutely done with humanity.

No offense to anyone, but almost every time I see one of these posts it’s about how people think they lived through literal hell because they had a stuffy nose and a headache. You have no idea what I would’ve given to have gotten snot and a headache. COVID broke my perfectly healthy body, took 2020 from me, most of my money and almost my life. I am a living statistical anomaly. I should be just a number in the count of total COVID deaths.

Wear a mask and be nice to people.",11.0,AskReddit,2020-07-31 02:36:44
"covid vaccine

""no results""",2.0,AskReddit,2020-07-31 03:33:43
"I'm nurse and another nurse said to me that his polio vaccine would grant him immunity to COVID-19, 2 days later he tested positive to COVID-19.",1.0,AskReddit,2020-07-31 03:41:01
"Symptomatic just means showing symptoms. 

Herd immunity is protection from an illness because you're surrounded by other who are immune. There is no vaccine or immunity to COVID-19, if one person contracts it and goes to a not 100% protected area with many other people, it's going to spread

Also it takes up to 2 weeks for symptoms to show up, everyone the infected person came into contact with in those 2 weeks can be at risk for having contracted COVID-19",1.0,AskReddit,2020-07-31 04:22:16
"One I'm hanging to try at karaoke (probably not until there's a COVID vaccine though...) is Nightwish's Sleeping Sun, but in the lower key used in Dan Vasc's cover of it.",3.0,AskReddit,2020-07-31 04:22:22
Those everyday nut jobs are still but jobs.  Rational adults don’t believe that COVID-19 is an escaped bioweapon or that Bill Gates wants to microchip you using a vaccine.,2.0,AskReddit,2020-07-31 04:23:21
Asking for after a Covid vaccine has been created and widely distributed.,1.0,AskReddit,2020-07-31 06:03:35
Why do I read the news about viruses being mutagenic? I saw some article of a monkey that looked like a zombie on the news. It looked ridiculous and like a horror movie but in real life. Like the news wants me to believe we will turn zombie like because of covid or because of the vaccine or some other freakish event,1.0,AskReddit,2020-07-31 06:40:05
"it doesn't need to be worse than COVID. If it was more deadly, it wouldnt be as infectious. Ebola didn't go pandemic because it was worse. COVID is the perfect balance. It's literally airborne brain damage/strokes/lung damage. with the possibility of chronic infections, no vaccine and reinfection it IS the world ending virus, we just havent accepted it yet. Take a look at r/COVID19positive if you want to see the future of 1/3 of the world in a year or so.",1.0,AskReddit,2020-07-31 07:20:23
"imagine if it does hit earth. all the progress towards the covid vaccine gone, money would be worthless, and there would be no way to come back to what we were if anarchism just erupted",1.0,AskReddit,2020-07-31 08:30:14
"Everyone wheres a mask; rioting on the streets is over, and that the number of cases decrease. In the next six months the Covid would be gone. The vaccine will be mass distributed, and life will come back slowly. However, you know this will probably never gonna happen. People nowadays are a bunch of idiots!",1.0,AskReddit,2020-07-31 13:50:05
"Please bear in mind that death isn't the only negative outcome. It'll be years and years before we know what the long-term effects of COVID-19 are on developing children and teens. We've already seen evidence of permanent scarring in the lungs, long-term damage to the heart, brain damage from reduced oxygen during the period when they were sick, and an uptick in strokes, blood clots, and heart attacks, just in people who are a few weeks post-recovery. This isn't something to take lightly, not just for the safety of parents and grandparents, but for kids who might be suffering permanent health issues long after we've got a functional vaccine.",2.0,AskReddit,2020-07-31 17:25:03
"For my job I would have gotten certified and gotten my next belt (I work at a martial arts facility). I would have also had the opportunity to meet the second highest ranking belt in my style of Jujitsu.
For my regular life, I would've been able to meet my friends again - my parents are super anxious about corona and I haven't seen anyone I know in four months. I also would've gotten my driving license.
For school, I will be missing out on my career based course. This one upsets me the most because I'm very passionate about teaching and I have to push it back a year. It upsets me more knowing that the subject I want to pursue, Anatomy, has to be taken this year so I can take the follow up courses next year. It feels really bad to not do dissections while taking high school anatomy.
For myself, I would be in much better shape. I would also not be as sick (I don't have covid it's just that my parents really like the go ham with the thermostat). I wouldn't miss out on so many opportunities concerning everything. I'm willing to give so much for this crisis to end and I feel miserable knowing that by myself, there is nothing I can do. I just have to wait until it dies or it gets cured with a vaccine. Until then, I am confined to the prison I call my home.",1.0,AskReddit,2020-07-31 18:37:29
I want a covid vaccine and also I wish for the big fat yes I am waiting for.,1.0,AskReddit,2020-07-31 19:46:04
I would be in South Korea with my gf when the budget allows it. But not for fun or so. Im an BatIM Fan and there is an cafe called the Yeon Namdong cafe. Its in cartoon style looking like as if you were in the game just with the difference its Black white and not yellowish. But welp thanks to COVID its gonna habe to wait. At least i saved a bit up might be possible if theres a vaccine against it.,1.0,AskReddit,2020-07-31 19:50:22
"Of course COVID is a massive health problem. I don't see how that being true means we should force children, who are low risk to die from it, to take a vaccine that was not tested on children and was rushed to market.  I don't see the logic in it and nobody explained it to me.  What are we looking at with a vaccine, a 50% rate of immunity at best?  Most likely needing multiple booster shots?  

I am saying all this as someone who will be getting a vaccine.  I just think mandatory vaccines for kids when they are not tested on kids is morally repugnant, the type of authoritarian crap that would cause massive resistance",1.0,AskReddit,2020-07-31 20:00:13
"1. I'd still be working with two agencies as a CNA. Now I'm unemployed have cut ties with one agency for expecting me to continue working at a Nursing Home hotspot in March / April, and I currently don't know my standing with my second agency because I'm staying home.   

2. We would have pursued our move in late March or early April. Now that both my fiance are out of work, no reliable income means a move is impossible. No sense in taking on a new mortgage until we're working again.   

3. We'd have been able to set a date for our wedding and started planning. Now it's delayed until a vaccine is available, whenever the hell that will be.   


Covid royally fucked up our year and killed all our bigger plans. But it's also killed more than 150k people and still going strong, so you know what? We still have our health....so who am I to bitch. I suppose I have the right to be annoyed and frustrated, but I'm pretty sure those who died would rather still be here if they had any say in it.",1.0,AskReddit,2020-07-31 20:00:42
"50% rate is based on success rates of vaccines like for the flu and one's they are basing the COVID 19 one on, from what I read with one shot it will probably be lower than 50% with the vaccine on the fastest track.  

The long term health issues from the virus come from people who were hospitalized.  Blood clots are common in all bedridden patients. The kidney damage is from dehydration which is a way they treat it.  Unfortunately the way Reddit abd the news works, they don't discuss the big picture, only what confirms the narrative.  

I know about the vaccines because I been investing a lot of money in companies that research the COVID 19 vaccines.   I have high hopes for the orally administrative vaccine by Vaxart.  If that works it be a game changer, no more shots for kids.",1.0,AskReddit,2020-07-31 20:22:13
The (most likely first) vaccine for COVID is literally named chadox1. Cant get a better name then that.,1.0,AskReddit,2020-07-31 21:16:50
"Honestly, between vaccine or no vaccine for children, I would lean toward children being given a tested in adults vaccine before no vaccine, however in the case that we are able to vaccinate our adult population, vaccinating the kids may not even be necessary as their risk is much lower and the adults are protected. COVID-19 has already been shown to have some pretty awful long term implications for adults, on the other hand giving children an untested vaccine could similarly have awful long term implications and I'm definitely not smart enough to know which is the right choice. I'm also not sure,with how advanced vaccine technology is the days how hard it is to take a vaccine tested in adults and make it safe for children, or if between adull and child vaccines the concern is in the ingredients not being safe for children or if the vaccine may not work as well. Obviously neither way saves all lives, and distance learning is truly awful, but it's still not wrong to wish for everyone to be provided with a safe and effective vaccine as soon as possible, and if child vaccination is the route we decide to take, there's nothing wrong with mandating it for all children attending school- how else can we expect it to work.",1.0,AskReddit,2020-07-31 21:18:53
"Sure, but now tack on other respiratory failures miscoded without a test, coronary failures, neurological failures, standard flu, - all deaths down 50%-60% this year? Come on. Covid is being used for EVERYTHING regardless of it being on the primary cause or not. And those causes are easily 120k of the deaths.


&gt; This is another thing I don't understand about y'all. There have been a dozen studies about the IFR (which, fyi is nothing more than a guess when the pandemic is still ongoing) but you go with the one which literally has the lowest guessed number. It ranges from 0.0002-3.5%. Both of which are ofc wrong. Most of them hover around 1-1.5% so I think it's about that much.

Uh if the serology data puts 20,000,000 with covid as you earlier admitted, the what 10k deaths total for people under 45, the ones MOST IMPACTED BY THESE SHUTDOWNS the fucking IFR is less than the regular flu at 0.0005 - and that's still overestimating deaths and undercounting cases. . 

https://www.cdc.gov/nchs/nvss/vsrr/covid_weekly/index.htm#AgeAndSex

You can't arbitrarily fuck 70% of the population with irrelevant mitigating directives that don't help them but hurt them. Especially when limited options that are used EVERY FLU SEASON in nursing homes would have done just as well. Hell, the only reason we have as many deaths as we do is from government orders to send infected people to those vulnerable demographics. NY, PA, NJ, MD are most of the deaths! 

And before you claim density as a cause of death, the shittiest shithole in the world, Dhavari, with a density multiple times that of NYC, barely suffered a blip without a lockdown. 

There's CLEARLY alternatives that don't involve excessive stressors on the healthy when the virus has an IFR that low. 

Even in the most vulnerable demographic, or all deaths, the IFR is under 1% - hell, even if EVERY cov death was FROM cov, that's 0.65%. Fuckin mcdonalds has a higher death count (obesity). Are we shutting down yearly for the regular flu's 0.1-0.4%? 2018 killed 90k. WITH A VACCINE AVAILABLE. 

But yeah. You do you on the fear mongering. The science doesn't back this bullshit. 

&gt; I think only about 20-30% people are asymptomatic so the overwhelming majority of the people will realize that they had it.

Serology puts that at 50-80%. As do many studies that I don't feel like linking from mobile, but go look it up on your favorite periodical.",1.0,AskReddit,2020-07-31 21:32:21
"I would have gotten married. We’re delaying it until 2021 in the hopes that there would be a COVID vaccine. We were never doing much in the first place for the wedding, we’d rather not plan around social distancing especially with the uncertainty around when my home state will close again.",2.0,AskReddit,2020-07-31 21:33:38
"I feel kind of guilty because while this pandemic has really been awful and I have lost 19 friends across the country to Covid. My personal life has been amazing. Right before the pandemic hit I went to my fiancé’s house to quarantine after a medical procedure. I had been living with my parents but my niece and nephew come over there a lot. I love them but I have an autoimmune disease and small children are germ factories. So my doctors had suggested that until my incision had healed completely I quarantine somewhere away from most people. So, I had planned on staying at my fiancé’s for a couple of weeks. Then the pandemic hit and it hit hard. When my fiancé and I realized the magnitude of it we decided that the safest course of action was for me to just stay at his place until the pandemic was under control with a viable and proven safe vaccine. Knowing that that was going to be pretty far into the future I just looked at him and said, “I think I just accidentally moved in with you. Because it wouldn’t really make sense for me to go back to my parents house after a year or more.” And he looked at me with this confused face and said “Babe, why would you think I’d want you to go back to your parents home?” 

So, I accidentally moved in to my fiancé’s house. And it’s been amazing. I love my parents but they tend to gaslight me when it comes to my health. It’s been incredible to be in a home where I’m supported 100% and listened to. Where those around me listen to my doctors and take what they say seriously and actively keep my well-being in mind.  

Without the pandemic I’d be planning my wedding but I’d still be living with my parents and dealing with the stress that comes with that. So pandemics are awful and horrid but this one brought me a real gift.

(I should mention moving in before marriage is a real taboo in both of our families. My Dad is a Baptist minister and his family are devout Catholics. Thankfully his mom is a nurse so she understood the medical necessity and likes me. And my family ADORES my fiancé. I’m pretty sure they love him more than me, for which I can’t blame them.)",1.0,AskReddit,2020-07-31 22:04:09
A vaccine for Covid. New camera lense,1.0,AskReddit,2020-07-31 22:34:43
"These are all of the things I had planned and booked before COVID:

I would have gone to the PDGA World Championships for the first time ever.

I would have ran in my first Ragnar Trail Relay Ultra team (I’ve done regular 8-person teams in the past but never a 4 person ultra). 

I would have taken my daughter to Disney World for the first time. 

I would have gone to Cisco Live for work. 

I could still go to the USDGC championships later this year but I don’t trust large crowds until a vaccine is on the market.

2020 was supposed to be an awesome year for me and my family, but instead we got this....thanks COVID.",1.0,AskReddit,2020-07-31 22:41:04
A covid-19 vaccine,2.0,AskReddit,2020-07-31 22:49:05
"I would have had a bloody vacation for the first time in now over 2 years. It's my first year at a full time job soon and I'm losing my mind from stress, but there isn't anywhere to go. 

My aunt is a rock solid woman and offered her basement suite for a couple of weeks if my wife and I want to get away from things for a bit. I might take her up on that, because there's almost no COVID cases where she is, and I'm about to pull my hair out. Gonna see if I can avoid cashing in my vacation until the new year after the vaccine comes out.",1.0,AskReddit,2020-07-31 23:06:15
"For the past 4 months, much of the same as I've always worked at home, but I would have seen a lot more movies. I was however planning a trip for my birthday this fall, but with covid and travel being harder, I'd rather be a bit more carefree with a vaccine in my arm. I also wanted friends to come along but I don't want them getting on planes to meet me at the origination point.  


Oh, I do need new glasses, so I've held off on getting a new exam.",1.0,AskReddit,2020-07-31 23:41:49
a freaking COVID vaccine out and working already so we can enjoy the holidays like normal people,7.0,AskReddit,2020-07-31 23:58:04
"My wife and I were trying for a kid. Once COVID started, we decided it would be best to wait until there is a vaccine.",1.0,AskReddit,2020-07-31 23:58:31
"I wouldve still had my job (got laid off in March due to COVID-19) I wouldve probably lived on my own (instead of back with my parents again due to the financial situation). I also wouldve been able to do some upgrading for my job so I could be more certified and get a higher wage. COVID-19 really messed up mine and many other peoples plans for this year. I just really hope that everyone can follow the public health guidelines (such as, simple, wearing a mask, unless of course you have a medical condition that prevents you from wearing one) so we can get this virus under control until the vaccine arrives so we can put an end to it. I'm living in Canada btw if anyone was curious.",1.0,AskReddit,2020-08-01 01:15:35
"I would have made a considerable amount of money, but I wouldn't have met the love of my life. I'm very selfish for saying this, but COVID changed my life in an extremely positive way. Hope we can see a vaccine soon.",1.0,AskReddit,2020-08-01 01:19:27
"Assuming no vaccine by 2021, the USA will have one of the largest COVID immune populations in the world.",1.0,AskReddit,2020-08-01 01:22:06
"""Almost nobody has died of COVID because this one doctor my friend from highschool's brother knows said they're being forced to mark GSW deaths as due to COVID.""

""All that stuff about people dying to pneumonia without being diagnosed with COVID is fake news the Democrats keep telling you.""

""Kids don't spread COVID. This one report from a news organization you've never heard of says so.""

""That reputable peer-reviewed medical journal is fake news.""

""Hospitals are lying about COVID deaths so the government gives them more money. You can't trust their numbers.""

""The idea that *inset drug* doesn't cure COVID is fake news made by vaccine companies to make themselves rich.""

""Only *describes self* are at risk of dying so I don't have to worry about anything.""

""The flu kills way more people. COVID at most only kills 1% which is way less than the flu.""

""I didn't get H1N1 so that means I'm safe from COVID. Also, the reaction to H1N1 was way overdramatic.""

""All the stuff your friend from Oregon who has an almost identical health situation to you if not better is telling you about how bad it is is all him overblowing everything. There's no way he was bedridden due to pneumonia because you're autoimmune disorder doesn't make you more likely to experience that because COVID isn't even that bad.""

""It's all fake anyway since they proved it was here in October.""

""Masks are facism.""

""People who get unemployment are socialist leeches.""

""I have been getting paid my full paycheck for 6 months to work from home and only just had to physically go back to work, and I may get to stay working from home for a while longer. Get off your ass and get a job. The fact you'd have to work 46 hrs/wk at your job, which you are furloughed from, to make even on unemployment is a poor excuse. 100 applications isn't enough. You have to physically go there or they won't consider you. There's soooooo many jobs out there it's super easy. BTW why are you so worried about finances?""",1.0,AskReddit,2020-08-01 01:32:08
COVID vaccine formula,1.0,AskReddit,2020-08-01 02:21:08
