comments,score,subreddit,time_created
"Below is a study showing it has worked.   I am really surprised at how many people are routing against the drug.  It's a generic drug and can be had for 3 cents a pill!  Don't let big Pharma con you into saying it's not effective.  That said, it is most effective when done early because as a zinc ionosphere, it is not letting the virus infect the cells.  So, you would want to do it before the body is totally over-run.  Please note that Fauci is on Bill Gates foundation committee.  They both seem to really ""believe"" in the vaccine method v. finding a treatment.  That seems a bit crazy and. we are in this right now with sick people.  Let's treat them.  This drug has been working in other countries for quite some time.   Please don't discount it and follow the politics of hate on this by disregarding it just because Trump talked about it.  

And, let's be really aware of the other agendas out there.  No one company would make a lot of money on hydroxychloroquine... so, is that why they are putting it down... follow the money.   

[https://www.medrxiv.org/content/10.1101/2020.03.22.20040758v2](https://www.medrxiv.org/content/10.1101/2020.03.22.20040758v2)",1.0,CoronavirusCA,2020-04-08 04:02:41
"Hate to be that guy - since your intentions are good, but to diffuse stats with a positive spin is borderline misinformation. We have a very serious problem with people being disconnected from information on the very real mortal risks. Folks are making false reasoning to reopen and get back to 'normality' - but until there is a vaccine, this is not going away. There will be further outbreaks if people let their guard down, and this site will certainly provide that.

^That ^being ^said, ^good ^job ^on ^the ^design.",0.0,CoronavirusCA,2020-04-23 00:13:34
"I agree with you wholeheartedly. I hate this situation we are in, I hate being home and not having the freedom to just go out, meet up with friends etc. But I would rather make this sacrifice than impact our hospital systems. This is all about flattening the curve and making sure everyone infected has the care they need and decreasing the death rate.

I know it will be awhile before there is a vaccine or even one at all but hope they find better treatments.

Take care and hang in there everyone.. the more we comply the better the chances this SIL will be lifted or relaxed a bit more come the end of May",1.0,CoronavirusCA,2020-04-28 14:46:08
"Damn people really hate Elon here?

Was I the only one watching this guy work endless hours for a decade fighting climate change? I feel like that’s a much bigger threat to our health than ‘rona and he’s done more than almost anybody to personally improve your environment.

Dude has had success for decades by taking the unusual route, now people are surprised? Have they not been paying attention?

Staying at home will never eradicate the virus, only a vaccine can do that. Staying at home forever is not a viable solution...",-10.0,CoronavirusCA,2020-05-09 18:59:51
"The scary things about the antibody tests are twofold:  1. There is evidence that some of these quickly rolled out antibody tests may have a high number of false positives, and/or do not pick up on all the varieties of antibodies, and 2. No one yet knows how long the antibody protection lasts- if at all. I saw one article this week that some people are worried (based on the new outbreak in Beijing) that antibodies only last a couple of months.

Given that we just don't have good information yet, I don't think I would rely on any antibody tests at this point, especially relating to decisions to go back to the gym. Gyms are just never going to be safe until a reliable vaccine is available. I know that sucks, I met my husband at the gym, and we've been together for decades, we were both working at the gym when we met. He's a power lifter, and I like Kettlebells and HIIT workouts that I design myself.  Luckily we took the lockdown seriously in the end of February and built out our home gym (because even by Mid March, you could not get equipment from anywhere)

Gyms are a breeding ground for transmission of any bacteria and virus: from transmission via heavy breathing, to sweat, to ""spit""- all spread around by the ceiling fans and A/C units. Forget sneezing or coughing, those are the least of your worries: droplet and aerosol transmission during a strong breath, a grunt or even just from talking, wiping your face with your hand, towel, whatever, will transmit the virus to any surface- the entire place will be coated in whatever virus anyone is carrying.  And of course stainless steel and plastic are the surfaces that hold onto this virus for the longest.

I hate that this is true, but it is.",1.0,CoronavirusCA,2020-06-22 23:35:46
"Alright, time for the downvotes. We’re POSSIBLY fucked. I hate the whole “just let the sick and elderly quarantine” notion that most young people say when talking about ways to combat this virus, but they’re right ideally. That is the only thing that makes sense, to protect those more vulnerable, because people just don’t give a fuck anymore. There are major outliers of younger healthy folks becoming gravely ill, but that’s what this sub especially, tries to focus on to push the severity of the disease. I’ve known several people who’ve contracted it, with the gambit of outcomes(minus death, thankfully) and most had a fairly easy go at it. My point being, yes TO AN EXTENT, the virus is being over sensationalized. Still mildly deadly, still new to our species, still a lot of unknowns, and I still don’t want it. However, I fully believe  that it’s not going to end up “piling bodies on the streets” like I’ve read multiple times in this and other coronavirus subs, and that the responsible majority like most of us, will continue to help not spread it by masking up and distancing as much as possible. Also, there’s the possibility of discovering several Viable therapeutics, that are proven to prevent death or major complications over the next several months, in leu of a vaccine. That would ease a lot of people’s fear. As well as the possibility of this virus mutating, and become weaker. Statistically, that’s the case for most viruses. Some are outliers and actually become more deadly, but that’s very rare. Anyways, optimism usually doesn’t go over well here so I’ll be waiting for the downvotes! Enjoy your weekend.",1.0,CoronavirusCA,2020-06-27 18:51:11
"It makes sense to be pissed at selfish people who don’t wear masks, but this is the fault of the government; specifically Trump and his admin.

We had a Pandemic Response Team and Plan and he literally threw it in the trash a couple years ago because Obama. 

Our nation should’ve began responding in January. Our nation could’ve opened domestic production of PPE, testing, and began contact tracing as early as January. That’s how we were supposed to do it in the event this happened. We previously had a plan.

If we had testing and tracing in anticipation of it entering this country we could’ve quarantined on individual basis instead of shutting down the economy. We still don’t have a plan to test and trace that actually works. We’re testing for statistics, not containment because it’s too far gone. We reopened because lock down was ruining the economy without any actual plan of management when it should have been contained by then.

We’re shutting down again, with no federal plan again. 

Sure, people are dicks for not wearing masks and we can all hate tourists, but there’s zero federal guidelines or management. What do you expect? 

The people selfish enough to cause this to happen are Trump and his cronies. Betsy DeVos is actively on tv every fucking day preaching to the followers that schools should open no matter what. And a large enough segment of the population will believe her even though she doesn’t make a goddamn bit of sense.

I’ve officially lost my small business to this bullshit. I’ll place my rage where it belongs. Businesses are well within their rights to kick people out and refuse service. The real problem is that there was no attempt to manage the pandemic, so the initial shutdown was just prolonging the agony. And the mismanagement by the government effectively put the onus on random business owners and staff to solve a public health crisis. Also, the decision to reopen indoor dining and bars was the nail in the fucking coffin because that’s indoor and maskless danger, danger! It doesn’t take a fucking scientist to get why that was a stupid idea. Ya think that had anything to do with why people rapidly gave up on masks and house parties started popping up everywhere?! You can drink with no masks on, with everyone, at a bar... well then why not have parties? Mixed messages. Failed leadership. How can you manage a pandemic when you greenlight activities that will absolutely spread the virus and leave people like me having to walk away from my 11 year strong business? 

They better reinstate the fed $600 PUA until this is over. I already lost 3.5 months of work and my business. I will NOT be “making more on unemployment” than when I was working. I’ll be able to scrape by and hopefully rebuild when there’s a vaccine. 

Tl,dr; I lost my business due to Trump’s decision to deny, and not even attempt to manage, a pandemic. People who don’t comply with the rules suck, but it’s ultimately not the fault of the sheep. Blame the shepherd. And finally, bitch better have my money because I can do bad on my own... but I didn’t do bad. I was successful.",1.0,CoronavirusCA,2020-07-14 12:56:26
"So what you are saying here, just to be clear, is that if the legislative bodies would pass a law making masks mandatory that it would then be okay...rather than an executive order, right?

Don’t you see how unnecessarily bureaucratic and expensive that would be? Even if a bill was “fast-tracked” through the legislature it takes weeks of time...time that we don’t have in the midst of a highly contagious infection.

Also, you asked initially when temporary becomes permanent. Having a temporary emergency order put in place is much less permanent than having the legislature pass a law! Once a law is passed, it then becomes mandatory for everyone to comply, for law enforcement to cite or arrest offenders, for mandatory fines or jail time as a deterrent, etc. In short, it takes a bad situation and makes it even worse!

One of the problems we have in America today is the idea that if we comply with what the government has asked us to do, we are somehow a part of “the system”...and good Lord almighty - there is nothing worse in the ENTIRE WORLD than to be part of “the system”!

Seriously though, just step back from your anger at Trump or Newsom...or religion or your parents or whatever it is in “the system” that you want to rebel against and ask yourself “what is the right and compassionate thing for me to do in this situation?” Forget that this is an executive order and instead just do what you know is the right thing to do.

Sure, maybe this time that means you do what a government official is “ordering” (frankly this has been a pretty weak order with not much enforcement behind it) you to do. Yes, they are calling it and executive “order”, but the truth is that this is really a government plea for the masses of people to cooperate. If it was truly an order, it would be enforced by police and members of the military. NOBODY wants to see it come to that extreme. We just want to encourage people, by any means necessary, to wear a mask and take appropriate precautions to avoid becoming another victim or this virus,

The virus doesn’t have any kind of political or religious ideology. It has only a single goal...like any virus, it wants to live on by replicating itself in as many new hosts as it can possibly find! Like the virus, we can only defeat this thing by having a,SINGLE purpose...take away possible new host for it to replicate in! We can each do our part toward that SINGLE goal by taking these proven precaution that have been demonstrated to be effective in deterring the spread. It’s not 100% effective, but it is FAR more effective than rebelling against “the system”.

I get it...there is so much crap in our country and the world that I HATE with a white hot passion! I do all I can to be a part of changing the world to be a better place for future generations! But THIS...this virus...this blight on society as a whole...THIS is not the time to be a rebel! It is not the time to be giving the proverbial “finger” to “the man”! This is a time for people from every corner of the world to be coming together for a SINGLE, resolute purpose...we want to KILL this invader of humanity!

Please, join in and try to become part of the solution! It’s a long and difficult battle...we may be dealing with this in some manner until we discover a safe and effective vaccine. But we need YOU...and as many people as you can influence to join us in this effort. Don’t even think about joining to be part of what the governor is ordering...join us because you know it is the right thing to do and you want to help your fellow man!",1.0,CoronavirusCA,2020-08-28 20:27:24
