comments,score,subreddit,time_created
"I'd hate to be seen as a doom and gloomer, but if one or two vaccines make their way past a successful Stage III trial, and hit the market expect huge portions of the population to completely let their guard down immediately, even though it may be months before they get vaccinated. 

We can assume powerful people and front line healthcare workers will get it first, then the vulnerable, then everyone else. The logistics will be a nightmare - we royally fucked testing in the US - vaccines will be bad too.

As people wait, and as the % vaccinated/immune number slowly creeps up (way too slowly), we'll see fewer masks, fewer tests being completed, and less social distancing as people will believe that it's now safe...or ""safe enough.""

The other tragedy is going to be the people who go get vaccinated and IMMEDIATELY go out and get infected, not having enough time to build up an immune response. 

Sadly, the vaccine will cause a spike in cases in this way.",1.0,Coronavirus,2020-07-29 17:56:49
"I don’t know about -all- of the vaccines, but I do know people involved in one of the potential five. 

I do trust these highly educated scientists, who are motivated and working around the clock because they want to help family/friends/humanity. We need a vaccine to do that. They’re in a mad dash to save lives, and they happen to hate Trump, who’s also previously underfunded the sciences. 

It is somewhat scary because the main contenders could become obsolete if the spike protein mutates more. But, it isn’t an issue yet.",0.0,Coronavirus,2020-07-29 19:53:57
"??? 

This is confusing. I’ll be more clear. 

I know researchers who want to help create a vaccine to save lives. They hate Trump. Is that more clear? They didn’t like Trump before because he underfunded the sciences and research. (Among many other reasons.)

This is not support for a madman, he is just finding a vaccine because he thinks it ups his chances of reelection.",1.0,Coronavirus,2020-07-29 20:41:25
I hate to be this guy because I despise antivaxx. But you're equally to far to one side as they are. One example. Zantac. Was this not made by doctors and scientists? It was on the market for years. Now they know it's a cancer causing ticking time bomb. Taking a brand new fucking drug can be scary for some people. They arent crazy wingnuts for being worried about a brand new vaccine. I would still suggest take it. But their concerns are justified.,2.0,Coronavirus,2020-07-29 23:06:07
"Yes...I understand that researchers want to create a vaccine for covid to save lives. Trumps part is the speed. He wants it to happen as quickly as possible, and people who think he's nuts will just tell themselves that the ""rush"" part doesn't matter. Hopefully the researchers who hate him that are working on this project will speak up if safety is remotely questionable.",1.0,Coronavirus,2020-07-29 23:11:31
"&gt;I do have some questions about this: If you don’t have to be COVID-positive to participate, then how are they going to know if the vaccine has any effect? And if you get COVID during the trial, and then they give you the full range of care everyone else is getting, then how do they know if the vaccine cured you?

I hate this time line. This idiot is actually someone that is important in this country. This person is an actual doctor. How is this the universe we live in.",1.0,Coronavirus,2020-07-30 04:00:24
"This. I hate to say it, but this might just be another rushed vaccine by them",1.0,Coronavirus,2020-07-30 13:10:10
Does anyone else really hate the idea of having to eat a tomato? I would rather drink the vaccine. I really wish I liked tomatoes but why do they have to explode in your mouth when you bite down.,1.0,Coronavirus,2020-08-01 03:55:25
"They should really just cancel sports until there's a vaccine. I hate to say that. I love sports.

Lots of evidence points to possible long term heart and lung damage from COVID, even in people who had mild symptoms or were asymptomatic.

The NFL is getting ready to start. Lots of guys reporting to training camp are 19 or 20 year old rookies. If they get infected, and suffer that damage, that's it for them. They'll never play again. Shut it down. It isn't worth it.",1.0,Coronavirus,2020-08-02 03:22:20
"It depends on how the vaccine is released. I'm hoping that they release the data behind the trials. I'm a little scared that the current administration will rush one out before the election. I will probably not take it if that was the case and I'm not an anti-vaxxer at all before this instance. 

If there is a lot of data released and the health professionals say it's safe I'm for it. I read that the oxford one has been in developemnt for a few years for a slightly different virus and they changed it for coronavirus. The base of the vaccine has gone through a lot of studies and has shown to be safe. I can't find an article mentioning it and hate searching anything specific about COVID on google.",1.0,Coronavirus,2020-08-03 02:24:46
"1. I'm not in the US, though I do respect Fauci
2. I'm responding to the person above me, whose comment I took as being that nobody would want a vaccine that comes from those countries anyway, which I think is oversimplified 
3. As my comment suggests, *if* studies *and intelligence* (because you might not trust the studies out of those countries) showed they were safe and effective as they vaccinate their own people, and for whatever reason the west isn't close to having one, I wouldn't necessarily turn it down if offered. 

My point is that politicians loves to drum up fear and hate towards some countries, and while some of what they do absolutely warrants mistrust (Novichok poisonings, anyone? 😒), that doesn't necessarily mean they could never produce something worthwhile for us. And if the only string attached was acknowledging they successfully did it before us, then pride is not a good reason to continue to endanger citizens' lives.

But tbh I think it's unlikely - I imagine we may be hot on their heels, there probably will be safety and/or effectiveness concerns for theirs (and possibly ours too given reduced requirements), and the strings they would probably want to attach to sharing their vaccines could be beyond considering for national safety. 

I just want people to have rational scepticisms, not fearmongered xenophobia (which Fauci doesn't do, but plenty of politicians will given the slightest chance)",1.0,Coronavirus,2020-08-03 07:05:25
The Federal Government is scamming the country with pump-n-dump after pump-n-dump.  They name off specific vaccine company names during press conferences like they’re a stock broker.  I hate this timeline.,1.0,Coronavirus,2020-08-04 16:44:50
"For one, I don’t know. It’s above my knowledge and experience to know what the right solution is. 

But, I’m willing to live with social distancing, wearing a mask, and staying away from enclosed public spaces as long as I have too. I hate it, and wish we didn’t have to, but that’s what we have to do. 

People are refusing to wear masks and take this seriously. Kids in schools where all it takes is one or a few sick students to pass it around to others who will then pass it to parents, at risk people, etc. 

I personally think we need to have a vaccine or our country is going to crash hard in the next year. The stock market can only be propped up for so long. Jobs aren’t going to magically appear that went away. But in the meantime, we need to wear masks, stay away from each other, and stop acting like we can ignore Covid and it’ll go away.",1.0,Coronavirus,2020-08-04 18:52:28
The last part is true as fuck and it's why those people hate the idea of a vaccine this fall and a better winter,2.0,Coronavirus,2020-08-05 03:40:28
"I always worry about getting a vaccine, but not gaining immunity. 

I have had all of my vaccines, always on time since I was a baby (mom is a medical professional), I haven’t missed a flu shot in 13 years (I’m 28, got my first one when I was 15). 

But every time I’ve had titers drawn for hepatitis B, I am not immune. I have had the series of 3 shots 3 different times, I’ve gotten 4 different boosters, and even a different vaccine that was supposed to induce immunity. Zip, zilch, nada, nothing. Ive had more than double what the CDC recommends and I am still not immune. Being a nurse, This creates a very awkward conversation with employee health every time I change jobs.. 

This makes me hate antivaxxers even more. I’m doing everything I’m supposed to, but I still don’t have immunity. I don’t know if I do or do not react to other vaccines. People who have cancer, who are allergic, young, old, or for whatever legitimate reason can’t get a vaccine, and people like me who just don’t create immunity *need* others to vaccinate themselves. 

Sorry.. went on a bit of a rant there... I just *really* hate antivaxxers",1.0,Coronavirus,2020-08-06 14:36:19
Even with a vaccine. The number of science illiterate people who hate evil voodoo magical science will keep enough people from getting vaccinated and keep the bug in circulation.,1.0,Coronavirus,2020-08-06 15:44:20
I hate to break it to you but [challenge trials are already in the works](https://www.theguardian.com/science/2020/jul/16/coronavirus-vaccine-oxford-team-volunteers-lab-controlled-human-challenge-trial).,1.0,Coronavirus,2020-08-06 22:18:35
"I remember reading something last year about how the flu vaccine didn't work as well for obese people and it really surprised me, I had never even thought of there being a correlation. 

I know it seems like a lot of people love to hate keto, but I've lost 90 lbs in a year by doing it and have gone from morbidly obese to about 10 lbs from my ideal weight according to the BMI chart.",23.0,Coronavirus,2020-08-07 00:45:30
"The Russian hate is so real here that people straight out assume their vaccine is “fake” or “gonna kill everyone”. Of course I’m not a fan of Putin either but he knows damn well what an international scandal it would be if their approved vaccine is later found unsafe or completely ineffective. Something that horrible can’t be covered, especially if they sell their doses to other countries. 

I agree that the approval seems to be a bit rushed and I wouldn’t want to be the first in line to take it, but I think Russians must have enough of inside data to have that level of confidence",5.0,Coronavirus,2020-08-07 16:13:44
"to everyone saying they would never take this shit – tbh it's not like you have an offer 

the amount of Russia hate in this sub is incredible – i've never seen one critical comment about this vaccine that would be backed up by any facts, let alone actual research. instead we have countless jokes about either doctors falling out of windows or Chernobyl (because people don't know that it's not Russia, i guess), and once i've literally been told that me and my family deserve to get sick and die because our president is a shitty person

also, even it's about to be registered, it will still have Phase III, and the early registration is caused by the fact that usually registering medicine in Russia takes *a very long time*. regular people probably still won't see it until 2021",3.0,Coronavirus,2020-08-07 19:50:01
AHAHAHAHAHAHHAHAHAHAHA I FUCKIKG LOVE THE FACT DOOMERS HATE THAT THERES A VACCINE COMING OUT,1.0,Coronavirus,2020-08-08 01:33:51
"I fucking love the fact that doomers hate that there will be a vaccine soon, and colleges will open normally by spring. It literally brings me so much god damn joy.",1.0,Coronavirus,2020-08-08 01:42:58
"People who can keep their kids home, absolutely should. This makes space and allows for less crowding for families that can't keep kids home. 

I honestly hate when I read stay at home parents want to send their kids back to school. We all can work together to try our best to mitigate some of the risk, even if at an inconvenience. Let's just get through the year until we have a vaccine and then we can go back to being selfish assholes.",1.0,Coronavirus,2020-08-08 03:00:00
I hate to shut down anyone but bars have hot to stay closed until a vaccine is available to the public. They opened them in my area and there are already spikes.,1.0,Coronavirus,2020-08-08 08:12:40
"That doesn't say anything that you claimed.

What steps are they skipping in releasing the vaccine?

Is it that you just don't understand what they are doing and why we can't just release untested vaccines?

Is that why you are fear mongering?  Fucking antivax Karen's and your hate for medical science.

Here is a blog that explains what science is doing to ensure it is safe.

https://www.goodrx.com/blog/coronavirus-covid-19-vaccine-availability-live-updates/

Now can you stop doing this despicable bullshit?",1.0,Coronavirus,2020-08-09 15:52:04
"The Russian angle is overplayed and may even detract from the reality. People never needed the Russians to believe in all kinds of conspiracies and stupidities. Alex Jones has been spewing his hate-filled conspiracies to millions of people for decades before there was even a hint of Russian meddling in US elections. Americans never needed the Russians to think evolution is a hoax, or believe in anti-vaccine conspiracies. The toxic political culture was already there. All the Russians did, at most, was help it along at the margins.",2.0,Coronavirus,2020-08-09 18:01:39
"I recognize that people have concerns they feel are valid and I don't like being hostile but this thread is pissing me off . I am going to get the vaccine when it is available for me, I am contractually obliged to by my university. Beyond that it will protect other people and help us (or at-least myself) get back to life I miss. let me preface the rest of my comment with the fact that I'm not a medical doctor or an epidemiologist but I'm not sure that there are that many in this thread anyways.

**But it's Rushed:** most of the rushing was just making it financially viable for companies to move ahead without risking monetary loss in the event the vaccine wasn't viable. on top of that the oxford vaccine, and possibly others, are based on attempted MERS/SARS vaccines that we gave up on because those diseases weren't particularly pressing. Society effectively got shut down by a disease with a relatively low (but still serious) death toll. I doubt the people trying to get us back on track are willing to accidentally drop something dangerous onto the public

**There's not enough time to know the effects:** if one's available it will have gone through all the required testing. by the time you're likely going to get it it will have already been given to the priority recipients for a few months. if the vaccine has any really long term effects it will take about a lifetime to notice anyways. (From my NONPROFESSIONAL, ARMCHAIR, background I feel like our scientific understanding allows the risk of long term effects to be really low)

**I don't trust trump to give us a safe vaccine:** I probably hate Trump more than the next guy, hell next 10 guys, fortunately he's not in charge of approving a vaccine the FDA CDC and state health agency's are. The FDA [warns against using medicine touted by trump](https://www.fda.gov/drugs/drug-safety-and-availability/fda-cautions-against-use-hydroxychloroquine-or-chloroquine-covid-19-outside-hospital-setting-or) and Dr.Fauci and others aren't afraid to contradict trump in the name of science. If that's not enough for you other countries have drug regulating agencies independent of Trump and the U.S. government.

while I understand people have legitimate concerns and it's hard to trust the government right now. Taking a safe and effective Vaccine is a great way to limit the death toll of Covid and get us back to doing the things we all love to do. Most anti-vaxxers don't just suddenly believe a lot of crazy shit. it starts with seemingly realistic, but scientifically unsupported concerns.

I don't want to come off as combative or hostile but Isolation has been really rough for me and it's hard to watch people who complain about others not listening to the science or making the pandemic political do the same thing.",1.0,Coronavirus,2020-08-09 22:09:47
"You're getting plenty of hate so I'm going to comment on the decision making process here. The vaccine is not taking the normal clinical trial process, so I understand the concern. Personally, I'm not too worried about the side effects but more concerned that the immunity may fade over time or just not provide any real protection. I am worried if that's the case, people will stop social distancing and my personal risk will be increased.

Either way, if it's any consolation, you probably won't be eligible to receive the vaccine until it's be out for several months anyway. They're going to prioritize high risk individuals and front line workers. By the time healthy adults under the age of 40 and children are allowed to get it without restriction at a reasonable price, it may be Spring/Summer next year.",5.0,Coronavirus,2020-08-11 02:02:57
"Lots of Redditors hate Russia, some for legitimate reasons of course, but a lot of the times for non-legitimate reasons. Russia has truly excelled traditionally in the science, maths and engineering fields. I personally believe this vaccine works at least as a short term solution, but I'll also question he safety aspect. It doesn't matter what country would have registered this vaccine today, I'd be questioning the safety of it regardless.",1.0,Coronavirus,2020-08-11 09:25:22
"You can get nasal spray flu vaccine. At least in the U.K.  

Source: also hate needles.",1.0,Coronavirus,2020-08-11 11:27:00
"I wonder if the same folks who hate China so much would be willing to take a Russian vaccine?  Me, I am pulling for the Oxford vaccine myself?",1.0,Coronavirus,2020-08-11 13:15:19
That's so pathetic that you hate Trump so much that you would distrust an FDA-approved vaccine as much as one coming out of a totalitarian government like China.,1.0,Coronavirus,2020-08-11 13:20:58
"Yep it’s never been done before. I trust ours maybe one step above the Russian vaccine that supposedly works, at most. I would not hesitate to take the Oxford vaccine and I hate that this is becoming a game of politics and money for Americans.",1.0,Coronavirus,2020-08-11 18:45:14
"&gt; pretty meaningless and pure propaganda

Propaganda _IS_ the point. 

The original sputnik orbiter was basically a shell with a radio, not a space ship by  any  means. It was chosen this way to be easiest and most problem free object to launch that would clearly be noticeable to the world because of the radio. 

It was a farce, just so they could claim the first. No scientific testing, no sensor equipment. Just a metal ball with a radio inside. 

So the USSR Could be ""First"". 

Same with the vaccine. 

A  lot of people will die from it but Putin doesn't care because now all the world will have to historically document that Russia produced the first vaccine. 

I fucking hate this world that believes in words more than  lives.",2.0,Coronavirus,2020-08-11 19:06:03
"EUAs were given to several drugs. Hydroxychloroquine study was frankly manipulated by the manufacturers. But showed in a tiny limited sample size that it MAY be effective. It has since been pulled and shamed by the medical community but is obviously still in use for Lupus. 

The reason the EUA was granted was because the drug has already been studied for several years so we know the side effects. 

You can’t get an EUA for a vaccine that hasn’t been used. 

If you really want a vaccine to hate, go after Moderna. It’s a completely experimental method of vaccine that likely won’t work but our government just gave them billions.",1.0,Coronavirus,2020-08-12 11:49:36
"What kind of comparison is that? Theranos was led by a wannabe Steve Jobs CEO who committed fraud to investors. Moderna has published vaccine data to show that the concept works (look at what they published in NEJM). Yes this is their first phase 3 drug, but this isn't the first time they were in clinical trials for a vaccine. Idk why people are ignoring that. 

I'll be honest and saw that I think the only way for them to lose this race would be if Pfizer's or Oxford's vaccine proves to be more effective, cheaper, and readily available. But to say the mRNA vaccine is obsolete is completely untrue. Even Pfizer is making the mRNA vaccine, but they're not getting nearly as much hate because they've been around longer. Even though moderna has more experience with this technology.",1.0,Coronavirus,2020-08-12 17:14:18
I hate the idea that “shelter until a vaccine” became such a widely accepted way out of this. It’s delusional and fucking awful for so many reasons,0.0,Coronavirus,2020-08-12 18:37:25
"Nope, the vaccine will not be 100% effective and there will still be a chance of getting infected.  As a retired nurse I will be wearing masks until the data shows epidemiologists that transmission has reached the point of being unlikely.  This means I might still be masking for years to come...  A vaccine is not an overnight passport back to your old life.  I hate it too for what it’s worth.

I can promise you everyone dying on a ventilator wished they had just worn a mask.",1.0,Coronavirus,2020-08-13 14:11:00
"I really hate these ""how (insert country here) beat the coronavirus"". New Zealand saw its ""victory"" blown.

How they are winning the battle, sure, but beat? No country can beat this virus until there is a vaccine",1.0,Coronavirus,2020-08-13 14:40:42
"And tubby's retort would be: ""you can't discriminate against me due to my medical condition, I'm at higher risk of dying from Covid than you are. I have just as much rights to a vaccine as you do.""

Don't hate the messenger, hate the message.

Like it or not, if we start prioritizing who gets a vaccine first, there will be a crapton of litigious mofos getting in line to injunct the hell out of the process.",1.0,Coronavirus,2020-08-13 15:21:26
"Kinda relieved that most people in here are done with masks after the vaccine, but the vocal minority wanting to keep distancing/masks in place after a vaccine really worries me. I wear the masks but hate it with a passion lol. If the US is wearing masks after the vaccine I'm done with this place lol",1.0,Coronavirus,2020-08-13 17:36:38
"COVID goes away when we 
1) stop the transmission via isolation and protective measure to the point where there are no active cases and then maintain 100% border control and quarantine from areas that are still infected.  (And make no mistakes).       
Or.        
2) enough people get infected that we get herd immunity (with apparent reinfections occurring after a number of months, this will not happen).     
Or.      
3)  We get a working vaccine that people actually trust and take.        

2  wont happen, 3 is a long way away and the US is not capable of 1 due to mistrust, indoctrination and a fundamental hate of the idea of “sacrifice for the greater good”.",1.0,Coronavirus,2020-08-14 23:08:24
"If the survival of the human race.  Depends on us losing all dignity or prejudgment compassion. Losing the love we have for everything we share this planet with. We must show love first.  All this is teaching people to show hate and judgment before love and compassion.  If our survival depends on losing our humanity. Then we are the virus and mother earth has sent the vaccine. We humans are the terminators and Earth has sent skynet. Mother earth is our host and all we do is replicate and destroy everything that has true beauty. The skys, the environment, the rainforest, poaching endangered species, children being kidnapped, and the human heart. Everything that withholds beauty is being destroyed but no one cares..  To he honest the way I see it is. Those who fall into this category are the virus.",7.0,Coronavirus,2020-08-15 17:24:32
"COVID is very harmful. But please note, my comment is more aimed at this use for the Flu. 

But Lockdowns, contrary to what people seem to think now, are the ""break the glass"" option. No one, not the soviets, not the CCP, shit not even the god damn Nazis wanted to break that glass. Absolutely fucking never. 

I'm scared that peple now think that lockdowns, which are used to get things under control only in emergencies, should be used as a matter of policy when no longer necessary. No government, not even the all powerful CCP, will go to these measures. 

This is why everyone is trying to manage for a vaccine. Eradication by vaccination is far better than praying that all 8 billion people on earth can lockdown for long enough to totally eradicate a virus.

&gt;Places like New England, New Zealand etc. will pull it off and close their borders and let the other places eat each other alive.

Actually my friend, I agree here, but here's the issue, and we are seeing it everywhere. 1. Even island nations can have leaky borders, how do you think New Zealand had an outbreak. Good luck if you have land borders like New england.

and 2. and here's the bigger issue, and the issue that really we need to address even after the pandemic, Countries, areas like NE, they want their tourism back. Tourism now has started to cause a second wave in europe, cases in states that had it under control took off because of tourism, and even New Zealand, an island nation who could more or less seal itself off and be fine, one of the first things they talked about when they eliminated it a few months ago *a travel bubble with australia*.

Unless countries are willing to end tourism, especially international tourism, these cases will still appear all over

Also the collapse of basically every world government in this situation would likely mean the actual end of the fucking world. I hate the current US government, I actively despise every CCP member and Putin, but their governance and CONTROL OF A FUCKTON OF NUKES is what prevents humanity from blowing itself up :)",1.0,Coronavirus,2020-08-16 04:51:50
"I've signed up.

No issues if people don't want to but I believe I understand the risks. I think it's worthwhile. Also, completely support the work Oxford and Imperial Universities have done so far.

If they can safely role out a vaccine before winter then number of lives not blighted will be huge.

I really hate needles though :(",3.0,Coronavirus,2020-08-17 20:36:56
"Or when you invented the virus and created a cure/vaccine before eventually unleashing it to the world. I know how much on this sub hate the truth, so go ahead and let the downvotes commence.",-10.0,Coronavirus,2020-08-18 01:53:41
"I hate these types of comments because they make absolutely no sense. Either require a coronavirus vaccine or we will reach herd immunity in a year. Either option will stop the virus from being a big deal. The chance of having to wear a mask for ""years"" is so minimal. But every time someone makes this comment, it makes the news cause it's an obnoxious headline.

We're not going to be wearing masks for years.",2.0,Coronavirus,2020-08-19 16:52:27
"I think there's an interesting article a (democratic) friend posted about differing approach to policy and I think your solution (ubi) is an example of this.  I've included the link and quote below.

UBI along with everyone following proper socially distancing policies is the ideal policy but it is not a feasible solution given the current politic situation so suggesting it as the be all, end all is basically a waste of time.

When policy makers choose to open schools and parents choose to send them its not just a case of ""I hate my kids so I want to get them out of the house so what if they might get sick"".  In many cases it's

""If I don't send my child to daycare I don't work which means my kid doesn't have food in their belly or a roof over their head, if I do then I can supply basic necessities but there is a chance they get sick"".  Both options suck.

I don't know what the best feasible solution is but I don't think its shut down all schools for the next year and a half until they get a vaccine and enough doses manufactured to have everyone vaccinated.

# [What Democrats Can Learn from the Republicans about Political Power](https://www.niskanencenter.org/what-democrats-can-learn-from-the-republicans-about-political-power/?fbclid=IwAR3iBpxZPR0I7oxfJcrXPvSHCjPI1GO_TkBF_LjksjGJjyDtNGF7g-YIYeM)

&gt;From the start, this has been an eye-opening experience—starting with my initial meetings with center-left policy analysts. Most of our meetings were spent discussing ideal policy design. To my frustration, discussion about the politics at hand was largely sidelined.  While this model can result in excellent policy ideas, it also leads to a lot of wasted time. If a policy idea is not politically viable, or the challenge of a heavy political lift is not carefully considered, you’re asking politicians to blow up political capital to no positive end. Too many liberals seem to think that good ideas sell themselves, and that the political terrain is far more conducive to their agendas than it actually is. They assume political power the same way one might assume a can opener.  
&gt;  
&gt;On the flip side, when I was on the right discussing policy with allies, the politics occupied most of our time, and the policy design (to my frequent frustration) occupied a meager remainder. While that often led to poorly thought-out policy ideas, it also led to politically promising initiatives. Passing legislation is hard, and the political need to overcome opposition, pick off members of the rival coalition, and seduce potential allies must be reflected in the policy choices being made.",2.0,Coronavirus,2020-08-19 21:24:36
"Nope, they shouldn't. I hate anti-vaccine people, but forcing vaccines creates unneeded distrust in government and it can snowball from there. Plus, while vaccines are the safest medical procedure out there to take, they can still have adverse effects. We shouldn't be able to force someone to take something that could potentially injure them.",1.0,Coronavirus,2020-08-20 21:56:44
"I hate how the US has handled this entire thing, but let's not get carried away here.  First, at the current rate we will most likely be the first or among the first to bring a vaccine through phase 3.  Second, we are already spinning up means of production across the country in both the private and public sectors.  Third, the US is still capable of tectonic amounts of manufacturing and production, just because it's cheaper to do it elsewhere, doesn't change that fact.",1.0,Coronavirus,2020-08-21 01:33:12
"Straight up lol. We never gave a crap about passing on the common cold or flu to other people when we got it, and who knows maybe we've unknowingly killed people by being the initial source of flu where someone's grandmother eventually died of flu induced pneumonia. But we never cared before. So after covid is done why should we care now? I hate the masks and social distancing. Throwing all that shit away when the vaccine is out lol. Dude you replied to can keep his virtue signaling theater",5.0,Coronavirus,2020-08-21 20:26:25
"Why? Because I'm reasonable and stick to the data?
This virus is a threat for mostly older people and a little bit more dangerous than the flu. However, there are other viruses and other threats as well.

Social distancing and masks make sense in closed areas with a lot of people.
But we shouldn't panic and shut everything down and not rush an entirely new type of vaccine. A vaccine will also not be the cure and we won't get rid of the virus anymore.

Its all about risk benefit and a lot of our measures have caused greater harm than the virus itself.

I hate the current fear mongering by the media, because its hard to make reasonable decisions based on emotions.",1.0,Coronavirus,2020-08-22 12:45:02
"A) We should try to safely reopen, yes. This is the worst pandemic in over 100 years, BUT the solution can’t be worse than the problem.

B) Over four times as many Americans die of heart attacks every year. 170,000 is a really sad number, but it’s not worth tanking the world over. Locking down will overall lead to more total death through poverty, starvation and even other pandemics (120 MILLION African kids didn’t get a measles vaccine because of COVID measures, and that is deadly to African youth), especially in the third world. Locking down requires privilege, it’s not like the rest of the world is all able to stay home and have essential workers keep society running. My opposition truly comes from a liberal vantage point.

C) I hate Trump. I don’t care about Trump being right or wrong. I just want this nightmare to be over.",1.0,Coronavirus,2020-08-22 21:40:45
"This. I hate Trump with the fire of 1,000 suns, but Ive been following the Oxford vaccine and if the piece of orange shit that is our 'President' somehow gets it here, even if still in stage 3, Im 100% volunteering for it. 

As my dad would say, ""even a blind pig finds an acorn once in a while.""",14.0,Coronavirus,2020-08-24 01:11:36
"Need a vaccine before Election Day? AstraZeneca May be able to help. /s

In all seriousness, I hate to see shortcuts but Oxford’s vaccine does seem promising and I’m hopeful it works despite the politicization.",8.0,Coronavirus,2020-08-24 02:51:10
"They can simultaneously believe that the virus doesn't exist, hate vaccines, and also pronounce Trump a genius for inventing a vaccine. It's the cognitive dissonance of fascism.",1.0,Coronavirus,2020-08-24 08:00:17
"Yeah you are going to have to separate your hatred for Trump from the vaccine here. I'm taking it the day it becomes available, Id take it now if offered.   
Also you could see this coming back in June when Oxford said results in October. Election in November, Trump is going to start Tweeting early September at the AstraZeneca CEO to release now. And as much as I hate Trump, I think he's right on the one.",1.0,Coronavirus,2020-08-24 12:17:50
"Yep I hate Trump as much as the next guy....but we all are going to have to bypass those feelings to make an objective decision about this vaccine.  I'll be honest, I'd take any of the 3 vaccines today if any were offered.",4.0,Coronavirus,2020-08-24 16:20:42
"This. I've had family and friends saying all week that ""numbers are down"" and ""a vaccine is almost here"". They're now going to beaches, and Disney again.

I hate positive headlines, for this reason.",1.0,Coronavirus,2020-08-24 16:23:39
"Same.  If experts around the world say it is safe, I am going to take it as soon as it is offered to me.  And luckily for all the people who say ""I'm not going to be a guinea pig"", there are 10s of millions of people, if not hundreds of millions, in the US who are in front of you in line who will have the vaccine in their arm months before you.  A lot of people don't know much about vaccines and are just repeating talking points they see on Reddit because they hate Trump

Edit to add - this vaccine isn't even a part of Warp Speed and is in partnership with German researchers so it has nothing to do with the Trump administration",3.0,Coronavirus,2020-08-24 16:26:57
"I hate to say this as an American, but I would actually trust a UK vaccine over one from the US.",1.0,Coronavirus,2020-08-24 19:51:24
"We need a safe vaccine first of all. If this turns out to be safe, then yes, we need this vaccine.

I'd hate for us to rush for a cure that could end up doing more harm than good, just because we ran out of patience.",1.0,Coronavirus,2020-08-24 22:10:33
"I can tell you it's 100% hurt the uptake...dropped the number of ppl in line for the vaccine by at least 1.  FDA has lost my trust after watching/reading that mess.  Hate to be anti vax, but here I am.  :(",1.0,Coronavirus,2020-08-25 18:36:49
"A handful of deaths does not justify shutting everything down. It hasn't in the past and it shouldn't in the future. I hate to beat a dead horse here but the amount dead from covid is a fraction of the amount killed directly from the flu even when there is a vaccine readily available in most places in the US and as far as I know we have never shut down schools for the flu, we just make them stay home until they recover.",-1.0,Coronavirus,2020-08-26 04:10:51
"I will like it if a safe vaccine is available to all, but I most definitely want to see negligent and guilty parties held responsible. I'd hate to see a repeat next pandemic, and there could be another eventually.",2.0,Coronavirus,2020-08-26 15:31:26
"Hate to point out the obvious, but no one should be listening to what Moderna says, they have a huge conflict of interest.  They can send out press releases like this every month, jack the stock up high, cash out, then say ""Ooopppsss, doesn't work as well as we thought."" 

Or, these could be honest and sincere reports, but it still might turn out that it doesn't work in the end.  I hope to hell this does - or something does - but not going to ride that roller-coaster of expectations and disappointments (remember when we heard all about the vaccine that would be ready in September?)

When it comes to vaccines, there's no good news, there's no bad news, there's just news.  Until they say ""We have a proven vaccine"" it's all just static.",3.0,Coronavirus,2020-08-26 23:26:41
"
Are you here now?
 -Yes, I’m still here

Yeah, trying to force 100% of the people to do something all the time isn't going to happen unless you have China-level authoritarianism (what apparently some want).  But most I see do.  That should be more than enough to stop a lot of spread from people.  I see literally 100% of people inside stores wearing them and unless they are out jogging or exercising, most are wearing a mask even outside.  Maybe that's just my area but it's what I see. 

- Yes we only see the areas that we are in. But when I go to stores I still see people with mask under there chin or with their nose exposed.

And yet even the epidemiologists are saying closes beaches and open ares aren't supported by them.  Trying to get to 100% safety is a fool's errand. 

- True, not saying 100% safe but get to a real minimum like we were back in May/June. IMO what’s hard is there are some people who need things to be black and white. With only guidelines people find loopholes to exploit. Take the fishing example, people who don’t fish would take poles to the beach and just sit and hang out. Now if we fish we have to be below the water line.


Because people are not meant to be on house arrest 24/7.  That's not how humans are wired.

- generalizing how people are wired is hilarious, some people love being inside ie introverts. Again though, not saying you have to stay indoors. You can go outside just not at a park. I jog around my neighborhood no problems.

Just so we are clear, you are disagreeing with the epidemiologists cited in the article, right?  If so do you also disagree with them when they predicted mass death early on?

- not 100% disagreeing with them, but to think that they know everything about a novel coronavirus that’s lees then a year old is foolish. Just on reddit alone you can read scientific studies that contradict what was said just a month ago. I was just staying that “low risk” is a broad term. 30 people on the beach keeping distances “low risk”, 30 people piled on a rock in close proximity “higher risk”

Why do you blame humans for wanting to be humans?  The entire idea of lockdowns is against human nature.  they should have come up with better solutions rather than following the China model.  It's like lockdowns have just become a virtue signal for political leaders.

- Again, generalizing how people are wired is hilarious. As far as it being a China model it’s not. It’s a proven model from places that have been able to control it. Look at how good NZ was doing up to a point. As far as the political virtue signaling I agree, a lot of things a politicized on both sides. Which I feel is a factor of the misinformation and divid that we are seeing.

Like I said, most people wear them in public areas, at least inside.  I don't you need to get to 100% compliance for them to be effective, much like a vaccine.  So unless you've got data that says the lack of compliance is the culprit  I don't think you can make that claim.

- fair point but then that can be said with your argument as well. A lot of it is speculation and options due to it being a novel coronavirus. Also the sources reporting aren’t always credible. Look at the drama we’re seeing with Doh

The conspiracy theories are dumb.  There's no government plot, just government incompetence.  Wireless does not carry the virus.  It is not just the flu.  It was not invented in a Chinese lab.  But what governments are doing are infringements on rights and that is my number 1 objection to lockdowns (masks not so much, there's evidence they work and it's not so much of an imposition).  Mayors and governors think a SCOTUS precedent from pre-WWI gives them carte blanche to suspend the Constitution however they like.  It does not but that hasn't really been challenged in court yet.  It's even worse in Hawaii because they legislature passed an emergencies powers law that says a mayor or governor can suspend a law be decree.  Not only does not violate separation of powers in Hawaii's constitution but imagine if Congress did that.  Would you be ok with Trump, or any president, having that power?

- I think this is where I agree a lot to what you say and disagree with some. Mask are proven there has been studies published. As far as government power, I do think that abuse is something we are seeing in a very scary way. Look what happened in California, They went as so far as turning off the power and water to a house because of how many people were there, crazy. The government seems to just keep throwing things at the wall to see what sticks. This is why I feel that if we as a community could’ve done a better job policing ourselves, we can avoid governmental power grab
- As for conspiracies I agree, for the most part their dumb, but if you want a rabbit hole to go down and freak you out a little bit. The escaped from a lab one isn’t to far fetched, lol 

So then what?  Stay inside all day every day until the virus is gone?  Effectiveness be damned?  Long term consequences be damned?

- again not saying stay inside, go for a walk or run, just don’t throw a party at the park or invite the entire neighborhood for a grad party for the time being. As far as long term consequences, we still don’t know what they are in terms of those that do get sick. Some people are fine, others still have symptoms months later, and others have complications that we still don’t fully understand at all. 

But has there been an cluster associated with that event?  If so, has there been a group of deaths associated with it?

- now we trust the state and Doh on their contact tracing and what they report? To say that no one has caught it from someone while being outside is ridiculous. Look at the mini surge after Fourth of July, was all of those from indoor contact?

Completely agree with you that people need to take more personal responsibility.

- Agreed 

You can ask the same question about seat belts then realize that getting people close to 100% compliance isn't going to work.  There need to be smarter policies to control the virus but those aren't forthcoming.

- Agreed, but until then these shutdown are going to keep happening until we all do our part. I really do believe if we all do what we can, we can have minimal cases and get back to some kind of normal. Trust me I hate the current climate we live in, 2020- would not recommend 0 out of 5 stars. But what are we to do? 

Also, not trying to get anyone riled up. I do appreciate the ability to have constructive conversations based on our opinions in this way. It’s something that is rare at this time. Usually it becomes a swearing and scream match, so thanks. just wanted to make that point.

-Aloha",1.0,Coronavirus,2020-08-26 23:29:49
"&gt; I was fine with 3 weeks to slow the spread for 2 months, but at some point someone has to articulate a real exit strategy. 

the whole problem is, we never did the lockdown... now we're stuck with these awful rolling partial lockdowns until either there's a vaccine or we put on the big boy pants and actually do a lockdown. that might not even be possible anymore.

i promise you i fucking hate staying in my house all the time. but the hundreds of thousands of preventable deaths are just the ones that would have been saved by an actual attempt at pausing society. no-restriction covid would kill like, ten million americans at least.",3.0,Coronavirus,2020-08-27 18:37:16
"Blows my mind that more than half would have to even think twice about it.  Do these people hate the idea of getting back to normality?  Because that's what a 75% effective vaccine looks like to me -- a light at the end of a pretty darn terrible tunnel.

Let's make it mandatory just to extra-piss-off the anti-maskers that scream about how mask mandates are ""unconstitutional"".",0.0,Coronavirus,2020-08-28 06:19:31
"I hate that this administration is turning me into an anti-vaxxer. I absolutely have faith in a well researched, fully tested and vetted vaccine.

My concern is that a US vaccine will be rushed, ineffective, and maybe not even safe, all as a political stunt to get something through by election day. 

I'm privileged enough that I have a secure job where I can work from home in an area with low population density. I'm going to continue cocooning in my house until something reliable is released.",2.0,Coronavirus,2020-08-28 15:23:37
"Hate to break it to you, but soon after the vaccine rollout starts prepare for social distancing to be officially dropped and left up to your discretion. 

Similarly expect businesses to largely return to normal. 

Vaccine certificates are pointless as they would be easily forged  and given the vaccine is not 100% effective, also potentially inaccurate",1.0,Coronavirus,2020-08-28 20:01:44
"that's me, unfortunately. I hate it, but I am very wary of any vaccine released before the  election.",1.0,Coronavirus,2020-08-28 23:46:06
"I hate to sound like a downer or pessimistic. But the more we know the more horrible this situation seems to be. It’s looking like it’s a we’re fucked situation.

The social distancing measures have gone on long enough to have me wonder when things will be back to where they were. I’m suffering from fatigue from this. But I understand not putting public health at risk. At the same time it just doesn’t feel like this is going away no matter how much we social distance. I do wonder sometimes how much control of the situation we really have. 

Here’s hoping one strain is deadlier than the other and the vaccine can protect us from that. Or if there are treatments that work.",1.0,Coronavirus,2020-08-29 02:57:08
"People are starting to sound like they want the vaccine to fail, the pandemic to keep going, and countless more people to die, because the alternative is running the risk of it looking like Trump was right (the same kind of right a broken clock is once a day.)

I'm a lifelong Democrat, I hate Trump, I will be *skipping* to the polls to vote against him, but come on, people.",4.0,Coronavirus,2020-08-29 23:49:47
"Same low key. I absolute HATE getting vaccines. Not an anti-vaxxer by any means, but the physical sensation of someone sticking a needle through my body absolutely freaks me out. 

I’d still take 5 doses of any vaccine if it means this shit can be over. It’s worth it for my mental health",1.0,Coronavirus,2020-08-29 23:54:34
"Good luck with all of it. My kids are suffering from lack of pretty much everything as well. I wouldn’t send my kids even if the school was open. They will survive and make it through this, and I personally wouldn’t risk catching it or my kids catching it. 

I hate to sound this bad but have you heard the reports of children dying from it or having long lasting issues like breathing problems after they recover? The vaccine is due to be out by the beginning of the year. Your kid can’t wait until then? You really don’t want to get this virus. If it doesn’t kill you, you could end up being a “long hauler” and stay sick for months, or recover and die weeks later from a blood clot or have issues that are life long. Check these out:

r/covid19positive 


https://www.cdc.gov/coronavirus/2019-ncov/hcp/pediatric-hcp.html (they updated it this month to include children)


https://www.healthychildren.org/English/health-issues/conditions/COVID-19/Pages/covid_inflammatory_condition.aspx

i just dont want *any* kids to have problems. it scares me, and im scared for you. esp since youre higher risk.",1.0,Coronavirus,2020-08-30 16:29:41
"&gt;Right. So we need a vaccine and we need it now. Blame the doomsday squad for a rushed vaccine, because it’s coming.

No, we needed a federal response like every other competent country on planet fucking Earth.  Rushing a vaccine is just as likely to be dangerous as it is to help, especially since a rushed vaccine that is more harmful won't become immediately apparent as such for a month+ with the cutting of regulations making it harder and harder to believe that the vaccine we *do* get will be what is advertised.

I'd also like to point out that we don't need a vaccine to stop the problems stemming from COVID, we could still very much use a plan and see massive benefits without a vaccine, but a vaccine is a silver bullet for Trump to say he ""Beat"" Covid regardless of what actually happens.

&gt; Whether under Trump or Biden, we’re getting a rushed vaccine, and we’re getting it very soon. 

Biden isn't an incompetent piss baby who specifically allowed a virus to go unchecked cause it hurt New York who was mean to him, moreover it isn't in his MO to fill every position under the sun with temp appointments that exist solely to pledge allegiance to him.  We are getting a rushed vaccine, that is significantly different than we are getting a vaccine that *works and is beneficial.*  I have people in my household who have immuno deficiencies and it would flat out be *safer* for us to wait even just a handful of months until we KNOW that it is safe vs taking it immediately, one of us catching it and then several people risking death.

And I **HATE** Biden, but we already know that the vaccine we are getting is more to benefit Trump than it is to help the people, and we have ZERO reason to believe that the FDA and CDC with the raw exception of Dr Fauci are there to help us over Trump.  The fact we are getting something =/= the fact you should take something.  We will absolutely have a vaccine by the end of the year, whether or not it will be safe like a standard flu shot from prior years or rushed and therefore harmful is anyone's guess.",2.0,Coronavirus,2020-08-31 15:44:30
Licensing and permit expedition is one thing. As long as it's just that.  You'd hate to be able to give a safe vaccine (like Oxford) to first line workers and have it held up because the building is zoned for retail but not medical or something.,8.0,Coronavirus,2020-09-02 20:58:03
Licensing and permit expedition is one thing. As long as it's just that. You'd hate to be able to give a safe vaccine (like Oxford) to first line workers and have it held up because the building is zoned for retail but not medical or something.,13.0,Coronavirus,2020-09-02 21:11:03
Are...you rooting against a vaccine because it'll be under Trump? I hate the dude but I'd be cool with less people dying,8.0,Coronavirus,2020-09-03 01:15:40
"I hate to say it but, yes, most people will not understand that simple statement. They want the vaccine to be available, free, perfect, with 100% effectiveness and no risk, and would struggle to understand what it means to get a vaccine that is, say, 70% effective with a 10% chance of negative side effects.  A lot of people don't really have faith in vaccines or doctors or medicine or the government in the first place.

I will admit I often skip the flu vaccine for both reasons -- I don't think it's a big deal and I don't think the vaccine is very effective.",1.0,Coronavirus,2020-09-03 12:11:05
"seems like no one wants to take this vaccine. people who aren't anti vax are becoming anti THIS vaccine and i hate that this is giving the stupid fucking anti vax ""community"" more ammo. we're really screwed huh",1.0,Coronavirus,2020-09-03 16:14:09
"yeah i fucking hate trump, but these corporations have a lot to lose, so they’re not going to fudge the vaccine just to please trump.

if they had just started making the vaccine last month then i’d say it’s a no go, but they’ve been testing since july and that’s around the same time as other leading vaccines. 

they’re doing all of the proper testing based on that article, not cutting any corners.

if it works it would be amazing.",3.0,Coronavirus,2020-09-03 16:44:10
"Same. Germany is also who first came to mind when I thought about which country I would trust as a barometer of the vaccine. I hate that we're at a point where I even have to wonder if the vaccine is being rushed for politics, but here we are.",2.0,Coronavirus,2020-09-03 16:59:02
"MSNBC currently trying to sew fear and doubt about the vaccine.

I hate this fucking country so much.",4.0,Coronavirus,2020-09-03 20:49:49
"It’s all a result of politicizing the virus and I hate it too. 

I trust scientists. That means I believe them when they tell me to wear a mask and social distance. That also means when they release a vaccine, I believe it to be safe and effective. I don’t pick and choose what fits my narrative. 

I’m guessing MSNBC is saying that Trump with rush a vaccine before the election before it is deemed safe, but I don’t see any evidence indicating that can even happen. I just hate this all.",3.0,Coronavirus,2020-09-03 21:37:55
When you hate Trump so much you wish to not take a vaccine and want the pandemic to continue,-3.0,Coronavirus,2020-09-03 21:38:43
"Thanks. I figured the 3 stages of testing would be thorough. I'm all for the vaccine but will likely wait a bit (I'm low risk, barely leave the house, and hate crowds and lines lol). 

It's not something I follow so I really just get my vaccine news from Reddit.",1.0,Coronavirus,2020-09-05 17:15:16
"I hate how the media keeps grouping the 40% that want to “wait and see” into the anti-vax group. I think it is very reasonable to be skeptical of a vaccine that has cut a decade off normal development time, especially from a company that has never successful created a vaccine/drug, that is using a technology that has never be approved for use. I would say being skeptical can be pro-science, because you value the scientific process. Hell, maybe even some of the 25% that won’t take a covid vaccine are just very skeptical of it.",1.0,Coronavirus,2020-09-05 20:36:51
"That's incredibly disingenuous, you said so long as the virus exists the measures are needed. Now you realise how ridiculous that viewpoint is you're trying to walk back from it.

Again not my fault you badly presented your argument.

If a vaccine doesn't work normality will resume inevitably. Look how many people are carrying on as normal now, even in hotspots like America. To think conpliance would increase long term shows how how of touch you are. People despise and hate the measures, you may love this but for most its hell. Faced with no end, the majority will just roll the dice. Pandemics functionally end after 2 years anyway",1.0,Coronavirus,2020-09-06 15:33:04
"Moderna’s Bird Flu vaccine (mRNA-1440) started dosing phase 1 in 2015, so quite a bit before Oxford’s 2018 MERS phase 1. I hate the idea that “Only Oxford has any long term data on it’s platform!”",1.0,Coronavirus,2020-09-06 20:43:50
"Its not anywhere near impossible with our current technology.  Everyone has a cell phone, we could have contract traced with a simple app that tracks you via GPS.  If tech would have come together like pharma did on the vaccine then our Numbers would be way down.  Oh yeah, Americans hate big brother and in this case it’s costing peoples lives.",1.0,Coronavirus,2020-09-07 00:41:06
"depends on your purpose of coming into this sub. Typically the freaks come out at night, and by that I mean the ones who like to troll, or bullshit, or are the D word. 

If your purpose is to argue on social distancing after we get the vaccine, I hate to break it to you but I dont think that is going to happen.",1.0,Coronavirus,2020-09-07 16:19:33
"&gt;If your purpose is to argue on social distancing after we get the vaccine, I hate to break it to you but I dont think that is going to happen.

My argument is a vaccine will see the wind down of social distancing measures. Sure things like hand sanitiser everywhere will likely persist. Maybe even a better approach to sick leave, but staying 6 feet will go out the window once a vaccine rolls out. 

Are you suggesting we keep social distancing even after a successful vaccination programme?",1.0,Coronavirus,2020-09-07 16:22:20
