comments,score,subreddit,time_created
"There has never been a vaccine for any coronavirus, and they're starting to see the antibodies fade after as little as three weeks.  Apparently, we can catch covid-19 repeatedly.  Ain't we lucky.",1.0,California,2020-06-30 11:31:43
"
Heard immunity is unrealistic without a vaccine or millions dying according to the Mayo Clinic.

“What percentage of a community needs to be immune in order to achieve herd immunity? It varies from disease to disease. The more contagious a disease is, the greater the proportion of the population that needs to be immune to the disease to stop its spread. For example, the measles is a highly contagious illness. It's estimated that 94% of the population must be immune to interrupt the chain of transmission.

Experts estimate that in the U.S., 70% of the population — more than 200 million people — would have to recover from COVID-19 to halt the epidemic. If many people become sick with COVID-19 at once, the health care system could quickly become overwhelmed. This amount of infection could also lead to serious complications and millions of deaths, especially among older people and those who have chronic conditions.”

https://www.mayoclinic.org/diseases-conditions/coronavirus/in-depth/herd-immunity-and-coronavirus/art-20486808",12.0,California,2020-07-16 04:26:13
"&gt; “We ... have a large epidemic really reflected up and down the West Coast, and also in Mexico, of **essential workers from high-density neighborhoods — predominantly Latinx**,” UC San Francisco epidemiologist and infectious-diseases expert Dr. George Rutherford said in a campus town hall forum last week. “And I fear that’s approaching endemicity.”

Time for the mainstream media to stop playing politics and allow everyone to have an adult conversation about the reality of today's United States.  

COVID-19 in the United States is structural in its spread and cannot be stopped over a multi-month time frame, well before any vaccine could be mass deployed.

For the United States with relatively free movement and with so many unrelated adults crammed together at work and at home, going for limited herd immunity was the only real solution.

We're not Europe.  We can't close state and even county borders.  We have huge numbers of younger people crammed together trading this off with being able to work for a brighter future.",1.0,California,2020-07-16 17:26:16
"I don't have a source for that.  It is my conservative assumption from:

1) Children DO get sick from this, and a few even die.

2) Not all the effects of this disease are yet known.  The neurological issues have only come to light in the last month or so.

It's quite possible that this combination (children+covid) does not yield stokes or neurological problems.  I think it's too early to tell, and I think it would be foolish to assume that there are no problems in this area.

The good news is that the vaccine studies are starting to come back with good results.  As a planet we're about 6 months into this thing.  We probably need to hold out another 7-8 months to start seeing some relief from vaccines. 

If there were ZERO hope from vaccines, meaning this disease will be endemic forevermore, then the equation about what to do changes quite a bit. This is not what is happening.",1.0,California,2020-07-17 01:13:19
"Research show that although masks are not perfect, they work very well. And without a vaccine *they are all we've got to help prevent the spread of COVID-19*. 

It's all pretty simple and easy:

* Wear a mask
* Keep your social distance
* Wash your hands regularly
* Avoid large crowds",20.0,California,2020-07-27 19:07:27
"And it can’t, not without quarantine lasting until the vaccine is ready. 

Not be an alarmist, but the first million confirmed cases in the U.S. occurred within a ninety-odd day window. The two million confirmed mark was hit in half the time (forty-ish days later), and the three million confirmed mark happened again in half the time (twenty-ish day later).

We hit four million confirmed cases a little more than a week ago, there are already 4.39m confirmed cases as of today, and we’ll be hitting an estimated five million next week. And another million may follow in half the time it took for the previous million. By the end of August, if the pattern holds, there will have been tens of millions of estimated cases in the U.S.

Luckily, we’ve learned a lot over the past few months and have reduced the death rates, but it doesn’t mean that it can’t still cause big medical problems for the infected.

[Source for above confirmed stats.](https://www.statnews.com/feature/coronavirus/covid-19-tracker/)",2.0,California,2020-07-30 00:49:52
"Uh....herd immunity would require something like  80% of population to get infected if there is no vaccine.  80% of 327,000,000 is 261,000,000 infected with COVID in the US.  That's at least 1,000,000 dead. Are you really willing to accept that risk?",1.0,California,2020-08-02 08:02:54
Covid here to stay Vaccine will only work for less than 6 months,1.0,California,2020-08-06 20:20:31
"&gt;This is incorrect. A more useful and accurate phrasing would be something like ""Recovery from covid19 generally infers substantial and lasting immunity"". Which is demonstrably consistent with observable evidence if you look at the areas that were hard hit this spring.

It would also be more accurate to say compliance with health orders is higher in places that have been battered.

We still have no proof that those who recover are granted long lasting immunity. Resistance to related coronaviruses like SARS have been observed to reasonably last just 3 years.

https://www.ncbi.nlm.nih.gov/pmc/articles/PMC2851497/

For reference SARS is also known as SARS-COV-1, compared to COVID which is SARS-COV-2.

There are no studies for COVID that proves lasting immunity because the virus hasn't been studied for that long.

Believing in ""Herd immunity"" without a vaccine is utmost folly.",1.0,California,2020-08-12 01:00:31
