comments,score,subreddit,time_created
"So do you not believe Covid is real, or just not a threat? What do you believe the Covid vaccine is going to do? Why are you attributing malicious intent to Bill Gates? Do you also believe his fight against malaria is suspicious?",1.0,Coronavirus,2020-06-19 17:55:07
"Vaccines aren't made from the pure virus, they are made from modified, weakened or dead virus. What I was suggesting is using the same virus, but in a smaller quantity, to give people a weak Covid-19. It isn't safe as a vaccine, but may be far easier to develop and deploy rapidly.",1.0,Coronavirus,2020-06-19 19:18:19
"Would you like to live in a world where you can never congregate again?  You can never again go a place of worship, theater/auditorium, never a large party, (indoor) restaurant/bar, a sporting event, *play a team/contact sport, a convention, a hotel, a congregate care facility, family reunions, weddings, charity dinner, a full bus/train/plane, any number of other things i can't  think of.
 
Congregating is a fact of life.  To lose all of that would be a disaster for humanity.  

But thats what some people want until a vaccine. what happens if there is never a vaccine (this *is* in the realm of possibility)?  Do we literally never congregate again?  Do you want to live like that long term?

That's why any solution must consider the fact that people congregate, full stop.

Edit: furthermore, humans have lived with really terrible diseases since (quite literally) the dawn of humanity.  We didnt stop the world until we got a vaccine for smallpox, polio, rabies, any number of diseases *far* worse than this; life went on as normal.  We dont currently stop the world for tuberculosis, hepatitis, other terrible diseases.  Covid isnt even as bad as many of these.",1.0,Coronavirus,2020-06-19 19:35:03
"Do any of you have concerns that masks will be made permanent? I'm extremely concerned they will be, and that's the motivation behind my not embracing masks.

There have been various media articles already floating the idea of permanent masking (comparing them to wearing pants, etc). And I have a hard time seeing how they ever could go away. Once something like that has been in place long enough, it never goes away.

This is compounded by the way the mainstream narrative for protective measures rapidly shifted from temporarily flatten the curve (ie not overwhelm hospitals) in March to today's ""no normal without a vaccine."" I don't get why people think a vaccine is coming, and even if it did come years from now, the damage from kids growing up masked and totally losing nonverbal communication would already be done.

There's not any reason at all to think we ever eradicate this virus; it's far more likely just a new respiratory virus that will always be around much like colds and flus. Does that mean masks forever? I'm not being a look here, as there are Professors of Medicine indicating that the virus making its way through the population is simply how it's going to go: https://calmatters.org/commentary/its-time-to-end-the-state-of-emergency-over-covid-19

Permanent masks would be a dystopian nightmare, as we'd lose so much human communication. And the longer universal mask wearing goes on, the more likely that becomes.

Wouldn't it make much more sense to give at-risk people P100s (which unlike cloth masks actually protect the wearer), do mandatory masking on mass transit, and allow faces to show through otherwise?",1.0,Coronavirus,2020-06-19 21:01:12
"**Part II**

The website of Deutsche Welle forgot to mention that the Haitian government ordered to close its border with the Dominican Republic almost a month before the DR did it to the neighbors.

See the news, in Spanish:

https://adnoticias.mx/2020/03/15/ante-covid-19-haiti-suspende-vuelos-y-cierra-frontera-con-dominicana/

https://www.efe.com/efe/america/sociedad/haiti-cierra-las-fronteras-y-prohibe-vuelos-por-el-coronavirus/20000013-4196408

***

On the Dominican Republic's presidential website, Health Minister Rafael Sánchez Cárdenas urges that ""preventive measures, the use of masks and social distancing should be maintained"" to prevent the spread of the coronavirus. 

He also recommends that the population stay at home and avoid visiting relatives in the interior of the country. ""The fact that we are in phase 2 of the de-escalation does not mean that COVID-19 has disappeared from the Dominican Republic; we have been trying to keep the situation under control,"" the ministerial statement adds.

**Coronavirus, hurricane season and lack of testing**

The start of the hurricane season is also a cause for alarm, since, according to PAHO, it could aggravate the effects of the pandemic and make testing and treatment more difficult. As if all this were not enough, there is also a shortage of coronavirus testing, and this lack could be affecting the figures, which are suspected to be much higher than the official ones.

""There are only two laboratories in the whole country to carry out coronavirus testing, both in the capital, Port-au-Prince,"" explains Sandra Lamarque. ""Samples from other places take time to arrive, and there is a bottleneck because capacities are exceeded,"" she adds. Also, there are not enough medical teams that can take samples from the population, and there is also a shortage of swabs, she says.

""The number of infections and deaths is vastly underestimated,"" he says. ""There are cases registered as suspicious of coronavirus, but sometimes the results of the tests take a week to be done. On the other hand, the number of cases is underestimated because only those who have died from COVID-19 are recorded as confirmed cases, but we have a large number of suspected cases that die, and many times relatives do not want to wait three days for the team that collects samples from the bodies. They just take the dead person away,"" he says. Those cases will never go on record. In other words, the problems are occurring at all levels: lack of medical personnel, lack of supplies, lack of laboratories, and this, added to the fragility of the health infrastructure, makes the situation critical, given the current rise in the infection curve.

**One hope: increased testing capacity in Haiti**

However, an initiative to decentralize coronavirus testing was recently launched, the head of MSF's mission in Haiti tells DW: a hospital in the center and another in the north of the country are expanding their testing capacity so that in the next few days four entities will be able to carry out the VID-19 tests. ""Even if that doesn't solve the bottlenecks, at least things will improve in two departments of Haiti,"" he says.

But there is another aspect, perhaps the most serious, that concerns MSF: the social stigmatization of COVID-19 patients. Some media outlets have recently reported cases of lynching and violent incidents. ""This is the biggest problem,"" says Lamarque. ""I witnessed several cases of violence related to COVID-19. Some facilities were intentionally set on fire and there were also acts of vandalism because people opposed the construction of health centers in their neighborhoods. They think those centers will bring sick people into their neighborhoods, and they are opposed to that,"" he describes. ""We should not forget that Haiti is suffering a deep political and socio-economic crisis since 2018,"" she says. It's a complex problem since the population has ""an enormous distrust of institutions. ""This is not new,"" she says, ""the same thing happened in 2010 during the cholera epidemic.

MSF has facilities in six different locations in Haiti, and ""we have never had any incidents or problems with the community,"" explains Sandra Lamarque. ""We rely on the collaboration of community and religious leaders, with traditional healers in the rural areas, and we take them to visit our facilities. We also train them to spread information about the coronavirus in the community, and we create short videos to show people. We go in trucks to take the message to people, door to door, that they must protect themselves and their loved ones,"" he says.

The doctor says that MSF health professionals had to find creative solutions to the pandemic to enlighten the population and break down beliefs such as the one that if they go to a hospital they will get COVID-19, or that they will be taken as guinea pigs to test a coronavirus vaccine. ""It's urgent to inform people, and to put an end to these rumors, which are very dangerous,"" he concludes.

**The End**

Source/Link

https://www.dw.com/es/coronavirus-en-hait%C3%AD-la-cantidad-de-contagios-y-muertes-est%C3%A1-enormemente-infravalorada/a-53829358",1.0,Coronavirus,2020-06-19 21:36:45
"New cases and positivity rates are trending in the wrong direction, even as testing capacity remains flat.  Fewer people will likely die due to better treatments, but long-term health effects (including for ""asymptomatic"" carriers) are still unknown. This is, simply put, a disaster that's completely preventable.  DeSantis's comments imply that herd immunity is the strategy that GOP policymakers are adopting here. This is extremely dangerous when we don't know what all the long-term health effects of COVID-19 could be, even among younger people.

Heck, we don't even know what type of disease COVID-19 is (is it respiratory?  Does it attack the vascular systems of multiple organs, including the integument as some evidence is suggesting?). This virus isn't worth the gamble. We have to keep case counts low and work towards a vaccine.",8.0,Coronavirus,2020-06-19 22:28:38
"Ah I just checked Facebook and every 50+ year old is losing their minds that Google updated their setting page for ""show covid notifications"" and you can see that setting on your phone.  It pretty clearly says this setting only does something if you have the app downloaded.   
Sigh, we finally are just too stupid to have anything work, aren't we?  We cannot do contact tracing without these apps and yet people are too paranoid and un-trusting to install the stupid thing.  I guess our leadership and media dissolving any bit of trust we have in government and corporations is ultimately to blame.  It took years for people to trust doing banking online.     
Next up....I don't trust the vaccine that is being rolled out.",2.0,Coronavirus,2020-06-19 22:47:46
"First off, yes we did wait to enact ""don't murder"" for a very very long time. It took thousands and thousands of years before it was written into the Bible. After that it was still many hundreds of years later it was added into English common law. So you're factually wrong. Second, I never said ""murder good"". So yes, your post was absolutely a strawman. Because its such an absurd strawman, I ignored it, that doesn't mean I condone murder...

I always wear my seatbelt. That doesn't mean I agree with the law. I wear my seatbelt because it substantially decreases the risk of death or great harm.

I also wear a mask, however, I don't believe wearing it or not has a very high chance of saving me from personal harm. The chances of death from caronavirus is like 1% (or under) unless you're very old or very sick to begin with. Also wearing a mask provides very little self protection. Its more of a benefit for others than yourself (which is the ONLY reason I ever put on a mask at all). However, 99.999% of people don't wash or discard their masks after use. After EVERY outing, you need to wash, or discard your mask or it becomes useless, or even makes you far more likely to get and spread covid. Since almost every single person wearing a mask, is doing so improperly, it basically makes wearing masks moot. In a perfect world scenario, masks are great. In reality, especially in our culture (which is filthy), they are near useless. Then factor in the who and CDC have stated covid does not spread that easily on surfaces and asymptomatic people don't spread it, it only further adds to the uselessness of wearing a mask for actual benefit. Wearing masks is more of a virtue signal than a real deterrent to spreading covid. And I completely agree with wearing masks, I wish we were like Asian countries where all sick people wear masks in public. I really respect that. However, wearing masks without any symptoms is just pointless.

Mandating all people wear masks at all times is so beyond the pale of anything reasonable; No I absolutely refuse. I already am forced to wear a mask for 8 hours a day doing physical work. I guarantee 100% (yes 100%) of people who agree with mandating masks, do NOT work. (Maybe excluding people in healthcare, and those working in their home). How about you go outside, and do 8 hours of work wearing a mask. Bet you cant do it. I do it every day. I also have really bad allergies and basically cant breath through my nose, making it even worse. I have to take breaks, just to remove the mask for a few minutes, just to not fucking pass out. I *STILL* wear a mask despite all this. For you to then say, I must wear a mask and threaten to use the state to fucking murder me over it, fuck you, that's were it ends. If you cant even get me to side with you on this, you know you're so far in the wrong, you no longer know what right is. You are the baddies.

Also, Yes. If the government, under penalty of death or prison, said you are mandated to get a vaccine (especially for something like covid/flu), I would be also be against it.",1.0,Coronavirus,2020-06-19 23:21:26
"A lot of Dumbass and Ignorant people on this post

Don't worry, China will use the vaccine internally first. You should worry about your own country being pummeled by the coronavirus 

All of you have fun playing with, and choking due to, COVID-19  😂😂",0.0,Coronavirus,2020-06-19 23:45:55
"&gt; effective lockdown of a couple months.

I agree with everything you wrote. Believe me you are preaching to the choir. I make these points because **we did not have an effective lockdown.** Now, even the most optimistic disease modelers do not think we can get cases in the US down to South Korea levels and manage it with testing and track and trace only. The problem was that we didn't pursue and effective lockdown from the start. We can't even get people to wear masks, how do you think they'll respond, at this point, to complete lockdowns? 

I hear you. Every option is absolutely awful. People will die. Businesses will go under. Children will fall behind in school. The rich will get richer and the wealth gap between classes will be ripped open.

At a certain point, you are up shit creek with an infection that is not going away because you *didn't* lock down. You have a limited window in which you can eliminate the virus, and you have a limited window in which you have the resources and public support to do an effective lockdown. I'd argue we passed that point quite a while ago in terms of overall spread, funds to supply support, and public sentiment. Now we're waiting on scientists to save us with a vaccine or a great therapy. I say that as a scientist now working on therapies for COVID-19. It's not like I haven't given this a lot of thought.

It's not that a lockdown is not a better option, it's that we missed the opportunity to do it. It's that even if you do lockdown again and try to do it right this time, not enough people will listen and it will be in vain. It will be worst of both worlds. There are approaches to managing the overall disease level that will keep absolute catastrophe from happening, and states are trying that at various levels. It's not a coincidence that literally every state in the country is trying to reopen. It's just absolutely necessary at this point. If you want a reference of what I think is a responsible opening, Massachusetts has actually done a good job. I would change quite a bit about their approach still, but it's about as good as I've seen so far.",1.0,Coronavirus,2020-06-19 23:46:22
"Pre-post edit: Sorry for writing half an essay, it just ended up that way. But I think it's important to have an elaborate discussion about the whole thing.

The statistics in Scandinavia does not lie, of course. I'm mostly just a proponent of not pointing fingers until the pandemic is actually over. Two months ago no one spoke about Brazil or Ecuador. Four months ago no one spoke about Sweden or the USA. Two or four or eight months from now, who knows what countries we will speak about then? Especially now when more or less all countries have decided to open up again.

It's all fair that our Nordic neighbours won't allow Swedes in (with some exceptions) - but for some reason they allow their inhabitants to travel to countries such as Greece, which has also opened up for people from all of Europe (also Sweden and Portugal) to enter the country. It's irregularities like that, especially in tourist-heavy areas (which could be seen in the Alps in February, which contributed to the spread quite a lot as it seems), that makes me question if the whole lockdown strategy did that much good after all, or if it was just some sort of a ""reset-button"".

Of course I'm not hoping for other countries to be hit hard later on, but there is a real worry (especially if a vaccine won't come before the end of the year) that at least some of the countries who did a very strict lockdown will get hit in the same way later on during the year. Doing the initial lockdown will surely have helped countries to prepare for a future wave, but the fact is that Sweden managed to go through the initial wave as well without overloading hospitals. If you remember the ""Flatten the curve!"" movement in February (something that no one speaks about any more, ironically enough) we did just that.

The failure, which has contributed to the high numbers, is how we failed to keep the virus out of our elderly care homes. *This is where Norway (among other countries) have truly been successful*. Sweden failed at that - and it wasn't very surprisingly, since there's been warning clocks ringing for years about the lack of structure in our elderly care homes. And that's where the rest of the countries on the little list I made have failed as well.

[This just broke the news in the UK yesterday](https://www.theguardian.com/world/2020/jun/19/over-1000-deaths-day-uk-ministers-accused-downplaying-covid-19-peak), which makes it even clearer. Partly it shows that statistics can be modified - if I know it correctly Sweden and Belgium are two of few countries who have been reporting care home deaths thoroughy throughout this whole thing - but moreso it shows how many deaths occur outside of hospitals. In some US states I've seen reports about excess deaths skyrocketing even when the official Corona deaths were quite low, so it will be interesting when we get the same kind of data for all countries around the world.

All in all, to hear ""WTF R U DOIN"" and such comments is rather quite frustrating, personally. And while I do understand them per se, the sentiment of the ""now and the now only"", utterly disregarding both the past and the future, can be quite dangerous. Critiquing how countries react is fair, but to disregard countries as more or less retarded for doing something you're not doing is dangerous. It serves not many other things than boosting national morale, which is quite honestly bad for international liberal values long-term.",0.0,Coronavirus,2020-06-20 02:15:09
"There's lung damage in a fraction of a fraction of 1% of 30 year olds.

The flu kills hundreds of kids.

All the latest data points to Covid-without-vaccine being as deadly as the flu-with vaccine.

I understood the panic in March. But at this point you need help.",1.0,Coronavirus,2020-06-20 02:35:17
"Testing doesn't prevent one's death. People have been treating testing like it was some sort vaccine. The reason why testing doesn't matter as much because there were people who were diagnose with Covid-19 who still went out and engaged in activities. People don't care about others. Look at the whole world.. People are not listening to doctors, officials ect. 

People were grousing about the world being over populated, but I guess many of them are getting what they wished for.. a reduce population..

When this is over (if it is over which I doubt) things are not going back to normal.",1.0,Coronavirus,2020-06-20 02:42:25
Covid-with-mitigation-efforts killed more people in 3 months than a bad flu-with-vaccine kills in a year.,1.0,Coronavirus,2020-06-20 02:43:19
"Then prepare to be disappointed. The US is currently hitting the highest infection rates to date, including prelockdown. What makes you think thats going to suddenly stop? Its only going to get worse now that the government has basically said were done with covid. This isnt even the 2nd wave that qualified scientists have stated will most certainly come at some point. This is still the first wave and it appears to be rapidly spreading again to the point where cities are talking about a 2nd lockdown. On top of that a vaccine is not even a guarantee. Life will never go back to the way it was, sorry.",1.0,Coronavirus,2020-06-20 02:43:40
"The problem with the flu is that it’s not *nearly* infectious as COVID-19. Let’s say it is only 2x more as deadly— the number may seem small, but comparing it to how many people get the flu vs how many people who get COVID/year is *very* significant. Not to mention that we have a vaccine for the flu. 

I think human lives are much more important than the economy. I guess to change your mind on this you’d have to be infected yourself or know someone who is/has died from it. That being said, just because you’re okay with people dying, doesn’t mean they’re okay with it haha. I wonder if your perspective would change if you were someone particularly at risk.",1.0,Coronavirus,2020-06-20 05:13:59
"&gt;In this study, researchers linked the dynamics of spread between people with population-level models

Google empirical.  

&gt;but its pretty close to unanimous at this point in the scientific community at this point. 

No it's borderline group think and has become political.  I was in academia for a time.

Regardless let's say you are right. Let's say masks slow it.  So what?  It's still going to kill whoever it's going to kill.  Cars kill more people in my age group.  I'm not going to wear a cloth rag the rest of my life.  We have zero vaccines for Corona viruses.  Some of us remember the aids vaccine being two years out.  I'm done with covid.  Stay 6 ft from me.  I'm eating out and going to the bars. 

The 1918 pandemic didn't from mask use.  It ended when it killed and infected everyone it was going to infect.",1.0,Coronavirus,2020-06-20 05:19:00
"I'm just going to respond to a couple things because it seems like a lot of your responses don't really warrant any actual rebuttal since nothing you said rebutted anything.

&gt;Why does that matter?

Why aren't we wearing masks all the time? The flu could kill someone. The common cold could be lethal to someone.

&gt;The virus has still already caused almost 500000 deaths that wouldn't have happened otherwise.

Absolute misleading. People are not dying because of the virus. The virus is the stray breeze that tips the balancing car over the edge of the cliff. The idea that this has always been the discussion with regards to the flu but it never the discussion with COVID is mind boggling.

&gt;To say it's not a threat because only some people die from it is selfish and ridiculous.

I never once claimed it wasn't a threat. It's in no way selfish to advocate for people to take care of themselves when they're at risk, but it is selfish to force people to shut down their businesses and to wear face masks when a vastly small minority are being critically effected by this. Should there be services to assist those in need? Absolutely. Should you stay home from work if you're sick? Absolutely. Should you wear a mask in public if you regularly interact with at risk individuals? Absolutely. But in no way should the state take any action against individuals to mandate face wear or force them out of work under the guise of ""you just want grandma to die"".


&gt;You don't seem to know what herd immunity means. Herd immunity should last resort when all other methods fail, and our cases are growing too high to slow by conventional methods.

It's actually one of the first things to do until a vaccine arrives if it has a specific part of the populous it effects. Chicken pox parties are a very common example of herd immunity. It infects a populous that is at low risk to control and protect those who are at risk. 


&gt;but our cases are still skyrocketing. 

That's kind of a 'no shit' situation. Tests are more readily available, people are interacting more now that states are opening up. But that doesn't really mean much aside from people will get antibodies and stop the spread (there's little evidence of reinfection rate of this virus among healthy individuals).

&gt;For telling people to wear masks to be ""propaganda"", there would need to be some ulterior political motive involved in getting people to wear masks.

The idea of getting people (more) comfortable with state control of healthcare (including distribution and administering of vaccinations), the idea of face recognition systems having very specific tests, and reliance on state intervention in the market.",1.0,Coronavirus,2020-06-20 05:39:18
"Go to the store.  Hand hygiene.  Toss on mask.  Hand hygiene.   Get stuff.  Back to car.  Hand hygiene.  Take off mask.  Hand hygiene.   Ok.

Probably not increasing your risk.  Wearing a mask 8 hr a day not drinking or having water not so much.  Face shields are probably better though the evidence isn't there either way.

All I ever was on board for was not over loading healthcare.  The 1918 pandemic didn't stop because of masks.  It stopped because it went through the population.   I'm not waiting 2 years hoping for a vaccine for covid.  

But yeah wash your hands.  Cover your mouth when coughing.  Wash your hands if you cough on them.  It all reduces risk.  I'm anti cloth mask because I truly think it's upping risk for a lot of people.  

Honestly it's why I go out to eat.  I've seen so much mask misuse all those people should be getting hammered and they aren't.  

Anyways you do you and stay safe.",1.0,Coronavirus,2020-06-20 05:48:28
"&gt; Their strategy seems to be to push for herd immunity as fast as possible without overloading hospitals.

Anyone calling for herd immunity simply hasn't looked at the math.

With past vaccines (e.g. seasonal flu), you need at least 60% of the population having antibodies. Since there is no vaccine nor none expected in the near future, that means 60% of Americans infected with COVID.

60% of the U.S. population is 198MM people. And to reach that, we'd need to see 200,000 new COVID cases per day, every day for about 33 months. We would almost certainly overwhelm national hospital capacity within 6 months, possibly 3 or less.

Not to mention, en route to reaching 60% of Americans infected to protect the other 40% ... about 10MM Americans would die to the disease, probably more, possibly much more. It would likely account for more deaths than every war we've ever fought, plus decades worth of flu deaths, combined.",1.0,Coronavirus,2020-06-20 06:27:24
"Not dead =/= no hospital resources used. Known cases in people under 30 in the state of Massachusetts were hospitalized at a rate of 1.5%, 30-39 at 3%, and 40-49 at 5%. Those rates are probably even lower for known cases than they would normally be because the hospitals were full of geriatric patients on ventilators, and young patients who would normally be admitted to the floor were turned away to tough it out at home. If you start doing the math on a napkin you'll find that even under the most optimistic of circumstances young people will flood hospitals if no mitigating tactics are employed. Hospital ICUs are routinely flooded in the winter with young, otherwise healthy patients who just have influenza, and would likely not need medical assistance if they would have gotten vaccinated or presented to a doctor for care early enough in their illness course for one of the 4 antivirals we have to actually do anything. SARS2 is at least an order of magnitude worse per infection, currently has no vaccine or treatment to keep people out of the hospital, and is a pandemic strain with an estimated natural R0 of 4-6 meaning it won't even slow down until 70% of the population is immune.

Remember, this isn't a binary proposition once a patient is infected. They don't just either live or die. There's an entire spectrum of potentially permanent complications that can arise from a bout with COVID-19. The only winning move against this virus is for us, as a giant super-organism, to work together and avoid infecting each other at all costs.",1.0,Coronavirus,2020-06-20 08:31:24
It's not the first person to get covid vaccine is it? I'm pretty sure Oxford vaccine was the first one to be injected into people,1.0,Coronavirus,2020-06-20 09:54:34
"Tedros said finding a safe and effective vaccine will be a “very difficult journey,” noting scientists have never produced a successful vaccine for a coronavirus.

“There is no known vaccine against any coronavirus so far,” he said. “If a vaccine is discovered, this will be the first vaccine for coronavirus.”

Considering that it's being reported that immunity from antibodies for people who have had Covid-19 might only last for a few months, maybe up to 6 months, will a vaccine produce longer lasting immunity? That's IF they can make a vaccine.

If natural herd immunity can't be achieved and a successful, safe vaccine isn't found then what?",1.0,Coronavirus,2020-06-20 10:18:17
"The statistics are age dependent for sure.  But overall we are probably looking at a death rate of 1 in 200 and permanent health issues being at least 1 in 50.  Pretty certain anyone sick enough to go to the hospital for COVID is getting long term long damage, especially if they are over 40.

Bad news, for better or worse out country is letting everyone make their own risk decisions.  Half the country is going to run around consuming, help the economy but spread the virus.  The other half stays home, staying safe, but crushing the economy.  The worst of all worlds.  We really need a vaccine AND antibodies that last longer than a couple of months - or we are ruined for years.",1.0,Coronavirus,2020-06-20 11:36:28
"&gt; But people also need to respect those who are choosing to return to normalcy given the current statistics / probability of contracting COVID in Michigan.

There is no return to normalcy till there is a treatment or a vaccine. The reason why there are so few cases of covid-19 in Michigan is because of the lock down, social distancing and wearing masks; If people stop doing these things it will begin spreading just like it did before.

Not wearing a mask and social distancing at this point is like closing your umbrella in the middle of a rainstorm because you were not getting wet.",1.0,Coronavirus,2020-06-20 16:24:54
" You cannot stop CoVid deaths totally without a vaccine. Full stop there. You can minimize them but totally stop them? No.

Honestly coming from what my state, Maryland, did... I think outside of the D\*\*\* R\*\* (fill in the blank) states, we have minimized them.

Which sucks because my parents died from CoVid due to a negligent rehab center that sent my father home with CoVid while he was having an extremely bad cough and a fever that very damned day!

I'm angry at them, have contacted legal help, and if I have my way? I'm going to bankrupt them.",1.0,Coronavirus,2020-06-20 16:38:13
"https://www.webmd.com/lung/antibody-testing-covid-19

Antibodies are proteins created by your body's immune system. They usually become present 1-2 weeks after the infection. It's basically them testing if your body is has created weapons against a specific antigen. 

Generally speaking, this is how your immune system works and things we can check for. Vaccines are used to give you mild exposure to viruses, and let's your body's natural defenses create weapons to fight that virus. So in the future, any viral load of that antigen can be fought against. 

Scientifically speaking, there's no guarantee that the presence of those anti-bodies means that you are immune to the virus now...

HOWEVER, there are positive results leaning towards the fact people aren't experience a second infection of the covid 19. 

But..viruses also mutate rather quickly, and create a different strain of the virus. This is why we create a new flu vaccine every year, because the influenza virus mutates, and has the potential of being deadlier the next year.",1.0,Coronavirus,2020-06-20 17:02:56
"&gt; Considering that it's being reported that immunity from antibodies for people who have had Covid-19 might only last for a few months, maybe up to 6 months, will a vaccine produce longer lasting immunity? That's IF they can make a vaccine.

Gonna need a source on that, chief",1.0,Coronavirus,2020-06-20 17:19:21
"&gt; But people also need to respect those who are choosing to return to normalcy given the current statistics / probability of contracting COVID in Michigan.

There is no return to normalcy till there is a treatment or a vaccine. The reason why there are so few cases of covid-19 in Michigan is because of the lock down, social distancing and wearing masks; If people stop doing these things it will begin spreading just like it did before.

Not wearing a mask and social distancing at this point is almost like closing your umbrella in the middle of a rainstorm because you were not getting wet.

Edit: I thought about it and the umbrella metaphor is kinda bad it's more like everyone has umbrellas up in the middle of a rainstorm but you get sick of holding your umbrella so you drop it and grab a fire hose and start spraying people holding umbrellas.

Edit2: I used a word in my other comment that got it removed so I fixed it and reposted it.",1.0,Coronavirus,2020-06-20 17:19:41
"&gt; The [novel coronavirus](https://www.scmp.com/coronavirus)  has gone through rapid mutations and may spread for a longer time than  expected, according to a joint study by two top epidemic research  institutes in China.  
&gt;  
&gt;Since  January, the virus has gone through at least six major changes in its  genes that boosted infectivity and “immune escape” – its ability to  escape the detection and attack by the human immune system, the  researchers found. Most of these mutated strains occurred in America and  Europe, they said.  
&gt;  
&gt;Covid-19,  the disease caused by the coronavirus, was likely to “spread much  longer than we expected”, said researchers from the State Key Laboratory  of Respiratory Disease in Guangzhou and the Shanghai Public Health  Clinical Centre in a non-peer-reviewed paper posted on the preprint  platform bioRxiv.org on Tuesday.  
&gt;  
&gt;The  coronavirus uses the spike protein to infect human cells. The spike  protein binds with a molecule called angiotensin-converting enzyme 2  (ACE2) in host cells.  
&gt;  
&gt;Professors Qiu Tianyi and Leng Qibin identified three mutations that improved the binding strength.  
&gt;  
&gt;One  change in the N439K gene, for instance, added a chemical bond between  the ACE2 and the spike protein. The three other mutations targeted the  immune system.  
&gt;  
&gt;One  of them could destroy an ionic bond between the virus and an antibody  that is supposed to neutralise Sars-CoV-2, the official name of the  coronavirus.  
&gt;  
&gt;These  mutations were in a way similar to those that occurred in human  immunodeficiency virus (HIV) and influenza, which dodge immune attack  with fast mutation.  
&gt;  
&gt;“This  means that even if the effective vaccine could be developed for current  circulating Sars-CoV-2, the rapid, immune escape trend mutations will  cause the \[ineffectiveness of the vaccine\] in a short time,” Qiu and  Leng said.  
&gt;  
&gt;“Thus, we may expect the vaccine development \[to\] become a cyclical work … just like the case of influenza virus.”  
&gt;  
&gt;The  United States and Britain are the two major mutation hotbeds at the  moment, according to the study. In these countries, thousands of changes  have occurred in each of the genes affecting the virus' infectivity and  immune escape.   
&gt;  
&gt;Some previous studies had found that an average adult had a “cold” caused by other coronaviruses every two years.  
&gt;  
&gt;The  human immune response could have learned from these earlier infections  and imposed a selective pressure on some common genes that drove the  rapid evolution of Sars-CoV-2, according to the Chinese researchers.  
&gt;  
&gt;An  earlier study by American scientists estimated the pandemic would end  next year if humans could establish long-lasting immunity against the  virus.  
&gt;  
&gt;But  if the immunity was short-lived, the outbreak would return every year,  said the researchers led by Professor Marc Lipsitch from the Harvard TH  Chan School of Public Health in a paper published in *Science* magazine last month.  
&gt;  
&gt;A  research team in Wuhan reported on Tuesday they failed to find long-lasting antibodies among medical workers exposed to the virus at  the early stage of outbreak.  
&gt;  
&gt;They warned that [humans might never develop immunity against Covid-19](https://www.scmp.com/news/china/science/article/3089476/there-may-be-no-immunity-against-covid-19-new-wuhan-study).",1.0,Coronavirus,2020-06-20 17:48:38
"**Abstract**  
  
The COVID-19 pandemic caused by SARS-CoV-2 that emerged in December 2019 in China resulted in over 7.8 million infections and over 430,000 deaths worldwide, imposing an urgent need for rapid development of an efficient and cost-effective vaccine, suitable for mass immunization. Here, we generated a replication competent recombinant VSV-ΔG-spike vaccine, in which the glycoprotein of VSV was replaced by the spike protein of the SARS-CoV-2. In vitro characterization of the recombinant VSV-∆G-spike indicated expression and presentation of the spike protein on the viral membrane with antigenic similarity to SARS-CoV-2. A golden Syrian hamster in vivo model for COVID-19 was implemented. We show that vaccination of hamsters with recombinant VSV-ΔG-spike results in rapid and potent induction of neutralizing antibodies against SARS-CoV-2. Importantly, single-dose vaccination was able to protect hamsters against SARS-CoV-2 challenge, as demonstrated by the abrogation of body weight loss of the immunized hamsters compared to unvaccinated hamsters. Furthermore, whereas lungs of infected hamsters displayed extensive tissue damage and high viral titers, immunized hamsters lungs showed only minor lung pathology, and no viral load. Taken together, we suggest recombinant VSV-ΔG-spike as a safe, efficacious and protective vaccine against SARS-CoV-2 infection.",1.0,Coronavirus,2020-06-20 18:56:38
"&gt; The problem in New York City will be offices reopening.

I think this is a valid concern. Many employees have less than 6' spacing from co-workers and many buildings don't have modern air circulation or filtration (let alone actual windows).

But, the value of NYC is in 'network effect'. If everyone is work from home, there are few reasons to be in NYC. So, BDB / Cuomo really want to get people back in those offices before businesses start leaving because the tax impact of everyone who *could* WFH leaving will be catastrophic.

The best fix here is a 'cure' for COVID or a vaccine, failing that I'm not sure if cloistering employees in 3'x3' transparent plastic bubbles is workable, but know it is unpleasant.",1.0,Coronavirus,2020-06-20 19:07:08
"Automatic translation [here](https://translate.google.com/translate?sl=auto&amp;tl=en&amp;u=https://www.jpost.com/health-science/iibr-completes-development-phase-of-covid-19-vaccine-626913)

*I am a bot, and this action was performed automatically. Please [contact the moderators of this subreddit](/message/compose/?to=/r/Coronavirus) if you have any questions or concerns.*",1.0,Coronavirus,2020-06-20 20:31:40
"You must be looking at completely different statistics than the rest of us. 

The regular flus (Typically between 2 and 5 ongoing strains of the flu sweeping the world each year) infect around 1 billion people, and kill around 400,000 each year. That's a 0.04% mortality rate when you combine all the influenza strains in a given year. 

Covid-19 has currently infected around 9,000,000 confirmed cases, and has killed 460,000 as of today, in the course of less than 6 months. That's a 5.1% mortality rate for one disease. That makes Covid-19 127.5 times more deadly than the regular flu strains of a given year. 

Now, the current best guesses are that it will take 75% of any regions population to contract the disease, or around 70% of the global population to contract the disease for herd immunity to finally wear it down. It's more than what is needed for the regular flu because Covid-19 is far more transmissible than any regular flu. That's around 5.5 billion people that need to get this for herd immunity to kick in. Now, let's assume the current mortality rate is high due to testing not keeping up with active cases and let's be conservative and guess that the true mortality may be closer to 4% like many agencies have suggested. That's still a potential for 220000000 (220 Million) people that could die from this over the coming waves over a number of years if a vaccine is not produced. 

It would take the regular flus 550 years to kill that many people. 

So no, this isn't just slightly worse than the flu, which, by the way, is still killing people alongside this.",1.0,Coronavirus,2020-06-20 20:56:21
"Now I’m tracking.  Mark this day: today is the first day someone’s mind has actually been changed in a Reddit “argument”.  In the true, basic sense of *of course masks are protective, even if only a little* that we’ve known for ages, they straight-up lied.  It’s so hard to walk back the mess they’ve made now that I’m having to split logic into different paths and then try to merge them back together again - if that makes sense.

As to the *why*, I think it’s a few things.  

1) Trump’s failure of leadership due to self-serving priorities and subject matter incompetence perpetuated by a lack of deference to experts and a lack of courage among experts to put their careers on the line by *telling the emperor he wears no clothes” so to speak.

I know this sounds like hyper-partisan finger-pointing, but there are real reasons his initial denial-downplay-deflect-divide response was a major factor in how we got to this point. He was reportedly VERY angry about CDC Dr Messonnier’s 2/25 telebriefing - the one in which she was the first US official to come out and say loudly and clearly “be prepared for significant disruptions to your daily lives”. This disapproval was clear in the style and content of his comments and briefings in the days-weeks to follow. I personally watched most of them live. He was flying back from India at the time of her telebriefing. The market was tanking on the news when he got back, and it seems clear that his priorities have always been for re-election through economic prosperity &gt;&gt;&gt; public health concerns.  

I also don’t think he actually understands the basic science. Early on, he was recorded asking Dr Fauci if a “really good flu vaccine” would prevent COVID. He then touted Hydroxychloroquine as a potential “miracle” cure wayyyyy prematurely. I was already watching that as a number of large hospitals were following the advice of their ID chiefs and including it as a “potential” treatment. We all know how this turned out: HCQ became a hyper-partisan issue with loads of controversy due to poor data quality and eventually the University of Minnesota’s large RCT proved (for me) that it was not helpful, even if given early. Too bad. Had my hopes up, despite all the political/media bickering. 

Finally, if you haven’t seen the remarkable WH presser in which Trump floats injecting/ingesting sanitizer and *somehow* treating our insides with UV light, then you just gotta see it for yourself. He wasn’t joking. That wasn’t sarcasm. That was incompetence + arrogance on full display by POTUS from the most watched podium in the land. Dr. Brix, though we might fault her for not advocating for sanity vs Trump in this crisis, then seemed to do her diplomatic best to walk that wayyyyy back. It’s not just a “gotcha” sound bite. The whole presser was nationally embarrassing. 

All of this might have been rendered harmless of the task force, governors and public health officials in general had just ignored Trump and done the right thing anyway, but he *is* the POTUS. He set the tone, pushed the messaging past everyone else, and they all had to do some degree of appeasement and adherence to his will while still trying to do their actual jobs. 

2) PPE shortages scared the shit out of everyone.  

This helped justify, in many minds, the narrative that “masks don’t help the public” right from the start. I won’t get into *why* we didn’t have enough PPE, how we could have more rapidly addressed the problem with federal intervention, or how what federal intervention we *did* get was, in many cases, counterproductive. Maybe just see #1 for that, and use your imagination about what I’d have to say about Jared Kushner.

3) Cloth masks weren’t something the CDC was prepared to offer guidance on. 

Have they ever weighed in on the use of DIY masks before? I know it seems obvious that they can help, at least a little, but I don’t think there was any data to support it as an option, and I don’t think they’d considered we’d ever be caught so ill-prepared that strapping a bandana over the faces of every American would ever be necessary to recommend. It just *wasn’t a thing*. That seemed more driven by reports of people and HCW’s in other countries having to do it, got picked up by US HCW’s, their crafty friends/families, and eventually every home-isolating concerned citizen with a sewing machine. It took off really fast without any official comment from CDC until, eventually, they finally just went with it. Had they recommended cloth masks in the beginning as a way to protect people *and* preserve resources for HCW’s, then they might not have lied about masks, and we might not be having this conversation.

3) People panicked. 

The vast majority of the public really does not need a stockpile of N95 masks to go get groceries once every week or two.  I personally think everyone should have a few, especially if you live in wildfire country, but not a stockpile. That whole rush on private PPE supplies definitely made things worse, and helped justify the initial lie about masks as necessary to counter a scared and uneducated public which we all thought was about to be seeking healthcare from an already-broken and utterly unprepared healthcare system. 

4) Surgical masks really just aren’t designed for great protection from tiny viruses. 

Sure, we use them for contact isolation in hospitals, but N95’s are what we should be using. Even in the OR, those masks are really for protecting the surgical field, not the surgeon, except from sprays and splashes of bodily fluids, but that’s very different from protection against aerosols or fine virus-laden droplets. As you stated, this doesn’t excuse officials from lying by stating they aren’t at all helpful or necessary, but does make it easier for them to twist the truth to suit their needs, and now is causing a lot of public confusion about what to wear, when to wear it, why we wear it, who should wear it, etc...  some basic public (and presidential) education in all of this would have gone a long way toward mitigating spread of both fear and COVID. 

So anyway, those are just a few reasons I think they all lied about masks from the get-go. From a political standpoint, I think it would be helpful if Trump just manned-up and accepted responsibility for being underprepared and very slow (if not obstructive) to acknowledge and respond to the incoming threat. It’s not helpful to deflect blame to China, WHO, or anyone else. Let’s just get our shit together and deal with this responsibly.  From a public health standpoint, that task force and those officials absolutely own some fault for allowing poor leadership to break their integrity. They KNEW better, even if POTUS did not. From a public responsibility standpoint, we as citizens just educate ourselves and do the right thing for ourselves and each other. And right now, we seem to be struggling with the simple concept of wearing a fucking mask during a motherfucking pandemic.  

/rant",1.0,Coronavirus,2020-06-20 21:39:33
"https://www.jnj.com/johnson-johnson-announces-acceleration-of-its-covid-19-vaccine-candidate-phase-1-2a-clinical-trial-to-begin-in-second-half-of-july

Straight from the website!",1.0,Coronavirus,2020-06-20 21:59:32
i would think the majority of tourists and vacationers will be avoiding any covid hotspots till there's a vaccine. the economic numbers seem to so the same. spending my middle class are almost back to pre-pandemic. but the top 20% spending is really down.,1.0,Coronavirus,2020-06-20 22:10:50
"MMR vaccine: https://www.cnn.com/2020/06/19/health/mmr-vaccine-immunity-coronavirus/index.html

The influenza one I read in the COVID-19 sub but I’m having trouble finding the article.",1.0,Coronavirus,2020-06-20 23:38:55
"As to your first point:

[https://directorsblog.nih.gov/2020/05/07/study-finds-nearly-everyone-who-recovers-from-covid-19-makes-coronavirus-antibodies/](https://directorsblog.nih.gov/2020/05/07/study-finds-nearly-everyone-who-recovers-from-covid-19-makes-coronavirus-antibodies/)

As to your second point:

[Coronavirus seems to mutate much slower than seasonal flu](https://www.livescience.com/coronavirus-mutation-rate.html)

There *is* the D614G which produces increased infectivity:

[Mutated coronavirus shows significant boost in infectivity](https://www.scripps.edu/news-and-events/press-room/2020/20200612-choe-farzan-coronavirus-spike-mutation.html)

But they note:

&gt; Encouragingly, the duo found that immune factors from the serum of infected people work equally well against engineered viruses both with and without the D614G mutation. That’s a hopeful sign that vaccine candidates in development will work against variants with or without that mutation, Choe says.

So you're just wrong on all counts.  Please stop talking like you know anything.

Goodbye.",1.0,Coronavirus,2020-06-21 01:06:04
"Everything about this virus has been hyped to death. I'm not denying that we should wear masks, of course. But otherwise, people are living in so much fear over a virus that has a less than half of 1% fatality rate for people under 60.

Three weeks ago, this sub was clutching pearls over Kowalski disease, terrified of how kids around the country were experiencing this mysterious disease that was surely COVID-related. And suddenly radio silence, why? because turns out that less than 50 kids went to the hospital for it, every single one was discharged, every single one is fine. But this sub loves to perpetuate fear.

There is GREAT optimism on the vaccine front, Fauci is notoriously conservative about hyping up the COVID vaccine but even he is starting to say that we'll have it by the end of the year. And yet when that's posted on this sub? 13 upvotes at most. And a bunch of comments with the usual doom &amp; gloom.

If you look at the actual stats, you will realize that this is a nursing home disease. It overwhelmingly effects the elderly (average age of death is 79) and is simply not a huge concern for the young. But now this sub is onto it's next fear mongering --&gt; that there are somehow a huge number of people who experience lung damage after COVID. But there's simply not. But by the time that data comes out, the sub will be onto another fear.

It's just insane.",1.0,Coronavirus,2020-06-21 02:54:45
"&gt;Epidemiologists have found “neutralizing antibodies” in fewer than 5% of COVID-19 patients,

This can't be right either. I feel like the journalist may have misunderstood the scientist in some way (in addition to the bigger mistake in the headline mixing up vaccine vs therapy).

Most recovered patients should have neutralizing antibodies, since that's the main mechanism behind recovery.

 [https://www.cell.com/immunity/pdf/S1074-7613(20)30181-3.pdf](https://www.cell.com/immunity/pdf/S1074-7613(20)30181-3.pdf)  (peer reviewed)

Only 1 out of 14 patients didn't have neutralizing antibodies.

 [https://www.medrxiv.org/content/10.1101/2020.03.30.20047365v2](https://www.medrxiv.org/content/10.1101/2020.03.30.20047365v2) 

Only 10 out of 175 patients had undetectable levels of neutralizing antibodies.",1.0,Coronavirus,2020-06-21 07:52:34
"For the past 3-4 months this sub has just been sitting in a corner full of self pity just continuing to claim it covid will keep getting worse and blaming everyone who’s not sitting inside their house all day just like they are. Holy fuck this sub is miserable. It’s a virus, there’s not gonna be a vaccine anytime soon. R u gonna waste ur life? Go outside you’ll either get it now or later",1.0,Coronavirus,2020-06-21 08:32:32
"That is simply not true. social distancing and preventive measures (masks/handwashing/disinfection) do and will prevent many people from getting Covid-19, slow spread of the disease and buy us time to study, and improve on medical response as well as create and distribute vaccine. Considering fairly positive outcome and progress so far we may need another 12 months to be able to put it under control.",1.0,Coronavirus,2020-06-21 09:46:24
"Here's a question, even if Biden wins in November AND Dems take the Senate, what can they do about COVID if state and local officials won't enforce anything?

And in related question, what's the probability that someone who don't believe in masks and/or believe the virus is a Dem hoax, will take a vaccine that's distributed by a Dem controlled federal government?

And last question, what's the end game if the virus don't kill itself by 2021 + &gt;40% of US population refuse to get the vaccine?",1.0,Coronavirus,2020-06-21 10:08:20
"&gt;In clinical trials, “you want to control as many factors as possible,” Dr. Aronson said. Most older adults have other illnesses and take multiple medications, so-called confounding variables that make it difficult to distinguish the effects of the drug or vaccine being studied.

&gt;Older people also suffer more side effects. “Nearly all drugs are less toxic when given to younger, healthier people,” Dr. Sloan said in an email. Focusing on them produces fewer adverse effects that must be reported, “and thereby improves chances for F.D.A. approval.”

&gt;Physical disabilities, which make it harder for seniors to reach study sites, or hearing and vision impairments requiring large-print forms or audio amplification, can further decrease participation. Investigators may need to take the extra step of obtaining family consent if a patient is incapacitated.

&gt;“The same things that put you at higher risk for Covid make it harder to study you,” Dr. Aronson said.

Here is the takeaway. The reason elderly people generally aren't included in these studies is because it is bad science.",1.0,Coronavirus,2020-06-21 13:05:23
"&gt; Why should a pandemic suddenly shift this, when half the world can't even stay indoor or wear masks without tearing a country in half?

What does mask usage of the population have to do with scientific research on a vaccine?

You want to know why this one is different?

Well, for one, its the third one.  For two, its much more contagious and life-impacting.  What does that mean?  More $$$ involved in a cure.  Both from a profit standpoint and from a government funding.  I'm guessing here, but do you really think we put more funding into SARS or MERS than COVID research?",1.0,Coronavirus,2020-06-21 14:54:50
"Its definitely a difficult situation.  You seem like you really care though, which is great. Unfortunately, until there is a truly good vaccine/treatment for covid, this problem will remain.",1.0,Coronavirus,2020-06-21 15:37:55
"Honestly there’s  nothing they can do, people are so crowded together that any social distancing measures they do will only delay the inevitable. Even everyone is trying to staying home, it will be a super crowded scene with streets filled with crowds. They tried a very strict lockdown but even grocery shopping will be a crazy packed event like lining up in amusement parks. For China, at least mass majority of people can isolate themselves properly when lock down is imposed. Not possible in India. Their best hope is treatment, vaccine and try to save the economy as covid cannot be stopped anyway.",1.0,Coronavirus,2020-06-21 16:10:47
"Are you over the age of 55 by any chance? If so, they are recruiting for patients here https://www.niaid.nih.gov/news-events/nih-clinical-trial-vaccine-covid-19-now-enrolling-older-adults",1.0,Coronavirus,2020-06-21 16:40:26
https://www.raps.org/news-and-articles/news-articles/2020/3/covid-19-vaccine-tracker,1.0,Coronavirus,2020-06-21 17:47:53
"&gt;A new outbreak of the [coronavirus](https://www.scmp.com/coronavirus/asia)  in China has sent ripples of fear through the world of a second wave of  infections, especially in countries that have had some success in  controlling the pandemic and are moving ahead to reopen their battered  economies.Several Asian countries that have eased restrictions and resumed some level of economic activity, including [Australia](https://www.scmp.com/topics/australia), [Japan](https://www.scmp.com/topics/japan) and [South Korea](https://www.scmp.com/topics/coronavirus-south-korea), have in the last month reported new outbreaks numbering in the tens to a few dozens.Capital cities have been the sites of most infections, partly due to their high human traffic. China’s [second outbreak](https://www.scmp.com/news/china/society/article/3089187/beijing-reports-new-local-coronavirus-cases-testing-xinfadi)  is centred in Beijing, with at least 184 new cases reported since last  week, as authorities cancelled scores of domestic flights, banned  outbound travel and imposed a partial lockdown.   
&gt;  
&gt;On the prospect of dealing with the second wave of the [coronavirus](https://www.scmp.com/coronavirus/explainers-faqs),  experts generally agree that regional governments appear to be better  prepared to cope after the substantive experience they have gathered  tackling the initial outbreak of the pandemic.  
&gt;  
&gt;However,  analysts also point out that challenges remain, especially in  maintaining vigilance and ensuring that small clusters are swiftly  contained so they will not morph into bigger and more uncontrollable  infections.  
&gt;  
&gt;Paul  Ananth Tambyah, president of the Asia-Pacific Society of Clinical  Microbiology and Infection, said countries and communities most at risk  of a second wave were those with ongoing cases of local transmission,  with daily numbers in the hundreds or thousands.  
&gt;  
&gt;“Although  it could be argued that this is still the tail end of the first wave,  there are likely to be multiple chains of transmission in those  countries which have not been cut off,” Tambyah said.  
&gt;  
&gt;Countries with high infections that Tambyah alluded to include [India](https://www.scmp.com/topics/coronavirus-india),  which on Friday recorded the highest one-day spike of 13,586  coronavirus cases, raising the total to 380,532, the fourth highest in  the world, after the [United States](https://www.scmp.com/coronavirus/us-canada), [Brazil](https://www.scmp.com/topics/brazil) and [Russia](https://www.scmp.com/topics/russia). Its death toll stood at 12,573.  
&gt;  
&gt;In neighbouring [Pakistan](https://www.scmp.com/topics/pakistan), 136 more deaths were reported on Friday, bringing coronavirus-related fatalities to 3,229 and overall infections to 165,062.In [Indonesia](https://www.scmp.com/topics/indonesia), the country has boosted sample testing to meet President [Joko Widodo](https://www.scmp.com/topics/joko-widodo)’s  target of 20,000 per day. The country reported 1,331 new coronavirus  infections on Thursday, its biggest daily increase since the outbreak  started locally, bringing the total number of cases to 42,762.  Fatalities stood at 2,339.  
&gt;  
&gt;In  the clearest sign that the pandemic is here to stay, countries that  have overcome the first wave are now gearing up to stem the emergence of  a second wave.  
&gt;  
&gt;[South Korea](https://www.scmp.com/topics/coronavirus-south-korea)  added 49 new cases on Friday, including 32 local infections, raising  the total caseload to 12,306, according to the Korea Centres for Disease  Control and Prevention.  
&gt;  
&gt;The  number of new daily Covid-19 cases marks a slight slowdown from a  three-week high of 59 a day earlier. Of the locally transmitted cases,  26 were reported in densely populated Seoul and nearby metropolitan  areas.  
&gt;  
&gt;Lee  Hoan-jong, Emeritus Professor at the Seoul National University  Children’s Hospital, said it was inevitable for the virus to spread  wider and faster, after the country eased social distancing about a  month earlier.  
&gt;  
&gt;“A  second wave of infections can come at any time until a vaccine becomes  widely available or some 60 per cent of people get infected” to have  herd immunity, Lee said.  
&gt;  
&gt;Health  authorities said the country had to brace itself for yet more cluster  infections in the greater Seoul and other areas, and warned that the  pandemic’s spread might stretch into summer.  
&gt;  
&gt;National  Cancer Centre’s Epidemiology Professor Ki Moran said at a seminar last  week that the country “must tighten social distancing, otherwise, we may  have 800 new cases every day in a month’s time”.  
&gt;  
&gt;Japanese pub installed disinfectant-spraying machine to keep diners safe   
&gt;  
&gt;Also worrisome is the situation in [Japan](https://www.scmp.com/topics/japan), where health experts say there is a high likelihood of a second wave of the coronavirus hitting the country.  
&gt;  
&gt;Officials  in Tokyo confirmed 41 new coronavirus infections on Thursday, marking  the third time in the week that the capitallogged more than 40 cases in a  day. This brings the total cases in Tokyo to 5,674.  
&gt;  
&gt;According  to Kazuhiro Tateda, president of the Japan Association of Infectious  Diseases (JAID) and a member of the committee set up by the government  to combat the spread of the virus, many of the recent cases in Tokyo can  be traced back to the city’s [nightlife districts](https://www.scmp.com/news/asia/east-asia/article/3089011/tokyo-reports-jump-coronavirus-cases-many-linked-nightclubs).  
&gt;  
&gt;Tateda  said that even though these clusters were easier to control as they  were linked to traceable parts of the city, there was always the risk of  more localised outbreaks.  
&gt;  
&gt;“We  do know that there is a lower risk of transmission in the summer  months, which means that there is a chance of a second wave … from  October onwards,” Tateda added.  
&gt;  
&gt;To  guard against a second wave, authorities have drawn up a series of  guidelines that the nightlife industry is being encouraged to abide by.  
&gt;  
&gt;However,  Yoko Tsukamoto, a professor of infection control at the Health Sciences  University of Hokkaido, said it was hard for businesses to follow the  rules as staff needed to be close to customers to serve them drinks or  light their cigarettes.  
&gt;  
&gt;“It’s  not realistic to expect them to keep two metres apart, so the  government is stuck between doing what it has done and shutting these  businesses down,” she said.  
&gt;  
&gt;She said authorities might have no choice but to reimpose a state of emergency on Tokyo if cases rose to 100 a day.  
&gt;  
&gt;JAID’s  Tateda was confident that if that were to happen, the government,  health care professionals and the Japanese public would be better  prepared and react far more swiftly.  
&gt;  
&gt;“We  have gained a lot of experience in what to do and what not to do,” he  said. “We will respond more quickly and more effectively and apply the  lessons that we have learned.  
&gt;  
&gt;“The  government has increased the budget to fight the disease and doctors  and nurses are better prepared to deal with the virus. They are as ready  as they can be if a second wave does come.”  
&gt;  
&gt;New Zealand’s coronavirus-free streak ends with two new imported cases   
&gt;  
&gt;Things are also not looking well down under in [Australia](https://www.scmp.com/topics/australia), where dozens of new cases were recorded in the past week, the majority from Victoria.  
&gt;  
&gt;On  Wednesday, the state recorded its biggest single-day increase in more  than a month with 21 new cases, prompting Victoria Premier Daniel  Andrews to warn that the pandemic was “far from over”. Another 13 cases  were added to Victoria’s total on Friday, bringing the total to 1,792.  Australia has 7,409 cases overall.  
&gt;  
&gt;But as to what this second wave of virus would look like, many experts were uncertain.",1.0,Coronavirus,2020-06-21 18:37:32
Covid might actually be solved someday (vaccine). America won't really solve gun violence until it stops allowing 99% of the population to own a handgun. Without getting rid of the 2md Amdt nothing will change.,1.0,Coronavirus,2020-06-21 18:38:15
"If  we really don't develop long term immunity to Covid-19, we might be taking a vaccine twice a year.",1.0,Coronavirus,2020-06-21 19:00:42
"We've had coronaviruses for centuries... from the common cold to mers, sars, and covid-19. No vaccine in centuries of data, I think it's so unreasonable and unrealistic that people think ""oh we'll just get a vaccine soon"". We might have a shadow of a vaccine soon... but it won't be anything reliable or effective as vaccines like mmr/dtap etc.",1.0,Coronavirus,2020-06-21 19:41:26
"I see a future coronavirus vaccine being like the flu vaccine - it's not intended to prevent you from getting COVID, but is aimed at helping your immune system beat it so that a smaller proportion of the population infected requires actual hospitalization. 

Even bad flu vaccines can help the immune response just enough so that you can beat the flu on your own without complications.",2.0,Coronavirus,2020-06-21 19:48:52
"They don't and the fact you believe testing/sampling has been accurately reported and scaled correctly is ignorant.

PPE is still a problem, testing is now starting to fit acceptable standards, and because you tested negative doesn't indicate you didn't have it prior. I know from your believing in 2% that you have no experience with research methods and didn't execute critical thinking in the testing process being valid based on the time-line and reality of the situation. 

You also are just going off what you've briefly heard and read and aren't critically analyze it. This isn't a death sentence for all. A claimed vaccine and a legit vaccine are not the same thing. Testing anti-bodies (if even the case with this virus) and being positive of covid are not the same thing.",1.0,Coronavirus,2020-06-21 20:00:40
"That's better than COVID 19 itself, but it very much puts the fate of the vaccine in the hands of scummy corporations.",1.0,Coronavirus,2020-06-21 20:00:51
"Yours is a strawman argument, because Nextstrain data is populated using COVID test samples, and the entire problem is early suspect cases / death were not and still could not get tested.

What we do know from Nextstrain is there are 3 main types of the virus, the current most dominant one is Type C with DG614 mutation, Wuhan strain was type B, and prior to that there was Type A that, until recently, were found in equal numbers in both US and Chinese samples.

Until recently, because Chicago just [found](https://chicago.suntimes.com/coronavirus/2020/6/18/21296228/northwestern-university-covid-19-virus-china-vaccine)10% of their cases were type A",2.0,Coronavirus,2020-06-21 20:13:16
"It'll likely take a vaccine to completely rid the US of COVID. Each state has a different approach to how they handle the virus. This is causing it to spread intranationally by allowing travel across state lines. Some states have mandatory masks some don't. Neighboring counties can differ from one another if there isn't a precedent set by the governor. As far as I'm aware, this is the opposite in most European countries where the government's are more centralized.",1.0,Coronavirus,2020-06-21 20:39:49
"We actually do. A lot of people are tying to make this out to be solely for corporate financial benefit, but if we had enough companies stop production due to COVID infection I think a lot of people complaining on this subreddit would shut up real quick. 

Corona is here to stay, my opinion is we can’t wait for a vaccine and just try and be as safe as possible while understanding it WILL spread.",1.0,Coronavirus,2020-06-21 21:44:52
"What comment do you think you're responding to? How was what I said in any way, shape, or form, blind praise? The person above me characterized our success as luck, I stated that couldn't be further from the truth. If there is any luck, it is that COVID is nowhere near as lethal as we thought it was.

The whole idea of flattening the curve wasn't preventing everyone from getting it. Until we develop a vaccine, chances are most people are going to end up getting it. The goal was to prevent the collapse of the healthcare system, which, so far, we did.

To criticize the NY government for not adequately preventing the spread of a virus that has neither a cure nor vaccine, particularly the government that has done the best job in the country so far at mitigating the spread is at best ignorant and at worst intellectually dishonest.",1.0,Coronavirus,2020-06-21 22:06:13
"The goal of a small biotech company is to be bought out by a larger biotech company that DOES have the infrastructure to carry out production on a bigger scale. I wouldn’t make the size of the company an issue - but you do make a good point about whether or not they actually have anything vs just trying to hype themselves up. 

As far as your complaints about the mRNA vaccine, I don’t really get what you mean. Injecting mRNA is very similar to injecting any other antigen matter and they don’t know whether or not a severe adverse immune response can be triggered... just like with any other vaccine that doesn’t use mRNA. That’s the entire point of testing, to identify potential side effects and determine whether they can be mitigated. I also don’t get what you mean about the protein inhibitors since that is not what the mRNA is doing in the COVID vaccine afaik.",1.0,Coronavirus,2020-06-21 22:39:58
"You’re talking about contract tracing, which is obviously a great idea. I’m talking specifically about testing. People who have symptoms can get tested right now. To think we could hire enough qualified people to track down and contact all of the close contacts for every permanent case in a fully reopen scenario is an unrealistic, ideological thought process. I can assure you a call wouldn’t be as simple as, “This is Jim with the health department. You were in close contact with someone who has COVID. Please self-isolate for 14 days. Have a pleasant afternoon.” The person receiving that call would have a barrage of questions and many would be in denial...and this is based on the assumption that someone could even identify who they had been in contact with in a given time period. 

Let’s assume it takes a contact tracer 20 minutes to get a list of contacts directly from the confirmed case. Then the contact tracer spends 10 minutes on the phone with contacts explaining the situation. And an additional 10 minutes per contact trying to track down other individuals whom the patient doesn’t actually know (dental workers, optometry workers, stylists, gym patrons or trainers, servers at restaurants, people who sat within a close distance at a large event, etc.). A contact tracer could conceivably spend a full work day or more simply tracking down and contacting all of the people in close contact with one individual. The math just isn’t on the side of practicality or feasibility using that method.

I understand that contact tracing doesn’t have to be perfect, but it would be the duty of the health department to try and get as close as possible. This kind of contract tracing works great for a scenario where large events aren’t happening and social distancing is still in force, with non-essential businesses closed or limited. But, like you said, we can’t keep things closed down until the virus is eradicated and that was never the goal, not to mention that if immunity isn’t long term, we can’t just abandon these things forever.

The mobile phone tracing is a fantastic idea, and yet it’s months away from being ready. Testing in the US is available *now* for anyone with symptoms. My point is that the virus isn’t going away any time soon without a vaccine or cure. And if, as you seem to think, immunity isn’t long lasting (at least a couple of years), then a vaccine won’t be particularly helpful, anyway.

We could, tomorrow, require that everyone stay home for 14 days no matter the circumstance, and then send people in hazmat suits from door to door to test everyone at the end of that period. Households and entire apartment buildings with any positives would have to isolate another 14 days, and eventually we would eradicate the virus. 

There is not currently a scenario where we can both reopen and eradicate the virus, and there isn’t a country on earth that has shown that it is possible to do so. So ultimately, if you believe immunity isn’t long lasting, you’re either deciding that we stay closed down (in whatever form that may be) until there is a cure that may never come, or we learn to live with it.",1.0,Coronavirus,2020-06-22 03:44:11
"You’re talking about contract tracing, which is obviously a great idea. I’m talking specifically about testing. People who have symptoms can get tested right now. To think we could hire enough qualified people to track down and contact all of the close contacts for every permanent case in a fully reopen scenario is an unrealistic, ideological thought process. I can assure you a call wouldn’t be as simple as, “This is Jim with the health department. You were in close contact with someone who has COVID. Please self-isolate for 14 days. Have a pleasant afternoon.” The person receiving that call would have a barrage of questions and many would be in denial...and this is based on the assumption that someone could even identify who they had been in contact with in a given time period.
Let’s assume it takes a contact tracer 20 minutes to get a list of contacts directly from the confirmed case. Then the contact tracer spends 10 minutes on the phone with contacts explaining the situation. And an additional 10 minutes per contact trying to track down other individuals whom the patient doesn’t actually know (dental workers, optometry workers, stylists, gym patrons or trainers, servers at restaurants, people who sat within a close distance at a large event, etc.). A contact tracer could conceivably spend a full work day or more simply tracking down and contacting all of the people in close contact with one individual. The math just isn’t on the side of practicality or feasibility using that method.
I understand that contact tracing doesn’t have to be perfect, but it would be the duty of the health department to try and get as close as possible. This kind of contract tracing works great for a scenario where large events aren’t happening and social distancing is still in force, with non-essential businesses closed or limited. But, like you said, we can’t keep things closed down until the virus is eradicated and that was never the goal, not to mention that if immunity isn’t long term, we can’t just abandon these things forever.
The mobile phone tracing is a fantastic idea, and yet it’s months away from being ready. Testing in the US is available now for anyone with symptoms. My point is that the virus isn’t going away any time soon without a vaccine or cure. And if, as you seem to think, immunity isn’t long lasting (at least a couple of years), then a vaccine won’t be particularly helpful, anyway.
We could, tomorrow, require that everyone stay home for 14 days no matter the circumstance, and then send people in hazmat suits from door to door to test everyone at the end of that period. Households and entire apartment buildings with any positives would have to isolate another 14 days, and eventually we would eradicate the virus.
There is not currently a scenario where we can both reopen and eradicate the virus, and there isn’t a country on earth that has shown that it is possible to do so. So ultimately, if you believe immunity isn’t long lasting, you’re either deciding that we stay closed down (in whatever form that may be) until there is a cure that may never come, or we learn to live with it.",1.0,Coronavirus,2020-06-22 03:44:38
"The article is extremely confusing. I'm not sure what the researchers are reporting.

Earlier in article: ""During the trial two groups of hamsters were infected with Covid-19 and the vaccine was administered to one of the groups.""

Later in article: ""The hamsters were infected with a coronavirus that is monoclonal and usually affects farm animals and insects, and is one element removed from coronavirus that attacks human cells.""",1.0,Coronavirus,2020-06-22 04:21:34
"SO TRUE. I’ve read a lot about the COVID vaccine and it’s been 50-50 optimistic and soul crushing. My honest to god hope is that we’re back to regular life by next fall. As in, no masks and no distancing. Regular fun life.",1.0,Coronavirus,2020-06-22 05:38:43
"People don't trust, and won't trust a vaccine that they sense has jumped past too many safeguards.

The polling on ""I'm willing to take a COVID-19 vaccine"" reveals **SHOCKINGLY** bad affirmative numbers.",1.0,Coronavirus,2020-06-22 05:51:24
"So true! A COVID vaccine is literally every government’s #1 priority now. The level of funding and support being given to the development of a Covid vaccine is legitimately unprecedented. 

And we have reason to be hopeful - top scientists from various governments (British, American, Canadian, most European, Indian, etc.) have seen Oxford’s data and immediately signed billion dollar deals to begin manufacturing it.",1.0,Coronavirus,2020-06-22 05:51:27
"I say the health officials are doing everything they can to give hope to the population but they know very well the battle ahead. 

Consider that are several strains of the virus already. 

The flu vaccine has to be updated every year because of mutations. The COVID-19 virus is mutating at a much faster rate.

Add to that there was no reliable or safe previous vaccine for corona. And this strain is very different than anything before. 

So, yep. He does have a clue but he also has to keep people from losing hope.",1.0,Coronavirus,2020-06-22 06:05:17
"&gt; they aren't bypassing safety protocols.

People would feel differently if they weren't reading stuff like this:

&gt;&gt;**“I don’t think proving this in an animal model is on the critical path to getting this to a clinical trial,”(( said Tal Zaks, chief medical officer at Moderna, a Cambridge, Mass.-based biotech that has produced a Covid-19 vaccine candidate at record speed. He told STAT that scientists at the National Institutes of Health are “working on nonclinical research in parallel.” Meanwhile, the clinical trial started recruiting healthy participants in the first week of March.

Between that and disappearing cases in a number of areas where they are trying to trial vaccine candidates, they certainly are trying to rush.",1.0,Coronavirus,2020-06-22 07:04:37
"&gt; If you going to vaccine the worlds population you better make sure it is safe. I am sceptical since it is impossible the have long-term safety data on its efficacy or side effects, without long term study.

Oxford is the one I've read most about so I'll speak to that -- Oxford vaccine's base has already been tested for safety so after they modified it for COVID, the UK government approved it to combine phase 2 &amp; 3 testing. They're not skipping steps in testing, they're just doing steps simultaneously and aren't being held back by the usual bureaucracy.

But the base of the vaccine has already been tested. It's safe. It won't give you any long-term consequences. Right now it's more a test of how efficient is it. We're seeing that it's fairly efficient in minimizing the effects of COVID (they pumped monkeys FULL of the virus and the worst they suffered was a mild cold). It's more of a matter now of seeing how often we'll have to get booster shots.",1.0,Coronavirus,2020-06-22 07:19:20
"&gt; Consider that are several strains of the virus already. 

&gt; The COVID-19 virus is mutating at a much faster rate.

&gt; Add to that there was no reliable or safe previous vaccine for corona.

I love how you write ""only people who don't have a clue think..."" and yet damn near everything you said here was wrong -- you don't have a clue.",1.0,Coronavirus,2020-06-22 07:21:38
"When you begin to understand [what a vaccine actually does](https://www.abc.net.au/news/2020-06-18/coronavirus-covid-vaccine-race-how-the-candidates-work/12310814?nw=0), you can see why the short timelines are quite optimistic.",1.0,Coronavirus,2020-06-22 09:47:44
"Vaccines provoke immune response so that the body knows how to fight off the virus in the future. 

Some of the vaccines in experimentation are literally micro doses of COVID. 

Herd immunity can be achieved through mass infection of mass vaccination but only works when enough people cannot be viable hosts to the virus.

So herd immunity is exposing enough people’s’ immune systems to the virus that it cannot find anymore viable hosts and all extant copies decompose before replicating.

If people’s immune systems allow them to be infected more than once, whether it’s from a natural infection or an artificial one like a vaccine, I’m not sure how we ever achieve herd immunity.",1.0,Coronavirus,2020-06-22 12:10:31
"The disease exists no matter what; And populations (including volunteers) already have a risk of exposure to it due to pandemic conditions.

Participation in a challenge trial should be seen less of a heroic selfless act (with associated ethical challenges), and more as a calculated risk trade-off: one trades off their risk of contracting COVID in the wild while pandemic continues (and they are unvaccinated) towards the BENEFIT of getting vaccinated asap, but a risk of what if vaccine was not effective enough for them.

In the countries that are handling pandemic poorly and just stroll towards the herd immunity, it becomes a risk worth taking regardless of what the actual disease severity. If you live in a place and work a job where your chance of contracting COVID until Q1.2021 would be like 50%;  And at the current stage of vaccine research (including antobody tests etc) it is believe that vaccine probably works at least 80-90%, then why not take the risk then? 

As an added benefit, volunteers can be given a priority pass to vaccinate their immediate or extended families ahead of the line (or as part of next steges of extended trials).",1.0,Coronavirus,2020-06-22 12:24:18
"Automatic translation [here](https://translate.google.com/translate?sl=auto&amp;tl=en&amp;u=https://www.jpost.com/health-science/covid-19-is-weakening-could-die-out-without-vaccine-specialist-claims-632324)

*I am a bot, and this action was performed automatically. Please [contact the moderators of this subreddit](/message/compose/?to=/r/Coronavirus) if you have any questions or concerns.*",1.0,Coronavirus,2020-06-22 13:10:49
"&gt; The reason why a vaccine is stated to take so long is not based on how much money you throw at it, but how long time the vaccine trials take to determine if it is safe.

Here's a timeline chart that shows the typical length of various stages: **[How Long Will a Vaccine Really Take?](https://www.nytimes.com./interactive/2020/04/30/opinion/coronavirus-covid-vaccine.html)**

Money is a huge part of it, and here's why: because in ""normal"" times, nobody wants to fund the next stage of vaccine development until there's a positive outcome with the previous stage. So all the steps get done **in series**, and much of the time in various steps is spent trying to get funding.

Now in the current ""all-eyes-on-covid"" times, steps are being done **in parallel** with zero time having to be spent on fund-raising. Factories are being built before clinical trials are completed, which means if the trials fail, they just have to eat the cost of the now-useless factory.",1.0,Coronavirus,2020-06-22 13:18:36
"Summer 2021. 


Potential roadblocks are finding a way to create and inoculate nearly eight billion people worldwide.   Then, Americans were recently polled and a staggering 33% would *refuse* to receive any COVID vaccine at all.  :/",1.0,Coronavirus,2020-06-22 13:33:09
"The flu is not covid, the flu mutates quickly and that's why we need a new vaccine. We don't need a new measles vaccine every year do we? 

""so few tests""

The US has done over 27m tests. It's clear that in most cases recovering from covid provides immunity, we don't know the duration.",1.0,Coronavirus,2020-06-22 15:44:29
"Seems like Fox News is cherry picking physicians who will play into their narrative that the coronavirus pandemic is winding down:

&gt;The expert in critical care said the plummeting number of cases could mean a vaccine is no longer needed as the virus might never return.

The plummeting number of cases can also be tied to the actions taken by government and people + social distancing. Also, it really depends on what country you are talking about; this might apply to New Zealand, not so much for the U.S.

&gt;**“I think the virus has mutated because our immune system reacts to the virus and we have a lower viral load now due to the lockdown, mask-wearing, social distancing**,” he said. “We still have to demonstrate why it’s different now.” 

Natural selection makes the viruses that don't have the mutations that make it less infective less prevalent. And this statement is provided without supporting data.

&gt;“It was like an aggressive tiger in March and April but now it’s like a wild cat,” Bassetti said. “Even elderly patients, aged 80 or 90, are now sitting up n bed and they are breathing without help. The same patients would have died in two or three days before.”

Our understanding, medical resources, and treatment options for COVID-19 have improved during the pandemic so mortality rates can drop.",1.0,Coronavirus,2020-06-22 16:08:05
"At least until there's a vaccine, yes that's exactly how it's going to go in America. Even once there's a vaccine, we have the regular antivaxxors, plus there will likely be a whole bunch more for the covid vaccine due to conspiracy theories, politics, and sheer stubbornness. Also the vaccine probably will be prohibitively expense for people who don't have health insurance.",1.0,Coronavirus,2020-06-22 16:25:54
"Not a doctor, but it sounds like they modified an existing process for creating vaccines to create one for COVID, instead of creating a new process. So we know the process is safe, the concern is more about the resulting vaccine and whether it provides partial/total protection and whether it's temporary/permanent.",1.0,Coronavirus,2020-06-22 16:29:48
"hey there

what you're referring to ... that's generalizing

that's exactly how racial profiling starts  ... "" all chinese are fakes, all muslims are terrorists, all irish people are drunkards, all blacks are muggers etc ""

( and before anyone gets triggered, i am muslim so i am not being racist against anyone or against myself, just giving an example ! )

those are terrible disasters you mention, but such vaccines and milk powders SHOULD BE TESTED BY THE DAMN REGULATORY authorities before being allowed to be used on humans ( which is what they'll probably do to the COVID-19 vaccine )

so ...not all chinese are bad people with fake shit to sell ( i am not chinese ) and similarly not all muslims are terrorists ( most of them actually HATE terrorism/extremism ) and not all irish are drunkards.

all i'm saying is that SinoVac isn't someone who's going to destroy their image by supplying a COVID-19 vaccine that is fake af

the drug authorities should test any such stuff before allowing it on their population

P.S : since they did it to their OWN people, well screw their FDA who should have been more honest in testing such stuff but i am just trying to clear the view that COVID-19 is something that everyone will have to take seriously, so a fake vaccine should be out of question unless that company wants to bury itself",1.0,Coronavirus,2020-06-22 17:12:46
"The SARS 1 vaccine effort suffered major setbacks at the animal testing stage. They had massive reactions. That did not happen with Covid, the first batch of animals studies were not only safe but had excellent results. The long term side effect studies will be a bit compressed, but I'm not too worried about that part because long term side effects with non-live vaccines are extremely rare. Most of the rush came from running trial and production side by side.",1.0,Coronavirus,2020-06-22 17:26:35
"I NEVER said I thought the virus would go away. You made a gigantic, very wrong, and ridiculous assumption. The common cold is a coronavirus. Coronaviruses don’t tend to disappear. 

We do, however, have this thing called SCIENCE. We’ll have a vaccine or at least find a way to ameliorate the severity of covid. In the meantime, everyone’s behavior has to change. We ALL wear masks and social distance when we aren’t at home. This is no different than wearing a seatbelt or not driving drunk.

I have asthma. I’m immunocompromised. I LIKE being alive. I don’t leave my yard right now because of all the jerks who refuse to wear masks and social distance in the middle of a pandemic.",1.0,Coronavirus,2020-06-22 17:39:01
"The only reason the SARS vaccine never came out was because the virus didn't last long enough. Testing and isolation was enough because SARS had a short incubation period and no asymptomatic spread.

Also, the thing to remember about the average vaccine development time is that not all vaccines are created equal. Some diseases are very easy to vaccinate against, some are extremely hard to vaccinate against, and a lot of vaccines in development are for diseases that already have vaccines, but could be improved on.

Third, if you actually read up about what they're doing to rush the Covid vaccines, they're not skipping safety testing, they're overlapping steps that are usually done after the previous step finishes to minimize the resources wasted on a bad vaccine. Right now the frontrunner, Chadox, is in phase 2 safety testing, phase 3 efficiency testing, and also being mass produced. If everything goes well, it could be out by the end of this year.",1.0,Coronavirus,2020-06-22 18:05:18
"I understand what you are saying. However, Guillain-Barre syndrome has specific enough symptoms that it can be clearly recognized. The OP article says:

""Patients are suffering from phantom pains, memory loss, personality  changes, psychological issues and extreme fatigue, along with lungs that  won’t heal, even months after being discharged from hospital...""

If people reported symptoms like this after COVID vaccination, or for that matter if a child were affected in these ways by routine immunizations, how can it be detected? (Would a kid with ""extreme fatigue"" after a vaccine show up in trials of a vaccine administered at 6 weeks?)

What I was wondering about in my post was: considering that some of the harmful effects of some diseases are immune mediated, is there something *about* vaccinations that makes them cause harmful immune reactions at a lower rate than the disease would have, or do they cause harmful immune reactions at the same (or even higher?) rate while mitigating the direct harm of the disease? There seems to be a cluster of unfortunate facts here: (1) some diseases trigger harmful immune responses, (2) vaccines are designed to trigger the same immune responses, (3) harmful immune responses sometimes have vague symptoms. It doesn't worry me that these things happen, because as long as the trials can measure them, the risk would be much less than the risk of the disease. It does worry me that these things are hard to measure and may not even be quantifiable in trials. Plus, discussing vaccine safety at all is going get too political too soon when it should be fact and measurement centered.",1.0,Coronavirus,2020-06-22 18:39:10
"&gt; That they made wrong choices has basically already been proven. 

No - it hasn't. It's an opinion based on the hypothesis that if they had locked down, then they would have dramatically decreased the number of deaths. 

By the same logic, you could argue that the number of deaths increased in Italy, the UK and Spain *because* of the lockdowns. 

Both of these are pure supposition. 

However, you appear to be hoping that - if the mortality rates increase in Sweden - that this will prove that you were right and that they were wrong. As most of Europe is now coming out of lockdown and facing Covid as Sweden has done - without a vaccine - you probably should be more careful about what you wish for.",1.0,Coronavirus,2020-06-22 19:13:13
We’re talking about children. How many under 18 have died? We don’t keep kids out of school for 4-10 years (the new estimate on a vaccine) when nobody knows if it even prevents transmission. Show me the studies that say keeping kids out of school has prevented Covid from spreading. (Hint: you can’t),1.0,Coronavirus,2020-06-22 19:24:42
"If the theory is that more virus = stronger immune response then the sickest Covid patients who recover should not be getting reinfected. Many of these “reinfected” patients are getting discharged from the hospital (so moderate to severe) and then experiencing a resurgence in symptoms. If this is reinfection then it suggests that a vaccine would be ineffective at any dose. 

That is not what clinical trials have thus far demonstrated to my understanding.",1.0,Coronavirus,2020-06-22 19:28:38
"Thats not ineffective though, it still worked at preventing shingles

If that was a covid vaccine that could still enable you to vaccinate 150 million people of the roughly 300 million people in America with a single shot, who is going to say that’s not effective?",1.0,Coronavirus,2020-06-22 19:37:54
Covid may go to 2024. The idea of a vaccine showing up next year may not happen. Next year will be scary.,1.0,Coronavirus,2020-06-22 20:29:58
"There’s no direction or central message which is why everyone is just fending for themselves right now. So many conflicting policies, goals, and messages out there that no one is buying in anymore to help prevent the spread of COVID. Are we quarantining to help prevent the over flooding of hospitals or until we find a vaccine? Are masks mandatory or not? Are we cancelling large public gatherings but still allowing large gatherings of BLM protestors?",4.0,Coronavirus,2020-06-22 20:41:17
"That isn't the comparison being made. The comparison is the cost of a lockdown compared to the cost of dealing with ongoing covid 19 cases. Currently, the average OECD nation loses 10% of gdp growth per month and that's not even accounting the ongoing spending with reduced tax revenues. 

Again, you cannot infinitely spend as though nothing bad will happen. The appropriate tradeoff here is to realize the diminishing returns to lockdowns as the economic cost of it exceeds the economic costs of managing the virus in a less intensive lockdown. The key to doing so is continued mass testing coverage and adjusting local areas to the intensity of the virus reproduction rate. Otherwise, there will be taxing and spending in an economy that continues to produce less and less.

Edit:

Spelling. 

Also to drive a point home, my kingdom for a nail. A kingdom fell for a nail. 

My vaccines for a glass vial. Vaccine production curtailed due to glass vial supply chains dying because of continued lockdowns. 

Get the idea? If not, then you're as economically illiterate as any other schmuck who fails to see life as a series of tradeoffs. Everything has a tradeoff, and so far the lockdown's tradeoff is safetyism over the economic activity that makes life possible and worth living.",2.0,Coronavirus,2020-06-22 21:25:32
"The *only* thing we can do to stop covid, is to stay locked down until there's a vaccine. It's not gonna happen, it can't happen. The quicker we come to terms with that fact, the better off we will all be.",1.0,Coronavirus,2020-06-22 22:06:36
"It's true that not all possible causes of death are reported as COVID, it's also true that the spike in PIC deaths is unmistakable.

It is also certainly possible that kids can die from this. We've seen this new inflammatory syndrome in younger people. They could also have an underlying condition that was undiagnosed.

Either way, I'm not taking chances. Masks and distancing for me until there's an effective vaccine.",1.0,Coronavirus,2020-06-22 22:39:39
"I thought that was because the flu mutates quickly and the vaccine doesn't last compared to that, but you do in fact get cumulative benefits over time with each shot. As far as I remember reading covid isn't mutating that much compared to the flu.",1.0,Coronavirus,2020-06-22 23:13:38
"That's right, which is why the flu vaccine usually has several strains together which they think are most likely to hit your country. However, we could fall into the same tempo where we get a booster every year or so for Covid (like we get boosters less frequently for other viruses).",1.0,Coronavirus,2020-06-22 23:23:07
"With no immunity there's no point in a vaccine, we would just have to give up and wait to die from covid.",0.0,Coronavirus,2020-06-23 02:24:26
"All of my sources say we will likely have a vaccine by 2021, I really don't know where you're getting 4-10 years. In fact, there's an entire episode on this called Coronavirus Explained on Netflix, you should watch it some time. 

&gt;Show me the studies that say keeping kids out of school has prevented Covid from spreading. (Hint: you can’t)

I feel like I don't even have to respond to this, but you do understand that kids out of school falls under shut downs and quarantining right? So all of the studies that show that these precautions have slowed the spread of covid DO in fact include school shut downs, even if they don't mention it specifically.",1.0,Coronavirus,2020-06-23 03:02:03
