comments,score,subreddit,time_created
"We've decided our preschool child will not be going to preschool until a vaccine. 

Not worried about her education as we've stepped up and she is making amazing progress intellectually.

What we hate is the lack of social interaction that could be hurting her.  We've witnessed a decline in some respects so much so that we had to step up the discipline to levels we don't like.  Less problem solving and more time outs and suspension of privileges because we just don't have the time to have an hours long or even multi-day showdown until they realize a spoiled response (whining, yelling, demanding) isn't helping their cause and they need to take a more reasoned approach.

But she's too young to have a 100% record of not touching foreign objects and then her face.  The things we probably did until we became hyper aware earlier this year.  So PS / Day Care just isn't in the cards until a vaccine.",1.0,California,2020-07-17 10:50:37
