comments,score,subreddit,time_created
"Covid-19 has no season *yet*.  The flu didn't either, when it started.  Once the major outbreak is over and there's at least one vaccine for it and life is back to ""normal"", the same factors will be in play for it that the flu has: 

* People are indoors more often during the winter, they are in close contact more often, and this promotes transmission from person to person.

* A seasonal decline in the amount of ultraviolet radiation may reduce the likelihood of the virus being damaged or killed by direct radiation damage or indirect effects (i. e. ozone concentration) increasing the probability of infection.


* Cold temperatures lead to drier air, which may dehydrate mucous membranes, preventing the body from effectively defending against respiratory virus infections.

* Viruses are preserved in colder temperatures due to slower decomposition, so they linger longer on exposed surfaces (doorknobs, countertops, etc.).


* In nations where children do not go to school in the summer, there is a more pronounced beginning to flu season, coinciding with the start of public school.  It is thought that the day care environment is perfect for the spread of illness.

* Vitamin D production from Ultraviolet-B in the skin changes with the seasons and affects the immune system",1.0,AskReddit,2020-05-10 20:01:07
"Well I emigrated to NZ 13 years ago, so perhaps Oz, or Canada (though not a big fan of cold). I may try Germany again. I used to want to live in the US but, frankly I don't think I'd ever want to even visit until a Covid vaccine is universally available and in use.",1.0,AskReddit,2020-05-10 20:57:18
"No.

We are at an amazing and unique place in world history. 

The last sixty days the entire world has been coordinating, communicating and helping each other in a never done before way. 

Even with China lying the high functioning scientists of the world have been working internationally and solving problems at a record speed. 

If you look back this is unique and impressive. If we have a vaccine and soldi treatments for COVID-19 in under a year that will be an impressive result of international cooperation.",1.0,AskReddit,2020-05-10 22:07:14
Anti-vaxxers due to refusing the COVID-19 vaccine when it becomes available. They might earn a Darwin Award in the process,1.0,AskReddit,2020-05-10 22:33:08
"Everything I’ve seen so far seems to point to COVID-19 being a fairly orderly replicator, but it’s probably too early to tell. Hopefully it’s not a good mutator like the flu, or any vaccine will be disappointingly ineffective in the long term.",1.0,AskReddit,2020-05-10 23:22:51
"Until we have a vaccine or decent treatment.

Just to put things into perspective on the former: we've known about AIDS since 1984. Still don't have a vaccine. 

So if I were you, I'd settle in for the long haul. Eventually things will ease up once everyone gets it clear that we don't need to quarantine every swinging dick on the planet but just the most vulnerable  (mostly old people) things will lighten up considerable, but there *will* be permanent changes to society. I imagine we'll start using the letters ""BC"" to refer to the time ""before COVID"". ""Oh, yeah, I used to deliver pizza back in BC.""",1.0,AskReddit,2020-05-11 07:09:37
"Dude you just spread covid 19 to 5 years in the past, least that means we might retroactively develop a vaccine by 2020",1.0,AskReddit,2020-05-11 09:53:58
"A vaccine for the Covid, I just want my normal life back.",1.0,AskReddit,2020-05-11 10:21:15
The covid vaccine,1.0,AskReddit,2020-05-11 10:56:39
covid-19 vaccine lol,1.0,AskReddit,2020-05-11 11:02:08
"Size of the universe, next inhabitable planet for human race, reverting climate change, cure cancer and covid vaccine. How to  make salad tasty without any meat/preservative/ sources/dairy/gluten?",1.0,AskReddit,2020-05-11 11:15:47
"It will get worse. Much worse. 

Shutting down the global economy is going to lead to a global depression. 

The coming depression will deliver 10x the death and suffering covid could ever muster. 

If you don't believe health and wealth are intimately correlated, watch this:

 [https://www.youtube.com/watch?v=Z8t4k0Q8e8Y](https://www.youtube.com/watch?v=Z8t4k0Q8e8Y) 

It is a childish fantasy to treat this as a ""we can't live our lives or work until we have a vaccine!"" 

That is a luxury we simply do not have.",1.0,AskReddit,2020-05-11 12:53:44
"&gt;It will get worse. Much worse.  
&gt;  
&gt;But not in the way you're thinking.   
&gt;  
&gt;Shutting down the global economy is going to lead to a global depression.  
&gt;  
&gt;The coming depression will deliver 10x the death and suffering covid could ever muster.  
&gt;  
&gt;If you don't believe health and wealth are intimately correlated, watch this:  
&gt;  
&gt;https://www.youtube.com/watch?v=Z8t4k0Q8e8Y  
&gt;  
&gt;It is a childish fantasy to treat this as a ""we can't live our lives or work until we have a vaccine!""  
&gt;  
&gt;That is a luxury we simply do not have.",1.0,AskReddit,2020-05-11 12:54:36
They will control our minds with Covid-19 vaccine shots.,1.0,AskReddit,2020-05-11 13:50:56
According to the mouth breathers on my Facebook page....by getting a vaccine for Covid-19.,1.0,AskReddit,2020-05-11 18:06:48
"Here's my theory:

Decades and decades ago, before vaccines, the flu was deadly. It was **bad news.** We developed a vaccine, and although people still get it and die, it's much less severe. Most kids get their fall flu shot, and they probably won't get it, but it's possible that they might (happened to me once), but they probably will be fine.

Let's take the pandemic. Right now, it is **bad news.** I think that they will be able to develop a successful vaccine, given time. People will still get it and die. But It won't be on the news in 30 years. Kids will walk around, saying that they got their Covid shot the other day. The flu mutates very fast, so we have annual vaccines. I don't know if Covid will end up like that, or if a new vaccine will be needed only every few years, but eventually, it will be a memory in those who lived through it, and the world will move on with pandemic prep under their belts and knowing how to wash their hands.",1.0,AskReddit,2020-05-11 20:20:15
"They can try as they please. What, is someone going to come to my home and force me into a white van and vaccinate me against my will? What, will they check for vaccine documentation on your ID everytime you enter a public building? That's easily forged. What, are they going to tax me on it if I don't get one the way the my state taxes you if you don't have health insurance?

I'll get this new vaccine once they have 10 years of research and data on it. Bill Gates and his bought patent can suck my butt with his vaccine. My family and I all got Covid back in November before it was apparently out.",3.0,AskReddit,2020-05-11 21:01:59
"I just asked this to my husband: I own a pharmaceutical company. I was the one that released COVID. I have the vaccine. Now everyone wants shares in my company.

Like that went from 0-60 real fast.",2.0,AskReddit,2020-05-11 21:44:39
"Um... according to history, that's pretty much what has happened a couple of times.

The doctor who figured out Ulcer's pretty much used himself as a guinea pig and it worked out amazingly.

It's not that that is in any way the standard, and we're not getting a Covid-19 vaccine any time before 2021 (If we are lucky!) but it has happened like that occasionally.",4.0,AskReddit,2020-05-12 02:38:43
A goddamned COVID-19 vaccine.,18.0,AskReddit,2020-05-12 04:08:51
"It is covid 19 related, but the first vaccine for the virus is being tested on humans in the UK!",1.0,AskReddit,2020-05-12 08:45:45
"As I said, ""it isn't  all that dangerous for most people"", note the word ""most"" in fact, it is not much more dangerous than the yearly flu. People die from the yearly flu too.

And we as people need to reach heard immunity against covid 19 which means a majority of people has to have been infected or immunised through a vaccine",1.0,AskReddit,2020-05-12 12:43:55
Covid vaccine. A new and better government. Stop corruption. And finally meet my long distance boyfriend after a year of being in this relationship.,1.0,AskReddit,2020-05-12 13:41:36
"There's three reasons why I don't think a vaccine is coming:

1) No one's ever made a safe, effective corona virus vaccine before--not even for animals--which means it might simply be impossible.

2) The virus is so contagious and people are so fed up already with the restrictions that herd immunity is already on the horizon in a lot of areas that were hit early. 

3) Each new infection likely means a lost sale for a future covid vaccine manufacturer, so quite literally Merck, GSK et al. Are watching their potential profits decrease *expontentially*. In other words the big money will probably be exiting the game early.",1.0,AskReddit,2020-05-12 14:21:40
"Covid20

Which kills everyone with a covid 19 vaccine",1.0,AskReddit,2020-05-12 14:33:41
"Ok, let's think this through logically.    

Firstly let's determine a suitable analogue for COVID-19 in a computer virus. COVID-19 is a respiratory infection that spreads through droplet transmission at distances within 1m. It is also spread through surface contact, ie. an infected person touches their own respiratory excretions then without **adequately** disinfecting their hands, touches a surface that others then touch. It is also noted that during particular medical procedures COVID-19 is spread via aerosol (distances greater than 1m). This is why social distancing of 1.5m is effective, you can read more about COVID-19 transmission [here](https://www.who.int/news-room/commentaries/detail/modes-of-transmission-of-virus-causing-covid-19-implications-for-ipc-precaution-recommendations).     

So I guess the first question for building an analogue is what is the computer equivalent of being within 1m of an infected person. I would argue (and others may wish to argue for something else), that a computer that is able to receive and transmit packets to another computer is the equivalent of being within 1m of them.     

I would consider antivirus software to be the same as a vaccine or treatment. So in such an analogue model we'd have to conclude that antivirus software could not combat this computer virus and we were waiting for an update to antivirus to fix it.    

As it infects all adults equally, we should consider it platform independent except for some isolated OSes such Unix which will represent children. 

So, I would conclude then that whenever you connect to an infected server be that for a website, for online gaming, video calling or something else you then become infected and vice versa. This would see the infection spread rapidly across the internet with clusters forming around VPNs, proxies and TOR.     

The equivalent to social distancing and isolation would then become sandboxing interactions online, limiting the number of people connected to a server at one time, limiting the servers you're allowed to connect to and turning devices offline en masse by law with strict guidelines as to the purposes they can be turned online for.      

In terms of the effect of infection, well we know that while people with pre-existing conditions such as diabetes or over particular ages succumb to infection more frequently, the spread of fatally across ages has developed at such a rate as to make everyone at risk. 6% of all infections will become critical, so we'll say that is the computer equivalent of the computer/server turning off and ceasing to turn on again. We'll also say that particular SoC chip models are slightly more likely for that to occur but it does occur across all chips.         

I think if an uncontrolled computer virus that spread that rapidly fried 6% of systems it infected and a way for antivirus to remove it was many months away business would probably lose faith in the internet as a platform to undertake their customer facing operations. I think you might see quite a lot of businesses pulling themselves offline permanently, as well as the mainstream population.",1.0,AskReddit,2020-05-12 14:57:04
"This, most people seems to forget that covid is here to stay. And if immunity only last a year or so it would mean recurrent infections unless a vaccine is developed.

And on that point. Unless we get a vaccine I would expect that life expectancy will drop by a decade considering how hard recurrent covid epidemics will hit the elderly",1.0,AskReddit,2020-05-12 15:04:21
Not unless there's a vaccine for Covid...,1.0,AskReddit,2020-05-12 15:18:01
There's a thread over on /r/coronavirus about a poll taken that showed 14% of Americans wouldn't take a Covid-19 vaccine.,1.0,AskReddit,2020-05-12 15:25:34
"No, they won't.  


My anti-vaxxer cousin unfriended me on Facebook after non putting up with her shit, but I can still see some of her posts.

According to her, the coronavirus vaccine is part of Bill Gates' depopulation agenda and we're better off achieving natural herd immunity, despite the fact that millions would die and herd immunity for COVID hasn't been confirmed yet.  


I shit you not:  https://imgur.com/QQe7MFa",1.0,AskReddit,2020-05-12 15:32:12
"The measles epidemic in the Democratic Republic of the Congo killed thousands of people, mostly young children, and infected hundreds of thousands more throughout 2019.  It's still ongoing, but the vaccine program has been discontinued due to COVID.",1.0,AskReddit,2020-05-12 15:34:50
"That if we would have invested money in research even after winning against the 2001 sars covid, now we would most likely have the vaccine",1.0,AskReddit,2020-05-12 16:02:40
Those that don't got the vaccine. I have quite a bit of stupid friends on the internet now that are saying they're not going to get the covid-19 because our bodies are strong enough. I guarantee in 20 years of going to come back because of dumb people like this.,1.0,AskReddit,2020-05-12 16:59:47
"This is one of the reasons that if a drug, vaccine, medical device, etc is accepted by the FDA, much of the rest of the world accepts it as well. 

This has some interesting effects, especially with respect to pricing. 

It is also a reason I would not accept a rushed Covid vaccine that wasn’t thoroughly validated by the FDA. We’ve already see what a european drug agency will push through.",1.0,AskReddit,2020-05-12 18:40:36
"If we had a vaccine for COVID-19, then I assume my child could go back to daycare. It’s a right pain splitting 3 full jobs between 2 people (childcare and 2x full time jobs). My #1 dream right now is reduced workload. 🥳",1.0,AskReddit,2020-05-12 19:11:22
"If it was a telepathy-capable alien from an advanced civilization the very first thing I would do is to relay my wishes to it that we as a whole needs a lot of help and have them to send across an armada right to here.

Principally I'd want them to figure out a working covid vaccine in the quickest time frame possible with their hypercomputers, and then impose a solomonic pressure upon two countries which I'd codename ""Big Bad Bear"" and ""Rocket Man"" right now and make the world more peaceful again.

Acting in concert with them I'll don a robotic remote suit modeled after a Star Wars character, ahh that's like cosplaying but much sinister. It won't be Jar Jar Binks, neither Han, nor Jabba. Sorry C3-PO, you won't be there after all. This thought is intrusive enough for me even to the point of writing a draft proclamation based on WWII OPROP posters and storing it somewhere. In fact I've played around with online ""send your message to space"" services just because I want that to happen.

If they won't yield then the fleet with superior power will proceed as usual and wipe it off the map with nukes, antimatters, asteroids, heck even sphalerons which can theoretically do much more damage than even anti-matters. They will die, braver than most.

With them I had the burning desire to restore order and tranquility to that of 90s or around 2007, whatever it takes. I missed these tranquil days very much although I was a young kid back then. If their stubbornness resulted in a Alderaan-level calamity against targeted bad nations, so be it. For me it'd be a good riddance, a necessary means toward a greater better end. After all I ceased to be a ""good boy"" long ago when I've fallen deep into the so-called 'dark side' and literally kissed my face with it. Forget about 'whatabouting', it's way past a point where the doubling down could be halted.

Or, a happy ending. In this case I'd want to leave Earth forever after my aim is fulfilled and settle on a beautiful planet, with rings just like Saturn's. More likely than not I'd focus on finding those in the constellation of Sagittarius, maybe around Trifid nebula. I feel like sitting down there and poignantly watch the beautiful sky after all these are done. 


This is my intrusive thought. In the event the improbable spring into reality consider yourself warned; if you see these fleets looming in sky and space with me going around in a Star Wars robotic avatar that's the moment you'd need to get out from these two countries.

&gt; Arthur C. Clarke: *Any sufficiently advanced technology is indistinguishable from magic*",1.0,AskReddit,2020-05-12 19:17:29
"If it was a telepathy-capable alien from an advanced civilization the very first thing I would do is to relay my wishes to it that we as a whole needs a lot of help and have them to send across an armada right to here.

Principally I'd want them to figure out a working covid vaccine in the quickest time frame possible with their hypercomputers, and then impose a solomonic pressure upon two countries which I'd codename ""Big Bad Bear"" and ""Rocket Man"" right now and make the world more peaceful again.

Acting in concert with them I'll don a robotic remote suit modeled after a Star Wars character, ahh that's like cosplaying but much sinister. It won't be Jar Jar Binks, neither Han, nor Jabba. Sorry C3-PO, you won't be there after all. This thought is intrusive enough for me even to the point of writing a draft proclamation based on WWII OPROP posters and storing it somewhere. In fact I've played around with online ""send your message to space"" services just because I want that to happen.

If they won't yield then the fleet with superior power will proceed as usual and wipe it off the map with nukes, antimatters, asteroids, heck even sphalerons which can theoretically do much more damage than even anti-matters. They will die, braver than most.

With them I had the burning desire to restore order and tranquility to that of 90s or around 2007, whatever it takes. I missed these tranquil days very much although I was a young kid back then. If their stubbornness resulted in a Alderaan-level calamity against targeted bad nations, so be it. For me it'd be a good riddance, a necessary means toward a greater better end. After all I ceased to be a ""good boy"" long ago when I've fallen deep into the so-called 'dark side' and literally kissed my face with it. Forget about 'whatabouting', it's way past a point where the doubling down could be halted.

Or, a happy ending. In this case I'd want to leave Earth forever after my aim is fulfilled and settle on a beautiful planet, with rings just like Saturn's. More likely than not I'd focus on finding those in the constellation of Sagittarius, maybe around Trifid nebula. I feel like sitting down there and poignantly watch the beautiful sky after all these are done. 


This is my intrusive thought. In the event the improbable spring into reality consider yourself warned; if you see these fleets looming in sky and space with me going around in a Star Wars robotic avatar that's the moment you'd need to get out from these two countries.

&gt; Arthur C. Clarke: *Any sufficiently advanced technology is indistinguishable from magic*",1.0,AskReddit,2020-05-12 19:44:20
"I'd guess we are more likely to see babies 9 months after a Covid vaccine has been distributed. Few women want to be pregnant during a worldwide epidemic when hospitals are hot zones and no one can visit you. Being released from Covid isolation might create another 'post war' baby boom, though. Masks off, panties down!",3.0,AskReddit,2020-05-12 19:52:54
"It’s yet to be seen if COVID will have lasting effects on the body like HIV, HPV etc. We could end up with a “pre” and “post” vaccine generations where those that were infected deal with the consequences for the rest of their lives.",1.0,AskReddit,2020-05-12 20:00:45
Doubt it. I have never gotten a flu shot and there is a chance we will never have a covid vaccine.,1.0,AskReddit,2020-05-12 21:37:14
It's likely to be don't forget to get your flu shot and covid shots! They are working on developing a vaccine from samples they've collected from people with antibodies now,1.0,AskReddit,2020-05-12 21:42:11
"You'd think that, you really would - so many people are dying, people saying this won't end until we get a vaccine, people basically crying out for a vaccine....

Well, in Aus, the NRL (Rugby - idk much about it, not a Rugby/NRL fan so I don't know about the code/game), but they're starting up their league again but will be playing games without fans in the stands if I understand correctly. They will isolate players in a single State, and they essentially will not be in contact with anyone else during the playing season. 

Well, there are about 3 or so players who won't have a flu vaccination as part of the deal for players to be able to participate. In short, they've basically had their contracts voided and can't play this year. They've given up a professional sports person contract of both cash and staying in the minds of selectors etc etc because they won't have a simple, proven safe, flu vaccine. Would they have a COVID vaccine if one existed? I honestly couldn't tell you - I wouldn't put it past them to wait for herd immunity and claim it's all a hoax.",3.0,AskReddit,2020-05-12 22:55:42
"“If you or a loved one has been diagnosed with a terminal illness as a result of the COVID-19 vaccine, you may be eligible for financial compensation.”",2.0,AskReddit,2020-05-12 23:25:49
Covid 19 vaccine,1.0,AskReddit,2020-05-13 00:07:22
A Covid Vaccine.,7.0,AskReddit,2020-05-13 00:48:05
"My cousin was diagnosed with autism after her first vaccination, and now my aunt refuses to vaccinate her further. My own mother has decided that she would rather risk mine and my younger sister’s lives than allow us to get the vaccine for Covid (-She thinks it has 5G trackers in it and is afraid of the government knowing our every location).",1.0,AskReddit,2020-05-13 00:55:45
"Almost our entire economy can run with people staying home. You can buy everything you need online. There are a few sectors that will really get hurt but the government could easily pay unemployment to help those people effected float by until a vaccine is available. Plain and simple, this virus will continue to slaughter us daily by the thousands if people keep going out and interacting with eachother. This argument parallels the gun argument for me. People who like automatic rifles want to wash their hands of the irresponsible gun owners. Mass shootings will never go away until there are no more guns. Period. Covid 19 deaths will not go away until there is a vaccine. Period. Some people are too prideful to accept a government check and would rather sacrifice fellow human beings than give up their ability to go get a haircut.",0.0,AskReddit,2020-05-13 01:47:36
"With billions of safe and highly effective COVID-19 vaccines mass-manufactured on an epic scale, governments all across the globe carry out effective mass vaccination programs, ending the pandemic except in certain communities that completely refuse vaccines of any kind; the COVID vaccine becomes permanently part of mosy national vaccination programs, and becomes mandatory in many areas. Governments will become significantly more effective at preventing future pandemics. Tougher environmental regulations are permanently put in place. Mysophobia becomes more widespread. People no longer need to wear surgical masks or practice social distancing. SARS and MERS (two other closely-related coronavirus diseases) are 100.0% exterminated.",1.0,AskReddit,2020-05-13 04:51:12
"Lots of kids named Fauci, Curve, Instacart, Vaccine, Covid, Distance, Mask",1.0,AskReddit,2020-05-13 06:23:00
"vaccines take a pretty long time to make. you'd have to test it on small mammals like white mice, then go to cats and dogs, each animal testing takes 6 months (estimate) to ensure there aren't any side effects. then humans (another 6 months) so with this COVID 19, we're not gonna get a vaccine for now :(",2.0,AskReddit,2020-05-13 06:26:31
"How about Covid-19 vaccine? Also, I don't think you can get any start-up idea here.",1.0,AskReddit,2020-05-13 08:01:20
"Even before Covid-19, apparently the only unrealistic thing about the movie is how fast they manage to create the vaccine. Everything else is pretty realistic.",1.0,AskReddit,2020-05-13 09:23:49
Neither - I’d sit on this gold mine until a vaccine for Covid is found - then I’ll go to the WHO and say “you shoulda just asked me months ago” snap my fingers and walk out of the building,1.0,AskReddit,2020-05-13 09:40:09
"But wasn't the point of flattening the curve to keep the hospital's from getting overwhelmed until they could get enough resources? 
By this point the areas hit hardest such as New York have definitely flattened, hospitals are no longer overwhelmed. 

So, are you suggesting that shelter in place needs to remain for nearly a year? Because that's about how long it will take for a vaccine to reach market.

Beyond that vaccines are not a cure all. According to the cdc, the number of people who DIE each year from the flue AFTER getting the flu shot is in the hundreds of thousands. The flu deaths actually dwarfs the number of covid deaths.",1.0,AskReddit,2020-05-13 13:53:36
"But wasn't the point of flattening the curve to keep the hospital's from getting overwhelmed until they could get enough resources? 
By this point the areas hit hardest such as New York have definitely flattened, hospitals are no longer overwhelmed. 
They have had MONTHS to summon their resources by this point, if they aren't prepared now, will they ever be? 

So, are you suggesting that shelter in place needs to remain for nearly a year? Because that's about how long it will take for a vaccine to reach market.

Beyond that vaccines are not a cure all. According to the cdc, the number of people who DIE each year from the flue AFTER getting the flu shot is in the hundreds of thousands. The flu deaths actually dwarfs the number of covid deaths.",1.0,AskReddit,2020-05-13 13:55:10
New COVID-19 cases and death rates are both very low and have been for a few months. One or more vaccine candidates are in late stages of validation. Necessary staffing and infrastructure support are available.,1.0,AskReddit,2020-05-13 15:04:40
"I have to get back to that, but basically there was this report in Italy which shown that if we would have continued investing in research after winning over the 2001 covid, now we would now far better this one and most likely a vaccine would be available already. What happened, instead, is that allegedly once that no cases were active anymore and when the contagion ratio was at zero level, we simply stopped doing research on that.",1.0,AskReddit,2020-05-13 16:07:45
"&gt;New COVID-19 cases and death rates are both very low and have been for a few months

That's demonstrably false: [https://www.nbcnews.com/health/health-news/coronavirus-deaths-united-states-each-day-2020-n1177936](https://www.nbcnews.com/health/health-news/coronavirus-deaths-united-states-each-day-2020-n1177936)

&gt;One or more vaccine candidates are in late stages of validation.

It's unclear to me what you mean by ""late stages of validation"" but there is no vaccine coming any time soon: [https://www.livescience.com/coronavirus-covid-19-vaccine-timeline.html](https://www.livescience.com/coronavirus-covid-19-vaccine-timeline.html)

&gt;Necessary staffing and infrastructure support are available.

Also demonstrably false: [https://www.npr.org/2020/05/12/853930147/despite-early-warnings-u-s-took-months-to-expand-swab-production-for-covid-19-te](https://www.npr.org/2020/05/12/853930147/despite-early-warnings-u-s-took-months-to-expand-swab-production-for-covid-19-te)

Setting aside that almost everything you said is verifiably false, your argument is generally incoherent. If you believe death rates are low, then why would you care about a vaccine or staffing and infrastructure support?",1.0,AskReddit,2020-05-13 16:10:32
"Trump in prison, covid vaccine, Democratic President, working from home is the rule.",1.0,AskReddit,2020-05-13 16:32:01
"The complete disruption of our higher education system. 

If we're being realistic here, there won't be a COVID 19 vaccine until spring of 2021 at the earliest which means for the next year or so we're gonna have to do frequent cycles of lockdown and gradual reopenings, as well as chronic social distancing. 

So what happens to colleges? No one is gonna want to move to another state to start school this fall if it means that at any point they might have to pack up all their shit and go back home for 6 weeks of distance online learning.  And there's no way for colleges to ensure lockdowns and social distancing with a full campus. 

So basically colleges will take a massive loss as millions of college students refuse to return to college this fall and opt for online learning...which will naturally lead them to ask the question: ""why am I paying 50K a year to learn online?""

Colleges are fucked.",1.0,AskReddit,2020-05-13 19:04:28
Announcement of a vaccine for Covid-19,1.0,AskReddit,2020-05-13 20:00:38
"Yea, but I think a lot of people feel they would rather have COVID than the flu. This comes from the idea that mayne a large number of people have had it that don't have severe symptoms. 

I also think people assume a lot more people have gotten it than the numbers say. And if that's true, then it could be a very mild virus for many. 

I think after some time and more testing is done, a clearer picture will emerge, a vaccine that makes it through would likely be considered safe, etc. And then i think the number of people that say they will not get the vaccine will be more accurate.",2.0,AskReddit,2020-05-13 20:22:06
"sorry about your situation man! maybe when we get the vaccines you should try convincing her that the government is currently covering up a 4G leakage and that millions of people got infected but don’t want the public to know, and the only way to get safe is to get the covid vaccine. reverse psychology can work wonders sometimes.",1.0,AskReddit,2020-05-13 21:09:02
"A flu shot is not a vaccine.  Nothing is 100% effective, but 99.998% pretty much is 100%.  You will never see a true vaccine for COVID-19, unless aliens intervene.  There hasn't been a true vaccine since 1967.  So, don't hold your breath.

(Did you really expect me to read the entire textbook link you sent me to find whatever you may have been referring to?)",1.0,AskReddit,2020-05-13 22:16:42
"A conspiracy video from an anti-vax group featuring a discredited doctor claiming that COVID-19 has been in vaccines all along, and that the entire pandemic is being orchestrated to make money for the vaccine industry. It's basically 100% easily disproved nonsense, yet that doesn't seem to stop a certain portion of the population from swallowing it all, hook, line, and sinker.",4.0,AskReddit,2020-05-14 01:39:40
Don't forget to tip the hospital for charging you a gazillion dollars for a COVID vaccine.,2.0,AskReddit,2020-05-14 02:01:23
"Unfortunately I doubt it. 

I predict something will go wrong with the Covid vaccine. They’re rushing way too much - I’m afraid people will either get actual vaccine injuries or won’t be properly immune.

Then suddenly antivax goes mainstream andddd we all die.",2.0,AskReddit,2020-05-14 02:57:56
Bring the COVID-19 vaccine,1.0,AskReddit,2020-05-14 04:49:58
"I'm not a virologist or epidemiologist, but I would be willing to go out on a limb and say to some extent, yes. That, and we have protocols in place for creating new influenza vaccines every year, whereas SARS-CoV-2 (COVID-19) is a completely unknown, recently mutated virus that has not ever been seen in humans before. We deal with influenza on a regular basis and know how to treat it these days, so it doesn't cause the sort of panic in the scientific community that a new virus causes. Plus, we know the reprocussions that any given stain of flu may have on the human body down the line. With SARS-COV-2 we have absolutely no idea what sorts of havoc this bug will have caused 5, 10, or 20 years from now. We probably won't learn the full extent of the damage done to people's bodies by the virus until years in the future. And that's TERRIFYING. Basically, scientists are having to start from scratch creating a vaccine for COVID-19, and that takes precious time that thousands of people don't have and doctors in ER wards are flying somewhat blind and can only act based on the known information, which we are learning more of every day.



Edit: if anyone has more knowledge of epidemiology than I do, please feel free to correct me. I'm just a pharmacy tech with a passion for scientific history.",3.0,AskReddit,2020-05-14 05:33:39
The COVID vaccine,1.0,AskReddit,2020-05-14 05:48:40
"I'm not sure which country you are in but I can answer for America. In the US vaccines cannot be legally enforced because that impeads on an individuals right to liberty of their body. Vaccines are highly encouraged in legal ways though. Many school required that children must have Tdap, Measles, and Polio vaccines, or a doctor's note stating they cannot be vaccinated due to medical reasons. Public Universities have these same rules. Some employers, depending on the field, may have regulations for employees to be vaccinated- which they are at liberty to do as a private company. Individuals are free to make the choice to not vaccinate just like they are free to make the choice to home school their children or work at non-vaccine required companies, and I imagine the covid vaccine will be encouraged in a similar manner by schools/ companies who don't want their students/ employees to risk infecting each other.

Or you could just take China's approach, everyone is either vaccinated or executed.",1.0,AskReddit,2020-05-14 07:19:09
COVID 19 - Vaccine......,1.0,AskReddit,2020-05-14 10:01:18
"If we get a vaccine, obviously things will go apparently close to normal eventually.

But without a vaccine. First of all, eventually enough people will be exposed to it so that there is herd immunity. That means people will still get it every year, but there won't be the threat of hospitals being overrun by covid patients. We will also have figured out that people who are very vulnerable, they need to take extra precautions during flu season especially, but throughout the year as well.

Eventually there will be testing available to find out if you had it ever, and if you are immune. I don't think however, that the immunity will last for a lifetime. Best estimates now look like about a year. so that means, basically everyone is eventually going to get the getting really sick version of Covid because you become vulnerable to that as you get older.",1.0,AskReddit,2020-05-14 10:11:58
"Hell I'd walk in right now without measures being taken. Cleaning everything to an emaciate state is only going to break down our body's immune system.

Life can already return to normal, in the end without a vaccine (the one they tend to force upon us) our bodies will create antibodies to covid-19 and it'll be done for. 

People are falling into a repeat pattern of fear due to the propaganda machine being run world-wide.",1.0,AskReddit,2020-05-14 12:42:26
"So the majority of people in the survey that said they would not get the vaccine were ages of 35 and 44. I believe a lot of that is there is this feeling that getting it in that age range would likely result in mild or no symptoms, and create immunity for a period of time. To them, that sounds safer than a rushed vaccine. Not sure you can blame them. 

7% of Democrats and 16% of independents said they would not get the vaccine, as well as 20% of Republicans. 

I imagine, because of the way the news is fed, a lot of people believe they have already had it. As I said, further testing and better quality information will likely change all of this to a more realistic view. 

All my kids have been vaccinated with the standards, as have I. But I have never gotten a flu shot. Why? Because I ha e had the flu maybe 3 times in my life. And I'm in my 50s. As I get older, I'm sure I will get it. 

As far as a COVID vaccine, I will decide at the time. Is it proven safe? Have I had COVID, etc.",1.0,AskReddit,2020-05-14 14:31:39
"Hehe no, I'm not letting them give me a covid vaccine or take my blood for antibodies. I know my immune system is better than any disease science because I properly feed myself. All it takes is fresh food, cut the shit like soda and enriched wheat products then start eating fresh food like vegetables, fruit, and whatever else. The best part is that there are no vitamin pills to take so you aren't striping out your stomach lining with your own enzymes, those pills aren't food, you body is not supposed to have 1000mg of (insert any vitamin supplement). Enzymes are for food not concentrated chemicals. sleep well knowing that I am all for herd immunization and sleep well knowing that covid will never be fully wiped out.",1.0,AskReddit,2020-05-14 15:58:30
"Hi there! Your post was removed because it uses the body text box. You can only use the title field to post a question in AskReddit.  Per [rule 1](/r/AskReddit/wiki/index#wiki_-rule_1-), use of the body text box is prohibited. You can resubmit your post [here](&lt;https://www.reddit.com/r/askreddit/submit?selftext=true&amp;title=Can COVID 19 get a vaccine?&gt;) without the textbox.


*I am a bot, and this action was performed automatically. Please [contact the moderators of this subreddit](/message/compose/?to=/r/AskReddit) if you have any questions or concerns.*",1.0,AskReddit,2020-05-14 16:16:44
"We're working on it. It takes time. Our technology isn't yet at the stage where we have a machine where you input a genetic sequence and instantly get out a few kg of folded protein. And the explanation above is very simplified.

The end-goal of vaccines it to ensure that the body will produce an immune response capable of recognizing whatever's on the surface of the virus.

To accomplish this, at least two things are needed:

* A substance, usually present on the surface of the virus, to respond to, and

* Something that causes the body to want to start an immune response to this substance.

Furthermore:

* We need to be easily able to create a lot of it.

The body isn't that interested in attacking random proteins. You need something virus-like to trigger the adaptive immune response. If it doesn't infect cells and gets cells to transmit panic signals to the immune system. Therefore, we need to make something virus-like, displaying the same surface proteins, capable of getting into cells, but when it's in there it needs to suck at replicating or getting you sick.

However, we need to actually make a lot of it. To trigger the immune response, there needs to be a bunch of virus in the body. 1 cell infected ain't going to cut it. A normal virus infection will probably have you with over a million to a billion virus particles in your body. And we want to vaccinate a lot of people. So we have to manufacture a bunch of it. But how are you going to manufacture a large amount of virus that sucks at replicating. There's a few options available:

* Actual virus strain, but inactivated via chemical means - for some viruses it is possible to just cultivate it in their natural culture, and then use a chemical which causes some reaction that makes them unable to replicate in a host, but still able to trigger the correct immune response when injected.

* Similar virus strain, but adapted to a different host - There's a lot of genetic variation between species. Most virus strains are the best adapted to infecting one type of host, but are able to, albeit ineffectively, infect other hosts. A strain from another host can then be used to immunize the population. This can be done in several ways. For some viruses these strains are just naturally occurring. Think of cowpox being used to immunize people for the human pox virus. It is also possible to take a human virus and have it evolve many generations in a different host. This can induce mutations that make it less suitable for infecting humans. With modern techniques however this approach has fallen out of favour as there is the risk of these mutations reversing. Nowadays transgenic techniques enable us to do this at a far higher level. We can take something like an insect or a bird virus that is very ineffective at replicating within humans, and use transgenic techniques to replace the surface protein of that virus with the surface protein of the virus we want to vaccinate against. Next, we create transgenic tissue that presents the human cell surface protein so that virus can replicate in that tissue, so we still have a way of breeding more virus.

* Just an empty envelope - Basically a virus without its genetic material. By using transgenic techniques we get some tissue to produce the virus envelope materials without any virus genetic material to package in them. As this does not trigger a big infection response due to the lack of replication probably some adjuvants are needed to stimulate the immune system to actually bother to fight it.

* Genetically engineered virus - Similar to the previous transgenic viruses, we take the normal virus genome and just cut out the parts of its genome which enable it to replicate or create disease. We instead insert those genes in transgenic tissue. Then we breed that virus in this transgenic tissue, and out comes replication or pathogenesis-defective virus.

* There's also a bunch more upcoming variations of the pattern as modern transgenic techniques have only started being efficient over the last decade really. We're still discovering more options. Manipulating genetics is not easy process, it takes time.

Even if this stuff is hard, we've been getting a lot better at it over the last decade. We have Ebola vaccines now (a few created by taking the genes for ebolavirus surface protein and sticking them on other viruses). There's ~65 COVID-19 vaccine proposals being tested now. This is a complex process, as we need to be able to show that it is not dangerous to the host, that it produces the wanted immune response, and that said immune response also causes immunity to the virus strains you're trying to vaccinate for. This is not an easy process. You first want to do it in animals (and possibly humanized animal models). And then you have to test it with humans, which has all sorts of ethical limitations (you can't just infect people with the actual virus to test if your vaccine worked. This part is what takes the longest nowadays, as these trials can easily take a year.",1.0,AskReddit,2020-05-14 17:55:43
"The biggest change for me is I can't lift or rock climb anymore, but working from home isn't bad.  


I think the lockdowns are BS though. They can't eliminate the virus, so as soon as they end we'll be right back where we started. The only way covid goes away is heard immunity either with a vaccine or from catching it. If anything, we should isolate nursing homes and go about our lives. Once 60-70% of us young people have had the disease it shouldn't spread anymore and the vulnerable will be safe again. And we won't all be poor either",2.0,AskReddit,2020-05-14 18:10:19
"Yes. I’m no expert, but we’ve had pandemics before. It may take a couple years, but eventually they’ll develops a vaccine and Covid will become just another disease. People may continue some of the practices for a while (I can see masks becoming a new fashion accessory), but business like restaurants and bars are too essential for the economy to stay operating this way long term. Eventually we will go back to having crowded bars/restaurants/sports stadiums/concerts.",3.0,AskReddit,2020-05-14 20:02:38
Meanwhile I'm reading that Covid-19 is similar to SARS and common cold viruses and that there's a very slim chance there will be a vaccine for it. We don't have a common cold vaccine. They've been working on HIV for forty years and don't have a vaccine. It's difficult if not impossible to make a vaccine for anything that mutate the way some of these viruses do.,5.0,AskReddit,2020-05-14 20:16:00
"It depends on your definition of ""this covid situation"".

The virus itself? It will be next year at best before we have a vaccine, so maybe one year from now until we have herd immunity plus those who aren't immune vaccinated.

The effects from Covid though? We will be feeling the effects on the economy, laws, policies, debt, ect. for the foreseeable future.",1.0,AskReddit,2020-05-14 20:24:01
A covid-19 vaccine.,2.0,AskReddit,2020-05-14 20:37:57
"""The new norm""

I'm sick of hearing this. COVID-19 is kicking our butts right now, but all this social distancing and wearing mask ISN'T going to be the norm, it's just until we get this thing under control and develop a vaccine.",1.0,AskReddit,2020-05-14 20:41:51
A vaccine or cure for COVID-19.,0.0,AskReddit,2020-05-14 20:52:10
"It's not necessarily ""not nearly as deadly as people have feared"", its that social distancing and keeping people at home has worked.

This virus has a basic reproduction number of 2.5, which means that it is approximately 2.5 times more virulent than the flu. In the United States, COVID-19 overtook the death toll of the greatest *annual* flu season on record *in less than 3 months*. Because the United States is not testing enough people, any estimation of the actual number of deaths resulting from COVID-19 is probably lower than it actually is since we've only tested about 3.2% of the population.

We don't know the actual case fatality rate, again because we haven't tested enough people, but we *do* know it is extremely deadly. The most worrisome part is that if a second wave hits we still won't have enough resources to deal with it: you can make thousands of ventilators, but it doesn't mean anything if you don't have the respiratory therapists, physicians, and advanced practice providers to operate them. A second wave could potentially result in all of our resources being used up rapidly, which means that patients with moderate disease who would have otherwise been saved if case rates were low would die (which is what has happened in NYC: patients with moderate disease were dying because they didn't have the manpower *nor* the ventilators to deal with those patients).

Additionally, for severe disease nothing has been clinically *proven* to be effective at preventing progression to acute respiratory failure, all evidence that has been presented is strictly anecdotal. IV immunoglobulin therapy via blood plasma is promising until we get a vaccine, but obviously that is expensive and the resources are very limited.

TL;DR - We can't say this virus isn't as deadly as we thought, because we haven't tested enough people, having thousands of ventilators doesn't mean anything if you don't have the manpower to operate them, patients with moderate disease will die if a second wave hits because we don't have enough resources to treat them, and we don't have a cure yet. This is why reopening too soon too *rapidly* is dangerous.",3.0,AskReddit,2020-05-14 21:52:41
"&gt;die from COVID-19

There's 0.5% chance that you won't survive contracting COVID-19 (accounting for all those untested people who likely have the disease, rather than fatality rate of those who are confirmed infected). It's absolutely not a real threat.

Fortunately, I live in a country where masks are ""mandatory"" (but not actually enforced, as police just feel embarrassed to bother people like that) and social distancing ""postulated"" - but also not actually enforced, because almost no one here is an insane authoritarian - so it's manageable.

I couldn't imagine living in an authoritarian place like the US or Russia with their ""shelter in place"" commands and actual fines for not wearing a mask or meeting people. Isolate the ill and allow people to, as feminists like to say, affirm that ""their body is their choice"". Health is a private matter and viruses cannot be stopped or defeated without a vaccine. You can't shut down a society over a virus. 

That's, and I dislike paraphrasing Foucault, biopolitcs par excellence. People not seen as humans but mere resources who need to be ""healthy"" for ""the economy"". (edit: quick googling shows that I'm not the only one who draws the parallel: pandemic is a dream of the powerful:  [https://www.fsw.uzh.ch/foucaultblog/essays/254/understanding-corona-with-foucault](https://www.fsw.uzh.ch/foucaultblog/essays/254/understanding-corona-with-foucault))

(I'm from Russia, that's why I chose that country as an example, but live in a EU country. Russia went from ""the virus doesn't exist"" to ""it's a flu, calm down"" to police literally apprehending and arresting people on the streets for violating the lockdown... my friend just got arrested yesterday because she went outside. Pure insanity and it's even crazier people in a country like the US with their individualism and tradition of liberty allow their government to lock them inside their homes).",-44.0,AskReddit,2020-05-14 22:08:34
"I'd rather somebody say ""I'm glad the covid-19 vaccine that was invented a few weeks ago is working!""",1.0,AskReddit,2020-05-14 23:27:04
"The Snap.... sorry,   COVID-19 will wipe out cities which are Librul strongholds and My Deplorables will stay alive because hate and stupidity is like a vaccine against it.",1.0,AskReddit,2020-05-15 00:31:01
"And who says a vaccine is going to be the solution? Look at the flu, people get it all the time and there is a yearly vaccine that a decent chunk of people get it. 

Covid is not going away. People are going to get it and some will die. Just like the flu. It doesn’t make sense that all you hear is “once there’s a vaccine, we will be able to have mass gatherings, sporting events, concerts, etc.”, when the vaccine won’t guarantee that the virus will just vanish. 

More people are going to die because of non-covid reasons more than the virus itself if we continue the lockdown.",18.0,AskReddit,2020-05-15 01:21:43
"The Natural progression of any virus, until there is a vaccine, is that it will exponentially infect the population until no more people can be infected. The rate of infection depends on how hardy the virus is, how it is transmitted, and how quickly symptoms come on (and infected people can be isolated). Unfortunately, COVID-19 is tricky in all the of these areas, so even though it doesn’t have really bad symptoms in most cases, it’s ability to tear through a population means that a lot of people get really sick.

Social distancing and “restrictions” are currently the only method available to prevent infection. Restrictions and social distancing slow the spread. As they are loosened, the spread accelerates, then they are tightened, and the spread slows. If the spread accelerated too fast, two weeks later (the average time from infection to symptom onset), hospitals will be overwhelmed and death rates for both COVID-19 and unrelated but serious medical conditions will spike, and continue to spike due to lack of resources until restrictions are put back in place and (again, two weeks later) cases decline because the virus hasn’t been spreading.

If hospitals are beefing up their capacity, and effective testing is made widely available to catch infections early, the level to which hospitals are affected can be mitigated, and the very sick and other trauma patients, etc... can get adequate care, and many deaths will be prevented. Without this, it will be very difficult.

The case is made more complicated because of the lack of public health care in the USA, so we may see a lot of economic hardship, liability claims, health and safety concerns from workers, etc... related to people getting sick and wanting to not get sick.

The analogy I would draw is that of a rickety bicycle on a really really steep hill. Society will be forced to hit the brakes periodically, or else a really bad fall could happen. Testing and beefing up hospital capacity act like pillows on side of the road that we can fall into, but unfortunately, we have to keep going down the hill until we either crash or get the vaccine/treatment.",2.0,AskReddit,2020-05-15 01:42:28
"First, let me preface and say that anyone who's lost someone to this disease my heart goes out to you. I have people who have been directly affected and it's not a good way to go.

At first the numbers were scary and shutting down made sense with an estimated 6%+ mortality rate...now we are looking at numbers like this. 4/5 70-80% of people are asymptomatic with less than 1% mortality rate....IE: the yearly flu, the average age of a covid-19 death.......is 80+ years old. Thats older than the actual average age of death for everything. Everything should be opened back up, and the at risk should be supported to self-isolate and practice safe practices. Not remove the entire working population and systematically destroying millions of lives forever. These low numbers are not from distancing, because so many places didn't and the numbers are across the board the same. The virus has likely been in the US since NOV, and now it's becoming a political game for both sides. Hurting us even more. 

A Vaccine is likely not coming, the last 6 Corona viruses still don't have a Vaccine, AIDs we've been working on for 30 years....maybe a treatment is coming? Doubtful. So all we are doing is causing more economic pain prolonging an inevitable. They are now literally going to kill more people than the virus with economic destruction over the next 5 years if this continues. 39 million unemployed as of this week and it is going to continue growing over the next year, saying it out loud makes my heart skip and it's not even at the worst point yet. More than the entire population of where I was born Canada (i'm a US citizen now and live in NYC) are not unemployed in the US.

Keeping things closed just keeps pushing the goal posts, unless there is a treatment or Vaccine which at this point is likely too far away to hold out for. The lock down isn't about saving lives anymore, it's clearly become a political game and covering ""embarrassment"" because the response was against something that seemed far worse than it turned out to be, so you have politicians doubling down playing hero and on the other side greedy assholes avoiding trying to provide government assistance. The facts are there and supported by officials but the politicians and media are playing games and fear mongering.",1.0,AskReddit,2020-05-15 02:03:00
"The significant difference is the complete lack of innate immunity for the entire US population, no way to protect or reduce the likelihood of infection or reduce the severity of the infection(no vaccines like the flu), and thus the potential for a massively exponentially accelerated rate of transmission. The estimated projected deaths mentioned are with all current countermeasures in place but honestly, the government is significantly downplaying the number of people who will die from this before this is over. (see the end) Also, there is the issue of too many people getting infected all at once, requiring hospital care, and not having enough equipment, hospital beds, staff to provide for them.

It is completely true every city in the entire country is not severely affected but the potential for disaster can be seen in multiple large cities where adequate protective measures were not taken soon enough such as NYC where at their peak, they were picking and choosing who needs to be ventilated and who they need to let die, not to mention hospital staff running out of protective equipment to protect themselves from these patients.

I should also mention that, short of developing a vaccine, it is estimated that **90%** of the US population will end up being infected by this at which point herd immunity will finally kick in. So you can estimate the death rate at 1% or hell even add a decimal to it at 0.1% if you're feeling lucky, and you can take a good guess at what the actual number of deaths due to coronavirus is gonna be by the time this is over.

The main reasons for social distancing and lockdown is to minimize exposure to people for as long as possible so that rate of infections is blunted so hospital systems aren't overwhelmed (and people don't needlessly die from lack of hospital support/equipment) but also to buy enough time long enough that a vaccine is developed prior to 90% of the human population being infected. 

Unfortunately, people who live paycheck to paycheck are being hit the hardest, and some degree of compromise probably needs to be in place if you can't provide for yourself and family. Some people will gladly take the risk of dying from COVID if they can get paid. But also, probably will regret if if you bring home COVID and one of your family. So it is a balancing act. As a physician still working in a hospital, I've essentially stopped visiting my parents completely, because the risk of significant complications (aka death)  is high at their age range.",10.0,AskReddit,2020-05-15 02:29:24
"The problem with comparing American coronavirus deaths with other causes of deaths that bear similar death tolls is that it doesn't take rate into account. Covid-19 has killed 80,000 Americans in just 98 days, since the first US covid-19 death on February 6th. Around 60,000 Americans died of coronavirus in just April. No modern flu season has ever killed that many people in a month. SARS-CoV-2 is a novel virus we have no vaccine for. Nobody has ever been infected with it before the pandemic started. We have a vaccine for the flu. The flu also has a really low case fatality rate of much less than 1% thanks to the vaccine. That is why despite infecting millions each year, ""only"" tens of thousands die. The flu season is generally accepted to last from October to May, which is 7 months. If flu kills as quickly as Covid-19 did in April, 420,000 Americans would die from the flu each flu season. Thankfully it isn't that way.

Coronavirus gets this major response as opposed to other major causes of death because we've never seen it before. We know about all other major causes of death that happen each year, so they don't get such an intense response. I didn't get to everything in this post, so if I missed anything, I'm all ears.",5.0,AskReddit,2020-05-15 02:38:28
"A real man is 6'3, has a 10 inch phallus and jaw that can cut diamonds. His muscles make Arnold from 1974 look small and his chest is a veritable rug of hair. His sea green eyes transfix you immediately upon viewing and forces the breath from your chest in awe at his majesty. He pulls out a mimeographed copy of his PhD from MIT in biomedical engineering and virology.  Then his CV including the development of the working Covid vaccine. He wisks you away to his family estate in the hills of Italy with a private jet for a night of passionate life affirming love. You awake the next morning to him serving you breakfast in assless chaps as a holdover from the role-playing. You drink in the sight of him as he instigates another round of kanoodling after the most delicious meal of your life. Gordon Ramsey weeps in the corner of the room at how perfectly cooked the scallops were. He opens his mouth to sing of your love and the most deeply arousing baritone cuts through the air dampened from the sweat of you becoming a new woman and discovering just how good your anterior fornix could feel for a second time.

If you don't meet all of those qualifications then you aren't a man in 2020.",1.0,AskReddit,2020-05-15 02:43:53
"Corona is a different kind of virus than influenza. Influenza morphs drastically and constantly, which is why there has to be a new vaccine every year. Corona doesn't do that, or at least the other corona viruses we've already seen don't do that. SARS is a corona, and it's still SARS. The common cold is a corona, and it's still the common cold, stable as fuck.

Covid-19 is a corona that jumped to humans from bats; there are a few identifiable strains of it, but the virus people have been saying for months that these strains are not appreciably different from one another, and that a vaccine that works for one strain will also work for another.

We just have to set ourselves up to live with it for a year or so -- or, as you say, decide that we're willing to let it spread a certain amount and know that that will mean a certain # of people get very sick and some of them don't survive.

The economy is not going to be the same, no matter what we do. Too much of it rides on travel, sports, and entertainment, which can only recover if majorities of people feel safe in crowds.",7.0,AskReddit,2020-05-15 02:47:29
"I have them all the time.  The one I would like to share right now is a bit older.  I dreamed this 2 years ago but it keeps coming to the front of my mind to share now.Everyone was in line at Walmart, FEMA was there Walmart was a site they were  using.  There was some sort of epidemic which I now believe could be COVID.  Everyone was being given a mandatory vaccine for this.  In order to shop, work, go to school, or see your family you had to have this vaccine. Not everyone was in line by choice there were many men dressed in black riot gear from head to toe to enforce this, but the could not by law give it to you without you saying you were accepting it. Many people who I know to be Christians refused and where taken to the FEMA van.  They were then taken away to what I feel to be a camp for people who would not take this vaccine.  They people who were coming in to shop were being scanned as they entered the door and if they did not scan they had the vaccine then they were being directed to the line.  I have had dreams like this for years in all my dreams my so was 16 he just turned 16 in Oct.  We have to ban together  persecution is coming to America.",1.0,AskReddit,2020-05-15 04:11:01
"What is the goal or strategy now?

 - Stop the spread completely without herd immunity (through SIP, WFH, PPE, &amp; social distancing)? This isn’t a realistic goal without much stricter government control.

 - Wait until a vaccine or miracle drug is distributed to the masses? This will easily take six months and most likely at least 12-18 months. Research takes time, testing takes time, and mass distribution takes time. It’s also not even guaranteed.

 - Develop herd immunity naturally (without a vaccine)? Wouldn’t controlled socializing be a more effective strategy? Would healthy and young individuals going to the gym be beneficial? Even though coronaviruses aren’t as prone to mutation as other viruses, covid-19 could mutate.

 - Make sure our ramped up healthcare system isn’t overwhelmed again?

 - Normalize covid-19 deaths through gradual easing of restrictions?",2.0,AskReddit,2020-05-15 04:34:42
"Umm, I can literally see all those scenarios playing out here. Maybe time scale a bit off. Say we lose 20 million globally by next summer. We'll probably have 6-800k deaths just by Christmas in the USA.

Men were carrying rocket launchers into subway as they got their lunches or carrying guns into the Michigan governor offices. I don't think civil unrest is far from that.

A lot of serious issues are going undetected right now. Cancer cases have bottomed because nobody is going to get diagnosed meaning they're also not going to get treatment.  Probably same with heart attacks, which covid can also cause. So a lot of related deaths that aren't directly covid caused.

Only thing off iirc is they got a vaccine pretty fast and everything was better. I'm not sure that scenario will play out. 

Lots of meat plants are shut down now so food shortages could affect even higher middle class since there's just no supply.",1.0,AskReddit,2020-05-15 06:42:30
"There is nothing to say Covid won't be around for a long time. Even if we develop a vaccine, no one knows how it will react - maybe a vaccine will kill it off for good, and maybe Covid will evolve to become vaccine resistant.",1.0,AskReddit,2020-05-15 06:45:08
