comments,score,subreddit,time_created
"I hate anti vaxxers. But if trumps polling looks dire, would anyone trust a vaccine he rushes out in October that hasn’t gone through the proper safeguards?

If that scenario plays out-you can take it first",1.0,Coronavirus,2020-05-31 01:27:19
"But you have take into account that big pharma companies don't take a lot of risk these days.

One bad drug/vaccine (where people die from or get really sick) is a death sentence for such company. They will lose billions of dollars and get a bad reputation. (Big pharma companies hate to potentially lose a lot of money).",1.0,Coronavirus,2020-06-01 11:23:58
"I hate how binary these types of polls are. We're not in a situation like Hong Kong or New Zealand where we beat the virus by acting early. It's too late for that and we can't shutdown completely until a vaccine is found. What we can do is slowly reopen the economy/meet other people while taking precautions by wearing a mask if you're indoors and if you're outdoors just stay apart from one another, and of course avoiding things like indoor dining.

People can still be mindful of others and stay safe while enjoying summer activities with friends (hiking, running, swimming, going to a park/beach).",1.0,Coronavirus,2020-06-01 16:49:20
Right. I hate anti-vaxers. I can't stand people still acting like Covid is still not a big deal.... But a huge reason vaccines take so long is to prove they are safe and effective. I doubt I'm going to be the first one in line to get a vaccine that is expedited through the testing process without researching potential negative affects,6.0,Coronavirus,2020-06-02 17:56:24
"I do not disagree but pose the question - if 40% of the population chooses not the take the vaccine what good is it?  30%?  20%?  

See where I'm going?  

Voluntary vaccine defeats the purpose.  

See: measels and orthodox jews.

Nothing against jews. My wife and kids are Jewish.  No hate here WHATSOVER.  But voluntary participation does not work as evidenced by history, science and facts.

Edit: whatsoever.",2.0,Coronavirus,2020-06-03 03:32:28
"Well, regardless of how much I hate the idea, it should be given to them first because non maskers are more significant in spreading the infection. 

But that would induce another problem, maskers will turn into non maskers for getting a vaccine. 

So, it's better to give vaccine to maskers, and hoping that a few non maskers also convert to maskers in process. 

I agree with you, except for the fact there is now way to know who is masker in daily life, and who isn't",1.0,Coronavirus,2020-06-03 09:49:04
"And it will continue to rise and America will continue to get hit hard by every virus like this until laws can be passed that can legally force people to comply with social distancing, mask wear and self-quarantine.

People are very ignorant and often hate being told what to do even if it means saving lives. I’m just imagining the scenario in which a cop asks someone to please wear a mask and they violently freakout. 

Herd immunity or a vaccine is probably the only way America will shake this. I’m thinking the death will hit 250,000+ when this is over.",1.0,Coronavirus,2020-06-04 10:18:19
"Where's my fly shot? I hate when they get all up in my face when I'm running /S


In seriousness though, I get the flu shot, and the pneumonia shot because I'm garbage at breathing at the best of times.

Can't wait to get this vaccine so I can at least feel safe enough to go to the shops.",1.0,Coronavirus,2020-06-04 17:43:11
"**I'm just playing Devil's advocate.** This is my view of their possible motives having researched this.

I think it's many-fold. Primary reason could be because of his extreme wealth that make people dubious about his real motives (^(i.e: money&gt;humanitarianism)). A lot of them know of his history supporting things like microchips, which when added to constant privacy invasions and ""vaccine=autism"", they may believe is just a ruse to control the population and implant tracking devices in us.

As for the argument/question ""*He's doing nice things, why the hate?*"", I think most people who conform to this (^(being mostly of religious inclination)) would reply ""*The Snake did a nice thing by offering Eve some fruit, why the hate?*"" as a form of ""caveat emptor"" supporting the ulterior motive theory/hypothesis.",1.0,Coronavirus,2020-06-06 19:13:38
"I'm a teacher in an urban area. I know things could change at any moment but the principal has kind of told us that we will start school distance learning at the beginning of the year (Sept) and probably transition from there. Or at the very least there's going to be some aspect of distance learning still occurring. For these reasons we are trying to make sure that all of our students have proper technology even though the school year is about to end this week. We know they will still need it in the fall.

It woyld be kind of unfortunate if we all went back to school everybody got infected they were all these extra deaths of grandparents and such and then they release the vaccine a month or two after. In my ideal scenario world we just keep distance learning a little while longer and then the vaccine is released late fall-early winter and then we go back to school. I'm a pregnant teacher and I really don't want to have to choose between my health and my job. So don't hate me I just want to stay safe. I know what it's like to have a child sneeze in my face day after day or wipe their snot on me. True story. 1st grader.",0.0,Coronavirus,2020-06-07 04:34:36
"I mean, we've seen several of these vaccines ""work"" in limited trials. It's just a question of whether the one in trial works at scale. Doubting is normal, but all signs point to us headed in the right direction. Companies hate losing money and are typically more skeptical than individuals when it comes to production and investment. Everybody sliding their chips into the pot on this vaccine is a good indicator that insiders are confident....  


...or bluffing, I guess...",1.0,Coronavirus,2020-06-09 12:59:53
"So the last vaccine you got was for... what?

Or do you just hate vaccines in general?

Just checking, but the last vaccines I personally got were when I was a kid in the 80s. Mumps, measles and polio. Pretty glad I dont have any of those.",2.0,Coronavirus,2020-06-12 22:32:36
"personally, (i'm not an expert just done a lot of reading and constant obsession over the virus) i think you will all be fine.. I dont want to give any bad information, but the people who are really in danger are the ones who already have existing conditions and may already have trouble breathing to asthma, overweight, heart problems, smoking habits, generally unhealthy and unhygienic.  


My parents are also same age.. I worry every day that they could get sick, i also dont go out, but i know if they do get sick they will be fine after maybe bad flu symptoms at worst. On the other hand, my grandma at 85 probably doesnt take showers every day or really eat all that healthy so i hope my mom doesnt visit her until this is all over.  


Playing outdoors is probably the best thing that you can do. Tell your sister not to hug anybody, not to talk too closely with anybody, dont shake hands and be conscious about virus particles on public things like doorknobs, handrails etc. Wearing a mask is a good symbol to remember to stay away from each other and not to get too close or make physical contact, but in reality it only helps the sick from coughing in the open, doesnt help all that much for healthy to not get sick. Dont touch your face in public, and if possible bring lots of rubbing alcohol and paper towel to constantly wipe down your hands and wrists/forehead/etc. dont have to overdue it but if you dont wanna get sick its better to be safe than sorry.  


The reason being outdoors is okay is because the wind and sun kill the virus. I mean if somebody coughs down your throat outdoors thats gonna get you sick... but if you maintain 6' apart then its a good possibility the virus has no chance to land on you and if it does the sun will kill it within an hour. Indoors i would say its not the best idea, but on a sunny day is the best bet. The only thing i would be concerned about is the ball, hopefully her friends are wearing masks and not coughing onto their hands before touching the ball. Thats why its a good idea to constantly wipe hands with alcohol just to be safe. ( i was always a clean freek and i hate the feeling of dirty hands, i always have alcohol on me even before the virus )  


Now, in terms of getting sick.... We actually want to get sick its hard to think about but nobody wants to be living in fear and seclusion for another 3 years until the vaccine comes out and hope the vaccines are proper by then.. Now i'm NOT saying have someone sick cough down your through lol, such a large sample of virus and bacteria will definitely give you a bad time. but if you happen to get sick, make sure you are taking showers, brushing your teeth, drinking lots of water and tea, and eating healthy. Its smart to exercise, it is not smart to stay home in times like this and get depressed because that would make you more vulnerable to the virus. The goal would be to get mildly sick and to fight it off asap, so you start building an immunity and you should be safe to contract it thereafter.   


Be safe and stay healthy, remember to exercise and eat and drink plenty of nutritious foods. Sadly, it is almost impossible for majority of us to wait it out until the vaccine, its said that 80% of people will get sick within 2 years and the ones who dont get sick are living on a farm in the middle of no where. Try to be conscious about the virus and clean your hands and take warm bath/shower. Best case we can all hope for is to get mildly sick and fight it off asap for lasting immunity.",1.0,Coronavirus,2020-06-13 15:30:12
"Agreed. I think it's just one way people are coping with the uncertainty. Honestly, we may never know why the virus hit some places and not others. 

This is random, but I also hate all these ""until we have a vaccine"" laws. That could be next year, it could be ten years, it could be never. I sure hope it's next year, but who knows. I see a lot of these laws getting adapted and rescinded over time...",1.0,Coronavirus,2020-06-15 00:40:27
"I do the same thing and I hate it!  So tired.  But until there is a true working vaccine I don’t intend to stop, because I’m not about to put my family at risk for coronavirus.  Control the things you can control.  The CDC at one point said that contaminated surface spread was not the main transmission method for the virus, but then later clarified their statement confirming that you can get sick from contaminated surfaces (fomites) just that person-to-person spread was far more common.

The studies have been widely published that coronavirus can survive on cardboard up to 24 hours, and plastics up to 2-3 days.

Yes those are “laboratory conditions,” but the studies are out there.  WebMD lists those times.  For doorknobs it’s longer...

The potential definitely exists for a contaminated surface to infect you.  Since it’s not impossible, I’ll continue wiping down my groceries no matter what names redditors call me. I posted your exact question on here before and got made fun of but at least 2-3 other people would respond that they’re still wiping down their groceries too.",1.0,Coronavirus,2020-06-17 12:47:31
"According to several top epidemiologists, including cautious ones like Fauci, we are VERY VERY likely to get a vaccine next year. 

I absolutely hate how much doom this sub promotes.",1.0,Coronavirus,2020-06-18 11:15:14
The US Govt is just garbage and selfish and wants the economy to be strong. The US is a human farm for the rich. The middle and lower classes don’t matter at all and all that the majority of the country cares about are haircuts and “getting back to normal” i just hope that a vaccine can be found and people aren’t stupid enough to think it’ll cause autism... I hate my country,1.0,Coronavirus,2020-06-21 22:34:16
"&gt;I hate to say it, but we’re fucked.

I don't know if we are ... yet.

That's simply because I'm all in on a vaccine becoming readily available this fall. The Oxford one is said to have 2 billion units ready to distribute by October. I believe Moderna has said they expect one in distribution by election day in the US (1st Tuesday of November). 

Regular people will get vaccinated and try to get back to some sense of normalcy. But there is going to be a huge swath of people who will refuse to get vaccinated and will likely get extremely sick by next winter.",1.0,Coronavirus,2020-06-22 15:46:42
"hey there

what you're referring to ... that's generalizing

that's exactly how racial profiling starts  ... "" all chinese are fakes, all muslims are terrorists, all irish people are drunkards, all blacks are muggers etc ""

( and before anyone gets triggered, i am muslim so i am not being racist against anyone or against myself, just giving an example ! )

those are terrible disasters you mention, but such vaccines and milk powders SHOULD BE TESTED BY THE DAMN REGULATORY authorities before being allowed to be used on humans ( which is what they'll probably do to the COVID-19 vaccine )

so ...not all chinese are bad people with fake shit to sell ( i am not chinese ) and similarly not all muslims are terrorists ( most of them actually HATE terrorism/extremism ) and not all irish are drunkards.

all i'm saying is that SinoVac isn't someone who's going to destroy their image by supplying a COVID-19 vaccine that is fake af

the drug authorities should test any such stuff before allowing it on their population

P.S : since they did it to their OWN people, well screw their FDA who should have been more honest in testing such stuff but i am just trying to clear the view that COVID-19 is something that everyone will have to take seriously, so a fake vaccine should be out of question unless that company wants to bury itself",1.0,Coronavirus,2020-06-22 17:12:46
"The background / extras part of the industry and everything associated is toast until there’s a vaccine, and probably will never return to anywhere near pre-Covid levels. I’m not sure there will be a “crowd” scene with real people playing the crowd ever again. Extras are already treated as half-humans, producers hate that that have to pay 12.50 per meal for an extra or, like, provide even the most basic wardrobe — they certainly aren’t going to spring for testing. This is going to hit the working class / least-paid people of Hollywood the hardest. Everyone who was fine anyway - singing songs and shit from their mansions - are going to continue to make more and more money.",1.0,Coronavirus,2020-06-23 05:34:11
"M. Osterholm of the Center for Infectious Disease and Response, in a nutshell, says don't count on a vaccine anytime soon. 60 -70% herd immunity most likely.  When AIDS hit in the 80's, experts said they'd have a vaccine no later than 3 years. Still waiting.

&amp;#x200B;

EDIT: Hate on my comment all you want,  Since the beginning CID-RAP  was laying out what to expect WEEKS before you got a sanitized version on network tv and all has proven true. [cidrap.umn.edu](https://cidrap.mnu.edu) check it out",2.0,Coronavirus,2020-06-24 00:17:24
"I hate the response from our governer, he already admitted that the level of cases are unacceptable yet instead of doing an actual lockdown he says that will be the last resort. The people here are too stupid and selfish to do the right fucking thing and wear their masks correctly and here are the results. Gov abbott's response is to tell RECOMMEND social distancing wear masks, wash hands all the same shit. The public cannot be trusted to handle this situation which is why we need a more authoritarian response from the government right now and have an actual shutdown, a rent freeze, and UBI until we have a vaccine.",3.0,Coronavirus,2020-06-24 18:23:07
"That's what we all did, but apparently this approach is better supported by simulations and yields better outcomes when there's no vaccine.

Something I personally believe was managed better here is the mental wellness perspective, I see a lot of mental unhealth and suffering coming with the lock down, and I don't think it's a coincidence no country could hold the lockdown longer than these 3 months. I just hope that was enough, I don't see much hope of another three months lockdown anytime soon, not without armed patrols...


As for the side question, they are both very close to us, it's more a matter of context. It's like being siblings, the Norwegians are a little goofy, the Fins are more emo/brooding. We hate the Fins in hockey season, we tease the Norwegians for their pop cultural trends. And although the Fins are slightly further away in terms of cultural similarity, they also have the Finno-Swedes who are like a lost twin. The Norwegians on the other hand are economically independent and doing really cool things in some fields, while being almost laughably dependant in others.
I really couldn't say which are closer.",1.0,Coronavirus,2020-06-24 19:41:38
"I gotcha.  I also get that there aren't any easy answers to a situation like this.  But, honestly, beyond doing what we can to slow the spread (which, if I remember correctly, was just to keep hospitals under capacity.  ""Flatten the curve"" etc.) what can we do?  

&amp;#x200B;

The plan - at least in the U.S. - was never to not get it.  I was to flatten the curve and get it later.  We can't hunker down for however long it takes for a vaccine - there are too many economically vulnerable people in this country and too few social safety nets to catch them.  Plus, the horse is way out of the barn and the barn door is swinging in the breeze.  The virus is everywhere.   I hate that even pointing out this certainty lumps me in to the army of Karen's demanding haircuts and decrying masks as the devil's work.  I do think we have an obligation to slow the spread.  Wearing masks is undoubtedly part of a Covid social contract that should be upheld.  I also know our most privileged folks will have the means to hunker down longer than those unprivileged, which to me is scarier than any individual long-term consequences of the disease.

&amp;#x200B;

I also know being afraid is unhealthy.  If you're young and healthy, chances are you'll be fine.  And not like 60/40 chances.  The CFR for people under 50, in California, is .2%, and that includes people with comorbidities.  Also, that's only taking into account known positives.  What we've learned about how many people are asymptomatic carriers or only have mild cases means the true positive number is an order of magnitude higher, meaning the true CFR is an order of magnitude lower.

&amp;#x200B;

Again, I don't think this is a nothingburger - at all.  It's serious and should be taken seriously.  Our response has been criminally negligent.  BUT - if quarantine is the policy, then fear is the language used to peddle that policy.  If you want people to stay home, you appeal to fear.  Even if, by and large, you shouldn't be afraid.  Cautious, yes.  Prudent, yes.  Responsible, yes.  But fear is just gonna drive us all crazy.",1.0,Coronavirus,2020-06-26 21:06:44
He has been funding various vaccines and research for viruses for many years now and a lot of that is why we may see a vaccine much earlier than usual for this virus.   He has done a lot to move the science forward in this and honestly no one gives a fuck why he is doing it because the end result is going to be less deaths and less suffering.   Hate Gates as much as you want but he is improving this situation instead of making it worse.   Some of you really need to take a long hard look at yourselves and start questioning how and why you ended up being such miserable insufferable people hell bent on shitting on anything and everything good.,-2.0,Coronavirus,2020-06-26 22:24:33
Oh for sure. How fragile are our freedoms that wearing a mask to protect ourselves and others during a pandemic is considered un American? Imagine urging people to get the vaccine? Idk where you’re from but here in America we’re children. And children hate taking medicine.,1.0,Coronavirus,2020-06-27 05:52:22
"I don't want any of them to get sick though?

Learning from home is fine for a bit until the vaccine is available.  We're supposed to start getting the Oxford one in October.  

I would hate to tell any parent their kid will suffer or died because we couldn't learn from home for a few months. 

We just need to make sure kids have access to technology and they can learn from home.",1.0,Coronavirus,2020-06-27 21:03:24
This is going to go on until the US has a change of leadership or until a vaccine is found (and good luck convincing these chuckle heads who hate masks to take any such vaccines). Nothing is going to change before September. This country is just too hard headed for that to be a remote possibility. Get ready for a very long 2020.,1.0,Coronavirus,2020-06-28 02:19:26
"I'm highly educated and hate antivaxx nonsense, and am trying very hard to not contract COVID. There's no way I'm getting a vaccine that doesn't have a completed, full size, double blind RCT. 

The US and UK governments are blatantly rushing to fix their disastrous mismanagement and resulting economic collapse.",1.0,Coronavirus,2020-06-28 14:21:39
"Oh I get that.  But the final approval for the US sits with the FDA and they have been doing a lot of stuff just for the politics lately.  It adds an element of distrust to anything they do.  And it isn't like we haven't seen vaccines before that were pushed out too quickly or at poor quality and seen deaths and illnesses due to that.  A lot of these companies are mass producing their candidate prior to knowing if it is even effective.  This is a financial risk for them and what if they decide to pay off politicians to approve their version rather than take the hit from scrapping all the bad product.

If we are lucky in that scenario, we get a vaccine that produces immunity less than half the time or only for a few months.  If we aren't, then there could be significant side effects.

Frankly, I'll be getting the vaccine, but I'll also do my research on which one I get first.  And I hate that there is any uncertainty at all.",1.0,Coronavirus,2020-06-28 15:57:50
"Risking getting yelled at here but I have to say this....
To start I have 2 kids and they are both up to date on immunizations and I dont plan on them not getting their proper vaccines.. BUT, and its a big one...
This admin has proven time and again they are not to be trusted, they will push false treatments, so, unless you can have a great assurance that the medical precautions where taken to get this vaccine to market fast and safe, I will be very much reluctant to jump in.
And what I hate will happen is people will resort scream antivaxxer and we will be arguing about everything except what matters, our health and safety.

This is an interesting interview with the scientist that developed the rotavirus vaccine.....
[link](https://mailchi.mp/humanvaccinesproject/covid-report-operation-warp-speed)",1.0,Coronavirus,2020-06-29 03:31:45
"I’m summarizing what Fauci said, not trying to make a logical argument. The antivaxx hate is my own though. ;)

I respect your position, but I’d totally take the vaccine. I have close loved ones to protect; for me it’s worth the possible risks.",1.0,Coronavirus,2020-06-29 14:27:50
"Hate to rain on y’all’s parade, but there is absolutely no chance of that happening. Even if one of the vaccine efforts is successful, it still has to be manufactured. Takes a long time to make 300 million doses - even the end of 2021 would be optimistic. And that’s just the US. Source: I’m in the biotech industry",1.0,Coronavirus,2020-06-29 17:16:16
"I respect Fauci, he knows infinitely more than I do on this stuff, but I think he's not considering one thing: Trump might tell his supporters to get the vaccine and a lot of them will if he says so. This is an election year, and Trump's looking for a silver bullet to end this. The purpose of Operation Warp Speed is, in reality, to get a vaccine before the election. If Trump can get that, I'd be willing to bet he'll tell his supporters it's safe to get (and it's the greatest vaccine ever, the biggest, I'm telling you.) As much as I hate Trump if he says it's safe I bet a lot more people will get it.",1.0,Coronavirus,2020-06-29 18:43:27
"Yeah I get all that but the virus seems to have mutated to be more contagious, not less lethal as you implied.

https://www.washingtonpost.com/science/2020/06/29/coronavirus-mutation-science/?arc404=true

And the potential for Trump to turn the vaccine into a shitshow by releasing something dangerous and untested by Sep-Oct is real.

I hate to say it but I expect the vaccine effort to have marginal consequences and predict the better part of a million US deaths by this time next year.",1.0,Coronavirus,2020-06-29 23:29:24
"You realize he's not a good person though, right? He spent billions of dollars over two decades orchestrating a highly successful PR campaign so that the general public wouldn't hate him the way they do Jeff Bezos. But the only real difference between him and Bezos is a tax-haven charity. They're both billionaires who prevent people from accessing basic rights by way of lobbying and profits. 

I don't care so much if idiots think Bill Gates is a part of a 5g/vaccine conspiracy theory, as long as it wakes them up to the fact they shouldn't be idolizing real world dragons.",1.0,Coronavirus,2020-06-30 19:27:49
"I apprciate the give and take. Nice to have an intelligent conversation and yeah traveling and living around the world confirms that yes we are all flawed and not a little dysfunctional. I hate the current state of the country and I gotta tell ya, a little pissed off at the twisting of our constitution and laws that I spent 20 years defending. The vaccine is months off and as we have learned a bunch of new shit is bound to happen.",4.0,Coronavirus,2020-06-30 20:10:07
"Hate to break it to you... but we cannot even produce the needles for a vaccine for everyone within 1 1/2 years minimum. And once again, that’s only for the needle alone


https://www.nbcnews.com/news/us-news/trump-admin-unveils-plan-ramp-syringe-production-future-covid-19-n1204436


https://www.nytimes.com/2020/05/01/health/coronavirus-vaccine-supplies.html


https://www.weforum.org/agenda/2020/03/vaccine-covid-19-coronavirus-pandemic-healthcare/

Downvoted for telling the harsh truth?",0.0,Coronavirus,2020-07-01 16:21:31
"...what? I pray to god that a vaccine comes. I want it today. If you could give me a vaccine right now, I’d take it.

And unfortunately, if a mechanical issue is standing in our way, that’s the absolute worst case scenario because that would mean we are sitting on a vaccine we can’t distribute.

I like optimism, but I hate lying to ourselves. These same people claiming a vaccine will be available by the end of the year are the same people who said the heat would make the virus go away, it’ll slow down by itself, etc.

How did all that work out for them and their optimism? Sorry for being bleak, it’s a fucking pandemic, grow up",0.0,Coronavirus,2020-07-01 16:48:37
"&gt; While the UK trial has already advanced to later phases of the study and is now testing whether the vaccine works against COVID-19, this early phase in South Africa is looking at safety.

I really hate seeing medical research doing ""safety testing"" in African countries. They're frequently the test subjects and then the pharma companies ignore actually providing the medicine to these countries if they're deemed safe.

&gt; What is being looked at is “From the time when they get exposed to the drug, on how they handle the drug, whether they do or do not have changes in their immune systems, in any other organ system for that matter,” said professor Johnny Mahlangu, who heads the School of Pathology at the University of the Witwatersrand, Johannesburg, which is leading the trial.",1.0,Coronavirus,2020-07-02 21:12:52
"&gt;	I really hate seeing medical research doing ""safety testing"" in African countries. They're frequently the test subjects and then the pharma companies ignore actually providing the medicine to these countries if they're deemed safe.

I definitely agree with this in general terms but I think that is an error in the article. The Oxford vaccine has been given to thousands of volunteers in the UK already and it is based on an old vaccine that has been around for years. 

They know that it I safe, what they are testing for is efficacy. They cannot test for this in the UK or mainland Europe due to the low infection rates therefore SA, Brazil, the USA are the new testing grounds.

I also don’t think that there is any question of this vaccine not being made available to Africa and elsewhere that would benefit from it the most. It is being developed and distributed on a not for profit basis so it will be affordable in developing countries too. 

We just need to know if it actually works.",1.0,Coronavirus,2020-07-02 22:08:48
"People voluntarily join the military so they aren't getting injected with something they haven't had consent for. 

Sure its a vaccine, and I agree people probably should take it, but to say that the government should force its population to inject something inside them with threat of law is absolutely a terrible idea that I'm surprised anyone in any country is in favour for.

People hate the ""slippery slope"" argument because it's most likely not something you will see the repercussions from in our lifetime, so why bother mentioning it if there is a short term gain. Your children's children will be thanking you for allowing the government to have potential control over any number of things they deem ""necessary"" for public health.",1.0,Coronavirus,2020-07-03 14:55:15
"My child is on-schedule for vaccinations. I’ve said yes to every vaccine ever offered. My first dose of Gardasil was in 2009 and I finished the course despite adverse reactions to the first dose because I understood that pain, swelling, syncope, and nausea are no big deal compared to cervical cancer. (Passing out in a public health clinic waiting room was extra embarrassing but not a documented adverse reaction.)
But honestly I’m going to read the published research, talk to my doctor, and think carefully about being in the first group of a new vaccine. I hate that my trust in public health officials has been damaged because it doesn’t align with who I am as a person.",1.0,Coronavirus,2020-07-03 15:14:56
"I hate Trump with every fiber of my being and believe he’s senile at best. 

If a vaccine comes out and is available by September, I will vote for the man in November. That’s how much I’d prefer to have a way out of this. I’ll compromise my political leanings if it means we all make it out.",1.0,Coronavirus,2020-07-03 16:19:08
"What part of ""a vaccine coming out and being available this year"" do you think Trump has literally *any* part in and that a less vile human being with less vile unelected officials and less vile federal judge appointments and less vile supreme court appointments would not also be able to do if elected?

What part of having a vaccine for a virus available in September would lead you to compromise your morals? What do you expect Trump will do for you if you vote for him?

I cannot fathom a single answer that would reconcile with your first statement:

&gt;I hate Trump with every fiber of my being a",1.0,Coronavirus,2020-07-03 16:54:46
"Saying “minority” when it’s 30% to 40% of the population and they control the entire country via the presidency, senate, and Supreme Court is a fun way to dismiss gigantic cultural rot.  They’re not just four idiots screaming slurs out of their pickup trucks.  They’re millions of people, and they’re very angry, for all the wrong reasons.  Were it not for cheating and the electoral college, they wouldn’t have all this power...but their way of life is dying out.  They know it.  And they’re a cornered rat.  A cornered rat isn’t going to take medicine (vaccine).  They won’t even take it if you give it to them with cheese.  They’ll bite.  Because they think they’ll die if they don’t.  But really it’s the opposite.  They need to change, but change is the thing they hate most.",1.0,Coronavirus,2020-07-03 17:45:31
"I was replying to the person who said I hate the “we can’t stay locked down forever”, I’m referring to the initial lockdown or selective lockdowns.  We can’t stay locked down until there’s a vaccine.  I’m not some anti science anti lock down America.  I fully locked myself down.  I’m talking about opening back up, the solution isn’t to remain locked down forever (in most areas the US caseload was low before reopening), it’s lockdown and then don’t be a dumb ass so we can open back up.   Get off your everyone is dumb in American bias and reread my post.  The second round of outbreaks (I know this is the first wave), is because the second restrictions were lifted people crammed into bars and restaurants, refused to wear masks or social distances.  What’s going on this time in America isn’t like what happened on NY, it’s because of dumb people living life like usual and not taking precautions.  We can not remain locked down until there a vaccine.  You have to remember that the sh*ty country has a tiny safety net, people have to work.  America doesn’t care about Americans, you work or your homeless and starve.",1.0,Coronavirus,2020-07-03 19:24:04
"I’m a stay at home parent, so that would work. Kindergarten is required in my state so I’d have to do homeschool for sure. 

I’m not in a heavily hit area, and all the parents have a really cavalier outlook, it seems - except for me. 

Especially with a vaccine on the horizon (in the next year) I really hate to risk it.",1.0,Coronavirus,2020-07-03 20:43:19
"So you admit you could be wrong but you're still willing to risk killing people to fight a good cause?

First, it shouldn't be your right to choose whether someone lives of dies.

Second, there is a very strong possibility that you will actually increase racism in terms if how many minorities struggle financially, how many more die needlessly.  There's only around 200 pack people killed a year by cops you know.  That's total number and many of those could be from self defense and not racism.  The orginal estimate for covid deaths was 200-1100 deaths PER DAY of protests from an expert.  That's compared to 200 deaths per year from cops.  And we've had like over 30 days of protesting already and it doesn't seem to stop.

You guys may very likely kill more black people by far than you can possibly save.  You certainly are bring more black people down financially which in turn will increase the amount of crime committed. You're increasing racism amoungst cops by making them hate blm so in the long term they are actually more likely to kill.  

All this compared to if you just protested online, did fund raisers, and did in person protests during the trials after covid had a vaccine.  Could have achieved almost the same thing as if you hadn't been as destructive (by the same things I mean barely anything based on what I've seen so far).",1.0,Coronavirus,2020-07-04 05:33:56
i am pretty for vaccine but i myself is going to wait a year or two before i get the coronavirus vaccine. i want their beta testing to be done before i use it on myself. with the flu hpv mmr they have years experience and safety standards on those. but i also know i am not and i should not be going concerts or large areas while i am not vaccinated i can live with that. i hate crowded areas anyway. if my work requires me to get vaccinated i will but if i dont have too i wont.,1.0,Coronavirus,2020-07-04 17:08:02
I know you live to hate on this vaccine but no to all of that,1.0,Coronavirus,2020-07-05 01:39:22
"It’s debilitating. A rough cold will knock you about for a week, maybe if you’re lucky it’ll be a couple of days of a sniffy nose and a sore throat, you know the one where you curl up in a blanket with a hot drink and watch TV.

Influenza doesn’t do that, if you get the flu you’re bedridden, everything hurts. If you get it bad enough, it’ll kill you.

I hate the comparisons with coronavirus, because it’s a completely different virus - it presents differently, it incubates differently, it is treated differently. Also, coronavirus doesn’t have a vaccine - that seems lost on the (non-antivaxxer) people who seem to think that coronavirus is no big deal because the flu is no big deal. At least flu is preventable with an injection. If you catch coronavirus, you better hope you’re one of the lucky ones - chances are, you’re not, you’ll probably have a bad time and you might die along with over 100,000 other Americans.

If we make it out of this shit I hope we never forget how many people willingly put us in harm’s way because they didn’t believe it was a big deal. Neither we nor they deserve to let it quietly drift into a distant memory - we because our lives are worth more than their uninformed feelings, they because they deserve to be shamed forever, or at least until they learn how wrong they were.",1.0,Coronavirus,2020-07-06 06:12:11
"This is basically why we have decided to not mask around our elderly parents. Even if we did, it would be a miracle for them to survive until a vaccine is widely distributed. They're 3/4 deaf, and even without a mask muffling your words, it's hard for them to understand you. Also, it seems cruel to deny people who are at the trailing end of their lives physical closeness in an attempt to protect them from Covid. Either one could die at any time. I would hate to think of them not having hugged their children for months or longer beforehand. 

We discourage public outings. We shop for them, but they sometimes go on their own anyway. And we limit gatherings within the bounds of compassion. My mother's 92nd birthday was 6 people total.",1.0,Coronavirus,2020-07-06 16:27:59
"Weekly surveillance testing of doctors and nursing home staff is probably the single most effective way to use our tests.

-We can’t contact trace effectively because people won’t share their cellphone data

-We don’t really test asymptotic people

-There is no cure, so it would not influence the treatments available to an individual

All we can do is get the virus out of our nursing homes, shelter our elders in place, and wait for this virus to become endemic (or maybe a vaccine). 

I hate to be a pessimist, but at this rate we are going for herd immunity the natural way in the US.",1.0,Coronavirus,2020-07-06 21:01:44
"My company says not until there’s a vaccine.

I hate working from home :-(",1.0,Coronavirus,2020-07-07 23:55:01
Hate to break it to you but the year out estimates are overly optimistic exaggerations. I'm a security guard at a research center where they're working on a vaccine. I've chatted with a couple people working in the labs. They acknowledged that a vaccine within a year is possible but in the same way that aliens visiting ancient Egypt is possible.  It's possible because anything is possible not because it's likely.,1.0,Coronavirus,2020-07-08 02:55:16
"Hate to be heartless but the USA needs to allow every country/company to conduct their vaccine trials there, including the one's from China. With no lockdown in place and cases rising it's the perfect opportunity for trials.",1.0,Coronavirus,2020-07-09 09:35:41
"When this started, I told my coworkers that it was important to be informed, be careful and don't panic.  I still say that.  Now, I feel we need to say don't rush too.  Don't rush in reopening, don't rush to get your hair done, don't rush the vaccine.  

As a whole, take a deep breath.  We can get through this if we are calm.  Needless to say, that's not happening.  I really really hate the fact that the US has just given up.  Just accept 10K cases a day.  I don't accept that.",13.0,Coronavirus,2020-07-09 17:44:39
"&gt; Americans should obviously get the vaccine before people from any other country.

Why should that be obvious seeing as the current front runner is a UK developed vaccine from Oxford University? Hate to break it to you, but people in the UK will be getting first access to that one.",1.0,Coronavirus,2020-07-09 18:51:00
"Yup. I think these trials would actually meet US standards, but it's better safe than sorry here.

It just wouldn't be reflected in an operation warp speed (I hate that name so much...) write up because that's strictly talking about US vaccine efforts and development.",1.0,Coronavirus,2020-07-09 23:55:45
"I don't hate my kids, but parenting in general can be pretty exhausting. Being locked in your home with your kids for 4 months straight and counting is stressful and exhausting and definitely is taking a toll on people. Suddenly my husband and I had to become teachers, which was a challenge, and of course we still have to work full time to provide, on top of all the other household chores. Everything is cancelled or closed--all the kids sports leagues and activities, birthday parties, our local festivals, parades, fireworks, block parties, vacations cancelled, etc. They can't even see their friends or cousins to play.  Kids have an insane amount of energy and a need for nearly constant stimulation. It's difficult to try and keep them mentally stimulated, get them exercise, and keep them occupied and not bickering with one another day in day out with zero relief or breaks, and it's definitely grating at my nerves. I won't be sending my kids to school in the fall regardless of what the officials say, but these are pretty extraordinary circumstances for parents, and it's pretty understandable for them to be stressed and feeling the effects.  

I hadn't thought about it like this, but I guess I would agree that it has been somewhat detrimental to my family's wellbeing. My husband gained a bunch of weight, kids are unhappy and restless, I'm stressed af constantly and have insomnia, and I cannot wait for a vaccine or whatever it takes to safely return to normal. I'm not willing to risk it or be stupid just because I'm stressed or impatient, but I can't even imagine how stressed out, anxious, and/or depressed other parents might be right now--especially single parents.",-1.0,Coronavirus,2020-07-11 00:58:08
"If he is so great in his illustrious career, why hasn't he figured out a better test for Lyme or even acknowledge that the current Lyme tests miss 70% of cases so people needlessly suffer.  Post treatment Lyme disease is hurting more people than Covid ever will. But the way, his latest quote is he hopes the Covid vaccine is 70% affective. So, his scientific opinion is based on hope? I hate the CDC. In the pocket of big pharma.",1.0,Coronavirus,2020-07-11 01:56:10
"I hate to say this, but no one knows what the hell they are doing. Facui sucks and so does all other so called experts, W.H.O. They all do not know what they are talking about and are not doing anything to help us out. No info that is beneficial at this point, everything was way to fucking late. We do not need quacks at this point we need very strong leadership and a rock solid plan. Not half ass ""guidelines"". It seems like the only hope we have is a vaccine even if it only works partially.",1.0,Coronavirus,2020-07-11 05:14:18
" 

I  hate to say this, but no one knows what the hell they are doing. Facui  sucks and so does all other so called experts, W.H.O. They all do not  know what they are talking about and are not doing anything to help us  out. No info that is beneficial at this point, everything was way to  fucking late. We do not need quacks at this point we need very strong  leadership and a rock solid plan. Not half ass ""guidelines"". All of the  so called guidelines are impractical and can not be truly followed in  the real world or have been released way to late to make a difference.  Lock downs are stupid at this point as we know once we come out of them  the virus just spikes again and we cant be locked in forever.

It seems like the only hope we have is a vaccine even if it only works partially or herd immunity.",1.0,Coronavirus,2020-07-11 05:20:37
"hate to say but those kind of limited prevention strategies only work when the case load falls into the double digits. When you literally have thousands in even a single state you're either going to have to accept that sickness &amp; death will be endemic until there's a vaccine, or you're going to have to do a lockdown to crush the virus into submission. Remember S. Korea never had positivity rates topping 20%, 30% like we have in some areas.",1.0,Coronavirus,2020-07-11 18:59:40
"&gt;Do you want to tell that to those who have died? 

&gt;Those who also had it, but were not as lucky?

Lucky is a strong word for it. The death rate seems to follow a pattern of only killing people with relatively low life expectancies. 

Look we live in a world with viruses, and sometimes these viruses kill people. It's always sad when people die. I'm not stoked about this world, I wouldn't have designed it that way if I was in charge, but that's just the world we live in. To reorganize society in such a way as to pretend that  we don't live in aa world with viruses is silly. 

&gt;The coronavirus isn’t deadly because it has a humorously high death rate.

It has a high death rate? Are you sure? It's killed .03% of the us population. Do you think it's reasonable that .03% of our population might die from natural causes in a 6 month period? And we know for a fact that we do not know everyone who has had it. Every day we have more confirmed cases because we do more testing. You can't accurately tell me what percent of the people it infects it kills bc there are so many people who have had it that aren't recorded. 

&gt;People do not care about the hundred thousand plus who have died.

It's always sad when people die but when you live in a country with 350,000,000 people it's not a huge blow to society when we are reduced to 349,900,000. People die. It sucks, it's never fun, it's always sad, but it happens. What percent of our population should die every year? According to you? It can't be 0. At the moment our society needs to have an average of 2.2 babies per household to maintain it's population. 

But what you seem to be suggesting, and what masks and social distancing policies seem to suggest, is that THE WAY TO 'BEAT' THE VIRUS IS TO MAKE SURE AS FEW PEOPLE AS POSSIBLE COME INTO CONTACT WITH IT. This is inane. This is not how viruses work. You can make an argument about flattening the curve and be rational but I think we're past that now. 

What happens when your kid gets chicken pox? The way we as a society 'beat' a virus is by making at least 51% of our population immune to it. That will kill the virus. 

But if the goal is to make sure as few people as possible get it, you will have to treat them like cattle, tell them what to do and lock them up until we develop artificial immunity (ie a vaccine) or the virus decides to disappear. If you want to be treated like cattle so you can feel safe, you're welcome to it, but you have to give me an out. You have to let me consent. 

I'm okay with living in a world with viruses. I'm okay with the fact that I have to make my own decisions about how often to wash my hands and that there is always an inherent risk of coming into contact with microorganisms. I'm sorry to hear that you are not but with all due respect that's your problem. 

I really hate religion, right? I feel unsafe in the presence of religious people, and I'm offended when I see them display a scene of murder as jewelry and worship it. These people have books that tell them to and have proven their willing to kill apostates and unbelievers. But I don't get to control their behavior, and tell them what they can and can't do just because I feel unsafe. It's my problem that I hate their ideologies, and I've no right to tell them what to do. 

The goal of preventing infection is stupid, the principle is wrong, and the results are catastrophic. My.heslth is my responsibility, and we should treat this epidemic the same way we treated swine flu and the AIDS epidemic. Make sure to keep yourself healthy and don't tell anyone what they have to do",0.0,Coronavirus,2020-07-11 23:41:29
"yeah, i hate people who are like ""we never have a coronavirus vaccine, therefore its impossible"" they failed to realize, there never been a time for very good reasons to create one until now(besides Sars1 and Mers of which they were still working on before this)",3.0,Coronavirus,2020-07-13 21:18:56
"I hate the ""New Normal"".  Please figure out a vaccine sooner than later.",1.0,Coronavirus,2020-07-13 23:38:19
Oh agreed. I just hate how people jump on every trivial side effect like it's in any way comparable to actually getting the disease. I mean a sore arm is reason enough for some people not to get the flu vaccine and it boggles my mind.,3.0,Coronavirus,2020-07-14 21:43:46
"Yeah I get it, but at the same time, I hate it, I don’t want them to get infected, nor do I want there kids who are just pawns in their parents idiotic game to get infected, but they won’t, the vaccine will have a us reach here immunity and they’ll double down on blah see covid was nothing more then a government plan.",1.0,Coronavirus,2020-07-15 13:01:02
I think you will be happily surprised when the vaccines come out. Most people left and right hate this virus and will get the vaccine to go back to normal life.,1.0,Coronavirus,2020-07-16 14:39:11
"That’s why I hate this type of article. Yes, I want there to be a vaccine, but insinuating that there will be a proven, widely available vaccine that is financially accessible to everyone by the end of the year gives people the idea that no matter what their behavior is, this nightmare will be over in a very short time. Most people don’t understand (or care about) the science. They just hear “vaccine very soon” and carry on with their lives.",1.0,Coronavirus,2020-07-16 15:30:25
That's weird... how come every time there is a vaccine update it gets tagged as good news and upvoted to the top of this subreddit... sounds like they really hate it yeah?,1.0,Coronavirus,2020-07-16 17:03:19
"The ""flawed vaccine part"" is just misleading. Why are you (presumably) arguing about a flawed corona vaccine that hasn't been released yet? Like, who are you to say that ""Nono, this specific billionaire can't have any idea what he's talking about!""but then people like you proceed to just go ahead and beyond to praise a different billionaire that's currecntly the president and promotes beans during a global pandemic. 


""No fuck this billionaire who donated at least 5 billion dollars of his wealth to charity, and has fought viruses for 20 years, he should clearly be questioned for his crimes against humanity! ""


""I don't trust any person who has political power"" so you're an anarchist? If noone has any power,  then who the hell do you think is going to run any country? Any democratic system would still result in someone gaining power, and each non-democratic one would unintentionally create more power vacuumes that would create some form of any induvidual gaining power. 

And last but not least, you imply that Corona is fake. 

Do you see ***why*** people perceive your view as just borderline insane? There's a good chance you think Corona is fake, you hate Bill Gates and Fauci for doing their job - trying to help during a pandemic, and then you pretty much admit you want anarchy?",1.0,Coronavirus,2020-07-16 19:54:26
Yeah I agree with that and I will stay hopeful. Don't even get me started on the weird vaccine hate here,2.0,Coronavirus,2020-07-16 20:49:17
"You're presuming a lot man. Actually, I don't like trump nor do I trust him either. Neither am I an anarchist, I'm actually more of a liberatarian. I do believe a government is necessary, though should always be questioned and never impede on personal freedoms given by nature for any reason. 
Now on your other points:
- I should have said possible flawed vaccine. 
- i dont hate fauci or gates, but I don't know fauci and gates' true intentions, and neither do you. To go off your example of bill gates' charity work, maybe he did that for the betterment of mankind, or maybe it was purely for public relations and the power that gives; or perhaps he profited from these charitable acts. Only he knows. 
- i not implying that cov19 doesnt exists, i am implying that it has been possibly been over-blown by both the establishment and the media, and that the consequences economically and psychologically will heavily outweigh the effects of this virus itself when it is gone.

Im Noone just another person with another perspective. Thanks for the arguement. These things that effect us all should be argued and debated.",2.0,Coronavirus,2020-07-16 21:29:35
"I hate Putin just as much as anyone here, but with 1/2 the cases/1M than the US and less than 1/5 of deaths per 1M, I would say it is the US trying to find out what Russia's secret in dealing with COVID is.

Canada, what a joke, for every 11 people that was found positive 1 died.  What is there that is good in Canada that Canadians aren't using on their own people?

140K people have died in the US within 4 months from what their president calls the ""flu"" is a fact and no lie.  There should have been some political responsibilities for the US scoring among the worst of the entire developed industrialized world.  The DAILY new case load of the US is getting to be as much as ALL the cases found in China in 7 months and China's population is 5 times bigger than the US.  

What a pathetic low life political bullshit propaganda can this be trying to transfer blame for mass murdering tens of thousands of people at some other country trying to steal the big secret.  What vaccine?  Are you vaccinated?  There is no vaccine, there will not be any vaccine, even if there was a vaccine it would probably take years before a significant part of the population would be vaccinated.  What vaccine has ever been long term effective for any strains of a virus labeled the flu?  

If we have any hope for a remedy for the effects of this virus, it is probably coming from Russian labs and it will most likely be handed out as an open and free patent for anyone to manufacture, not a private industrial secret sold for profit.  I don't trust Putin, but I will trust Russian scientists doing the right thing as they have done several times in the past.",-1.0,Coronavirus,2020-07-16 23:40:17
"*With coronavirus antibodies fading fast, vaccine hopes fade, too*

*Peter Fimrite July 17, 2020 Updated: July 17, 2020 9:52 a.m.*

*Disturbing new revelations that permanent immunity to the coronavirus may not be possible have jeopardized vaccine development and reinforced a decision by scientists at UCSF and affiliated laboratories to focus exclusively on treatments.*

*Several recent studies conducted around the world indicate that the human body does not retain the antibodies that build up during infections, meaning there may be no lasting immunity to COVID-19 after people recover.*

*Strong antibodies are also crucial in the development of vaccines. So molecular biologists fear the only way left to control the disease may be to treat the symptoms after people are infected to prevent the most debilitating effects, including inflammation, blood clots and death.*

*“I just don’t see a vaccine coming anytime soon,” said Nevan Krogan, a molecular biologist and director of UCSF’s Quantitative Biosciences Institute, which works in partnership with 100 research laboratories. “People do have antibodies, but the antibodies are waning quickly.” And if antibodies diminish, “then there is a good chance the immunity from a vaccine would wane too.”*

*The latest bad news came from scientists at King’s College of London, whose study of 90 COVID-19 patients in the United Kingdom found antibody levels peaked three weeks after the onset of symptoms and then dramatically declined.*


*Potent antibodies were found in 60% of the patients, according to the study, but only 17% retained the same potency three months later. In some cases, the antibodies disappeared completely, said the study which was published as a preprint Saturday, meaning it has not yet been peer-reviewed.*

*The report is the latest in a growing chain of evidence that immunity to COVID-19 is short-lived.*

*A Chinese study published June 18 in the journal Nature Medicine also showed coronavirus antibodies taking a nosedive. The study of 74 patients, conducted by Chongqing Medical University, a branch of the Chinese Center for Disease Control and Prevention, showed that more than 90% exhibited sharp declines in the number of antibodies within two to three months after infection.*

*There is still hope that the remaining antibodies will bestow some immunity, but infectious disease specialists around the world were surprised and discouraged by the rapid reduction observed in the studies. If the numbers continue dropping after three months, it could mean people will be susceptible to infection by the coronavirus year after year.*

*So far, though, there have been only scattered reports of reinfection and no comprehensive studies have verified that it can happen. Experts say the disease hasn’t been around long enough to determine the likelihood of contracting the disease more than once. But other kinds of coronaviruses, like those that cause the common cold, offer clues.*

*Studies of four seasonal coronaviruses that cause colds show that although people develop antibodies, the immune response declines over time and people become susceptible again. Scientists suspect that the severity of cold symptoms is reduced by previous infections.*

*“Waning antibodies affect vaccine development,” said Shannon Bennett, the chief of science at San Francisco’s California Academy of Sciences. “Where natural immunity doesn’t really develop or last, then vaccine programs are not likely to be easily successful or achievable.”*

*Nobody knows yet whether infections by other coronaviruses will help people’s bodies resist COVID-19.*

*“Our understanding of protective immunity engendered by this virus and how it interacts with past immunity to other coronaviruses is still evolving,”Bennett said. “People should not presume they have immunity.”*

*The recent findings are particularly disappointing because of the promising discovery this spring of “neutralizing antibodies,” the kind that attack the virus’ crown-like spikes and prevent them from hijacking human cells.*

*Epidemiologists found these neutralizing antibodies in less than 5% of COVID-19 patients and were hoping to isolate and use them to inoculate others, a precursor to a full vaccine. Unfortunately, the recent studies show that the super-strength antibodies also fade away.*

*The Chinese study found an 11.7% decline in neutralizing antibodies in symptomatic coronavirus patients and an 8.3% drop in asymptomatic individuals over the three months.*

*“Those are the ones you want, but they just aren’t sticking around,” said Krogan, who is also an investigator with the Gladstone Institutes, a biomedical research lab in San Francisco. “They just aren’t staying long enough in our bodies to prevent reinfection. If this is only lasting six weeks or three weeks, that’s not good.”*

*Even if a vaccine were produced, infectious disease specialists say it could take years before the entire population was inoculated. If the vaccine wore off over time, periodic boosters would be needed, as with influenza shots.*

*All of which emphasizes the need for effective treatments.*

*Krogan’s Quantitative Biosciences Institute, created four years ago, has been scouring the genome of SARS-CoV-2 — the specific coronavirus that causes COVID-19 — and testing in petri dishes how viral proteins interact with human cells.*

*The idea, said Danielle Swaney, a researcher for the QBI Coronavirus Research Group, comprised of at least 40 laboratories affiliated with UCSF, is to find ways to fight the disease once it is in the body.*

*“Our whole approach is to find what is the virus hijacking and what drugs can be developed to reverse that hijacking,” said Swaney, an assistant professor of cellular and molecular pharmacology at UCSF. “Basically, we try to take away what the virus relies on for survival so it can’t rely on it anymore.”*

*One possible target for intervention is a receptor embedded in the membrane of human cells called SigmaR1, which Swaney said the coronavirus interacts with. The SigmaR1 gene plays an important role in the functioning of tissues associated with the endocrine, immune and nervous systems.*

*“What we found is that if we use drugs that reduce the level of SigmaR1 in human cells, the virus cannot replicate in those human cells,” Swaney said, adding that many other potentially influential receptors are being studied.*

_______________________________________

I too hate paywalls.",12.0,Coronavirus,2020-07-17 19:06:49
"Hell yeah.  I hate needles but I'll get vaccinated once proven safe and effective.  Once myself and my SO and kid have it, fuck anyone else who doesn't want it.  


Not that I wish harm on anyone, but if they willfully skip a vaccine, they bought it upon themselves.",1.0,Coronavirus,2020-07-18 02:23:57
"You know that quote attributed to Winston Churchill about Americans doing the right thing after they're tried everything else?

This is proof that the ""right thing"" moment is not coming under this administration. They're literally going to keep refusing to do anything resembling the right thing until either everyone is dead or a vaccine is made. And are perfectly willing to destroy everything about the entire country in their efforts to to that.

Sensible Americans, for the love of all that is holy, put aside everything and get this administration (and anyone who acts even slightly like him who you can remove from having authority) out of power in whatever legal way you can, even if it means voting for a political candidate you know you hate just to guarantee that Trump cannot potentially get the votes he needs to stay in power. I don't think I'm exaggerating much to say that, if Trump wins, there might not even BE a USA to vote a president for by 2024: that's how much he's absolutely decimating your country right now and another four years of this (plus continuing to deal with the virus when it inevitably doesn't go away because of the antivaxxers) is going to cripple your country so badly that I doubt it will ever come back from it. You're not quite at the point of no return yet, but you're WAY closer to it than you probably want to admit, from where I'm sitting out here in the UK.",1.0,Coronavirus,2020-07-18 09:17:03
"I hate to be overly pragmatic, but at this point, if we get a working safe vaccine by January, who really cares?",1.0,Coronavirus,2020-07-18 13:26:38
"Good question. I’ve been asking myself this as well. I don’t know. But I think most of the vaccine research is with antibodies or antibodies production. So you’re administered a vaccine that allows your body to produce antibodies and keep antibodies. Though again, I don’t know. You’ll have to ask someone smarter than me.

I hate to be pessimistic, but since the beginning, I have feared that once one is infected it’s a life-long disease. There is no cure and will not be a cure. The way this virus attaches to the cells, and the damage it does is irreversible. But I really do hope I’m wrong. That follow up study on SARS(I think it was 15 years later) was a real eye opener for how bad these viruses are. And I think we all agree SARS-CoV2 is much worse than SARS. Less mortality, but much more devastating to the body.",1.0,Coronavirus,2020-07-18 17:03:58
"Oh I know, and probably most coronavirus colds started out this way. We might just need one or two rounds of a vaccine to turn this into just another coronavirus cold. We might not be immune to it the same way we are to other viruses we get inoculated for, but our immune system can train itself to deal with it and suppress the serious symptoms that it presents as a novel virus.

I just hate the endless narrative of reinfections, vaccines are pointless, etc.

We aren’t doomed, we just have something that no person has encountered before. The sooner we can train our immune systems to attack this thing through a harmless vaccine, the better.",5.0,Coronavirus,2020-07-19 14:55:39
I hope usa and brasil get the vaccine fast. Our governments hate us.,77.0,Coronavirus,2020-07-19 18:25:08
But what if these anti-maskers are also anti-vaxers?  Doesn't matter if you have a vaccine if people won't get it..... because Bill Gates invented super AIDS and is going to inject it into children and make them all super gay /s (HATE having to put /s because this shouldn't be a sentence someone writes with any sort of seriousness).,5.0,Coronavirus,2020-07-19 20:28:06
"Well, I can’t say for sure about the really rural areas, but most people I talked to have been working it out. I have a friend north of me (I live in the suburban Saint Louis area) who is actually having lectures recorded and burned on DVDs/flash drives for delivery. That’s definitely an option as well to pursue. NONE of this is ideal, and I hate that we have to even plan out some of the drastic actions we’ve seen as a country. It makes me physically nauseous actually. 

But humans are resilient and we are figuring this stuff out district by district, family by family, and student by student. There will be lasting impacts, and we need to strive for innovation that mitigates those impacts as much as possible. There also need to be initiatives for repairing the damage that has been done in terms of academic progress and especially social development for our youngest students.

Even with all of this said though, we really are talking about saving thousands of lives here. Some of the people dying, having limbs amputated, never will be the same... they aren’t all super sick elderly people. This affects all of us and we are in this pandemic together. For me, it comes down to just that simple metric. Thousands more die if we go back before a vaccine is ready. If I was a younger student or parent and I realized that it would emotionally devastate me going back to school.",2.0,Coronavirus,2020-07-19 22:27:29
"Hate to break it to you but even if it’s good it’s still a long way to approval.  The trial was so small in sample size , not as many sites, and so many unknowns that until they do a double blinded, randomized, multi site thousands of patient phase 3 we won’t know the true efficacy and safety of the vaccine.",1.0,Coronavirus,2020-07-19 22:44:55
"I really hope that the vaccine news about it arriving in September are right.

Because otherwise with the lack of good containment measures it is just a matter of time before the virus takes its full toll on the whole population.

Remember that 330 million Americans x 0.4% fatality rate would mean 1.32 million deaths.

This is just the US, assuming the fatality rate does not higher due to lack of treatment, assuming one cannot catch it a second time...

I am frightened and hate to be dependent on others wearing a mask to protect me, just as I protect them by wearing one.",9.0,Coronavirus,2020-07-20 15:23:36
"Always entertaining to witness the hypocrisy. Trump is blamed for not issuing a nationwide mask order (something he has no authority to do) and simultaneously blamed for dispatching federal officers to protect a courthouse in Portland (something he has explicit constitutional authority to do).  

We have conclusive scientific proof masks and social distancing don't work right here in California. We've had a mandatory mask order for a month, and the infection rate has never been worse.  

Masks are theater. The mandatory orders are designed to separate the rams from the sheep, and to neutralize troublemakers to pave the way for a mandatory vaccine.  They are also a social control mechanism, because they remind every person the government is invading their everyday lives and they are forcing everyone to submit, regardless of the health concerns or the fact they don't work.  Masks are also effective symbolic gags.  People might conclude that is melodramatic, but not all emotional messages are delivered consciously.  

Masks were universally rejected by health officials three and four months ago. Then all of a sudden they became necessary under pain of criminal prosecution. 

One wonders who's phone rang and what instructions were delivered during the call.  And only God knows what new infringements on our personal liberties will be implemented with guns drawn and aimed at the population.  

The entire coronavirus riot is a political stunt. It gives certain people license to mutiny against the president and orderly society. It gives certain people the power to disrupt the American way of life. Jobs destroyed. Economy destroyed. Riots. Arson. Property destruction. Government overreach. Businesses padlocked. Homes lost. Children barred from schools. Endless edicts and directives from governments near and far. Lie after lie in the media. Fearmongering. Hate. Outrage. Lost opportunities. Looting of the treasury. Illegal acts by the government.  

And it's all justified by a virus.  Funny how coronavirus just happened to be most effective at this disruption in the country that is the chief political and economic rival of the nation where the virus originated.  I'm sure it's just a coincidence.  

And it will all vanish like cash at Disneyland on November 4.",-6.0,Coronavirus,2020-07-20 15:26:29
"&gt;This would genuinely be one of the most phenomenal achievements in the history of mankind if a vaccine is out by September

I'd hate to be one of those guys who recommends it..but if they can pull this off.

This needs to be a movie.",1.0,Coronavirus,2020-07-20 15:46:46
"Am American. This hurts but I get it.

Good news is most Americans will won't take a vaccine anyway because of ""dangerous ingredients"" and ""heavy metals"". So no worries. 

But hey as someone who socially distanced early (I told my employer I was WFH until further notice before it was policy) and someone who wears a mask everywhere I go even though I hate it as much as all of the conservatards. I would like the vaccine. 

We're not all morons, just far too many of us are.",-2.0,Coronavirus,2020-07-20 18:06:43
"As much as I fucking hate anti vaxxers, I get it in this one instance. Like, isn't this the most rushed vaccine in human history?",2.0,Coronavirus,2020-07-20 19:23:24
These kinds of articles I hate. Nobody has any idea what 12 months from now is going to be like. For all we know there could be a fully functional vaccine by March and everything will be fine.,23.0,Coronavirus,2020-07-21 17:37:59
I'd say the exact same thing here if it was anyone else hacking into anyone else's vaccine data.  Sorry you're blinded by your China hate.,7.0,Coronavirus,2020-07-22 15:19:55
"The Administration even though you hate them is working on Vaccines at record pace .

Things are a mess right now because everything is 'Political Gotcha ' including a lot of what is said here.

BUT there will be a Vaccine  that works in a few months - and it will be released in record time.

It will probably be 90 to 99 % effective ..

BUT -it [ the VACCINE ]will be politicized and the few it does not work for OR the ones who already have Covid 19 will say it does not work ....and  it will go on and on and on.

THEN - if Joe Biden gets elected - you will see he is a figurehead for the Radical Democrats who will try to turn USA into a  pre communist country.

So be  aware ....

Biden was real - but he will be in office less than 1 year if elected or just continue to be a figurehead.

I wonder why they are not using Antivirals to lessen severity of Covid 19 [ not a cure but lessen amount of severe cases requiring hospitalization ] while we wait for the Vaccine ].",0.0,Coronavirus,2020-07-23 12:36:16
"Did they finally steal enough data? Also, based on the 0-20% accurate Chinese tests and the fact that the Chinese Red Party hate everything that isn't Chinese, I'd suggest get your zombie survival gear ready and don't use the red vaccine until at least the 5th or 6th generation is tested successfully.",-8.0,Coronavirus,2020-07-23 20:54:59
"Ok I have a serious question - If you are quarantine and self isolating and mitigating exposure to only going to the store very infrequently - and wearing masks while you are out.  Basically taking as much precaution as possible.  Why is there so much hate toward the people who are doing the opposite?  Doesn't it sort of make sense that people who are out and about would have already gotten Covid by now?  I see a lot of people on social media say things like ""Well I hope they get Covid and Die"".  but the true reality is that most people who are ignoring the guidelines likely already got Covid and clearly didn't die (and most likely were asymptomatic when they had it).  If they simply spread Covid to other friends/family (the others who are out and about) and those people didn't require hospitalization or die either, then that's just getting closer to immunity as well.  


Wouldn't you agree that at least to some degree it's a positive thing for healthy people to build an immunity?  I mean, after-all, isn't the entire purpose of the lockdown to make sure hospitals aren't over-run with patients?  If the people who are out and about get exposed and don't require hospitalization, why isn't that seen as a positive thing?

Also on that note - how much percentage of the population do you actually think will agree to the vaccine when it comes?  If the whole goal is to get everyone vaccinated versus exposure, you also have to realize that a huge portion of the U.S. simply won't accept the vaccine.",-6.0,Coronavirus,2020-07-23 22:20:41
"Interesting. After observing the german anti-vax crowd on Facebook for a few years now, i would say \~30% of them are moon worshiping hippies who fear every chemical sounding word and believe that nature has its remedies/the body will cure itself. The rest are pretty right winged conspiracy theorists. But both of these groups hate the conservatives because it was the conservative party who made the measles vaccine mandatory.",1.0,Coronavirus,2020-07-24 16:05:38
"I’m with you. My friends and family would tell you I’m normally a careful, reserved, and analytical person. I rarely fully believe in anything. But the hope of a vaccine is sometimes the only thing dragging me through the day. 

I hate to feel hope like this because my logical mind understands all of the reasons why a quick vaccine is more unlikely than likely. 

But one thing I’ve learned about myself through this... I hope whether I want to or not. It’s beyond my control.",9.0,Coronavirus,2020-07-24 20:57:59
"I think you and I are getting tied up in minor details, but would agree in principal. As I said in the beginning, I don't  feel that finding the origin of Covid is **a priority** now; during the pandemic. By origin, I'm talking about finding the exact bat/pangolin/civet/etc that it came from and where. 

I feel certain that you have heard/read Fauci and Redfield recently, you notice they aren't talking about the origin. The people focused on it are various politicians and political groups.

Right now we should focus on a vaccine and therapeutics. Once we are past the crisis point; I think we should devote significant resources to studying this and other coronaviruses (much as the Wuhan Lab was). I would hate for this to fade after the crisis (like the SARS 2003 and MERS) where we were close to a vaccine and lost interest/funding. 

Yes, we should study and prepare; no finding whether it came from ""China"" isn't a priority.",1.0,Coronavirus,2020-07-25 02:48:04
