comments,score,subreddit,time_created
"Again, I'm not sure you're understanding.  The flu kills more kids than COVID IN SPITE OF THE FACT THAT WE HAVE A VACCINE.

You also avoided my question- is anyone who rides in a car with their kid a murderer?",0.0,Coronavirus,2020-07-09 17:49:16
"Again, I'm not sure you're understanding. The flu kills more children than COVID IN SPITE OF THE FACT THAT WE HAVE A VACCINE.  The vaccine is not 100% effective (more like 70% in a good year).",0.0,Coronavirus,2020-07-09 17:50:10
"&gt; New England Journal of Medicine Suggests “employment suspension” for COVID vaccine noncompliance.

Amendment V: ...nor be deprived of life, liberty, or property, **without due process of law**.",1.0,Coronavirus,2020-07-09 17:51:56
"We have marginally better treatments. But the people will still have lung damage, kidney damage, etc. Coming up with effective treatments for all of those would be a decade long affair. A vaccine is frankly the shortest route, and while it may come quickly, it could take YEARS. 

Currently these treatments are about preventing DEATH, but damage still occurs.

There is currently ONE retoviral showing promise, but we need at least three to prevent resistance evolving in covid. 

Wear a damn mask, get used to it, in case we are in this for the long haul.",0.0,Coronavirus,2020-07-09 18:21:27
"We haven’t, which is part of why it’s so difficult to figure out.  That still doesn’t make flu especially historical flu cases a good model.  For example 1918 had very tight fast geographical waves, with most cities having a few very bad weeks and then a fast taper-off, where Covid tends to linger unless there’s very strict containment (NYC compared to say Italy).   Flattening the curve alone means that we’re extending the length of outbreaks, which extends how long it will take to get to herd immunity minus a vaccine even if Covid19 acted exactly like the flu (which again isn’t the case).",1.0,Coronavirus,2020-07-09 18:21:32
"What's the current status of vaccine research? I've kind been avoiding COVID-related news for a while, for my own sanity. Is there any light at the end of the tunnel?",2.0,Coronavirus,2020-07-09 18:40:02
I know it's anecdotal but a Facebook friend of mine recently posted a question about a potential Covid-19 vaccine and asked if people would get it. When I checked it had about 45 comments and only 5 were yes and about 40 were no. I couldn't fucking believe it. This is in Upstate New York.,1.0,Coronavirus,2020-07-09 18:43:43
"Did you read the article tho? There's not much there. Just some speculation about some stuff that isn't happening now but might happen some day.

&gt; But even without a vaccine, there is reason for hope that a medical solution to the crisis will soon be at hand. It will likely take the form of anti-Covid drugs that will be able to treat patients newly infected and prevent others from becoming ill.

Coronavirus isn't going to wait for that to happen because of exponential growth. Things are poised to get much, much worse in the very, very near future.

But thanks for trying to be cheerful. Maybe look at pictures of puppies? They never disappoint.",7.0,Coronavirus,2020-07-09 19:04:59
"Hypothetically, what if we knew for certain we'd have a safe and 100% effective vaccine, available to everyone for free on January, 1 2021. Do we shut down schools, businesses, events, and discourage in person socialization for the next six months? I'd ultimately be okay with that, no reason to have large numbers get sick and die when you can just wait it out.  In this scenario I think there'd be much more social cohesion re: safety measures.

But take the same hypothetical and push guaranteed vaccine arrival to July 2021. Government stimulus can't prop up the economy that long. Young children would be permanently damaged intellectually and socially from missing a over a year of school. Isolation related mental health issues (further exacerbated by economic downturn) would cause countless deaths of despair. And worst of all, the folks who today are statistically most likely to die of covid will probably already have died from some other cause, having lived their final months on house arrest.

TL.DR: I wish there were more nuanced discussion about cost benefit analysis and second order effects of different measures. Instead what we have is endless screeching about masks and kneejerk partisanship.",3.0,Coronavirus,2020-07-09 19:07:00
"This rushed thing needs to stop being parroted.

Every year, the flu vaccine is retargetd for different strains without people complaining about rushing.

The current front-runner vaccine (due to release in September) is a retargetd MERS vaccine that while not finished with trials, has years of trials completed with a well proven safety record. Not to mention that ADE is now known not to be a thing with COVID-19.

The next 2 vaccines are MRNA vaccines that are much less dangerous in the first place than a standard vaccine (live attenuated virus). They have been used for years in other mammals and research has been pushed hard in humans in the last few years. Due to their simple nature, they are way easier to develop than any other type of vaccine.

Basically most vaccines being pushed now are not brand new. The methods have been tested in humans, some for years now. We are just targeting them toward COVID now vs their original targets.",7.0,Coronavirus,2020-07-09 19:23:56
"Text for those who can’t access it:


I was speaking with my neighbor the other day, whose age makes him both wise and at high risk should he contract COVID-19. I was wearing a mask — he was not. “Yeah, I don’t do that,” he said. I thought, “He must not understand how the COVID-19 virus is transmitted, because if he did, I think he would wear a mask.”

He went on to say, “The science around this changes all of the time, so who are you supposed to trust?” As a scientist, I am OK with some uncertainty as we learn more about diseases. For instance, it was believed that ulcers were caused by stress — now we know that they are largely an infectious disease. It’s the nature of scientific discovery that our “mental model” of how the world works evolves over time. The nature of how we understand COVID-19 is continuously evolving, which is normal and correct — and clearly frustrating.


When the pandemic began, scientists believed it was similar to influenza. We know a great deal about influenza. The last great pandemic involved influenza. It was a natural place to start. Influenza is spread by droplets, and COVID-19 is spread by droplets, so we deployed influenza-type strategies of hand washing and hygiene, wiping down surfaces, social distancing, etc. When that wasn’t enough, we used more draconian measures that included stay home orders and closing all but essential businesses.

Now we understand how COVID-19 is not like influenza; let me explain.

COVID-19 seems to fit the “eighty-twenty rule” of biology. 80% of the disease is caused by 20% of the transmission. Here’s how that 20% works with this virus.

Imagine a keyhole, and only a specific shape can fit through that hole. The COVID-19 virus has a specific shape and must land on a specific keyhole to pass through the lining of your nose, mouth, or lungs and into your bloodstream. These keyholes are spread out randomly. So, it takes multiple hits for a virus to infect you. If you are peppered with enough virus, eventually one will land on the keyhole, pass through and cause an infection. The total volume of virus that peppers your system is the key. How much time you are in contact with an infected person and the time sharing their air determines if you will contract COVID-19.


Both COVID-19 and influenza are transmitted via droplets. But unlike influenza, the droplets that remain suspended in the air are what matter most. Influenza is all about big droplets that land on surfaces, which we touch, and then carry up to our mouths, or eyes. COVID-19 is about small droplets that remain floating in the air that we share.

Imagine your tonsils as the breeding ground of the COVID-19 virus. Anything that pushes air past the tonsils will collect and expel virus. Singing, yelling, breathing hard, coughing, all will generate large droplets filled with virus. Talking or just breathing release small virus-containing droplets. The big droplets contain lots of virus but fall to surfaces within 6 feet — and yes, you could contract the virus from those surfaces, but it is difficult. Very small droplets float around for a long time, but don’t contain many viruses, and aren’t that infectious.


So, what about medium sized droplets? Medium sized droplets carry medium volumes of virus. And here is the key: medium sized droplets float around long enough to start to evaporate off their water. As the water evaporates, they turn into small droplets that can float around all day. But instead of carrying just a small volume of virus, these dried-out medium-sized droplets contain a medium volume of virus. They become concentrated “super-infectors.”

Outside, humans don’t share much air. Floating droplets dissipate, and we are all pretty safe. Inside, with minimal air movement, we share a lot of air, and receive multiple hits from virus-laden droplets. Thus, carpooling with extended family for celebrations like birthday parties, or even gathering in someone’s living room for a memorial service, with singing and sobbing, are more dangerous.


This is why wearing a mask is so important. I must confess that at first the whole universal masking thing made no sense to me. As a physician I have been trained to use a mask in a very specific way to avoid transmitting something like tuberculosis from one patient room to another when working in a hospital. Universal masking violates my medical training. So how could it work?

In China and Italy and New York City — all of the hotspots — the curves finally started to bend only after universal masking was imposed. Why?

Masks, even cloth masks, retain the biggest droplets and those nasty medium sized droplets. Only the small droplets that aren’t very infectious can get through. When an infected person wears a mask, and remember that you are most infectious before you even start to feel sick, the total volume of virus floating around in the air that we share is dramatically reduced. Because 80% of infections come from droplets floating around in the air, the simple act of wearing a mask is enough to stop the pandemic spread. How I wish we had known that in March.


It turns out that in COVID-19, masking is the next best thing to a vaccine. And probably nobody reading this will receive a vaccine before June of 2021.


Many say, “You cannot make me wear a mask.” That is true, but why wouldn’t you want to? You wear a mask to protect those around you, to beat the pandemic, to keep the economy open. Just like not smoking in restaurants or speed limits — they exist as public health interventions that make sense. I hope with a better understanding of how COVID-19 is transmitted, wearing a mask will make sense too.

Reminders:

Don’t stop washing your hands and don’t start touching your face. You can still contract COVID-19 from droplets on surfaces.

80% of COVID-19 appears to be transmitted through the air — the air you share.

Masking during COVID-19 is the next best thing to a vaccine.",5.0,Coronavirus,2020-07-09 19:34:56
"I'm on mobile right now so searching is hard, but it's the Oxford Vaccine. There is a ton of info on it at r/COVID19, the offical sub for science based discussion, or you could find it's offical blurb on the Oxford website.

https://www.ox.ac.uk/news/2020-05-22-oxford-covid-19-vaccine-begin-phase-iiiii-human-trials",10.0,Coronavirus,2020-07-09 19:46:43
"All the news I have seen looked good:

Oxford Expert Claims Their COVID-19 Vaccine Gives Off Long Term Immunity With Antibodies 3X Higher Than Recovered Patients

[https://www.reddit.com/r/Coronavirus/comments/hkg7dv/oxford\_expert\_claims\_their\_covid19\_vaccine\_gives/](https://www.reddit.com/r/Coronavirus/comments/hkg7dv/oxford_expert_claims_their_covid19_vaccine_gives/)

Coronavirus Vaccine Update: 'Oxford Covid-19 vaccine safe for people with weak immunity'

[https://www.reddit.com/r/Coronavirus/comments/hjarpe/coronavirus\_vaccine\_update\_oxford\_covid19\_vaccine/](https://www.reddit.com/r/Coronavirus/comments/hjarpe/coronavirus_vaccine_update_oxford_covid19_vaccine/)

Oxford’s COVID-19 vaccine shows ‘very good results’ in trials, on track for October release: Project leader

[https://www.reddit.com/r/Coronavirus/comments/hgi2zv/oxfords\_covid19\_vaccine\_shows\_very\_good\_results/](https://www.reddit.com/r/Coronavirus/comments/hgi2zv/oxfords_covid19_vaccine_shows_very_good_results/)

Those look as good as one can hope for, but they are not final. There was another article that said they have started trials in Brazil and South Africa, so they should have no problem encountering enough cases. I think the earliest we will see final proof of efficacy would be September, the timeline not fixed because it depends on how many people in their placebo group get infected as we speak.",1.0,Coronavirus,2020-07-09 19:52:10
"""**may** never come"".

The answer to this is rich and varied. Far too much material to put into a blog comment.  But some factors...

The antibodies for Covid appear to not be durable. If that is proved then a vaccine is unlikely to be protective long enough to be effective at abating the epidemic.

Because of the reproductive power of the virus the needful level of immunity before contagion is at all relieved (87%) is far higher than the proportion of Americans willing to consent to any vaccination at all, even one proven 100% safe and effective. 

As for effectiveness, after 80 years of influenza vaccines the 40% effectiveness of the [shot you got last year](https://www.cdc.gov/flu/vaccines-work/2019-2020.html) is considered not bad.  For Influenza this is tolerable but for Covid, not.

Vaccines are hard. Particularly for a virus known to cause immunological toxicity. That's a case where your immune response to the virus kills you on contact with it. The key phrase is ""Cytokene Storm"", which is a known Covid complication. Proving a vaccine safe with that virus complication is a medical ethics nightmare that can take a long time to work around. And many approaches will result in a vaccine that is unsafe.

There are more, but that should do.",2.0,Coronavirus,2020-07-09 19:52:55
So is the plan to have **zero** elective surgeries until a vaccine is found? Texas is going to go a year or two with **no** elective surgeries so that they can treat only COVID patients?,-5.0,Coronavirus,2020-07-09 20:12:14
"1. The expert median prediction that a SARS-CoV-2 vaccine candidate will demonstrate ≥ 70% efficacy is
September 2021 (80% CI: December 2020, June 2023 or later), or experts assigned 0.50 probability to dates before
Sept. 2021 and 0.50 probability to dates after Sept. 2021.
2. Experts assigned a median of June 2021 (80% CI: November 2020, June 2023 or later) to when a SARS-CoV-2
vaccine candidate be approved for use in the United States or European Union.
3. Experts median prediction that the first SARS-CoV-2 vaccine to be approved in the US or EU and administered
to more than 100K people is November 2021 (80% CI: January 2021, June 2023 or later).
4. Experts assigned a median prediction of March 2021 (80% CI: September 2020, June 2023) that a COVID-19
therapeutic or therapeutics cocktail will show a statistically significant survival benefit in a N &gt; 200 RCT.
5. Experts assigned a median prediction of 55% (80% CI: 7.5%, 84%) to the efficacy of the Phase I/II trial testing
the Oxford/AstraZeneca ChAdOx1 nCoV-19 vaccine candidate .
6. Experts assigned a median 17 (80% CI: 9, 25) to the number of SARS-CoV-2 vaccine candidates that will be in
human trials as of 1 August 2020",7.0,Coronavirus,2020-07-09 20:36:51
"I am a chronic non-responder to vaccines and diseases. All those damn childhood diseases you're supposed to get once, and then you can forget about them? I've had them more than once. I know this happens.

As for Covid-19, even the vaccine drug companies are saying that this might have to become a yearly vaccination because the antibodies appear to die off after a fairly short period of time. We simply don't have enough time and experience with this one to know how it's going to proceed, but so far it's not good.

This thing has at least 4 cellular receptor binding sites, which is partly why it transmits so easily, and the idiots out there are holding Corona parties and waging bets on who get symptoms first. When did we as a species get so utterly fucking stupid?",5.0,Coronavirus,2020-07-09 21:18:26
Do you have a good source that says that immunity is forever?  Because those who are developing the vaccines can't say yet that this will be the end result of current work.  They are hoping for long term immunity but say that their/any vaccine for covid may be more like a regular flu shot.,2.0,Coronavirus,2020-07-09 22:21:31
"I could be wrong because I am definitely not an expert, but my understanding is that we’ve already seen more success in COVID vaccine trials than we ever had in SARS. Not to mention there is a global priority to get one made.",2.0,Coronavirus,2020-07-09 22:28:43
SARS disappeared and there were only 29 cases in America. Something like that my numbers may be off. Covid is waaaaay worse than SARS and MERS. Also there are human trials happening for MERS right now. It’s just that covid vaccine is way more important and that’s why it’s being fast tracked.,3.0,Coronavirus,2020-07-09 22:56:25
"&gt; Spanish Covid-19 antibody study suggests herd immunity infeasible
&gt;  
&gt;  
&gt; Researchers in Spain, one of Europe's worst-hit countries, randomly selected more than 61,000 people, but found that even in places with high infection rates like Madrid, relatively few people tested positive for antibodies against SARS-CoV-2.  
&gt;  
&gt;  
&gt; Even in areas hard-hit by Covid-19, few people test positive for antibodies, meaning that hopes for herd immunity against the disease may be futile without a vaccine, according to a new Spanish study.  


https://medcitynews.com/2020/07/spanish-study-suggests-herd-immunity-against-covid-19-may-not-be-possible/",1.0,Coronavirus,2020-07-09 22:59:14
"my brain has changed because of 2020 and at a glance I read the headline as “Even with a Covid-19 vaccine, there’s no reason for hope.”

lol fuck.",1.0,Coronavirus,2020-07-10 01:01:40
Make the option either prison time or volunteer for a coronavirus vaccine experiment since they think COVID is just a cold,7.0,Coronavirus,2020-07-10 01:26:48
"Vietnam is not the only country that require 14 days quarantine entry, the whole world is. Eventually, countries that are in similar situation like us (stay Covid-free for months) will resume travel with each other.
  
The long term for everyone is Vaccine anyway, so only difference is you can live in virus free environment until then or live with mask, disinfectant and the fear of catching covid.",2.0,Coronavirus,2020-07-10 01:48:14
"[**Novavax, a vaccine development company**](https://abcnews.go.com/Business/wireStory/novavax-sunrun-rise-shake-shack-united-airlines-fall-71656941)**, was recently awarded over $1.6 billion by the United States government** to support commercial-scale manufacturing of their potential [coronavirus](https://abcnews.go.com/alerts/coronavirus) vaccine.

According to Stanley Erck, CEO of Novavax, the company was ***selected*** to be part of the government's Operation Warp Speed program **because of its prior experience with two related coronavirus** [**vaccines**](https://abcnews.go.com/alerts/vaccinations) **(SARS and MERS), as well as other infectious diseases such as Ebola.**

""We use the same platform,"" Erck told ABC News' Bob Woodruff. ""In all of these different diseases, we take a surface protein on the virus and when you inject it into the body, the body sees it as flu or it sees it as coronavirus -- **we add it to an adjuvant which sets off a more powerful immune response and sets off, not just antibodies, but T cells against it.""**

Three other vaccine companies -- Johnson &amp; Johnson, Moderna and AstraZeneca -- have also received funding through Operation Warp Speed. Each will produce its own coronavirus vaccine, which will be distributed to the population if it proves successful in large-scale clinical trials.

Erck said each company's vaccine is targeting the same virus, but using a different type of vaccine technology. It's still not clear if any of them will prove safe and effective in the long run -- but Erck claims **Novavax's candidate must have shown the most promise considering how much funding the company received.**

""They saw our \[data\] and I have to infer that our data must have been as good as or better than the others,"" Erck said. ""**Some of the vaccines require freezing them at minus 80 degrees, and ours happens to be stable at room temperature and at refrigerator temperature,** so there are a few characteristics of our vaccine that make it more attractive.""

Novavax's vaccine has been tested in animals, and the company has already started testing it in humans. **Erck expects phase 1 trials to be completed by the end of this month, which should help establish if the vaccine is safe enough to proceed to larger studies.** This will be followed by [phase 2 and phase 3 trials](https://abcnews.go.com/Health/vaccine-developers-launch-phase-studies-us-brazil-india/story?id=71584173) to make sure it is effective and stable. He estimates that the cost of all these trials will amount to about $1 billion.

Like many vaccine companies, **Novavax is ramping up manufacturing before it knows** [**if its vaccine is effective**](https://abcnews.go.com/US/covid-19-vaccine-dont-expect-cure-scientists/story?id=71333281)**. That way, the company hopes to have 100 million doses ready to go as soon as positive data becomes available.**

""We concluded early on,"" Erck told ABC News, ""if we delayed -- if we decided to wait until we saw how the mouse \[tests\] worked and the non-human primate \[tests\] worked -- and didn't start the manufacturing investment, which is a huge investment, you'd lose six months. And in a pandemic every day counts.""

**If the vaccine proves effective, Erck hopes to be able to vaccinate front-line health care workers as early as the end of this year.**

""The first people to get it are going to be the front-line health care workers and they'll get the first 50 million doses or however many doses,"" Erck said. ""And then it'll start to spread out for people who are most at risk of getting seriously ill.""

When asked about the effectiveness of the vaccine, Erck said early animal studies are promising. While most vaccines take about 10 to 15 years to develop, Erck said the process can be sped up safely.",1.0,Coronavirus,2020-07-10 02:17:41
"It is probably just out of control and untested COVID due to a notoriously corrupt government. The chances of a novel coronavirus emerging twice in one year with the exact same symptoms but one is deadlier have to be so low so as to be negligible. It’d be like having a Hurricane Katrina hit Louisiana twice within the same season.

But just to soothe everyone’s understandable fears: the vaccine we are developing for COVID could most likely be repurposed for other coronaviruses should another emerge down the line, just as with the flu virus. Same with the treatments we are discovering and will discover. So this may very well be the worst coronavirus pandemic we encounter in our lifetime.",7.0,Coronavirus,2020-07-10 03:07:13
1. society didn't lose it's mind because unlike COVID-19 there is actually a vaccine to reduce the burden of illness... too many antivax or people that skip vaccines or vulnerable populations contract the highly contagious virus and because it has already been globalized the deaths will be higher.... let's not even forget it's barely 6 months for the entire world to be impacted by COVID-19 and there's already such a high death count.... that's AFTER public health measures. Can you imagine the sheer devastation if we did nothing?,2.0,Coronavirus,2020-07-10 03:20:55
"I've been taking more precautions than anyone else I see around in my town since March 15th and will continue to until there is a vaccine or equivalent effective treatment. I'm not downplaying anything, and it's obviously an incredibly dangerous infection for older people, but I also am waiting on evidence before I start telling people that this virus converts into a chronic illness at a high rate. The evidence for Covid as a widespread long term chronic issue is incredibly thin and preliminary.  Certainly some people will be permanently damaged, but permanent damage comes from a lot of things. Being locked in a house for 6 months with an abuser can be damaging too. Not having access to a school lunch can be damaging. Living under the constant threat of climate change or nuclear war can also be damaging. Life has risks and in order to manage them you need good data about the relative size of those risks. Wakeboarding is dangerous, so is sitting on the couch eating Cheetos, and so is scrolling through websites full of automated propaganda.

Best of luck, stay safe, and I hope we all remember soon that we are in this together.",0.0,Coronavirus,2020-07-10 04:26:22
"Doubt it will function like the flue vaccine, flu mutates, Covid might also but the spike protein which these vaccines target doesn't change or at least I should say has not changed and most likely will not due to the essentially autocorrect the disease has.",1.0,Coronavirus,2020-07-10 05:08:19
"But what if the immunity mechanisms in our body dissipate with time regardless of the spike protein? What I meant was a yearly booster shot or something like that. If it was safe, I think 75% of Americans would take it. Plus the people with immunity from COVID, and the people who are far safer than they were in March before we knew much. One caveat might be that the Venn diagram of people refusing to take the vaccine and the people refusing to wear masks might just look like one circle.",1.0,Coronavirus,2020-07-10 05:13:12
Uh... Who's saying the vaccine will be ready before free spread of covid would cause disaster?,1.0,Coronavirus,2020-07-10 05:21:20
"I've seen articles like this linking BCG with better outcomes. I'm curious why it is not receiving the attention other therapeutics have. Is it because Big Pharma doesn't stand to ""make a killing"" of it?

I realize it's not a Covid vaccine, but it seems like a tested product that is generally save and has shown likely benefits.",1.0,Coronavirus,2020-07-10 06:15:46
"Technically, virus are considered “live” which means it can get you sick. When you take a Covid vaccine, they’ll inject you with an inactive virus that does make you sick.",1.0,Coronavirus,2020-07-10 06:30:51
"That’s how I feel. I’ve been tested twice for COVID. Back in March and April. I swear I had it back in February. But I was negative both times. I wanted an antibody test but my state was so slow to get them available I honestly forgot about it. I still don’t know if I had it or not. I feel like that’s the case for a lot of people. Getting these tests are hard and I later found out expensive when insurance wouldn’t pay out at first. But now knowing you can just keep getting re-infected, what’s the point?? This shit will just keep rolling around in waves and waves until everyone is dead. What’s a vaccine going to do when the virus will just mutate ? We need something that controls the symptoms and slows the spread of the virus within the body after infection.",1.0,Coronavirus,2020-07-10 06:52:02
"i mean, according to this tracker, they're doing trials on it.

 [https://biorender.com/covid-vaccine-tracker](https://biorender.com/covid-vaccine-tracker)",1.0,Coronavirus,2020-07-10 07:55:03
"No one has said that.

Herd immunity is reached when the transmission rate cannot exceed 1 with a sufficiently large sample size.

Spain, Italy, etc., have had 200k proven cases or so in total, with a large number of undiagnosed cases in the background. Focusing only on antibody response, not T-cell response, around 5% of the population has antibodies in the worst affected areas. With a true case load of 1.5-2M in each country, with most patients likely to have a T-cell response, they are at 3-5% of the population having been infected and therefore nowhere near herd immunity.

We assume that, in the absence of immunity in the population and any protective measures, the transmission rate is about 2.2 (with a fairly large margin of error). The higher the number, the larger the percentage that must be infected.

That means that, if we reach (1-(1/2.2)) = 55% of the population infected, within a period that those who have recovered have effective immunity, any suppressive measures such as vaccines or lockdowns become permanent — it can still spread but the case load will reduce gradually over time and will never increase if you loosen restrictions.

55% of the US population is approx. 180 million.

250,000 positive cases per day is probably equivalent to 1.75M actual cases per day.

We don't know how long functional immunity lasts, but SARS1 patients have T-cell immunity to SARS1 even now, after well over a decade.

If 1.75M people are getting Covid daily, it'll be over by spring because there will be no one left to infect, even if there isn't a vaccine.",1.0,Coronavirus,2020-07-10 07:59:23
"The vaccine is the sensible way of getting herd immunity.

If you burn down your house, the charred remains of what's left can't catch fire. Or you could fireproof it — think of the vaccine as fireproofing, herd immunity through infection as letting it burn down.

Either way, 90% applies to measles because it's incredibly infectious - there's a basic reproductive number of 9. 1/(1-9) is roughly 90%. With Covid the number should be much lower - probably in the 55-70% range.",1.0,Coronavirus,2020-07-10 08:01:54
"Cause I like bringing the smack on stupid people who are too high on there own stupidity.

I wasn't the one who compared the two originally. But of course, you can't read apparently.

[Here are the differences between Pandemics and Seasonal. If you honestly can't tell I was referring to the seasonal flu that LITERALLY EVERYONE HAS COMPARED TO COVID, than there is no saving you.](http://www.preparemetrokc.org/know_the_risks/difference.pdf)

So my statement, is only half wrong. We have had generations to build up immunities to seasonal flus. Fucking hell, we use information from the previous strain of seasonal flu to help build a vaccine. 

[But COVID does mutate at a much slower rate, which will make it easier for scientist to come up with a vaccine. That was the only part I got wrong.](https://www.sciencealert.com/yes-sars-cov-2-is-mutating-but-before-you-freak-out-read-this)

And I stand by what I said numbnuts, its stupid to compare the two. It always has been, and always will be.",1.0,Coronavirus,2020-07-10 08:58:39
"The MMR is another vaccine that is being studied for similar reasons and it is available at most pharmacies in the US.  

&gt;We propose the concept that administration of an unrelated live attenuated vaccine, such as MMR (measles, mumps, rubella), could serve as a preventive measure against the worst sequelae of coronavirus disease 2019 (COVID-19). There is mounting evidence that live attenuated vaccines provide nonspecific protection against lethal infections unrelated to the target pathogen of the vaccine by inducing “trained” nonspecific innate immune cells for improved host responses against subsequent infections. Mortality in COVID-19 cases is strongly associated with progressive lung inflammation and eventual sepsis. Vaccination with MMR in immunocompetent individuals has no contraindications and may be especially effective for health care workers who can easily be exposed to COVID-19. Following the lead of other countries conducting clinical trials with the live attenuated Mycobacterium bovis BCG (BCG) vaccine under a similar concept, a clinical trial with MMR in high-risk populations may provide a “low-risk–high-reward” preventive measure in saving lives during this unprecedented COVID-19 pandemic.  

https://mbio.asm.org/content/11/3/e00907-20


&gt;Coronavirus is far more likely to kill adults over 50 years old in the U.S. — but in countries that have created vaccination “catch up” programs where MMR vaccines are commonly given to adults, there appears to be a far lower death-rate from COVID-19.

&gt;One small country in Asia — Bhutan — with zero COVID-19 deaths, has vaccinated nearly its entire population of both children and adults with the MMR vaccine.
https://www.immunizationinfo.com/mmr-vaccine-may-protect-against-covid-19/",1.0,Coronavirus,2020-07-10 11:09:49
"The Ad5-nCoV vaccine has been moved to effectively a [phase 3 trial on members of China's military](https://www.cbc.ca/news/health/covid-vaccine-approved-military-use-china-1.5630947) just a couple weeks ago. That said, phase 3 testing in Canada is also ready to begin but we have too few cases to make it an effective study.  So not probable for this year.",1.0,Coronavirus,2020-07-10 12:50:49
"I feel like i am taking crazy pills.

&amp;#x200B;

HERD IMMUNITY IS ONLY ACHIEVABLE THROUGH VACCINE!

&amp;#x200B;

If we had let everyone get Covid in the spring, a lot more would have died. AND all those people would likely catch it AGAIN in the fall, with more deaths, and by late spring they would be ready to catch it again.... WTF. YOU aren't getting herd immunity without a vaccine. I wouldn't call everyone getting sick every 6 months with a ton of deaths ""herd immunity"".",1.0,Coronavirus,2020-07-10 13:17:06
"Enjoying everyone being so hopeful that a vaccine will save the day. Meanwhile it’s really not that close, we don’t know how effective it will be, or what it will cost, or how available it will be when the entire world is fighting over it. As we wait, I’d predict roughly 10% (minimally) of the USA has already been infected and we have another flu season to contend with before a vaccine arrives, many people whether they like to admit it or not are already loosening up their own self imposed guidelines for Covid and infections are rising because of it.

And what if, like so many other viruses, the vaccine proves to be more difficult than they expected and it get pushed back another year or 2 or 5.

Remember, we don’t have vaccines for AIDS, Malaria, SARS, MERS, Zika, West Nile, or Lyme disease.

I suppose it’s fine to be hopeful, but maybe we should consider the real possibility that a vaccine isn’t on the near horizon.",1.0,Coronavirus,2020-07-10 14:06:16
"If you get COVID after the vaccine is out, then you basically want it.",1.0,Coronavirus,2020-07-10 14:08:35
"Eventually the covid-19 vaccine will be like the flu shot.


American people who commute in large cities will get it annually.


Rural folks in the sticks who ride air conditioned SUVs only to church, work, and the grocery store will skip it.",1.0,Coronavirus,2020-07-10 14:12:14
"Theres no Data for the efficacy of the vaccine out yet at all.

Source: https://www.ox.ac.uk/news/2020-05-22-oxford-covid-19-vaccine-begin-phase-iiiii-human-trials

„Sarah Gilbert, professor of vaccinology at the Jenner Institute, said: 'The COVID-19 vaccine trial team have been working hard on assessing the safety and immunogenicity of ChAdOx1 nCoV-19, and preparing to assess vaccine efficacy. We have had a lot of interest already from people over the age of 55 years who were not eligible to take part in the phase I study, and we will now be able to include older age groups to continue the vaccine assessment. We will also be including more study sites, in different parts of the country.'“",1.0,Coronavirus,2020-07-10 14:14:32
"&gt; ""Vaccine nationalism"" is turning the search for a Covid-19 cure into an arms race, which will ultimately damage the economy and public health, experts have warned.

&gt; Analysts at Eurasia Group speculated that tension over a vaccine would heat up over the summer, predicting a battle for access that will stretch into 2021 or 2022.

&gt; ""Countries rich and poor will engage in aggressive procurement efforts with significant political, economic and public health implications,"" they said in a note earlier this year. ""Existing international institutions and agreements will struggle to minimize this 'vaccine nationalism.'""",1.0,Coronavirus,2020-07-10 14:19:02
"People die everyday as a direct consequence of the decisions they make in life. Why is this any different?

Get a sign and stand in a Jack in the Box drive thru if you want to save people from themselves. 

And by the time a vaccine arrives this super virus will have likely done most of the damage it was going to do (especially in this country)

And I say this while I personally will likely get the vaccine if it’s proven to be safe and I haven’t already contracted my friend Covid sometime in the next 12 months.",1.0,Coronavirus,2020-07-10 14:29:13
"I don't see how we can let any of them work in any type of healthcare position without this vaccine.  They bring too much risk to the elderly.

They don't effect me personally right now, because I'll get my own vaccination.  I'm 50/50 on forcing the vaccination, because I don't like the precedent it sets.  However, I don't really want to have to deal with Covid for the next 50 years either.  Where does one man's freedom end, and another's begin?",1.0,Coronavirus,2020-07-10 14:36:16
"Yes. As I’ve said many, many, many times, my term “first year” was wrong, and I corrected that. And like I said just now, you keep bringing it up. Why do you keep bringing it up if I already conceded the point?

Regarding your second point about total infection not being inevitable—what I really said was that COVID will reach herd immunity levels before the vaccine comes out, which I think is very likely. The vaccine, if it does come out, is more than a year out. Meanwhile, we’re learning every month more about how contagious the disease is and how much faster it’s spreading than we previously thought. The CDC estimated 10x higher infection rates than we are testing at. That puts us on the path to herd immunity before the vaccine comes out, even *with* social distancing. So, if you think that’s incorrect, I’m interested to know why. Do you have any evidence to support the claim that we can stop the disease from reaching herd immunity levels? We certainly can’t eradicate the disease at this point without a vaccine, and we can’t quarantine everyone who is sick (simply because the number is far too high). So how do you suppose we can prevent COVID from reaching herd immunity? I really do want to know this, and I have asked it several times. Each time you refuse to answer.",1.0,Coronavirus,2020-07-10 14:42:29
"Umm no, the “vaccine” is injecting you with the flu lol....so you build up antibodies. With that logic they should open everything back up so we get infected with covid to build up an immunity",1.0,Coronavirus,2020-07-10 14:55:42
"Translation:

MEXICO.- The head of the Ministry of Foreign Affairs (SRE), Marcelo Ebrard, anticipates that restrictions on non-essential land traffic on the border between Mexico and the United States will last until August due to the advance in cases of coronavirus in the south  American.

 ""What we are exploring with local authorities (...) is that the restriction on non-essential travel be prolonged from July 21 to August,"" said the foreign minister, adding that the prospect is that ""it would not be prudent"" to do  an opening now because it would impact a Covid-19 regrowth.

 At the morning conference of President Andrés Manuel López Obrador, the official presented the document that the leaders signed after the visit to Washington to meet with US President Donald Trump.

In the document, the presidents of both countries affirm that the Trade Agreement between Mexico, the United States and Canada (T-MEC) will allow to expand the successful economic relationship between the nations and continue ""our great history of shared cooperation.""

 On other issues, the foreign minister said that President López Obrador instructed them to work with the US authorities so that the country is in sync with the United States and has early access, as a region, to a possible vaccine against the SARS-CoV coronavirus-  two.",1.0,Coronavirus,2020-07-10 14:58:18
"It might be the next best thing to a coronavirus vaccine.

Scientists have devised a way to use the antibody-rich blood plasma of COVID-19 survivors for an upper-arm injection that they say could inoculate people against the virus for months.

Using technology that’s been proven effective in preventing other diseases such as hepatitis A, the injections would be administered to high-risk healthcare workers, nursing home patients, or even at public drive-through sites — potentially protecting millions of lives, the doctors and other experts say.

The two scientists who spearheaded the proposal — an 83-year-old shingles researcher and his counterpart, an HIV gene therapy expert — have garnered widespread support from leading blood and immunology specialists, including those at the center of the nation’s COVID-19 plasma research.


But the idea exists only on paper. Federal officials have twice rejected requests to discuss the proposal, and pharmaceutical companies — even acknowledging the likely efficacy of the plan — have declined to design or manufacture the shots, according to a Times investigation. The lack of interest in launching development of immunity shots comes amid heightened scrutiny of the federal government’s sluggish pandemic response.

There is little disagreement that the idea holds promise; the dispute is over the timing. Federal health officials and industry groups say the development of plasma-based therapies should focus on treating people who are already sick, not on preventing infections in those who are still healthy.

Dr. Anthony Fauci, director of the National Institute of Allergy and Infectious Diseases at the NIH, said an upper-arm injection that would function like a vaccine “is a very attractive concept.”

However, he said, scientists should first demonstrate that the coronavirus antibodies that are currently delivered to patients intravenously in hospital wards across the country actually work. “Once you show the efficacy, then the obvious next step is to convert it into an intramuscular” shot.

ADVERTISEMENT

But scientists who question the delay argue that the immunity shots are easy to scale up and should enter clinical trials immediately. They say that until there’s a vaccine, the shots offer the only plausible method for preventing potentially millions of infections at a critical moment in the pandemic.

“Beyond being a lost opportunity, this is a real head-scratcher,” said Dr. Michael Joyner, a Mayo Clinic researcher who leads a program sponsored by the Food and Drug Administration to capitalize on coronavirus antibodies from COVID-19 survivors. “It seems obvious.”

The use of so-called convalescent plasma has already become widespread. More than 28,000 patients have already received the IV treatment, and preliminary data suggest that the method is safe. Researchers are also looking at whether the IV drip products would prevent new infections from taking root.

The antibodies in plasma can be concentrated and delivered to patients through a type of drug called immune globulin, or Ig, which can be given through either an IV drip or a shot. Ig shots have for decades been used to prevent an array of diseases; the Ig shot that prevents hepatitis A was first licensed in 1944. They are available to treat patients who have recently been exposed to hepatitis B, tetanus, varicella and rabies.

ADVERTISEMENT

Yet for the coronavirus, manufacturers are only developing an intravenous solution of Ig.

Joyner told The Times that 600 COVID-19 survivors donating their plasma each day could, depending on donation volumes and concentrations, generate up to 5,000 Ig shots. With millions of probable survivors in the United States, he said, capacity isn’t a problem.",2.0,Coronavirus,2020-07-10 15:05:34
"  

It might be the next best thing to a coronavirus vaccine. 

Scientists have devised a way to use the antibody-rich blood plasma of COVID-19 survivors for an upper-arm injection that they say could inoculate people against the virus for months. 

Using technology that’s been proven effective in preventing other diseases such as hepatitis A, the injections would be administered to high-risk healthcare workers, nursing home patients, or even at public drive-through sites — potentially protecting millions of lives, the doctors and other experts say.

The two scientists who spearheaded the proposal — an 83-year-old shingles researcher and his counterpart, an HIV gene therapy expert — have garnered widespread support from leading blood and immunology specialists, including those at the center of the nation’s COVID-19 plasma research. 

ADVERTISING[Ads by Teads](https://hp.teads.com/?utm_source=inread&amp;utm_medium=credits&amp;utm_campaign=invented%20by%20teads) 

But the idea exists only on paper. Federal officials have twice rejected requests to discuss the proposal, and pharmaceutical companies — even acknowledging the likely efficacy of the plan — have declined to design or manufacture the shots, according to a Times investigation. The lack of interest in launching development of immunity shots comes amid heightened scrutiny of the federal government’s sluggish pandemic response. 

There is little disagreement that the idea holds promise; the dispute is over the timing. Federal health officials and industry groups say the development of plasma-based therapies should focus on treating people who are already sick, not on preventing infections in those who are still healthy.

Dr. Anthony Fauci, director of the National Institute of Allergy and Infectious Diseases at the NIH, said an upper-arm injection that would function like a vaccine “is a very attractive concept.” 

However, he said, scientists should first demonstrate that the coronavirus antibodies that are currently delivered to patients intravenously in hospital wards across the country actually work. “Once you show the efficacy, then the obvious next step is to convert it into an intramuscular” shot.

But scientists who question the delay argue that the immunity shots are easy to scale up and should enter clinical trials immediately. They say that until there’s a vaccine, the shots offer the only plausible method for preventing potentially millions of infections at a critical moment in the pandemic. 

“Beyond being a lost opportunity, this is a real head-scratcher,” said [Dr. Michael Joyner](https://www.mayo.edu/research/faculty/joyner-michael-j-m-d/bio-00078027), a Mayo Clinic researcher who leads a program sponsored by the Food and Drug Administration to capitalize on coronavirus antibodies from COVID-19 survivors. “It seems obvious.”

The use of so-called [convalescent plasma](https://www.latimes.com/science/story/2020-03-20/how-blood-from-people-who-survived-covid-19) has already become widespread. More than 28,000 patients have already received the IV treatment, and preliminary data suggest that the method is safe. Researchers are also looking at whether the IV drip products would [prevent](https://www.healio.com/news/infectious-disease/20200508/johns-hopkins-begins-trials-of-blood-plasma-for-covid19-treatment-prophylaxis) new infections from taking root.

The antibodies in plasma can be concentrated and delivered to patients through a type of drug called immune globulin, or Ig, which can be given through either an IV drip or a shot. Ig shots have for decades been used to prevent an array of diseases; the Ig shot that prevents hepatitis A was first licensed in 1944. They are available to treat patients who have recently been exposed to hepatitis B, tetanus, varicella and rabies.",1.0,Coronavirus,2020-07-10 15:07:00
"  

Yet for the coronavirus, manufacturers are only developing an intravenous solution of Ig.

Joyner told The Times that 600 COVID-19 survivors donating their plasma each day could, depending on donation volumes and concentrations, generate up to 5,000 Ig shots. With millions of probable survivors in the United States, he said, capacity isn’t a problem.

[More coronavirus coverage](https://www.latimes.com/topic/health)

&amp;#x200B;

* 📷[ ](https://www.latimes.com/world-nation/story/2020-07-10/who-experts-visit-china-lay-groundwork-coronavirus-investigation)[WHO      experts to visit China to plan COVID-19 investigation](https://www.latimes.com/world-nation/story/2020-07-10/who-experts-visit-china-lay-groundwork-coronavirus-investigation) 
* [Hammer      Museum retools its ‘Made in L.A.’ biennial in the face of COVID-19](https://www.latimes.com/entertainment-arts/story/2020-07-10/coronavirus-hammer-museum-biennial-made-in-la-2020) 
* [With      coronavirus patients filling up Inland Empire hospitals, nurses are      desperate for relief](https://www.latimes.com/california/story/2020-07-10/coronavirus-surge-inland-empire-hospitals-nurses-are-desperate-for-relief) 

Plasma companies said they’ve focused their efforts on an intervention for the sickest patients. Grifols, for example, said it has not developed a shot because it is pursuing a federally supported IV formula “to treat patients already infected with a serious case of COVID-19,” but the company acknowledged that an antibody injection would be a good choice for prevention.

Advocates for the immunity shots say businesses are reluctant to invest in a product that could soon be replaced by a vaccine, so the government should offer financial incentives to offset that risk. Billions of federal dollars are already being spent on vaccine research through [Operation Warp Speed](https://www.hhs.gov/about/news/2020/06/16/fact-sheet-explaining-operation-warp-speed.html), and funding for an Ig shot that could serve as a bridge to a vaccine would come with a relatively modest price tag, they say. 

“Antibodies are the most precious resource on the planet right now, next to air. We have the industry, the technology, and the know-how to produce a proven product,” said Patrick Schmidt, the chief executive of FFF Enterprises, a major distributor of Ig products in the United States. 

“The amount of money and resources going into a vaccine, with no guarantee it will work — this could have saved lives by now.”

\*\*\*\* 

The proposal for an injection approach to coronavirus prevention came from an immunization researcher who drew his inspiration from history.

Dr. Michael Oxman knew that, even during the 1918 flu pandemic, the blood of recovered patients [appeared to help](https://www.acpjournals.org/doi/full/10.7326/0003-4819-145-8-200610170-00139?url_ver=Z39.88-2003&amp;rfr_id=ori%3Arid%3Acrossref.org&amp;rfr_dat=cr_pub++0pubmed&amp;) treat others. Since then, convalescent plasma has been used to fight measles and severe acute respiratory syndrome, or SARS, among other diseases.

Like other doctors, Oxman surmised that, for a limited time, the blood coursing through the veins of coronavirus survivors probably contains immune-rich antibodies that could prevent — or help treat — an infection.

On March 27, he and Dr. John Zaia, the director of City of Hope’s Center for Gene Therapy, submitted a proposal to the federal Biomedical Advanced Research and Development Authority, or BARDA, urging the rollout of Ig shots for first responders and members of other high-risk groups.

The agency granted [$12.5 million](https://www.medicalcountermeasures.gov/app/barda/coronavirus/COVID19.aspx) to Grifols and [$14.5 million](https://www.medicalcountermeasures.gov/app/barda/coronavirus/COVID19.aspx) to Emergent BioSolutions to produce plasma-based COVID-19 medicines in IV form drips, among more than [50 different biomedical partnerships](https://medicalcountermeasures.gov/App/barda/coronavirus/COVID19.aspx) to fight the pandemic. But the immunity shot proposal was rejected.

The pair followed up with a detailed proposal to conduct a clinical trial at UC San Diego. They believed injectable five-milliliter vials of Ig could be given quickly by minimally trained healthcare workers, offering at least two months of immunity to doctors and nurses, as well as residents of nursing homes, college dormitories and military submarines. 

The submission was backed by four other infectious disease researchers and statisticians, but it was also rejected, records show.

A spokeswoman for BARDA told The Times that the agency had received thousands of submissions, and that “while we are interested in the potential of (Ig) for treatment and prevention, we are focused intently on treatments for hospitalized patients to save lives.”

The strategy baffled Oxman and Zaia, who said the Ig shots are a far more efficient delivery system that can potentially reach many more people. 

What’s more, prophylactic shots would probably require far fewer antibodies than IV treatments, Joyner said. With Ig shots, plasma donations could possibly go twice — or even five times — as far, he said.

If a second wave were to arrive before an effective vaccine, that stockpile would be all the more essential.

Oxman started focusing his attention on the key players in the industry — the manufacturers who dominate the development of plasma drugs. He held weekly phone calls with Schmidt, the distributor; together, the two tried to convince seven different companies to produce the shots themselves and bring them to health agencies for testing. They were unsuccessful.

Takeda and CSL Behring, two large companies who co-lead the new [CoVIg-19 Plasma Alliance](https://nam04.safelinks.protection.outlook.com/?url=https%3A%2F%2Fwww.covig-19plasmaalliance.org%2Fen-us%23recruitment&amp;data=02%7C01%7Cemily.baumgaertner%40latimes.com%7C294d26dc8d094217db7d08d81c412206%7Ca42080b34dd948b4bf44d70d3bbaf5d2%7C0%7C0%7C637290413354402316&amp;sdata=FFHIadvWIQ7NIFB98FRkbbuY%2FgMlRuMoC%2Bo9JJ4%2BA8w%3D&amp;reserved=0) to develop an Ig product for IV drips, said their efforts are trained on the sickest. The IV formula “represents the fastest path to reach patients, assuming the trial is successful,” said Julie Kim, the head of the plasma-derived therapies business unit at Takeda.

Financial calculations may be another factor for companies. Intravenous plasma products are traditionally the main economic driver for the industry, supply experts said, in part because vaccines have replaced many short-term immunity shots over the years. The money-making antibodies are also far more diluted in intravenous drugs than in injectable ones, which boosts profit margins.

“They charge a fortune off of intravenous drugs in the hospital. They don’t want to devote the manufacturing plant to something that won’t make oodles of money,” said one infectious disease expert, who has advocated for coronavirus Ig shots but asked not to be publicly identified.

Researchers also said industry executives have little incentive to produce the immunity shots for the coronavirus, given the possibility that a longer-lasting vaccine could replace it within a year. 

Representatives for CSL, Takeda and Grifols all challenged that assertion.",1.0,Coronavirus,2020-07-10 15:07:55
"i've been lurking on this sub since March and i'm curious what you guys think. my husband thinks once there is a widely-available vaccine, all of the COVID news will go away and any new cases will be swept under the rug and everything will reopen and we'll just go about like this never happened, even if infections and deaths continue. 

i'm inclined to agree with him, because pretty much all of our friends and family have said that even though they won't get the vaccine themselves, once it's available, they'll trust that other people will get it and they'll feel safe again. 

do you guys think once a vaccine is introduced all of this will just .... go away? or should i say, be *forced* to go away?",1.0,Coronavirus,2020-07-10 15:22:57
"no, it definitely didn't. and i agree its heartbreaking. but something like 3 years after 9/11, airlines were seeing record numbers of people flying. presumably, because after all the new safety restrictions put in place after 9/11, they felt safe. so i guess you could see the same with COVID, right? once a vaccine is introduced, we (i mean the collective ""we"") will feel safe. like, mission accomplished everyone! go about your business!",1.0,Coronavirus,2020-07-10 15:31:33
"It should be, but there's a bigger problem in Africa in getting people to take vaccines period, even before Covid. There's, unfortunately, a huge historical issue that makes people extremely nervous. I sincerely hope they are starting major outreach right now into communities already or it won't even matter if it's available.

Step 1 should be convincing people they should have a vaccine. As much as people have demonized him, Bill Gates is actually going to be a very crucial part of vaccinations for Africa, as he seems to be the major funding party and already has vaccination programs in place. A covid vaccine would be facilitated for distribution by linking up with those programs already in existence.",2.0,Coronavirus,2020-07-10 15:39:53
"Exactly. All these people who want to keep kids home - how long do they think we can do that without causing more damage than covid itself causes?

That's the real problem here. People are putting way too much hope in a vaccine that won't come fast enough to avoid causing serious irreparable harm if we continue to believe we can just hide from the virus.",1.0,Coronavirus,2020-07-10 15:40:13
"What an astonishingly accurate phrase to describe one side of the COVID politcking in the U.S.

I can't believe you were downvoted. If one ""side"" in the U.S. is made up of people unwilling to do something as simple as wearing a mask to prevent the spread of corona or outright call it a hoax, then some portion of the other half needs to begin taking responsibility for ""letting perfect be the enemy of good."" They shit on every study, every possibility for a vaccine and every new treatment that 80% of the world are just hoping is ""good"" while we wrestle with what is approaching 100k new cases PER DAY.

""Good"" would be South Korea seeing that call center in March and saying ""maybe it's airborne and not surfaces so much?"" And then closing down office spaces and labeling them high risk. Did they have ALL the facts? Did they have the irrefutable proof so many in science, especially on the U.S., DEMAND before they're willing to stand behind a precaution, let alone an official statement? No. They simply made an observation about spread that a fifth grader could use to infer that perhaps it's airborne and people simply breathing the same air for long periods of time contributes to spread. That was  FOUR MONTHS AGO.

And because in the U.S., we seem to let perfect be the enemy of good, the first few months may as well have seen us battling something different than the rest of the world with the focus nearly 100% on hand washing and sanitizing. It's only by some miraculous confluence of circumstances that lockdown in NY still flattened the curve because enough indoor venues were closed so that airborne spread didn't occur. Coming out of lockdown, we STILL seem to not understand the risks of simply breathing the same air in enclosed spaces. The U.S. television media contributes greatly to the continued ignorance surrounding how the virus spreads, what constitutes a high risk activity versus a low risk activity, etc.

And again, perfect being the enemy of good, the ""discovery"" that it's airborne will lead too many in America to take all the wrong lessons about risk scales and say we need to be padlocked in our homes instead of focusing on mask regulations and the specific indoor circumstances that contribute to outbreaks. Then some portion of people will lose their minds under such draconian rules and we will be right back where we started. We need realistic long term rules, assistance (restaurants and schools, for instance, should be the primary target of bail-outs), and MUCH more education on the assumptions that can be made regarding risk and why. 

America has been splitting hairs on this virus from day one and suffering the consequences. Everything is presented as an all or nothing approach after cases are down when we've seen that a risk scale with the caveat that everyone wear masks in public is more realistic and what's been taken up by other countries after a meaningful, curve crushing lockdown. Also, I am sick and tired of the current atmosphere of 60k+ cases per day meaning that states moving successfully out if lockdown have to be lumped together with the rest.

What NY, NJ, CT, and a handful of others did WORKED. Yet even scientists will collect a check on MSNBC and CNN every night without stating the obvious: those states with surges need to implement the exact same strategy which INCLUDES shutting down offices and forcing employers to allow WFH where possible. From what I've heard anecdotally, most offices in the states experiencing a surge never shut down. 

Here are several great articles on some of the things I've railed against here -

https://www.theatlantic.com/ideas/archive/2020/05/no-one-telling-americans-how-reopen-their-lives/612172/

https://newrepublic.com/article/158248/behind-conflicting-advice-coronavirus-safety

https://www.nytimes.com/2020/06/12/well/live/Coronavirus-aerosols-linsey-marr.html

https://www.wnycstudios.org/podcasts/otm/episodes/abstinence-only-coronavirus-guidance-wont-save-us-on-the-media

https://www.erinbromage.com/post/the-risks-know-them-avoid-them

https://www.businessinsider.com/south-korean-call-center-covid-19-outbreak-seating-chart-2020-4

https://www.sciencedirect.com/science/article/pii/S0160412020317876",1.0,Coronavirus,2020-07-10 15:43:10
"All the updates I have seen looked good:

Oxford Expert Claims Their COVID-19 Vaccine Gives Off Long Term Immunity With Antibodies 3X Higher Than Recovered Patients

[https://www.reddit.com/r/Coronavirus/comments/hkg7dv/oxford\_expert\_claims\_their\_covid19\_vaccine\_gives/](https://www.reddit.com/r/Coronavirus/comments/hkg7dv/oxford_expert_claims_their_covid19_vaccine_gives/)

Coronavirus Vaccine Update: 'Oxford Covid-19 vaccine safe for people with weak immunity'

[https://www.reddit.com/r/Coronavirus/comments/hjarpe/coronavirus\_vaccine\_update\_oxford\_covid19\_vaccine/](https://www.reddit.com/r/Coronavirus/comments/hjarpe/coronavirus_vaccine_update_oxford_covid19_vaccine/)

Oxford’s COVID-19 vaccine shows ‘very good results’ in trials, on track for October release: Project leader

[https://www.reddit.com/r/Coronavirus/comments/hgi2zv/oxfords\_covid19\_vaccine\_shows\_very\_good\_results/](https://www.reddit.com/r/Coronavirus/comments/hgi2zv/oxfords_covid19_vaccine_shows_very_good_results/)

Those look as good as one can hope for, but they are not final. There was another article that said they have started trials in Brazil and South Africa, so they should have no problem encountering enough cases. I think the earliest we will see final proof of efficacy would be September, the timeline not fixed because it depends on how many people in their placebo group get infected as we speak.",2.0,Coronavirus,2020-07-10 15:54:00
"&gt;Rach cannot be certain he was given the actual vaccine or a placebo saline solution but after a slight reaction from his second dose, he is convinced he is one of the very few people in the world vaccinated against COVID-19, the outlet said.  
&gt;  
&gt;He is due to be tested in October to determine if he does have immunity against the virus.

Love the optimism in the article title. But unfortunately nothing in the article indicates this was actually successful; all it says is the test subject thinks they have the vaccine rather than the placebo based on a ""slight reaction"" from the dose.",7.0,Coronavirus,2020-07-10 16:20:55
"The early flu comparisons that started floating around probably set in stone the arguments for anti-mask people. What they sadly forget is that at least the flu has a vaccine that has allowed us to be carefree about that specific virus and so many other things. Also, we have good treatment if you do fall in the cracks of the flu vaccine. 

You just can’t apply that to Covid-19 right now. Your body’s response to this virus is pretty much a  roll of the dice now (obviously worse if you have any condition that would make fighting Covid even harder). I feel mandatory masks will be the inevitable fix until the ultimate fix of a vaccine. 

If these scenarios that we’re seeing play out in some southern states just becomes the pattern all the way until the fall, I wouldn’t be surprised if mandatory masks become the new debate besides the current debate of just a “suggestion” for one. The numbers, hospitalizations, deaths, etc. will just get too high for a state to the point where mayors and governors will have to implement mandatory masks. If we keep at what we’re doing currently, it’s only going to get worse and explode in the fall.

God only knows how the vaccine distribution will be like.",1.0,Coronavirus,2020-07-10 16:30:38
"Given that this specific variant, covid-19 only showed up last year, any vaccine that was developed in the past will still need to go through the entire process. 

My point here is that people should not be peer-pressured into taking the vaccine because they are afraid of being labelled ""anti-vaxx"".  There are very legitimate concerns about any rushed vaccine.",2.0,Coronavirus,2020-07-10 16:53:41
unless they lockdown NOW it's going to go from Pandemic to ENDEMIC. There will be no stopping this runaway train. You'll easily have triple the number of daily deaths and 5x+ the number of covid intakes into the hospital system. And that's from here on out until there's a vaccine or better therapeutics. They're going to have to literally import doctors and nurses from around the world to help prop up their teetering medical system.,1.0,Coronavirus,2020-07-10 16:57:31
"Yawn. This is a crap argument. 

Ebola requires contact with infected blood. 

SARS has a rapid onset and is rapidly fatal. 

H2H transmission in MERS is extremely low. 

The eradication of smallpox is IMO one of mankind's greatest achievements, but a highly effective vaccine existed and it nonetheless took a colossal, multi-year effort to stamp it out. 

COVID is a totally different animal. It's fairly contagious, likely airborne, generally mild, largely asymptomatic, and no vaccine exists. No way to stop something like that. It would be easier to stop the flu, but no one serious really thinks even that will ever happen. 

What's so weird is how quickly everyone embraced the flattening of the curve, and how quickly everyone forgot that flattening the curve means letting the virus run its course.",1.0,Coronavirus,2020-07-10 17:08:45
"&gt; Theres still nothing concrete yet

https://www.statnews.com/2020/07/01/covid-19-vaccine-from-pfizer-and-biontech-shows-positive-results/

We have the results we expected to have at this moment.

&gt; as its the most rushed vaccine in history

This is why they are following the same process as every other vaccines, the only part they cut is the bureaucracy involved with said vaccine. It's the top priority project and get the full attention.

&gt; I know Im not gonna be taking for a bit.

That's your choice. But unless you have a out-of-norm condition, vaccine should be safe for you. If you are not in contact with people at risk of severe covid-19 complications, it's not a bad decision to wait and let other get access to the vaccine earlier.",1.0,Coronavirus,2020-07-10 17:12:34
"In most countries of the world, the advice for everyone is “wash your hands, wear a mask and practise social distancing”. It has taken a while to get to that consensus because this is a new virus and we are all still learning, but a consensus has certainly been reached. No serious scientist is saying “don’t wear a mask, it makes no difference”.  No serious scientist is saying “Yeah, go out and get COVID-19 - it won’t kill you”. This virus has killed 555,000  people and it will kill hundreds of thousands more, unless we find a way to stop it in its tracks. That’s where the mask comes in. It’s not a perfect solution (like a vaccine), but like social distancing  and handwashing is does help to  reduce the amount of transmission. Personally, I loved the contribution that Tom Hanks made this week - tell  your father it’s just like driving a car...we all keep safe by obeying a  few basic rules like stop at stop signs, keep your speed down and wear a seatbelt. Sometimes you are saving others lives by doing these things (i.e. stop signs) and sometimes  you’re mainly saving yourself (i.e. seatbelts). Wearing masks is just like that - by doing it you keep others safe(r) and it’s also likely that it keeps you safe(r) too.",2.0,Coronavirus,2020-07-10 17:13:05
"The answer is unclear.  There have been cases of at least one person being Covid-19 free and then testing positive with Covid-19 a month later.

Decline doesn't mean this.  Infected people probably have temporary immunity, and are probably being more careful or are dead.

It's very possible that most people have immunity for 4-6 months and then can get reinfected again.

No one knows.

The virus is also mutating and now has 3 distinct strands.  Covid-19, A, B, and C.  (U.S. strand European strand, China strand). It looks like the U.S. strand might be the oldest strand.

It is unknown if you can get more than one, but also seems like you can.

It also seems the Virus can cause blood clots in organs, that even when removed, new ones form.

The lesson however is clear!  Do not screw around with this!

We are going to need a vaccine, and with boosters to get past this.",2.0,Coronavirus,2020-07-10 17:21:38
"That is a really huge question that you should research. I can't imagine anyone giving you a satisfactory answer in a Reddit comment. But here's an article to start with. 

https://www.aamc.org/news-insights/here-s-why-we-can-t-rush-covid-19-vaccine",1.0,Coronavirus,2020-07-10 17:27:06
"Yep, Chadox is currently in trials in Brazil.  There are [13 trials ongoing](https://www.technologynetworks.com/biopharma/blog/13-covid-19-vaccines-are-in-human-clinical-trials-what-are-they-336738) Phase 3 examinations.  That is, testing on human beings in a live environment.

As I've said elsewhere, I'm a beekeeper, not a virologist and am parroting what other virologists I've listened to have said - mainly those on TWIV.  

They've also mentioned that it's not about being the first vaccine or the best vaccine but we need many different types of vaccines to chase down this beast and slay it.",1.0,Coronavirus,2020-07-10 17:35:28
"What a ridiculous survey.

""only 57% of Americans say they would get a COVID-19 vaccine if it were available today""

If it were available today, testing wouldn't have been completed, so we wouldn't know whether it was safe or effective, and no one should get it.  I certainly wouldn't, and no one I know would.

But it's not available today.  It will hopefully be available in the coming months, and by then it will have completed successful human trials and be shown to be both safe and effective.  At that point, I would do anything or pay any price to get it for me and my family.

I guarantee that is what a lot of people were thinking when they said no.

Why didn't they ask whether people planned to get it after it finished trials?  There's no practical value to knowing whether they'd take it today; they're not getting it today.",1.0,Coronavirus,2020-07-10 17:36:17
"and then down the line ""Fauci lied about what the mask did, maybe he's lying about what this covid vaccine is too?""

Experts lying is the direct cause of people not believing experts.",14.0,Coronavirus,2020-07-10 17:46:33
"I'm sure Trump will force his cronies at the FDA to fast-track the release of an untested vaccine that doesn't actually work a few weeks before the election. [They did this with the antibody tests.](https://www.wwaytv3.com/2020/06/29/flawed-covid-19-antibody-tests-shipped-without-fda-review/)

&gt;Back in March, the Food and Drug Administration took the unprecedented step of allowing COVID antibody tests to flood the market without review.

Anybody believe that Trump's FDA wouldn't do the exact same thing and rush a fake vaccine to market without testing because he bullied them to?",2.0,Coronavirus,2020-07-10 18:15:33
"According to early studies, the MMR vaccine may protect children against the worst symptoms of COVID. 

I guess we will know once school starts if their hypothesis is correct. 

[https://www.medicalnewstoday.com/articles/mmr-vaccine-could-prevent-worst-symptoms-of-covid-19](https://www.medicalnewstoday.com/articles/mmr-vaccine-could-prevent-worst-symptoms-of-covid-19)",1.0,Coronavirus,2020-07-10 19:52:43
"Are you addressing that to me? I am a former peer reviewer who apparently pissed you off by quoting the source you linked. 

They say, right there in the source, that it doesn't work and don't recommend further studies on Covid. They do recommend giving the vaccine for its intended use. What exactly is ignorant or incredible here? This is media trying to get clicks, nothing else.",1.0,Coronavirus,2020-07-10 20:00:03
"I am not anti-vaxx either, I do have two children that had pretty severe reactions when they were little and doctors do not recommend vaccinations for them. Also, a good friend of mine and my brother-in-law had their two year old son's die of S.I.D.S., years apart, with 3 days of receiving a couple of series. It could be entirely circumstantial, however I am admittedly sceptical.

If 'they' will release a SARS-COVID-2 vaccine that doesn't require a liability waiver to be signed for it to be administered, that would be a significant encouragement. 

Political agendas and Comprehensive Annual Financial Reports profits are what rule the day, not health, safety, and welfare.",1.0,Coronavirus,2020-07-10 20:34:00
This vaccine is looking good. Produces 8x the amount of neutralizing ab’s as natural COVID convalescents.,5.0,Coronavirus,2020-07-10 20:47:58
"There's a vaccine for Flu.  There isn't one for Covid, not yet.  Thousands, perhaps tens of thousands of kids are going to die if tens of millions of them head to school in the fall.",4.0,Coronavirus,2020-07-10 21:24:45
"There is a large-scale clinical trial effort underway for this vaccine.  [https://biorender.com/covid-vaccine-tracker/details/v-0CV3/bacille-calmette-guerin-bcg](https://biorender.com/covid-vaccine-tracker/details/v-0CV3/bacille-calmette-guerin-bcg) 

Some of the largest arms of the various studies are targeting a primary completion date of late October. That doesn't preclude early results being released before that. They are roughly halfway through, so we may see some preliminary data soon. 

My assumption is it won't provide immunity, but will provide reduced mortality and disease severity. The hope is this, the oral Polio, MMR, or other existing vaccine provides some protection. We could drop below pandemic status in short order.",2.0,Coronavirus,2020-07-10 21:31:40
"IMO she's probably right. we really don't know what will become of this. The only reason other developed countries besides the US are handling this OK now is because of the lockdowns, test/trace/isolate, and other restrictions including masks &amp; distancing. Peak Prosperity on YouTube described this virus repeatedly as a 'honey badger' virus. As soon as we start to lift restrictions, it's a simple jump to further outbreaks until a functional vaccine is widely distributed. So far for instance, whenever a country re-opened schools, an outbreak wasn't far behind. The powers that be across every country need to prepare for an extended amount of time without pre-COVID life including the economic, psychological, and logistic impacts. Do countries have plans on the books for a pandemic like this? I know the US did during the Bush &amp; Obama eras. Are there plans out there in case a vaccine never comes? What if there is no herd immunity &amp; one can be re-infected after mere months?",1.0,Coronavirus,2020-07-10 22:34:36
"Will horseshoe crabs be in risk of extinction with the eventual COVID vaccine? If so, what alternatives are there?",4.0,Coronavirus,2020-07-11 00:24:25
"Some of the other diseases are more deadly, especially to children. Measels is bad and far more contagious than COVID-19.  It isn't that it was appropriate, it was just without a vaccine there was no choice. Far more people used to die of (now) preventable diseases. 

Here immunity just means it is difficult to spread among the community. That means people need to be immune to the disease -- it can't spread without carriers. Vaccines make you immune without ever getting sick. The natural route means people got sick. A cold virus isn't so bad, the flu is worse, and COVID is even worse, but the principle is the same. Given the choice of getting sick or getting a vaccine, every reasonable person would take the vaccine. 

The problem is that some viruses don't have vaccines, but you can't completely shutdown society.

I grew up with chicken pox parties, because you might as well get it and get it over with because every kid was going to get it eventually, and earlier is safer. Now there is a vaccine, so you would need to be a moron to let your kid get it -- even though the risk is low, the vaccine is far safer. It just wasn't an option for me.",1.0,Coronavirus,2020-07-11 01:31:42
"If he is so great in his illustrious career, why hasn't he figured out a better test for Lyme or even acknowledge that the current Lyme tests miss 70% of cases so people needlessly suffer.  Post treatment Lyme disease is hurting more people than Covid ever will. But the way, his latest quote is he hopes the Covid vaccine is 70% affective. So, his scientific opinion is based on hope? I hate the CDC. In the pocket of big pharma.",1.0,Coronavirus,2020-07-11 01:56:10
"Long post while I wait for Dragon Age Origins to finish downloading

So I went to some other subreddits to read what they are saying about COVID.

One thing I noticed is some people are touting the high case and low death numbers. I saw a few people say that the recent increase has been holiday backlog which I could agree with if it was only a day.

Then a lot of people were saying the schools have to reopen. They are acting like the schools will never be open again. It's not convenient but it sounds like a vaccine may be out soon.   \\

I see articles like this  one and the increase in deaths isn't at really insane numbers yet but I don't think we want a bunch of sick kids running around. I am going to be really angry if what shuts the schools down is when younger people getting really sick. I just don't have an answer there. I took some online only classes during college and got way less out of them than in person ones. My best one is that life is paused for a bit and people will need to stay in college a year longer and school grade middle school and younger miss a year. 

I also looked back at past FL daily reports ( [https://www.floridadisaster.org/covid19/covid-19-data-reports/](https://www.floridadisaster.org/covid19/covid-19-data-reports/) ) and the median age has trended from 33 a few weeks ago to 40 the past two days. Although pandemics move really fast the reporting doesn't. Someone actually quoted how teachers in Finland are not dying in mass. Yesterday they had 6 cases and 2 days ago they had 8 cases. USA had 70kish cases yesterday and 61k cases 2 days ago. There isn't much COVID 19 in Finland to be spread in schools.",10.0,Coronavirus,2020-07-11 02:26:31
"Wait till fall/winter when COVID-19, INFLUENZA A AND INFLUENZA B run rampant because millions of Americans prefer ""natural"" methods than a vaccine and the school year is upon us.",3.0,Coronavirus,2020-07-11 02:45:14
"If the area is still in high COVID danger then teach them remotely.  Kids are the least likely to die of the disease but as mentioned a mild to asymptomatic child could quite easily distribute the virus to older people who could get it worse.

Something to note, when I was young I got a mild case of chicken pox (only a short time later was the vaccine invented).  I spread it to my mom who got it worse, who then gave it to my at the time teenage brother, who got it the worst.  He was furious since he was at the age it could cause sterility (which didn't happen).  So yes, a little one can get a virus that's no big deal for them but amplify it towards the adult population.",2.0,Coronavirus,2020-07-11 03:20:29
"So would you say you had a ""mild"" case? My auntie has covid, she says she thinks she had a mild case and it feels like she was hit by a truck. She is feeling much better, but is still testing positive.

Do you think your fam gave it to you? 

Thanks for sharing. Do you have any advice? And here's praying you're antibodies will keep you safe until the vaccine. Well wishes reddit friend",1.0,Coronavirus,2020-07-11 03:47:00
"&gt; No, the Flu is a great example, because we just don't know!

A. as I said ""FLU"" is an outlier which mutates MUCH faster than 99% of other viruses. That's the default position already

B. covid19 mutation rate HAS already been estimated
https://www.livescience.com/coronavirus-mutation-rate.html
https://hub.jhu.edu/2020/06/10/sars-cov-2-dna-suggests-single-vaccine-will-be-effective/

C. even with flu, your immunity protects you until the next season: so 9-12 months basically (so that's your worst case)

&gt; hat means Covid-19 has 3 times as many confirmed kills in 4 months than Car Accidents + Lightning Strikes .Tell me again how the probability is good.

I said that 1 reinfection out of 3M recovered is very good, even 100, 1000, or even 10000 out of 3M would be good enough as far as the whole society is concerned.

&gt; 10.4 million Americans will die needlessly, from not wearing a mask and not quarentining.

 You are estimating 3% of population to die? You are off by a factor of 5-10 at least. (IFR is estimated at 1% and not the whole population will catch it, so 0.5% is probably the worst possible outcome if we do nothing at all. Still crazilyl bad of course).

For the reference in NYC, 0.2% of population died and that's by far the worst imaginable environment in US. In Sweden 0.05% of population died with very few mitigation measures

Just stop imagining things. It's bad enough already...",1.0,Coronavirus,2020-07-11 03:58:44
"Well, I’d say the obvious difference is this is a much faster acting, world wide danger. The death rate may be 0.8-9.6% but the hospitalization rate is much higher than anything we regularly deal with, which overloads the healthcare system, causing a higher CFR. Keep in mind the flu has a CFR of about .1%. So even at best case, COVID-19 is 7 times deadlier. Overloading hospitals will cause it to be much higher though. 

Then, if you are one of the majority who survive, that’s not without sever effects potentially. Blood clots, increased risk of pulmonary and cardiovascular issues, diminished lung function. Just look at the effects of SARS on its survivors 12 years later. Similar virus. 

While all those things you mentioned are important, they don’t effect the ECONOMY like a virus like this. That’s why the corrupt, rich fucks that run our lives are worried about it. Some want us to stall till a vaccine and keep regular systems and behaviors in place to keep it tame and others (like our administration in the US) want it to burn through the population it seems. 

It’s real. It will have devastating effects on us, especially if left unchecked. You’re fine with that? 130,000+ dead already in the US. Going to be much, much higher if we keep going down this path.",1.0,Coronavirus,2020-07-11 04:49:20
"“Scientists” all have different opinions. In fact, one of the most renowned epidemiologists/researchers in the world has been against lockdowns since day 1. 

Can you tell me how lockdowns would help the virus go away? You can’t eradicate all infected and even if you could people will still bring it in from other countries. 

A vaccine is a minimum of 1 year away and could be never. Are you really saying that lockdowns for another 12 months is survivable for literally any countries economy? Do you know how many more non COVID deaths that would lead to?",1.0,Coronavirus,2020-07-11 05:37:04
"COVID-19: ""the worst may be yet to come""

Vaccine: ""I am... """,1.0,Coronavirus,2020-07-11 07:51:29
"&gt; The vaccine may cure covid, but it could have side effects that spring up a year from now that we're completely unaware of.

That is not how vaccines work.",1.0,Coronavirus,2020-07-11 08:56:22
"How come none of the politicians could take a cue from Bruce Springsteen, when he says ""Nobody wins, unless everybody wins?"". He mentions this at the start of the [Born To Run](https://www.youtube.com/watch?v=IxuThNgl3YA) video and it's always struck me that Bruce Springsteen is as American as it gets. 

I wish COVID were over, or there was a vaccine. And Springsteen would tour somewhere near where I live.",1.0,Coronavirus,2020-07-11 08:59:27
"You know what data is? A bunch of anecdotes, aggregated. Mom had COVID two months ago. Permanent kidney, liver damage.  Fuck your agenda driven, r/iamverysmart bullshit.

Want data? RE Your ""for every one of those people there are 100000 that...never had any symptoms "" off-the-cuff garbage? There are 7.6 billion people on earth. If all of them had COVID, by your guess that's just 76000 people worldwide who could have been dead or damaged.

Unfortunately, the number of *dead* alone (which remains the world's number one killer) is 7.5 times your rosy projection. The number of confirmed cases is 12.5 million, and only half of those are recovered at this time, with the disease now over 6 months in known circulation. That is 85 times your projection. If people were just ""having a hard time after a month or two"" then we would expect recovered stats to be much more than 50%, but they aren't, because many are not fully recovering after many months of concerted effort.

It's also important to remember that these numbers are happening in an environment unlike anything the world has ever seen in terms of containment attempts. these are numbers in the face of the best response the world has been able to muster. In half a year, SARS COV2's (using BEST CASE numbers) has killed as many people as the flu's worst case(~640000) --vis-avis a disease for which almost nothing is done to prevent spread beyond encouraging people to get the vaccine, and to stay home if they get symptoms (when it's too late regardless to prevent passing it on).

You are both ill informed and bad at math.",1.0,Coronavirus,2020-07-11 11:11:55
"I just read thru my wife’s sister’s Facebook posts.  Apparently it’s all a hoax.  It’s not even a virus y’all, it’s a bacteria.  And you can cure it with aspirin.  And they’re sure as shit not gettin that vaccine, not with the like of who’s promoting it.

No, sorry ... I kept reading and there’s new information.  It’s not a bacteria after all.  It doesn’t even exist.  It’s just the flu.  And apparently now Doctors are being paid to claim deaths are covid related.  It’s all bullshit!  Thank goodness we don’t live our life in fear like those fucking book educated elites.

Ok, even more good news everyone!  Its going to magically disappear right after the election because, you know, libtards and their fake news.  There’s also a bunch of other stuff there too, but it’s too sophisticated for me to understand as it includes a bunch of words that don’t appear to be English or in coherent sentences.  Must be some sorta code that enlightened, non-sheeple people use or something.  Kinda like when we used Navajo as a secret code in WWII, but now instead we’ve decided to use the language of crystal meth Karen.",1.0,Coronavirus,2020-07-11 11:44:23
"Antibody tests are a big disappointment, although incredibly profitable for the lab companies. If you had COVID-19 in January, February or March and you now go and get an antibody test you are quite likely to test negative, despite having been infected, because antibodies seem to disappear quite quickly, despite T Cells -- really important! -- providing lasting immunity. This is a big problem, because a lot of people who were infected and should be giving plasma, don't know to do it! 

[https://www.cnn.com/2020/07/07/opinions/covid-19-coronavirus-vaccine-immunity-inoculation-bromage/index.html](https://www.cnn.com/2020/07/07/opinions/covid-19-coronavirus-vaccine-immunity-inoculation-bromage/index.html)",1.0,Coronavirus,2020-07-11 14:34:29
"Just my opinion,  which is on the far end of the optimistic side. We are going to have that vaccine released to us early. It might not be perfectly effective and we might not have as many doses ready as we would like. But I think someone will make the call and release it in September.  After that we wait two weeks and instead of a very slow gradual decline we actually see a steep dropoff. By the end of the year people still get covid, people still die from it, but the numbers are so small it warrants little attention.",1.0,Coronavirus,2020-07-11 14:46:53
"There is the mortality rate (of the entire population, how many have died) and there is the case fatality rate (of those infected, how many have died).

You just confused mortality rate with fatality rate despite me making it exceptionally clear what this difference was in my comment. The mortality rate tells you how many have already died. The fatality rate estimates how many will die.

The case fatality rate is 4.33% in the USA. This is the percent of infected people who die from the disease. If you are discussing achieving herd immunity (which is equivalent to saying ""allow the very large majority of the population to get infected"") then the case fatality rate is the estimate of how many will die.

[https://coronavirus.jhu.edu/data/mortality](https://coronavirus.jhu.edu/data/mortality)

Herd immunity rate for measles is 93-95% (for comparison purposes since the herd immunity rate for covid is not established). If NY is at 68% with antibodies (taking that guys claim at face value) then even in NY they aren't even close.

[https://www.uspharmacist.com/article/measles-and-the-mmr-vaccine](https://www.uspharmacist.com/article/measles-and-the-mmr-vaccine)",1.0,Coronavirus,2020-07-11 14:56:34
"things can turn south real quickly, though it seems rarer now. I remember in the early days, there were lots of videos of people with covid-19 just walking and then suddenly lose consciousness and die within minutes. The virus seem to be milder now, and this type of death is far less. 

The virus basically make your lung into permanent scar tissue (lung fibrosis), which makes it difficult to breath. 

People usually recover before the entire lung is gone, but they will still be left with permanent lung damage for life, and have breathing issues forever. Even people that recover quickly will have lung damage, the damage is just so light they don't notice it, until perhaps when they are very old.

There's some evidence that you can be infected a 2nd time, the immunity only last months, not years. So it's best not to catch this virus, at all. Assuming the immunity only last several months, then this also indicates that a long term vaccine is likely not possible. It's going to be like a flu shot, that you have to get every few months.",1.0,Coronavirus,2020-07-11 15:26:12
"Headline doesn't quit match the article.  

Based on the rate of positive antibody tests, the Spanish population (5%) has not yet attained a level that is likely to confer herd immunity.

Other studies suggests significant numbers of people test positive for COVID-19 specific T cells but negative for antibodies, so a negative antibody test does not necessarily rule out immunity.


So partial or full herd immunity is still possible if an effective vaccine becomes widely distributed, significant portions of the population somehow have T cells but no / low antibody counts, or if it...mAgICalLy DiSaPpEaRs.",11.0,Coronavirus,2020-07-11 15:32:26
