comments,score,subreddit,time_created
"There are definitely silver linings to this lockdown. I've been in your shoes and there is hope, I'm glad you're making progress. Stick around!

For me, after I got past that part of the journey a few years back, this lockdown helped me realize how much bar culture and alcohol was destroying any chances to enjoy the last years of ""youth"" and it was preventing me from building meaningful relationships. I would also shy away from people naturally and didn't care too much for normal day trip stuff like hiking, disc golf, and general outdoor activities.  I just wanted to be bottled up at home and watching TV usually nursing a hangover. I've spent the last few months becoming more active and cutting back on the booze. Now I literally get excited to casually talk with people sober or go run around some trails. I've sworn to myself that when we get a vaccine I'm going to spend my times meeting people outside of bars in non-alcoholcentric situations. I'll be damned if I spend my early to late thirties lonely, hungover, sad, and miserable.

I hate that this has killed so many and hurt people's lives but it was a huge wakeup for me. I was stuck in a hazy autopilot that I could feel pulling me back towards those dark times where it seemed reasonable to step off and out of life.

Please keep going. No matter what.",1.0,AskReddit,2020-07-31 20:53:11
"I can't count the times someone said ""well i am a little autistic"" everytime the care about a detail or neatness. No you are not you like need and tidy and you have a small compulsion towards it.

People don't understand autism at all, so I dont tell people because they either judge the fuck out of me and their misinformed label on me. Or they think I am weird and odd until they get to know me.

In a society that rather lets people die of preventable polio for the IDEA that you can get autism from vaccines I rather not tell people.

There are a lot of people with the extreme mindset like the anti vaccine people, but there are even more people who still hate on me for being me without being vocal about it.

I wish people stopped judging people for mundane things outside of their own actions.  
People don't like you being different from the group, i am that by default.

I can accept it why can't others?",1.0,AskReddit,2020-08-01 18:02:46
"I know. I hate the idea of them going back. What? Why?

If there isn't a vaccine then why are people even considering it till there is?

That there is one HUGE monumental disaster just waiting to happen.",1.0,AskReddit,2020-08-02 13:42:40
"I'm going to miss voting by one month, but even then I would still vote 3rd party. I'm very much am down the middle, but I'm a but more on the conservative/libertarian side of things.

IMO, Trump and Biden arent for me. They're both lying pedoes, but I do have to agree with Trump on more things than Biden. 

A couple of the biggest things for me are that 

1) Trump wants to increase incentive for American-made goods. Unfortunately, in such a consumerist society as the one we live in, industries like fast fashion and many others mean that us consumers buy the cheaply made good by some poor, unpaid worker in a 3rd world country. All because it's cheaper. I'm all for American-made, since we have laws in place that prevent what is essentially modern slavery in these sweatshops. Anywho, that's a different rant for a different day.

2) Im kinda iffy on some of the more socialist policies that the left are pushing for. Dont get me wrong, I understand that we need some of these policies for basic human rights, but i dont think that taxing the shit out of hard working families to pay someone who doesnt want to work is the solution. Instead, I feel that the govt, in order to implement some of these policies (i.e. Medicare for all) need to refocus the money they get from taxes for them. And on the topic of Medicare, if there is Medicare for all, I feel that there should also be privatized medical care for people who want it.

3) I'm against a raised minimum wage. That will just jack the price of living up everywhere and just create more problems than it solves

4) [oh I'm gonna get so much hate for this] The media is fearmongering over the Coronavirus and the virus is a lot less deadly than what is being said, not to mention is becoming a political ploy for both sides. IMO, we do need to keep moving forward in life. I get it, people want to wait for a vaccine, but this virus is now part of our flu season, and we cant shut the country down every year. Also, that vaccine has been so rushed and they've skipped so many important statistical parts that I dont trust it as far as I can throw it.",1.0,AskReddit,2020-08-03 06:05:12
"Then take a moment to consider *why* a certain opinion may be more popular than others. 

Example: being pro-vaccinations is much more popular than being anti-vaccine. Does this mean that Reddit - or most Internet platforms  - are “echo chambers” of pro-vaccines? Or - just maybe - it means some opinions are more rational and reasonable than others, and that makes them more widely held opinions. 

Just because an opinion is more widely held, doesn’t mean there’s an “echo chamber.” 

Hate to burst your bubble there.",-1.0,AskReddit,2020-08-04 04:44:13
Anti vaccine Karen god i hate them,1.0,AskReddit,2020-08-04 09:58:23
"No predictions, but I know what I'd like to see happen. Biden wins the election, we actually get a plan for dealing with the virus, we get a vaccine by the end of the year, next year things can slowly start going back to normal. I can finally book that trip to visit my boyfriend. Mandatory mask laws, fines out the ass for anyone caught not wearing a mask. Jail time for repeat offenders. I hate anti maskers SO much I want to do more than just cough on them. I want to hit each and every one of them as hard as I can right in the face. See how they like that.",1.0,AskReddit,2020-08-04 16:46:35
"All speculation.

Trump will win via the electoral college as last time. As the hate of the dems has forced his  support underground yet again. 

After Trump's win the democrats will once again froth at the mouth screeching; ""Not my President!"" as riots and looting heighten in the normal hot spots inflamed by the liberal media via their hate for Trump combined with race baiting. A month later relative calm will resume once the election is over. As an angry mind is not a rational mind. Riots and looting will flare once again in January during inauguration. (Just going by past events.)

The pedofile group, which will include Bill Clinton, will be exposed. But nothing will come of it as always. Lots of blustering but no action. Clintons are too well protected.

BLM, where once they had a definite objective about police brutality but only on blacks, will be exposed as a mafia style organization as they continue extorting businesses as radicals take over. This scandal will be ignored by the liberal media but brought to the fore by others. 

Covid-19 will go through another wave once more shutting down the schools then a vaccine will all of a sudden be found a month after the election and conspiracy theories will flair up the news.  Schools will fill again once all have their inoculations. (Except for the anti-vac people.)

A new scandal will emerge pushed by the democrats involving Trump's tax returns which will take over all of the media which Trump will allow diverting attention away from him further strengthening efforts on building and reinforcing the border wall. 

There will be a major earthquake registering 8.7 on the Richter scale in California that will kill hundreds of thousands and destroy trillions of dollars of property.",1.0,AskReddit,2020-08-04 20:34:29
"I don’t think it has any gain per say. It’s more important Of speculation. I personally feel the government has lied to us about the numbers, but with that being said I’m not a hype on the whole corona doesn’t exist because it clearly does. “This is the new normal” is a crazy sales pitch imo. Even some information I’ve heard about the vaccine gets me a little ehhh about the whole situation we’re in. I wear a mask in curtesy of others but I hate wearing them so I try my hardest not to. There have been plenty of deaths caused by this but the survival rate it also outweighing the death rate really significantly. As much as I hate the masks I hate the “I’m an American” excuse to walk around stores without one is ignorant, and your personal choice shouldn’t make people uneasy.",1.0,AskReddit,2020-08-06 11:02:31
"Assuming this isn't an attempt to troll people...

1. The masks are to protect the people. You aren't sticking it to the man by not following suit.
2. Countries that have mandated masks have seen a serious drop in cases. Please don't use the Netherlands as an example. They have wasted valuable time before by going for heard immunity, are undercounting their casualties by half and are being a menace in neighbouring countries.
3. The virus was going down because of the strict lockdown. Mandated masks are to prevent another strick lockdown. I hate the argument that the virus only has a 0,5% casualty rate. A lot of people that recover have long lasting or permanent damage done to their lungs and heart. My father-in-law was very sick before and still struggles months after. I know a young guy that ran marathons before and now months after can barely muster the energy to go for a 5 min walk. The people that recovered with long lasting damage are just counted as recovered. This virus is hell, it uses your own immune system to destroy you from the inside out. 
4. No one can predict the end game. Hopefully they have a working vaccine early 2021. We're all in this together. No one can predict the future.
5. Healthcare personnel has being wearing them all day for decades. Man up. You quickly get used to them. Find a mask that fits you propperly.",1.0,AskReddit,2020-08-06 11:21:42
until the vaccine.  i hate social distancing and masks too but everyone has a grandma.,0.0,AskReddit,2020-08-07 05:18:26
"The thing is, I AM using logic. See, the coronavirus is a way for the communists to push their agenda through. Can't you see it?

Also, it's confirmed that the vaccine kills more people than the flu itself. If you don't believe me, that's on you. Haters gonna hate.",0.0,AskReddit,2020-08-12 23:43:58
"Hate to burst your bubble but the pandemic will only end by definition.

We will continue to have epidemics from now on.

The flu hasn't gone away just because we came up with a vaccine.

This isn't either.",1.0,AskReddit,2020-08-13 10:21:34
I hate it! It's so ignorant. I was born in the early 2000s when the theory was still popular and when I was diagnosed someone asked my dad if it was the vaccine. No it wasn't.,1.0,AskReddit,2020-08-13 21:38:29
"This is how I feel too, your wording is a really well rounded perspective. I'm glad that it's made all of us re-prioritize, but I also hate seeing the death toll and suffering, so I'm looking forward to the next phase of life post-pandemic. 

I have concerns that a vaccine will not be the final straw that brings about recovery, as there's already so much misinformation and people saying they won't take it. But, one step at a time...",1.0,AskReddit,2020-08-14 17:32:38
Rephrase your question with less hate.  People are not being selfish. -and a vaccine isn’t going to solve anything more than the flu vaccine has.,1.0,AskReddit,2020-08-16 22:43:09
"This is really common in the US, FYI. Are you American? It’s a practice that is under scrutiny but unfortunately still common.  

You probably should get a Pap though if you never have - it’s preventative screening for cervical cancer. If you’ve had the HPV vaccine you’re at lower risk, but it’s not 0% risk (HPV vaccine only protects against the strains that cause 70% of cancers - but there are like a dozen strains that account for the remaining 30%, and HPV is the most common STD and is highly communicable - even condoms don’t fully protect against it because it is spread by skin-to-skin contact).

I hate the requirement to get pelvic exams to renew birth control, mind. It’s bullshit. But you should get a Pap every few years, less frequently if you’ve had consistently clear ones.",0.0,AskReddit,2020-08-20 01:12:18
"Arsehole Karen’s not wearing masks and refusing to get the COVID vaccine when it comes out. Also, the food hoarding. OMG THE FOOD HOARDING. NOT TO MENTION HOW MANY TP ROLLS PEOPLE NEED. Seriously, if you are taking so many dumps that you need 7 village sized TP bags then you need to see a doctor. I can go all day. Mask wearing (I hate it but at least I wear them), hoarding, not social distancing, people not taking this seriously, the list goes on. Sorry, just needed to vent.",1.0,AskReddit,2020-08-24 03:16:54
That is one of the very few things I think she did right not killing anyone else opens her up for me to get attached to her in some way but then they go on and show Abby doing all these good things like tell her father if she was Ellie she would want him to kill her to make a vaccine which honestly made me want to hate her even more and then I have to play as her for close to the rest of the game which honestly wasn’t that fun,1.0,AskReddit,2020-08-26 23:04:41
"I hate to say I'm *tired* of explaining this, because I will continue to explain until I'm blue in the face, but **vaccines are safe. Not vaccinating is dangerous and reckless.** The CDC has a vaccine schedule for a reason. Deviating from this schedule is ill-advised. I'm a pediatric PA and have to have this conversation on a regular basis. I'm more than happy to  educate worried patients / parents. But when I kindly explain the ins and outs of vaccine safety and they still reject my (and the CDC's, AAP's, etc) recommendations, I get very frustrated.",1.0,AskReddit,2020-08-27 21:18:36
"I really hate this shit. You have a literal world wide cooperation working on trying to solve a virus. They’re doing a damn fine job considering that at any other point in time this would’ve been a disastrous that could potentially wipe a significant percentage of the population. 

Fuck forget the thousands of people working on the vaccine, then there’s front line healthcare workers that use an entire repository of research to tackle something they can’t even see. 

Then there’s markets. Yeah it’s not great, but it’s not 1929. You’re not rationing ketchup to fix yourself a soup later and walking to field of trash with no shoes to pick through for food. 

Today I woke up to stories of getting that much closer to controlling a star for unlimited energy and a guy that lands rockets implanting chips in our brains to give us telekinesis. 

He’ll, let’s take this at a basic level. You can look in a mirror and go “that’s me”. Something our smartest humans aren’t even sure exists in a cluster of billions of other stars and planets. 

You’re literally on a device that is 100,000 times more powerful than the computer that sent humans to the moon. 

But nooooooooooooo Reddit has to be like:

&gt;I saw this total Karen on public freak out. Fuck we’re so dumb. 

This self righteous platform of cunts that chronically complains about mental illness has the audacity to chronically perpetuate raw bullshit to harsh everyone else’s buzz. At any other point in history you ungrateful cunts would’ve died face down in the muck on a battlefield in France fighting a war over the king not being able to fuck a different cousin.",1.0,AskReddit,2020-08-29 21:13:50
"I can respect that opinion, I believe that the virus is worse than the flu but mostly because it is global and many people can get it easily. I do believe it is more lethal than the flu (but of course not the most lethal disease at all) for those that are older or with a disease that would lower the capabilities of the immune system since we don’t have a vaccine or true treatment. I would normally wear a face mask inside places such as a store only because I don’t want to risk possibly infecting another person, even if the chances are low.

Some of the deaths from coronavirus I know are not directly from the virus as far as I know. I know a person who’s grandmother recently passed on and on the death certificate it said the cause of death was the virus, but she was expect to die anyway in the same week. Depressing, yes, but that’s what it was.

I can’t say if the virus was man made or not since there isn’t evidence for either and we may never know that. One thing I hate about people in general is when you think you know everything about a subject by reading it online or reading one article and then shaming doctors or medical experts who put years into studying this. Obviously it’s not just for the virus but with knowledge in general.

Overall, I believe in what the experts say and the evidence that they present, as well as science and the goals that science is trying to achieve. This includes the virus being a real problem and not something that should be ignored, even if it may not kill you, it can hurt others. Many people only care about what will happen to themselves and not what will happen to others. 

One thing that the internet has done to people is influence their thinking and make them believe they understand more than they need to.",1.0,AskReddit,2020-08-31 16:05:11
"Highly doubtful. The vaccine industry adapts. Vaccines are also often made using horshoe crabs, but that is not sustainable so they are already making alternatives. Plus I hate to tell you this, but statistically places that make abortion illegal rarely see numbers of abortions actually go down, rather people just try to perform abortions on themselves.",3.0,AskReddit,2020-09-01 23:22:13
"Bill Gates.  Dude is a huge philanthropist who funds numerous causes, including very nearly eradicating out polio worldwide, but dipshits accuse him, without evidence, of being a pedophile and think he's trying to develop a COVID vaccine in order to inject microchips into them.

Like, if you're gonna pick some rich guy to hate, why not Bezos?  Guy's wealth is an order of magnitude higher than Gates', and it's built on the backs of overworked and underpaid labourers who have to piss in bottles because they don't have time for bathroom breaks.",1.0,AskReddit,2020-09-02 22:10:48
"Hate to say this. But in countries that don't encourage masks, soon hardly anyone will live past 65, so there will be no elderly.  

In countries like America who are trying to get everyone infected so they have herd immunity, Covid will become endemic. If you survive the great explosion of cases in the next year or two, then it'll hang around the population, popping up in a random community and killing the old people before disappearing again for a bit. Given that no one has immunity for long, it means that once you hit age 60, it'll only be a matter of time before it comes to your community again and kills you.  

People in their fifties will be praying for a quick death or working vaccine, whichever comes first.",1.0,AskReddit,2020-09-04 10:37:58
Doctors hate him! Man gives polio vaccine away for free!,1.0,AskReddit,2020-09-04 15:39:58
"I'm sure by no one is reading by new but what the hell, it's a nice empty vent space.

covid is in the process of destroying my business. with all events and trade shows canceled and my usual clientele being the hardest hit by unemployment and uncertainty, I have no income right now except a very part-time position in retail. VERY. Part. Time. Corporate is demanding that stores cut hours even though this chain is definitely experiencing a covid boom thanks to people wanting to make their own face masks. My paychecks are about 100 bucks each. I'm trying to wait things out and I'm not in danger of being homeless but I don't know if my business can weather this level of loss into 2021 and sole proprietors are not eligible for most of the govt benefits for employers since we have no employees besides ourselves.

I want to just cash out my savings and disappear, live off the grid or vanish into another country, but I have cats who would be devastated if I left them (you have no idea how deeply important to me these cats are) and no countries will let anyone in because covid. covid has ruined everything and I hate so many people for prolonging this misery. My long-term plan to live out the rest of my life alone and quiet and happy has been thwarted by the entirety of 2020 and all I can do is drink away the feelings. I know the solution is to batten down the hatches and wait it out until there's a vaccine but I've been battened down for six months already, the next five or six are going to literally ruin me. So instead I'm going to scream at reddit and then pour another two fingers of whiskey. See ya later gang.",2.0,AskReddit,2020-09-05 00:49:58
"You get the Karen virus and there’s no vaccine for it since it was made by Karens, for Karens, and Karens hate vaccines",4.0,AskReddit,2020-09-05 01:30:04
