comments,score,subreddit,time_created
"This will probably get hate but if there is no vaccine, people shouldn’t have a choice to go to football or any sporting event. #sorrynotsorry",1.0,Coronavirus,2020-05-11 18:01:10
Why would this get hate? This is only common sense and when/if sports return they will return to playing in empty stadiums until there is a vaccine or until the vast majority of us have gotten the Rona.,1.0,Coronavirus,2020-05-11 19:57:14
"Just stopping by to read all the hate from the ""LOCKDOWN UNTIL VACCINE!!!"" and ""MuH QuArAnTinE"" fanatics...",-1.0,Coronavirus,2020-05-12 06:43:23
"Hate to tell you back China also was the first to create a vaccine for the 2009 swine flu. 

https://www.cnn.com/2009/HEALTH/09/09/china.swine.flu.vaccine/index.html",3.0,Coronavirus,2020-05-12 15:21:31
"Yeah, and it doesn’t work. They guessed the wrong strain this past year and it was ineffective, but it’s also an 8 billion dollar industry. However Reddit will just tell me I hate vaccines even though the flu vaccine is usually not even 40% effective",-1.0,Coronavirus,2020-05-12 16:18:17
"&gt;However Reddit will just tell me I hate vaccines even though the flu vaccine is usually not even 40% effective

40% is a lot better than 0%",1.0,Coronavirus,2020-05-12 16:26:43
"&gt; I just can't help to wonder how much of your ire stems from this feeling.

A lot of the frustraton does stem from that feeling admittedly. It's like: I KNEW the US was going to shit the bed, that was a given, but *Sweden* doing so is a bit of cold water that no matter how progressive and rational a population appears to be, mass psychosis (as [one of your experts recently called it](https://www.reddit.com/r/Coronavirus/comments/gh8j02/sweden_svt_here_two_researchers_confront_on_the/) ) can still arise. 

&gt;On the contrary. Their ""hunches"" were based on the best science available at the time. Things learned from earlier corona viruses. Things that turned out to be true. Things like it would mainly kill the old and infirm, that children do not spread it to any great degree. That it dies from hand washing, and it spreads through droplets. So we kept the schools open so grandma doesn't have to stay home with the kids and get sick. And we washed our hands and kept our distance and tried to protect our old. And failed.

lol no. Barely any of what they predicted came true. See: https://tegnellcitat.se/ and that dead ends around March after which some of the REAL doozies like ""we' have herd immunity in may"" started coming out lol. 

&gt;Yes we are alone. But can you imagine the questions that will be asked of politicians around the world if we turn out to be the only rational ones. Why where all your politicians so blind. Why did your expert not see it.

The chances of that happy outcome (which I GENUNINELY want to come true since it would obviously be the best for *everyone*) happening are virtually nil. There are too many unknowns and in barely any possible outcome does this come to pass. At the very least locking down for a few months would have paved the way for perhaps more to be saved by the better clinical practices we have now, let alone a drug or a vaccine. That is not even addressing the fact thta the neighboring countries have gotten their caseloads way down and are now implementing Test, Trace, Isolate and will  be entering into alliances wiht other countries who do the same. 

&gt;Because deaths were never and have never been the way we or any other society measured ""reasonable"". If we did there would be no hunger, no homelessness, no pollution.

What. Yes they ARE. This is part of why the Nordics are so admired, lol. There are lower rates of all of this in the Nordic region.

&gt;So it boils down to one simple fact:

&gt;Is it reasonable to lock people into their homes?

&gt;We Swedes said no.

&gt;And you hate us for it, because it implies you are not reasonable.

This is a STRAWMAN lmao. I advocate for Test, Trace, Isolate which doesn't involve locking peole in their homes at all if done early enough. Also, no Dane, Norwegian or Finn was locked in their homes ffs, they were all actively encouraged to get ""frisk luft"" as the Danes say and exercise outside, and the private sector only paritially shut down in all three countries. What a ridiculous strawman. Now DK has come out and said it will do TTI and enter into alliances with countries that do the same and that, lmao, Sweden is not invited. Why? Becusae it went off on a foolish tangent and has shit in its pants, unlike the rational countries who adopted the strategy that has less death AND a much better outcome for the economy since it doesn't require mass deaths OR lockdowns.",0.0,Coronavirus,2020-05-12 17:28:13
"&gt;The FDA will not allow a vaccine to be publicly available and administered unless it passes their health standards.

I hate to say it, but its reasonable to be incredulous of this, given the current administration. If Trump perceives that it'll fit his agenda, he'll lean on the FDA to approve something they might not otherwise approve. 

Again, we counted on CDC to be on top of this stuff and in a normal administration, they are. We count on FEMA to manage disasters, and in a normal administration, they do. There's only so much trusting of federal agencies I can do with this current leadership, especially when it may affect my ability to be alive for my wife and baby that's on the way.

Personally, I will want to know the circumstances of the FDA approval. If Trump is applying pressure on the agency to approve it, I will hesitate to take it. Honestly, I'm going to look to see what European countries approve, and if they approve what's in place here, I'll feel comfortable with it.",2.0,Coronavirus,2020-05-12 18:17:55
"America just isn't cut out to do this. We can't get a functional vaccine produced in a timely manner and distributed quickly. To do this you would have to take all of the competing financial interest out of it that keep sidelining things so that their horse wins the race or manipulating politicians to defund agencies to throttle competition.   


Anti-vaxxers can protest all they want to but we'll get vaccines about a year after China and the government will proclaim it's because they wanted to see how safe it was and China risks their citizen's lives, unless there's a change in political leadership and then it will be the last guy's fault. Really corporate America pulls the strings in both parties and everyone stands at the same party shouting about how much they hate parties.",1.0,Coronavirus,2020-05-12 20:48:26
"I mean I am. I work in a hospital. I see it. This is terrifying. 

But 60-70 percent people will get it or until vaccine. That’s the hard truth. Those are the only two options any pandemic presents. So I cannot allow myself to be paralyzed by fear. I accept - but fucking hate -that a lot of people are going to die.",3.0,Coronavirus,2020-05-13 02:25:12
"Im sure you are, and I’m sure its easy to write that without having lost a job and a source of income to feed your family. But hey, a couple of assholes painted mean shit on their signs at a protest so everyone in the group can be assumed to have those motives right? God i fuckin hate this site I’m being nothing but logical and I’m not saying we should all go fucking infect everyone, we should all be adhering to distancing, masks, etc. you realize that even under the strict lockdown policies people will still pass this around right? They are still passing it around. So is the move to just wait until a vaccine may or may not get deveoped 12 months from now while we hope to god enough people keep their jobs before full blown riots break out? Or do we take measured approaches to opening up? Leave your grandmas groceries on the door step and wipe the bag when you leave, that’s what I’ve been doing.",0.0,Coronavirus,2020-05-13 05:14:27
"Although I dont want to push for fast herd immunity, what exactly is the plan, though? Everyone staying mostly in lockdown buys us time and prevents hospitals form being overwhelmed, weve seen that. But then what? If a vaccine takes a year or two or longer to be ready... I mean c'mon its unrealistic to think we can do this for that long.

&amp;#x200B;

I think the elephant in the room people dont want to address is that this is a Kobayashi Maru situation. For the un-star trek people, thats a no-win situation. We can't all sit inside and trigger a horrible Great Depression. Im reallly skeptical the gov can provide us with printed money for over a year, and even less convinced that the average Joe will actually comply with the new rules.

&amp;#x200B;

We need easy access to tests, smart tests etc. But even then this virus is suuch a long ticking time bomb that... I am skeptical how useful it is. Also its kind of hypothetical bc we are stuck w an incompetent Fed gov until at least Jan of next year... and possibly 4 years longer I hate to say...

I say this as someone who literally cant do their job from home most of the time, and will likely be exposed. I hope me or my loved ones dont end up as the Spock in this analogy. But does someone have a viable plan? I dont get it.",1.0,Coronavirus,2020-05-13 13:32:07
"Here's the thing though, do you ever really know everything about any vaccine. X makes it, the doctor/nurse just has to trust it is correct and (normally) inject it. 

I mean, the US has lots of strict guidelines to assure quality. But in other countries there have been bad vaccines sent out. And I'm sure even in more developed countries because mistakes happen.

I'm not a conspiracy theorist or anything. Just dont like the mandatory vac crowd, hate antivax crowd type people. It is a person's decision to get vaccinated or not.",0.0,Coronavirus,2020-05-13 21:01:38
I hate needless but I really want to get the shingles vaccine. I had it around my eye and it was the absolute worst illness I’ve experienced. I’ve never been woken up multiple times from pain. Several weeks later and I think I’ve developed scars. Unfortunately I’ll have to wait several years until I reach age 55 or something like that to be eligible to get the shot.,7.0,Coronavirus,2020-05-14 01:07:44
"There has never been a vaccine for a corononavirus.  There likely never will be.  People are putting all their eggs in the vaccine basket.  I hate to say it, but there will be no effective vaccine.  People need to accept that they will be exposed and if healthy, will recover just fine.  There will be more mortality in life, probably right up there with obesity which has taken over the population but nobody seems to give a shit.",3.0,Coronavirus,2020-05-14 04:45:38
"I’m not stating my opinion on any of them, just that the people who play team sport politics will happily hate half of that list, as you see to be, just as the other side hate gates and Obama.

What it makes me think is that you are no different or better than they are, and as long as everyone has someone to demonize they can feel good about themselves.  

I mean, if gates was actually making a 5g activated echip vaccine, it would probably make me like him more. That would be a funny scooby doo ending to all this.",-1.0,Coronavirus,2020-05-14 04:55:13
"I’m pretty sensible. I’ve remained informed and continue to do my diligence on all things covid related.  I’m now on my 10th week of sheltering. 
I wear a face mask and wash my hands constantly. I do my part. That said the deal was for us to lessen the curve. The deal was to slow the growth so our third world medical system didn’t get overwhelmed to the point that it couldn’t treat people. Hospitals all over the country have been cutting hours and staff for weeks now. Americans did their part. The medical system has had plenty of time to stock up and prepare for the worst. If they haven’t done that then It’s their own fault and as much as we pay for medical in this country they goddamn better have done what they are supposed to be doing because the citizens have done theirs.  
We have to get back to regular life.  As much as I’ve enjoyed the break, it’s time. Be diligent. Keep wearing mask. Stay home
If you feel sick. Wash your hands.  If you’re scared of getting sick the avoid crowds. But this idea that we are staying home until a vaccine shows up isn’t going to happen no matter how much you hate it.",1.0,Coronavirus,2020-05-14 19:23:50
"i reckon in a couple years when the dust is settled, we'll see psych studies on the amount of people who developed or relapsed into OCD (diagnosed) or OCD-like symptoms (undiagnosed) around early-mid 2020 as a direct result of living through this period of time, and if it was temporary or still present in those studied. i have never shown signs of OCD-like symptoms, but show signs now (i have anxiety disorders) and am not sure it'll go away after a vaccine exists. autism makes me hate having some textures on my hands that i have to wash off but never have i compulsively cleaned shit knowing full well it hasn't been touched or even looked at since the last time i sanitised it... it'll be interesting to see those studies, basically.",1.0,Coronavirus,2020-05-14 20:58:18
"I'm partially offended at the idea that particularly America should have travel bans, as opposed to the reasonable situation of EVERYONE having travel bans, and only making special cases for people who ""need"" to travel for some reason, literally in EVERY country.

I have zero issue with this. I have issue with reddit taking things like this and making it about America hate, and how bad America is, etc etc. 

America isn't the worst country in terms of the Coronovirus, not at all.

The world shouldn't be traveling. This isn't over. Everyone who hasn't got this, either will, or needs to somehow hold out until there are preventative measures like a vaccine worth taking before hand. Travel is how you get absurd second waves, and more than one pandemic had a WORSE SECOND WAVE. Why anyone would fuck with this is beyond me.",1.0,Coronavirus,2020-05-15 01:14:58
ignorance and hate is not a vaccine!  vote blue,2.0,Coronavirus,2020-05-15 21:45:20
"&gt; There are already indicationS that COVID-19 antibodies only offer partial protection. If the antibodies don’t offer sufficient protection, there cannot be any herd immunity. 

I hate to tell you this, but a vaccine works through your body developing antibodies...",0.0,Coronavirus,2020-05-16 00:50:10
"I feel very frustrated with this place. I hate the doomers but also hate the headlines that really get my hopes up.

There would be some headline that would really get me excited and then few weeks later nothing would happen. Few weeks ago read about ivermectin and hydroxy med and now it seems like they don't work any more. Have been reading about the Oxford vaccine and it's still in trial. Just read about people being immune to corona viruses if they had a corona cold before and I think nothing will come out of this several weeks from now.",1.0,Coronavirus,2020-05-16 18:15:43
"At what point does anyone truly believe there is such a thing as a controlled disease? As I understand it, this virus will become an annual illness. I hate to sound like ""one of those people"" but in this case, it's TRUE. What makes this any worse than the regular flu? The death rate of the annual flu is worse than c19, and that's because we actually have a vaccine for it. I dont think I'll ever change my mind about what it is we're actually doing here. Killing ourselves slowly. 

One thing is for sure, this virus wont be gone any time soon. How long can you hold out in your homes?",1.0,Coronavirus,2020-05-17 14:33:55
"This was written by a Boston Dr. and I thought it was good. Didn’t want to put the person’s name as it came to me as an email for mother in law and wasn’t sure if the person wanted his/her writing spammed. 

I'm ######-the-Boston-######-doctor-who-writes-about Covid.


In Massachusetts, numbers are a little bit better.  We still had another 900 deaths, each one sickeningly tragic, but we’re thrilled they’re down from last week’s 1000.  We had 8100 new cases this week, down from 10,000.  And there’s still almost 3000 Covid-positive patients in the hospitals, and still 750 in the ICUs — a ton of sick people.

But: better.  MGH was able to close some ICUs this week and open up some ORs (they were only using 10 and now they’re using 20; one of our patients got operated on today, yay!).  Some of the “deployed” employees are slowly going back to their real jobs.  That’s what it took to do the trick at MGH: eight gajillion doctors and nurses and respiratory therapists and janitors working their brains out AND 2000 deployed employees working over 25,000 extra hours.  Good lord.  

It’s a very slow downslope.  One day last week they only discharged 11 patients — but hey, one by one, person by person — we’re making our way back from the warzone.  And we didn’t have to ration ventilators, yay!  Flattening the curve via strict social distancing worked, even in an area as hard-hit as Boston.

Next up: “reopening.”  Here in Massachusetts the governor created a “Reopening Advisory Board” and they’re going to announce formal policies Monday.  They listened to a zillion people’s inputs about how to do this (what about wearing masks in banks? should older bus drivers with emphysema get pulled off their routes? do you put kids in a 12x12 foot grid with a box of their own toys and call it childcare?).   

I’m not an insider but here’s my prediction: another month of looking a lot like we do now (no school, work from home) but a little looser, some situations not so clear-cut or black and white.  

The last couple of months were so incredibly hard on so many levels but  one good thing was how it was so black and white: stay home, period.  Now we’re going to move into a different kind of hard. We’re not going to have black and white anymore; it’s going to be gray. 

I hate gray.  So I try to use science and data, sometimes more black and white.  

And the science and data haven’t changed; we still know that: 
---the virus remains crazy easy to catch from people, many of whom have no idea they’re infected 
---hand washing and physical distancing help hugely
---there is no vaccine
---there is no cure, and only tiny glimmers of hope for treatments
---a small percentage of people who catch it need to go to the hospital
---a smaller percentage of people need to go on a ventilator
---older people especially over 70 are at much higher risk than younger
---if you don’t leave your house or have anybody new in, you are very close to 100% safe

Science and data have also helped us learn that: 
---masks help decrease risk of catching and giving it
---increased distance from an infected person helps us not catch it
---time around an infected person matters
---somebody saying they feel fine doesn’t matter — much disease transmission is from people who aren’t sick and have no symptoms
---we know in our souls and our wallets that we can’t live our lives inside our homes forever.  

So now we’re going to have to decide how we live our lives outside our homes. 

The easy stuff will not be up for discussion:  we’re not going to go to major league baseball games or big concerts in June.  But many other things will not be black and white, and everything will be a calculated risk.  Do I go to the bank for a short deposit? A long loan discussion? Do I only go to the ATM? Do I wipe it?  Do I buy a membership with the Trustees so I can try to get a parking reservation at Crane’s Beach, or do I take my chances at a public beach or do I forget about it and just walk around the Mystic River? 

Do I go to my old-time dentist who tells me to bring my own mask or do I put off my cleaning another few months til I can find somebody else who texts me a list of all the precautions he’s taking? Do I finally let the kids visit grandma but no hugging?

Do I ask my friends and family to “self-attest” when we visit the same way health care workers have to do every morning before work?  (“No, I haven’t had a temperature or any symptoms.  No, I haven’t been around anyone who has been diagnosed with Covid. No, I haven’t lost my sense of smell.”) 

We’ve spent all this time being meticulous, close to 100% perfect, but now we’re going to be told we can relax our standards and go down to what? 90%? 50%? What number are we comfortable with?  

And just to make it more complicated, we won’t know, for a long while, whether it’s working. We won’t be able to say, “Oh look, we opened up the town on Tuesday and cases went down on Wednesday, so this is the right thing to do.”  

The incubation period for Covid is 2-14 days with an average of 5, and many people wait to get tested.  So it takes at least a couple of weeks after a big exposure to see an uptick in cases, and then it takes at least a few weeks more to see an increase in the death rate. 

So if we open up Massachusetts on May 19, we won’t really know the impact til late June.  Meanwhile everybody all over the news and social media will be hashing over every uptick and downturn but the fact is: we won’t know if we’re okay until we’re looking in the rearview mirror, and in the meantime things will be gray.  And I hate gray.  

Finally, just a quick note about what’s going on with kids:  as you may have read, a new illness is emerging in children which may be related to Covid.  It is known as “Kawasaki-like syndrome” or, more tongue-numbingly, a “Multi-System Inflammatory Disorder in Children Apparently Connected to COVID-19.”  As our incredible MGH rockstar infectious disease doc Rochelle Walensky says, “What we know is this: it’s rare, it’s concerning, and it’s humbling.”  

So far there have been maybe seven cases in Massachusetts (out of &gt;80,000 documented Covid cases) so it is quite uncommon.  We still don’t know much but the science will come as it is already teaching us about what it is and how we treat it while we stand outside these poor kids’ rooms. But it is, so far, very very rare and hopefully that’s how it stays.

Meanwhile, here we go into Phase 1 of our Massachusetts brand of reopening.  We won’t be normal — now is the time to put a stash of masks in the car — and we won’t be sure.  Things will be gray for a while (and I’ll hate that) but then the science and the data will come.",1.0,Coronavirus,2020-05-18 12:23:13
"5g and vaccine, no wonder Donnie's base hate China so much.",2.0,Coronavirus,2020-05-18 22:58:01
"I know what you mean. I hate how divisive everyone is and people seem to be camping in the ""economy is the most important thing let's get back to normal"" or the ""SIP orders must continue until we have some kind of vaccine"" sides and there isn't much willingness to have a discussion on a middle ground. I just want the economy to be as functional as possible while we also come up with strategies to limit everyone's exposure and mitigate our risks of catching and spreading it.",1.0,Coronavirus,2020-05-19 16:01:58
"A lot of medical and epidemiological experts HATE -- and that is not too strong a word -- Big Pharma. They will reject research because a word is misspelled in the introduction, if it's done by a for-profit company. Possibly with good reason, I dunno.

As with all the vaccine trials ongoing, we'll just see. Most won't work, none (probably) will work perfectly.",-4.0,Coronavirus,2020-05-19 19:59:09
"For those that hate Fox. 

https://www.lji.org/news-events/news/post/first-detailed-analysis-of-immune-response-to-sars-cov-2-bodes-well-for-covid-19-vaccine-development/",1.0,Coronavirus,2020-05-20 02:36:13
"Now imagine office buildings. They make up roughly 25% to 75% of all major cities. The lease is probably the single largest overhead for a company. Do you rent space you don't fill?
 
Fuck no. It's your single biggest overhead expense.
 
Now imagine you had to all of a sudden make 100% of your employees self sufficient telecommuters for a couple months, but even after that it behooves you as a company to not fill the space the same, social distancing by law, or just for fear of lawsuits (white collar companies hate lawsuits). Are landlords gonna half your rent since you've only got half the employees onsite?
 
Again, fuck no.
 
No vaccine anywhere in site, all your employees happily teleworking in their PJs, no onsite IT concerns, no packed conference rooms, client meetings are dead and buried, and you just broke the budget on emergency measures to get everything converted to remote operations... Come end of the year lease renewal, you think you still need that prime real estate? Fuck. No. I mean shit, you just proved you can do 100% telework, why not cut down on your single biggest overhead? 
 
But now think of all the boutique businesses in you building's lobby, all the little mom and pop eateries that service your employees lunch break, all the downtown convenience businesses, glasses repair, dry cleaners, bike shops, etc. No office workers, no business; no businesses, no employment.
 
And that's how all major cities become Detroit.",5.0,Coronavirus,2020-05-21 00:21:54
"I feel the same way too.  I hate the CCP overall but I don't blame them if they want to ""steal"" research that should have been shared in the first place and will benefit the world whether China or the US comes up with the vaccine first.",1.0,Coronavirus,2020-05-21 02:47:10
"The word cure is scary in medical terms because not many things have a “cure”

There are many forms of treatment and you’ll make a recovery (full or just “a” recovery) for a myriad of diseases and ailments

I just hate when non scientists act like it’s such a simple thing that cures exist everywhere and is common. No we’ll develop treatments and a vaccine but if you get it you’ll still need to deal with it.",1.0,Coronavirus,2020-05-21 04:00:08
"The 40% what our current model gives us, and this threshold actually went down as we are getting getting more data on the virus. Herd immunity level is roughly a function of population density, transmission rate and CFR. For 2009's H1N1, it was reached at roughly 10% due to lower transmission rate. So the 40% number is not unbelievable. 

As for the death toll, I hate it too. But one must be realistic about a possible scenario that Fauci, Tegnell and other epidemiologists agree: In the bigger countries, the virus is uncontainable, there is probably no way to eradicate the virus in the near term. If that's the case, then it will continue to roam amongst the general population and the vulnerable population will suffer greatly, due to the extremely high infection rate, we probably don't have a way to slow down the virus from reaching herd immunity before vaccine arrives, unless a nation is committed to sustained full lockdown. However, a policy *can* help preventing overloading the medical system. I don't like to advocate one policy or another, and I don't think countries should adopt Swedish system, but we have to be realistic that it's not unlikely that we will reach herd level whether we like it or not. And I definitely hope I am wrong.",1.0,Coronavirus,2020-05-21 10:30:59
"The fact they're jumping in with 40,000 people (presumably 20k getting the HCQ) tells you they have a high confidence in the safety of taking it. If it was risky, like some of these early vaccine trials, they would start with 40 people, or just 4.

I hate Trump, but a broken clock is right twice a day, I'm not saying he's right on this, but lets at least get some clock experts to do their thing before we decide.",1.0,Coronavirus,2020-05-21 14:29:45
"I hate wearing masks. They’re annoying AF, and I find it hard to breathe through them.

That being said, I do it for the employees, as a sign of respect.

But if COVID starts to die down (whether naturally or through a vaccine), I hope that stores and/or cities will loosen mask requirements.",1.0,Coronavirus,2020-05-21 15:26:06
"What exactly did your comment add to the conversation? “They’re rushing it and I hate Mango so clearly it’s bad”  

Do you know how much red tape is usually involved with FDA approval? Do you know they’re skipping safety protocols? What about testing? What are they skipping?  Do you have any idea the amount of resources being thrown at a vaccine right now?

Your comment is just lazy so I responded in like.",-11.0,Coronavirus,2020-05-22 03:57:39
"Historically mutation hasn't been a terrible thing. If it mutates to be more deadly it kills the host too fast so generally less deadly mutations are the ones that take off. Also we already have multiple strains of coronaviruses, this isn't the first coronavirus. Most are mild which is why we hate had the need to create a vaccine, you don't need a vaccine for the common cold, Covid 19 is just a more deadly strain than normal.",1.0,Coronavirus,2020-05-22 12:01:53
"I get that things are still bad, but I hate people saying that reopening is bad because we’ve made no improvements since we went into lockdown in March. Look at all the positives;

1. Have found a drug that reduces mortality significantly (remdesivir) among other possible effective treatments

2. Have learned ventilators might be doing more harm then good, which is a positive as we learn better how to treat the virus. 

3. Have learned the death rate is not nearly as high as people once thought 

4. Have learned simple practices like wearing a mask can significantly reduce the spread of the virus 

5. Have learned that hospitalizations are not nearly as frequent as once thought 

6. Have gotten a lot of positive news that a vaccine could be available as soon as September 

7. Have gotten a lot of positive news that many people have possibly already had the virus and have built up antibodies against it 

8. The amount of deaths previously predicted is much lower then what was actually recorded 

Im so sick of the doomer bullshit in here. There’s so much more positive news then bad news. Yes a lot of people died; that was expected. It sucks. It really sucks. But there’s so much more that doesn’t suck. I wish people recognized that.",4.0,Coronavirus,2020-05-22 21:10:39
"I hate this phrase. It sounds like giving up. Even if this catastrophe lasts a couple of years I never want to think of this way of living as normal. I am working hard to do my part with distancing and germaphobia because society needs me to, but don't make me call it normal, that is just too much.

I know it will take time for a vaccine and/or better treatments to bring things back to the way they were, but I 100% believe we will get there.",3.0,Coronavirus,2020-05-22 21:57:57
"I just hope that people don't die from impatience. I have had my patience tried so many times I have learned to just bide my time. Please take your time and be patient. We are living at the best time in history to confront a pandemic. Our knowledge is far superior to 1919 and our production capabilities are better. We luckily have very smart folks like Bill Gates who has taken it upon himself to finance several factories, one for each of the current vaccine technologies, so we can gear up to produce the successful vaccine when human tests are done. We live at a very advanced time, but it is still enough to try our patience. I can only tell you that developing patience will serve you for the rest of your life. When others begin to scream and pull their hair you can make them hate you with you patient demeanor. I had bosses who yelled at me because I didn't panic while solving problems. Luckily I was usually able to fix the problem just about the time they were ready to hit me. Panic never fixed any problem I've ever encountered. So, be calm and be safe. Practice your hobbies, improve your skills, learn something new and take care.",2.0,Coronavirus,2020-05-22 22:36:41
The only thing I hate are unrealistic expectations of a vaccine being available soon and constantly hyping up people doesn't help when they get disappointed when the end of 2020 comes and there is still no date on the horizon,1.0,Coronavirus,2020-05-23 07:56:48
"everyone’s accepting jingoistic shit about how China is pure evil trying to poison everyone no question but sure, “we won’t have a vaccine within a year” is doomer talk. I hate the CCP but selective hysteria is not how you deal with them",1.0,Coronavirus,2020-05-23 08:14:09
"I'll probably be downloaded for this (if anyone reads it) but with all the options out there I don't think that Sweden's model for Sweden is the most horrible thing in the world **for Sweden**.. I most definitely do not think the United States should be following it with the population levels and the population density in cities like New York and hospural needs etc. I like how Sweden says that just because this might work for them it wouldn't necessarily work for other countries. They were looking at their Hospital capacity and took all these things into account before they made this risky controversial decision. Most definitely in my opinion the United States should not be following the model. But I don't hate Sweden for trying something different. I am so sorry for the loss of life they are experiencing. I hope that they find a way to get through it.

If we get a vaccine those of us who postponed the spread of infections will be in a great place but in a slight chance the vaccines don't work it really isn't an easy way through this pandemic. Anyway, I don't hate on Sweden. I just don't think they're model works for most countries.",1.0,Coronavirus,2020-05-23 09:51:08
"Two things I hate - the idea that this is an apocalyptic plague, and the idea that a vaccine is going to be available soon

Both go against every piece of scientific advice available",1.0,Coronavirus,2020-05-23 10:05:13
"In difficult times, such priorities need to be made, those who can't be helped.. just can't be helped. They can of course stay indoors. My mum and grandparents stay in, I do their groceries. 

Yeah some from all age groups would die.. say I may die..but you can't keep things closed forever. A vaccine for EVERYONE is distant dream. till then if everything is closed many people would so badly suffer and die, and poor quality of life is no less than death. People died in measles, pox.. it's fine. move on.

May be this suits US citizens and in developed countries, they get money when they lose jobs. For us, we go hungry and can't pay rents, can't keep a car when there's no job. No insurance. I know folks who sold cars to be able to pay rent and walk miles to get things done, children going hungry.

Ok tell me, if I lose my job how do I feed my mum and grandparents ? What happens to their quality and safety ? Your leaders don't want us here.. we work but it's always extremely uncertain, I am originally from one of those latin American countries your leaders hate..",1.0,Coronavirus,2020-05-23 20:34:57
"The notion that there can be zero deaths is not realistic.  
  
Lock-downs are also paid for with lives. Every +1% in unemployment correlates with 40,000 deaths. We went from 3.5% to 14.7% (and climbing). That is 11.2% or 448,000 deaths per year due to the lock-down. Further the deaths caused by the lock-down happen to society's most vulnerable; lock-downs trade unprivileged lives to save privileged lives.  
You can also cross-check this with the well-known $9.6M US figure for the value of a human life. Every $9.6M of economic losses also cost a life. Current estimate is around $3T in losses or 312,500 lives lost.  
  
The sociopaths in this situation are the people wanting to stay locked-down without regard to what those lock-downs do to other people. You want what is best for your emotional-state without regard to the material harm it causes others. That is called hate.  
You want to to tell other people what they can or can't do and want to decide for them what their risk-tolerance is based on your limited knowledge (as everyone's knowledge is limited). This is very controlling behaviour and is often regarded as mental-illness.  
Your position becomes darker from here as we examine it in more detail.   
  
  
The virus has only killed 99,805 so far but this number on it's own doesn't mean anything.  
The performance metric is how many lives does it cost your society to achieve herd-immunity?  
The percentage of those that need to be immune to achieve herd-immunity can be estimated by hc = 1 - 1/R₀. 
  
Lock-downs directly affect R not IFR. To affect IFR they have to interact with something, such as prevent hospitals from overloading. With no hospitals overloaded yet persisting lock-downs you are killing people with the lock-down without saving anyone. This is why your position is based on your (selfish) emotional-state not logic, reason, facts, or the science.  
  
If you want to lock-down until a vaccination is available then you need to look more closely at the IFR age-stratification which I will put in a table below. Vaccinations often do not work in the elderly and the elderly, even 65+, could stay at shelter-in-place while the rest of us that have very-low risk get on with life. In fact the only way to save them is if we develop herd-immunity *quickly* otherwise the virus will continue to spread, albeit slowly, but continue to kill them.
  
If we worked-towards everyone &lt;65 yo to get the virus then 0.1% of them will die and they are 84% of the population are &lt;65 (16% &gt;65). If R is, on average, 3 then hc = 67% which means 218,800,000 people in the US need to develop immunity and 0.105% of that is 229,740 deaths.
That's about the deaths the lock-down will cause in six-months (if the economy didn't get worse in that time - it almost certainly would.)  
So in order for locking-down until a vaccination is available to be better then it has to be available sooner than six months and it has to be perfect.  
A typical vaccine has an 80% efficacy so that shaves the time down to 4.8 months.  
Since it's a new vaccination it might have other risk, a recent one caused narcolepsy in a few kids, and especially the experimental mRNA one has unknown risks.  
Fauci is saying 12 to 18 months for a vaccination; Trump is saying a vaccination will be available in January but even January is 8 months away.  
  
|   Age   |    IFR   | Per 100k | Per Million |
|:-------:|:--------:|:--------:|:-----------:|
| Overall | 0.63%    |  630     |  6,300      |
| 0-4     | 0.00052% |  0.52    |  5.2        |
| 4-14    | 0.0006%  |  0.60    |  6.0        |
| 15-24   | 0.0032%  |  3.2     |  32         |
| 25-44   | 0.018%   |  18      |  180        |
| 45-64   | 0.28%    |  280     |  2,800      |
| 65-74   | 1.8%     |  1,800   |  18,000     |
| 75+     | 16%      |  16,000  |  160,000    |",2.0,Coronavirus,2020-05-26 04:36:06
"Lock-downs are also paid for with lives. Every +1% in unemployment correlates with 40,000 deaths. We went from 3.5% to 14.7% (and climbing). That is 11.2% or 448,000 deaths per year due to the lock-down. Further the deaths caused by the lock-down happen to society's most vulnerable; lock-downs trade unprivileged lives to save privileged lives. A lock-down for a year is the equivalent to an IFR of 0.61% for the working-aged population. The risk from the virus to the working-aged population is 0.1%.  
You can also cross-check this with the well-known $9.6M US figure for the value of a human life. Every $9.6M of economic losses also cost a life. Current estimate is around $3T in losses or 312,500 lives lost.

The sociopaths in this situation are the people wanting to stay locked-down without regard to what those lock-downs do to other people. You want what is best for your emotional-state without regard to the material harm it causes others. That is called hate.
You want to to tell other people what they can or can't do and want to decide for them what their risk-tolerance is based on your limited knowledge (as everyone's knowledge is limited). This is very controlling behaviour and is often regarded as mental-illness.
Your position becomes darker from here as we examine it in more detail.


The virus has only killed 99,805 so far but this number on it's own doesn't mean anything.
The performance metric is how many lives does it cost your society to achieve herd-immunity?
The percentage of those that need to be immune to achieve herd-immunity can be estimated by hc = 1 - 1/R₀.

Lock-downs directly affect R not IFR. To affect IFR they have to interact with something, such as prevent hospitals from overloading. With no hospitals overloaded yet persisting lock-downs you are killing people with the lock-down without saving anyone. This is why your position is based on your (selfish) emotional-state not logic, reason, facts, or the science.

If you want to lock-down until a vaccination is available then you need to look more closely at the IFR age-stratification which I will put in a table below. Vaccinations often do not work in the elderly and the elderly, even 65+, could stay at shelter-in-place while the rest of us that have very-low risk get on with life. In fact the only way to save them is if we develop herd-immunity *quickly* otherwise the virus will continue to spread, albeit slowly, but will continue to kill them.

If we worked-towards everyone &lt;65 yo to get the virus then 0.105% of them will die and they are 84% of the population (16% &gt;65). If R is, on average, 3 then hc = 67% which means 218,800,000 people in the US need to develop immunity and 0.105% of that is 229,740 deaths.  
That's about the deaths the lock-down will cause in six-months (if the economy didn't get worse in that time - it almost certainly would.) So in order for locking-down until a vaccination is available to be better then it has to be available sooner than six months and it has to be perfect.  
A typical vaccine has an 80% efficacy so that shaves the time down to 4.8 months.
Since it's a new vaccination it might have other risk, a recent one caused narcolepsy in a few kids, and especially the experimental mRNA one has unknown risks.
Fauci is saying 12 to 18 months for a vaccination; Trump is saying a vaccination will be available in January but even January is 8 months away.

|   Age   |    IFR   | Per 100k | Per Million |
|:-------:|:--------:|:--------:|:-----------:|
| Overall | 0.63%    |  630     |  6,300      |
| 0-4     | 0.00052% |  0.52    |  5.2        |
| 4-14    | 0.0006%  |  0.60    |  6.0        |
| 15-24   | 0.0032%  |  3.2     |  32         |
| 25-44   | 0.018%   |  18      |  180        |
| 45-64   | 0.28%    |  280     |  2,800      |
| 65-74   | 1.8%     |  1,800   |  18,000     |
| 75+     | 16%      |  16,000  |  160,000    |",-2.0,Coronavirus,2020-05-26 16:24:30
"&gt; If you're guaranteed to catch Coronavirus eventually, do you want to catch it before or after they find a proper treatment for it?

A vaccine will be awesome!  (A year or more from now.)
A treatment would be amazing too.  But we have to work with what is available right now.

We have to work with the fact that the majority of healthy people will weather the virus just fine and focus on doubling the safeguards on old people and the immunosuppressed.  

How nursing homes have been so lax is beyond me.  Meat-packing plants too.    But hey, that's just a bunch of old and non-white people (/S)  

I hate that many of the the same people we deemed as ""essential"" are being treated as the most disposable.",0.0,Coronavirus,2020-05-26 18:20:30
"Thanks I hate it.
Flying was already uncomfortable before but I think I will avoid it until a vaccine is found",1.0,Coronavirus,2020-05-26 18:54:17
"I went through a ton of the accounts posting hate on his insta and Twitter...the vast majority of them are bots. Everyone with a sane mind knows Bill Gates is is doing his part in ending this pandemic. The people who are believing the hate bots need to wake the fuck up and do research for themselves or better yet, as their doctor for valid information and research. (Just gotta hope that their doctor isn’t an anti-vaccine doctor..they’re rare but they still exist. How they don’t get their license revoked, I will never know)",1.0,Coronavirus,2020-05-26 19:24:55
"Lock-downs are also paid for with lives. Every +1% in unemployment correlates with 40,000 deaths. We went from 3.5% to 14.7% (and climbing). That is 11.2% or 448,000 deaths per year due to the lock-down. Further the deaths caused by the lock-down happen to society's most vulnerable; lock-downs trade unprivileged lives to save privileged lives. A lock-down for a year is the equivalent to an IFR of 0.61% for the working-aged population. The risk from the virus to the working-aged population is 0.1%.
You can also cross-check this with the well-known $9.6M US figure for the value of a human life. Every $9.6M of economic losses also cost a life. Current estimate is around $3T in losses or 312,500 lives lost.

The sociopaths in this situation are the people wanting to stay locked-down without regard to what those lock-downs do to other people. You want what is best for your emotional-state without regard to the material harm it causes others. That is called hate.
You want to to tell other people what they can or can't do and want to decide for them what their risk-tolerance is based on your limited knowledge (as everyone's knowledge is limited). This is very controlling behaviour and is often regarded as mental-illness.
Your position becomes darker from here as we examine it in more detail.


The virus has only killed 99,805 so far but this number on it's own doesn't mean anything.
The performance metric is how many lives does it cost your society to achieve herd-immunity?
The percentage of those that need to be immune to achieve herd-immunity can be estimated by hc = 1 - 1/R₀.

Lock-downs directly affect R not IFR. To affect IFR they have to interact with something, such as prevent hospitals from overloading. With no hospitals overloaded yet persisting lock-downs you are killing people with the lock-down without saving anyone. This is why your position is based on your (selfish) emotional-state not logic, reason, facts, or the science.

If you want to lock-down until a vaccination is available then you need to look more closely at the IFR age-stratification which I will put in a table below. Vaccinations often do not work in the elderly and the elderly, even 65+, could stay at shelter-in-place while the rest of us that have very-low risk get on with life. In fact the only way to save them is if we develop herd-immunity *quickly* otherwise the virus will continue to spread, albeit slowly, but will continue to kill them.

If we worked-towards everyone &lt;65 yo to get the virus then 0.105% of them will die and they are 84% of the population (16% &gt;65). If R is, on average, 3 then hc = 67% which means 218,800,000 people in the US need to develop immunity and 0.105% of that is 229,740 deaths.
That's about the deaths the lock-down will cause in six-months (if the economy didn't get worse in that time - it almost certainly would.) So in order for locking-down until a vaccination is available to be better then it has to be available sooner than six months and it has to be perfect.
A typical vaccine has an 80% efficacy so that shaves the time down to 4.8 months.
Since it's a new vaccination it might have other risk, a recent one caused narcolepsy in a few kids, and especially the experimental mRNA one has unknown risks.
Fauci is saying 12 to 18 months for a vaccination; Trump is saying a vaccination will be available in January but even January is 8 months away.

|   Age   |    IFR   | Per 100k | Per Million |
|:-------:|:--------:|:--------:|:-----------:|
| Overall | 0.63%    |  630     |  6,300      |
| 0-4     | 0.00052% |  0.52    |  5.2        |
| 4-14    | 0.0006%  |  0.60    |  6.0        |
| 15-24   | 0.0032%  |  3.2     |  32         |
| 25-44   | 0.018%   |  18      |  180        |
| 45-64   | 0.28%    |  280     |  2,800      |
| 65-74   | 1.8%     |  1,800   |  18,000     |
| 75+     | 16%      |  16,000  |  160,000    |",-1.0,Coronavirus,2020-05-26 21:35:51
"God I hope he is right! Vaccine is the only hope we have to truly get life back to normal.

A lot of folks are resistant to any talk of a second wave, but you have to admit it would be pretty stupid to take an out of control second wave in the face if an end to the epidemic is just around the corner.

That should be part of the conversation about what measures we take in the meantime. We can't all stay locked down but masks, work/study from home, bans on huge gatherings, and lockdowns of hot spots are all especially beneficial if a vaccine is coming before herd immunity. Would hate to lose a family member a couple months before a vaccine is available.",1.0,Coronavirus,2020-05-27 19:38:14
His work in the past twenty years has put him in a position to speak with more knowledge and experience than a lot in the actual virus and vaccine field. It doesn’t take a scientist to understand the macro-picture of these things. He’s also a pretty smart guy who already changed the world once. Chill on the Bill hate.,3.0,Coronavirus,2020-05-27 23:14:02
"Coronavirus is not a preventable disease. It won't be until there's a vaccine.  It's all over the world. Just because you're hiding inside doesn't mean you're not going to get it, you have to go outside at some point and unfortunately  you have to breath in air and in addition interact with other people. Need I mention there is no assurance that anyone with the virus is gonna have good immunity so you can't freeload off them, and assume you'll be completely safe.  So no, it is NOT preventable. Without a vaccine you're only delaying the inevitable.  

Once again, heart disease is a preventable disease because it's caused by behavioral habits you can change.  Can you do the same to coronavirus? Nope, because it's caused by a microscopic organism. And so, in conclusion 1 is not preventable, and one is.  Clearly you have no idea what you're talking about. Heart disease is not ""leagues worse' because we have tons of tons medications for it and again, it's only an issue because people have no self-control over themselves. 

And no coronavirus is worse than heart disease, because we 1) have no vaccine for coronavirus, and 2) About 647,000 Americans die from heart disease each year, BUT, over 100,000 people have still died DESPITE a shit load of people  STAYING-INDOORS in a FEW MONTHS.. with an average death around of about 1000 people per day for coronavirus despite BEING-INDOORS.  3) There might not even be a vaccine for coronavirus potentially. So all of these factors make it a much bigger deal.

Yea, you're desperate. Youre trying to make coronavirus not seem like a big deal, but hate to  break it to you it is. Clearly, if the world's leading medical experiments must think it is a big deal and the great orange one seems to think it's a problem then it is very much a serious problem.  LOL, I just destroyed you with FACT. Deny reality all you want. 

""Yes, people are killing themselves by stuffing their faces instead of accidentally ignoring CDC guidelines and falling victim to the virus. That's why it's not tragic, right? No. They are both preventable. Don't delude yourself."" 

  lmao nice try on making a shitty argument. A virus and  having an issue with self control to not stuff burgers in your mouth are two different realms. 

So tell me, do people ask you if you have an extra chromosome when they see you  in person? Because I sure  suspect so.",1.0,Coronavirus,2020-05-28 01:42:51
"&gt;Attack the messenger and not the message

You've done just that. From diagnosing me with psychosis to attacking me personally about my ability to speak multiple languages. Maybe you shouldn't say people are attacking the messenger when you are doing the very thing.

The CanSino vaccine is going through human trials. We don't know how safe it is or not safe it is until the trial is over. Why can you wait until the clinical trial is over? What is your end goal here? That you don't want any clinical companies to do clinical trials? Surely that's not it. I'm sure you want the world to find vaccines and treatment for coronavirus. Why are you wasting so much energy and time against this China-originated vaccine?

I mean that's clearly sinophobia. There are currently 10+ vaccines throughout the world that's going through human trials. The America-origined Moderna vaccine is using a completely unproven and brand new mRNA platform. While CanSino is using the traditional vaccine platform. In digging through several pages of your post history, I didn't find any comment arguing against or warning people against the mRNA vaccine. Nor have you said anything about the vaccine from elsewhere. We then conclude without doubt that you are sinophobic. And being hateful of an entire nation of 1.3 people is a textbook example of xenophobia.

Rather than trying to bring people down, try pushing them up. First you will hate it because you'd be acting against your racist programming. But eventually, you will start to love it. And the more you help and encourage people, the more you will find that other people are helping you and you start feeling awesome.

Let me demonstrate: Even though you have said I'm insecure or have mental illness and criticized me for speaking multiple languages, I have no ill-will toward you. I hope you live long and a happy life. I hope you don't harbor hate for me or for Chinese people or any others like Muslims, immigrants, Mexicans, etc. I hope your family doesn't contract CORONAVIRUS. I hope whoever develops the vaccine, be it China or America or anyone else, they make it freely available for the world.  O at least make it reasonably-priced. I hope you don't have to abuse people online to feel good about yourself. I hope you can find joy and contentment in reading news, being reasonably skeptical, and spreading legitimate concerns. Not at all to be hateful and angry all the time.

I'm sorry that your reactions were of anger and hate and spite to my comments. I'm sorry that that's how you react. I wish that wasn't the case. I hope they won't be the case in the future. And if you do enjoy cum and Orea's, enjoy it. Don't feel ashamed by your kink.",-1.0,Coronavirus,2020-05-28 19:43:31
"I hate anti vaxxers. But if trumps polling looks dire, would anyone trust a vaccine he rushes out in October that hasn’t gone through the proper safeguards?

If that scenario plays out-you can take it first",1.0,Coronavirus,2020-05-31 01:27:19
"But you have take into account that big pharma companies don't take a lot of risk these days.

One bad drug/vaccine (where people die from or get really sick) is a death sentence for such company. They will lose billions of dollars and get a bad reputation. (Big pharma companies hate to potentially lose a lot of money).",1.0,Coronavirus,2020-06-01 11:23:58
"I hate how binary these types of polls are. We're not in a situation like Hong Kong or New Zealand where we beat the virus by acting early. It's too late for that and we can't shutdown completely until a vaccine is found. What we can do is slowly reopen the economy/meet other people while taking precautions by wearing a mask if you're indoors and if you're outdoors just stay apart from one another, and of course avoiding things like indoor dining.

People can still be mindful of others and stay safe while enjoying summer activities with friends (hiking, running, swimming, going to a park/beach).",1.0,Coronavirus,2020-06-01 16:49:20
Right. I hate anti-vaxers. I can't stand people still acting like Covid is still not a big deal.... But a huge reason vaccines take so long is to prove they are safe and effective. I doubt I'm going to be the first one in line to get a vaccine that is expedited through the testing process without researching potential negative affects,6.0,Coronavirus,2020-06-02 17:56:24
"I do not disagree but pose the question - if 40% of the population chooses not the take the vaccine what good is it?  30%?  20%?  

See where I'm going?  

Voluntary vaccine defeats the purpose.  

See: measels and orthodox jews.

Nothing against jews. My wife and kids are Jewish.  No hate here WHATSOVER.  But voluntary participation does not work as evidenced by history, science and facts.

Edit: whatsoever.",2.0,Coronavirus,2020-06-03 03:32:28
"Well, regardless of how much I hate the idea, it should be given to them first because non maskers are more significant in spreading the infection. 

But that would induce another problem, maskers will turn into non maskers for getting a vaccine. 

So, it's better to give vaccine to maskers, and hoping that a few non maskers also convert to maskers in process. 

I agree with you, except for the fact there is now way to know who is masker in daily life, and who isn't",1.0,Coronavirus,2020-06-03 09:49:04
"And it will continue to rise and America will continue to get hit hard by every virus like this until laws can be passed that can legally force people to comply with social distancing, mask wear and self-quarantine.

People are very ignorant and often hate being told what to do even if it means saving lives. I’m just imagining the scenario in which a cop asks someone to please wear a mask and they violently freakout. 

Herd immunity or a vaccine is probably the only way America will shake this. I’m thinking the death will hit 250,000+ when this is over.",1.0,Coronavirus,2020-06-04 10:18:19
"Where's my fly shot? I hate when they get all up in my face when I'm running /S


In seriousness though, I get the flu shot, and the pneumonia shot because I'm garbage at breathing at the best of times.

Can't wait to get this vaccine so I can at least feel safe enough to go to the shops.",1.0,Coronavirus,2020-06-04 17:43:11
"**I'm just playing Devil's advocate.** This is my view of their possible motives having researched this.

I think it's many-fold. Primary reason could be because of his extreme wealth that make people dubious about his real motives (^(i.e: money&gt;humanitarianism)). A lot of them know of his history supporting things like microchips, which when added to constant privacy invasions and ""vaccine=autism"", they may believe is just a ruse to control the population and implant tracking devices in us.

As for the argument/question ""*He's doing nice things, why the hate?*"", I think most people who conform to this (^(being mostly of religious inclination)) would reply ""*The Snake did a nice thing by offering Eve some fruit, why the hate?*"" as a form of ""caveat emptor"" supporting the ulterior motive theory/hypothesis.",1.0,Coronavirus,2020-06-06 19:13:38
"I'm a teacher in an urban area. I know things could change at any moment but the principal has kind of told us that we will start school distance learning at the beginning of the year (Sept) and probably transition from there. Or at the very least there's going to be some aspect of distance learning still occurring. For these reasons we are trying to make sure that all of our students have proper technology even though the school year is about to end this week. We know they will still need it in the fall.

It woyld be kind of unfortunate if we all went back to school everybody got infected they were all these extra deaths of grandparents and such and then they release the vaccine a month or two after. In my ideal scenario world we just keep distance learning a little while longer and then the vaccine is released late fall-early winter and then we go back to school. I'm a pregnant teacher and I really don't want to have to choose between my health and my job. So don't hate me I just want to stay safe. I know what it's like to have a child sneeze in my face day after day or wipe their snot on me. True story. 1st grader.",0.0,Coronavirus,2020-06-07 04:34:36
"I mean, we've seen several of these vaccines ""work"" in limited trials. It's just a question of whether the one in trial works at scale. Doubting is normal, but all signs point to us headed in the right direction. Companies hate losing money and are typically more skeptical than individuals when it comes to production and investment. Everybody sliding their chips into the pot on this vaccine is a good indicator that insiders are confident....  


...or bluffing, I guess...",1.0,Coronavirus,2020-06-09 12:59:53
"So the last vaccine you got was for... what?

Or do you just hate vaccines in general?

Just checking, but the last vaccines I personally got were when I was a kid in the 80s. Mumps, measles and polio. Pretty glad I dont have any of those.",2.0,Coronavirus,2020-06-12 22:32:36
"personally, (i'm not an expert just done a lot of reading and constant obsession over the virus) i think you will all be fine.. I dont want to give any bad information, but the people who are really in danger are the ones who already have existing conditions and may already have trouble breathing to asthma, overweight, heart problems, smoking habits, generally unhealthy and unhygienic.  


My parents are also same age.. I worry every day that they could get sick, i also dont go out, but i know if they do get sick they will be fine after maybe bad flu symptoms at worst. On the other hand, my grandma at 85 probably doesnt take showers every day or really eat all that healthy so i hope my mom doesnt visit her until this is all over.  


Playing outdoors is probably the best thing that you can do. Tell your sister not to hug anybody, not to talk too closely with anybody, dont shake hands and be conscious about virus particles on public things like doorknobs, handrails etc. Wearing a mask is a good symbol to remember to stay away from each other and not to get too close or make physical contact, but in reality it only helps the sick from coughing in the open, doesnt help all that much for healthy to not get sick. Dont touch your face in public, and if possible bring lots of rubbing alcohol and paper towel to constantly wipe down your hands and wrists/forehead/etc. dont have to overdue it but if you dont wanna get sick its better to be safe than sorry.  


The reason being outdoors is okay is because the wind and sun kill the virus. I mean if somebody coughs down your throat outdoors thats gonna get you sick... but if you maintain 6' apart then its a good possibility the virus has no chance to land on you and if it does the sun will kill it within an hour. Indoors i would say its not the best idea, but on a sunny day is the best bet. The only thing i would be concerned about is the ball, hopefully her friends are wearing masks and not coughing onto their hands before touching the ball. Thats why its a good idea to constantly wipe hands with alcohol just to be safe. ( i was always a clean freek and i hate the feeling of dirty hands, i always have alcohol on me even before the virus )  


Now, in terms of getting sick.... We actually want to get sick its hard to think about but nobody wants to be living in fear and seclusion for another 3 years until the vaccine comes out and hope the vaccines are proper by then.. Now i'm NOT saying have someone sick cough down your through lol, such a large sample of virus and bacteria will definitely give you a bad time. but if you happen to get sick, make sure you are taking showers, brushing your teeth, drinking lots of water and tea, and eating healthy. Its smart to exercise, it is not smart to stay home in times like this and get depressed because that would make you more vulnerable to the virus. The goal would be to get mildly sick and to fight it off asap, so you start building an immunity and you should be safe to contract it thereafter.   


Be safe and stay healthy, remember to exercise and eat and drink plenty of nutritious foods. Sadly, it is almost impossible for majority of us to wait it out until the vaccine, its said that 80% of people will get sick within 2 years and the ones who dont get sick are living on a farm in the middle of no where. Try to be conscious about the virus and clean your hands and take warm bath/shower. Best case we can all hope for is to get mildly sick and fight it off asap for lasting immunity.",1.0,Coronavirus,2020-06-13 15:30:12
"Agreed. I think it's just one way people are coping with the uncertainty. Honestly, we may never know why the virus hit some places and not others. 

This is random, but I also hate all these ""until we have a vaccine"" laws. That could be next year, it could be ten years, it could be never. I sure hope it's next year, but who knows. I see a lot of these laws getting adapted and rescinded over time...",1.0,Coronavirus,2020-06-15 00:40:27
"I do the same thing and I hate it!  So tired.  But until there is a true working vaccine I don’t intend to stop, because I’m not about to put my family at risk for coronavirus.  Control the things you can control.  The CDC at one point said that contaminated surface spread was not the main transmission method for the virus, but then later clarified their statement confirming that you can get sick from contaminated surfaces (fomites) just that person-to-person spread was far more common.

The studies have been widely published that coronavirus can survive on cardboard up to 24 hours, and plastics up to 2-3 days.

Yes those are “laboratory conditions,” but the studies are out there.  WebMD lists those times.  For doorknobs it’s longer...

The potential definitely exists for a contaminated surface to infect you.  Since it’s not impossible, I’ll continue wiping down my groceries no matter what names redditors call me. I posted your exact question on here before and got made fun of but at least 2-3 other people would respond that they’re still wiping down their groceries too.",1.0,Coronavirus,2020-06-17 12:47:31
"According to several top epidemiologists, including cautious ones like Fauci, we are VERY VERY likely to get a vaccine next year. 

I absolutely hate how much doom this sub promotes.",1.0,Coronavirus,2020-06-18 11:15:14
The US Govt is just garbage and selfish and wants the economy to be strong. The US is a human farm for the rich. The middle and lower classes don’t matter at all and all that the majority of the country cares about are haircuts and “getting back to normal” i just hope that a vaccine can be found and people aren’t stupid enough to think it’ll cause autism... I hate my country,1.0,Coronavirus,2020-06-21 22:34:16
"&gt;I hate to say it, but we’re fucked.

I don't know if we are ... yet.

That's simply because I'm all in on a vaccine becoming readily available this fall. The Oxford one is said to have 2 billion units ready to distribute by October. I believe Moderna has said they expect one in distribution by election day in the US (1st Tuesday of November). 

Regular people will get vaccinated and try to get back to some sense of normalcy. But there is going to be a huge swath of people who will refuse to get vaccinated and will likely get extremely sick by next winter.",1.0,Coronavirus,2020-06-22 15:46:42
"hey there

what you're referring to ... that's generalizing

that's exactly how racial profiling starts  ... "" all chinese are fakes, all muslims are terrorists, all irish people are drunkards, all blacks are muggers etc ""

( and before anyone gets triggered, i am muslim so i am not being racist against anyone or against myself, just giving an example ! )

those are terrible disasters you mention, but such vaccines and milk powders SHOULD BE TESTED BY THE DAMN REGULATORY authorities before being allowed to be used on humans ( which is what they'll probably do to the COVID-19 vaccine )

so ...not all chinese are bad people with fake shit to sell ( i am not chinese ) and similarly not all muslims are terrorists ( most of them actually HATE terrorism/extremism ) and not all irish are drunkards.

all i'm saying is that SinoVac isn't someone who's going to destroy their image by supplying a COVID-19 vaccine that is fake af

the drug authorities should test any such stuff before allowing it on their population

P.S : since they did it to their OWN people, well screw their FDA who should have been more honest in testing such stuff but i am just trying to clear the view that COVID-19 is something that everyone will have to take seriously, so a fake vaccine should be out of question unless that company wants to bury itself",1.0,Coronavirus,2020-06-22 17:12:46
"The background / extras part of the industry and everything associated is toast until there’s a vaccine, and probably will never return to anywhere near pre-Covid levels. I’m not sure there will be a “crowd” scene with real people playing the crowd ever again. Extras are already treated as half-humans, producers hate that that have to pay 12.50 per meal for an extra or, like, provide even the most basic wardrobe — they certainly aren’t going to spring for testing. This is going to hit the working class / least-paid people of Hollywood the hardest. Everyone who was fine anyway - singing songs and shit from their mansions - are going to continue to make more and more money.",1.0,Coronavirus,2020-06-23 05:34:11
"M. Osterholm of the Center for Infectious Disease and Response, in a nutshell, says don't count on a vaccine anytime soon. 60 -70% herd immunity most likely.  When AIDS hit in the 80's, experts said they'd have a vaccine no later than 3 years. Still waiting.

&amp;#x200B;

EDIT: Hate on my comment all you want,  Since the beginning CID-RAP  was laying out what to expect WEEKS before you got a sanitized version on network tv and all has proven true. [cidrap.umn.edu](https://cidrap.mnu.edu) check it out",2.0,Coronavirus,2020-06-24 00:17:24
"I hate the response from our governer, he already admitted that the level of cases are unacceptable yet instead of doing an actual lockdown he says that will be the last resort. The people here are too stupid and selfish to do the right fucking thing and wear their masks correctly and here are the results. Gov abbott's response is to tell RECOMMEND social distancing wear masks, wash hands all the same shit. The public cannot be trusted to handle this situation which is why we need a more authoritarian response from the government right now and have an actual shutdown, a rent freeze, and UBI until we have a vaccine.",3.0,Coronavirus,2020-06-24 18:23:07
"That's what we all did, but apparently this approach is better supported by simulations and yields better outcomes when there's no vaccine.

Something I personally believe was managed better here is the mental wellness perspective, I see a lot of mental unhealth and suffering coming with the lock down, and I don't think it's a coincidence no country could hold the lockdown longer than these 3 months. I just hope that was enough, I don't see much hope of another three months lockdown anytime soon, not without armed patrols...


As for the side question, they are both very close to us, it's more a matter of context. It's like being siblings, the Norwegians are a little goofy, the Fins are more emo/brooding. We hate the Fins in hockey season, we tease the Norwegians for their pop cultural trends. And although the Fins are slightly further away in terms of cultural similarity, they also have the Finno-Swedes who are like a lost twin. The Norwegians on the other hand are economically independent and doing really cool things in some fields, while being almost laughably dependant in others.
I really couldn't say which are closer.",1.0,Coronavirus,2020-06-24 19:41:38
"I gotcha.  I also get that there aren't any easy answers to a situation like this.  But, honestly, beyond doing what we can to slow the spread (which, if I remember correctly, was just to keep hospitals under capacity.  ""Flatten the curve"" etc.) what can we do?  

&amp;#x200B;

The plan - at least in the U.S. - was never to not get it.  I was to flatten the curve and get it later.  We can't hunker down for however long it takes for a vaccine - there are too many economically vulnerable people in this country and too few social safety nets to catch them.  Plus, the horse is way out of the barn and the barn door is swinging in the breeze.  The virus is everywhere.   I hate that even pointing out this certainty lumps me in to the army of Karen's demanding haircuts and decrying masks as the devil's work.  I do think we have an obligation to slow the spread.  Wearing masks is undoubtedly part of a Covid social contract that should be upheld.  I also know our most privileged folks will have the means to hunker down longer than those unprivileged, which to me is scarier than any individual long-term consequences of the disease.

&amp;#x200B;

I also know being afraid is unhealthy.  If you're young and healthy, chances are you'll be fine.  And not like 60/40 chances.  The CFR for people under 50, in California, is .2%, and that includes people with comorbidities.  Also, that's only taking into account known positives.  What we've learned about how many people are asymptomatic carriers or only have mild cases means the true positive number is an order of magnitude higher, meaning the true CFR is an order of magnitude lower.

&amp;#x200B;

Again, I don't think this is a nothingburger - at all.  It's serious and should be taken seriously.  Our response has been criminally negligent.  BUT - if quarantine is the policy, then fear is the language used to peddle that policy.  If you want people to stay home, you appeal to fear.  Even if, by and large, you shouldn't be afraid.  Cautious, yes.  Prudent, yes.  Responsible, yes.  But fear is just gonna drive us all crazy.",1.0,Coronavirus,2020-06-26 21:06:44
He has been funding various vaccines and research for viruses for many years now and a lot of that is why we may see a vaccine much earlier than usual for this virus.   He has done a lot to move the science forward in this and honestly no one gives a fuck why he is doing it because the end result is going to be less deaths and less suffering.   Hate Gates as much as you want but he is improving this situation instead of making it worse.   Some of you really need to take a long hard look at yourselves and start questioning how and why you ended up being such miserable insufferable people hell bent on shitting on anything and everything good.,-2.0,Coronavirus,2020-06-26 22:24:33
Oh for sure. How fragile are our freedoms that wearing a mask to protect ourselves and others during a pandemic is considered un American? Imagine urging people to get the vaccine? Idk where you’re from but here in America we’re children. And children hate taking medicine.,1.0,Coronavirus,2020-06-27 05:52:22
"I don't want any of them to get sick though?

Learning from home is fine for a bit until the vaccine is available.  We're supposed to start getting the Oxford one in October.  

I would hate to tell any parent their kid will suffer or died because we couldn't learn from home for a few months. 

We just need to make sure kids have access to technology and they can learn from home.",1.0,Coronavirus,2020-06-27 21:03:24
This is going to go on until the US has a change of leadership or until a vaccine is found (and good luck convincing these chuckle heads who hate masks to take any such vaccines). Nothing is going to change before September. This country is just too hard headed for that to be a remote possibility. Get ready for a very long 2020.,1.0,Coronavirus,2020-06-28 02:19:26
"I'm highly educated and hate antivaxx nonsense, and am trying very hard to not contract COVID. There's no way I'm getting a vaccine that doesn't have a completed, full size, double blind RCT. 

The US and UK governments are blatantly rushing to fix their disastrous mismanagement and resulting economic collapse.",1.0,Coronavirus,2020-06-28 14:21:39
"Oh I get that.  But the final approval for the US sits with the FDA and they have been doing a lot of stuff just for the politics lately.  It adds an element of distrust to anything they do.  And it isn't like we haven't seen vaccines before that were pushed out too quickly or at poor quality and seen deaths and illnesses due to that.  A lot of these companies are mass producing their candidate prior to knowing if it is even effective.  This is a financial risk for them and what if they decide to pay off politicians to approve their version rather than take the hit from scrapping all the bad product.

If we are lucky in that scenario, we get a vaccine that produces immunity less than half the time or only for a few months.  If we aren't, then there could be significant side effects.

Frankly, I'll be getting the vaccine, but I'll also do my research on which one I get first.  And I hate that there is any uncertainty at all.",1.0,Coronavirus,2020-06-28 15:57:50
"Risking getting yelled at here but I have to say this....
To start I have 2 kids and they are both up to date on immunizations and I dont plan on them not getting their proper vaccines.. BUT, and its a big one...
This admin has proven time and again they are not to be trusted, they will push false treatments, so, unless you can have a great assurance that the medical precautions where taken to get this vaccine to market fast and safe, I will be very much reluctant to jump in.
And what I hate will happen is people will resort scream antivaxxer and we will be arguing about everything except what matters, our health and safety.

This is an interesting interview with the scientist that developed the rotavirus vaccine.....
[link](https://mailchi.mp/humanvaccinesproject/covid-report-operation-warp-speed)",1.0,Coronavirus,2020-06-29 03:31:45
"I’m summarizing what Fauci said, not trying to make a logical argument. The antivaxx hate is my own though. ;)

I respect your position, but I’d totally take the vaccine. I have close loved ones to protect; for me it’s worth the possible risks.",1.0,Coronavirus,2020-06-29 14:27:50
"Hate to rain on y’all’s parade, but there is absolutely no chance of that happening. Even if one of the vaccine efforts is successful, it still has to be manufactured. Takes a long time to make 300 million doses - even the end of 2021 would be optimistic. And that’s just the US. Source: I’m in the biotech industry",1.0,Coronavirus,2020-06-29 17:16:16
"I respect Fauci, he knows infinitely more than I do on this stuff, but I think he's not considering one thing: Trump might tell his supporters to get the vaccine and a lot of them will if he says so. This is an election year, and Trump's looking for a silver bullet to end this. The purpose of Operation Warp Speed is, in reality, to get a vaccine before the election. If Trump can get that, I'd be willing to bet he'll tell his supporters it's safe to get (and it's the greatest vaccine ever, the biggest, I'm telling you.) As much as I hate Trump if he says it's safe I bet a lot more people will get it.",1.0,Coronavirus,2020-06-29 18:43:27
"Yeah I get all that but the virus seems to have mutated to be more contagious, not less lethal as you implied.

https://www.washingtonpost.com/science/2020/06/29/coronavirus-mutation-science/?arc404=true

And the potential for Trump to turn the vaccine into a shitshow by releasing something dangerous and untested by Sep-Oct is real.

I hate to say it but I expect the vaccine effort to have marginal consequences and predict the better part of a million US deaths by this time next year.",1.0,Coronavirus,2020-06-29 23:29:24
"You realize he's not a good person though, right? He spent billions of dollars over two decades orchestrating a highly successful PR campaign so that the general public wouldn't hate him the way they do Jeff Bezos. But the only real difference between him and Bezos is a tax-haven charity. They're both billionaires who prevent people from accessing basic rights by way of lobbying and profits. 

I don't care so much if idiots think Bill Gates is a part of a 5g/vaccine conspiracy theory, as long as it wakes them up to the fact they shouldn't be idolizing real world dragons.",1.0,Coronavirus,2020-06-30 19:27:49
"I apprciate the give and take. Nice to have an intelligent conversation and yeah traveling and living around the world confirms that yes we are all flawed and not a little dysfunctional. I hate the current state of the country and I gotta tell ya, a little pissed off at the twisting of our constitution and laws that I spent 20 years defending. The vaccine is months off and as we have learned a bunch of new shit is bound to happen.",4.0,Coronavirus,2020-06-30 20:10:07
"Hate to break it to you... but we cannot even produce the needles for a vaccine for everyone within 1 1/2 years minimum. And once again, that’s only for the needle alone


https://www.nbcnews.com/news/us-news/trump-admin-unveils-plan-ramp-syringe-production-future-covid-19-n1204436


https://www.nytimes.com/2020/05/01/health/coronavirus-vaccine-supplies.html


https://www.weforum.org/agenda/2020/03/vaccine-covid-19-coronavirus-pandemic-healthcare/

Downvoted for telling the harsh truth?",0.0,Coronavirus,2020-07-01 16:21:31
"...what? I pray to god that a vaccine comes. I want it today. If you could give me a vaccine right now, I’d take it.

And unfortunately, if a mechanical issue is standing in our way, that’s the absolute worst case scenario because that would mean we are sitting on a vaccine we can’t distribute.

I like optimism, but I hate lying to ourselves. These same people claiming a vaccine will be available by the end of the year are the same people who said the heat would make the virus go away, it’ll slow down by itself, etc.

How did all that work out for them and their optimism? Sorry for being bleak, it’s a fucking pandemic, grow up",0.0,Coronavirus,2020-07-01 16:48:37
"&gt; While the UK trial has already advanced to later phases of the study and is now testing whether the vaccine works against COVID-19, this early phase in South Africa is looking at safety.

I really hate seeing medical research doing ""safety testing"" in African countries. They're frequently the test subjects and then the pharma companies ignore actually providing the medicine to these countries if they're deemed safe.

&gt; What is being looked at is “From the time when they get exposed to the drug, on how they handle the drug, whether they do or do not have changes in their immune systems, in any other organ system for that matter,” said professor Johnny Mahlangu, who heads the School of Pathology at the University of the Witwatersrand, Johannesburg, which is leading the trial.",1.0,Coronavirus,2020-07-02 21:12:52
"&gt;	I really hate seeing medical research doing ""safety testing"" in African countries. They're frequently the test subjects and then the pharma companies ignore actually providing the medicine to these countries if they're deemed safe.

I definitely agree with this in general terms but I think that is an error in the article. The Oxford vaccine has been given to thousands of volunteers in the UK already and it is based on an old vaccine that has been around for years. 

They know that it I safe, what they are testing for is efficacy. They cannot test for this in the UK or mainland Europe due to the low infection rates therefore SA, Brazil, the USA are the new testing grounds.

I also don’t think that there is any question of this vaccine not being made available to Africa and elsewhere that would benefit from it the most. It is being developed and distributed on a not for profit basis so it will be affordable in developing countries too. 

We just need to know if it actually works.",1.0,Coronavirus,2020-07-02 22:08:48
"People voluntarily join the military so they aren't getting injected with something they haven't had consent for. 

Sure its a vaccine, and I agree people probably should take it, but to say that the government should force its population to inject something inside them with threat of law is absolutely a terrible idea that I'm surprised anyone in any country is in favour for.

People hate the ""slippery slope"" argument because it's most likely not something you will see the repercussions from in our lifetime, so why bother mentioning it if there is a short term gain. Your children's children will be thanking you for allowing the government to have potential control over any number of things they deem ""necessary"" for public health.",1.0,Coronavirus,2020-07-03 14:55:15
"My child is on-schedule for vaccinations. I’ve said yes to every vaccine ever offered. My first dose of Gardasil was in 2009 and I finished the course despite adverse reactions to the first dose because I understood that pain, swelling, syncope, and nausea are no big deal compared to cervical cancer. (Passing out in a public health clinic waiting room was extra embarrassing but not a documented adverse reaction.)
But honestly I’m going to read the published research, talk to my doctor, and think carefully about being in the first group of a new vaccine. I hate that my trust in public health officials has been damaged because it doesn’t align with who I am as a person.",1.0,Coronavirus,2020-07-03 15:14:56
"I hate Trump with every fiber of my being and believe he’s senile at best. 

If a vaccine comes out and is available by September, I will vote for the man in November. That’s how much I’d prefer to have a way out of this. I’ll compromise my political leanings if it means we all make it out.",1.0,Coronavirus,2020-07-03 16:19:08
"What part of ""a vaccine coming out and being available this year"" do you think Trump has literally *any* part in and that a less vile human being with less vile unelected officials and less vile federal judge appointments and less vile supreme court appointments would not also be able to do if elected?

What part of having a vaccine for a virus available in September would lead you to compromise your morals? What do you expect Trump will do for you if you vote for him?

I cannot fathom a single answer that would reconcile with your first statement:

&gt;I hate Trump with every fiber of my being a",1.0,Coronavirus,2020-07-03 16:54:46
"Saying “minority” when it’s 30% to 40% of the population and they control the entire country via the presidency, senate, and Supreme Court is a fun way to dismiss gigantic cultural rot.  They’re not just four idiots screaming slurs out of their pickup trucks.  They’re millions of people, and they’re very angry, for all the wrong reasons.  Were it not for cheating and the electoral college, they wouldn’t have all this power...but their way of life is dying out.  They know it.  And they’re a cornered rat.  A cornered rat isn’t going to take medicine (vaccine).  They won’t even take it if you give it to them with cheese.  They’ll bite.  Because they think they’ll die if they don’t.  But really it’s the opposite.  They need to change, but change is the thing they hate most.",1.0,Coronavirus,2020-07-03 17:45:31
