begin_date,end_date,num_article
20180101,20180201,48
20180201,20180301,46
20180301,20180401,51
20180401,20180501,43
20180501,20180601,59
20180601,20180701,58
20180701,20180801,50
20180801,20180901,45
20180901,20181001,53
20181001,20181101,89
20181101,20181201,57
20181201,20190101,44
20190101,20190201,39
20190201,20190301,43
20190301,20190401,56
20190401,20190501,62
20190501,20190601,61
20190601,20190701,52
20190701,20190801,48
20190801,20190901,73
20190901,20191001,56
20191001,20191101,62
20191101,20191201,43
20191201,20200101,56
20200101,20200201,48
20200201,20200301,53
20200301,20200401,53
20200401,20200501,69
20200501,20200601,56
20200601,20200701,80
20200701,20200801,66
20200801,20200901,59
20200901,20201001,58
20201001,20201101,41
20201101,20201201,51
20201201,20210101,57
20210101,20210201,40
20210201,20210301,43
20210301,20210401,152
20210401,20210501,100
20210501,20210601,83
20210601,20210701,84
20210701,20210801,54
20210801,20210901,62
20210901,20211001,61
20211001,20211101,58
20211101,20211201,57
20211201,20220101,42
20220101,20220201,54
